date,temp_max,temp_min,temp_mean,apparent_temp_max,apparent_temp_min,precipitation,rain,snowfall,wind_max,wind_mean,weather_code,is_forecast,ideal_temp,temp_score,rain_score,wind_score,sunshine_percentage,snow_bonus,nice_day_score,nice_day_label,heavy_rain,sunny_day,outdoor_score,comfort_score_v2,rain_score_v2,wind_score_v2,hazard_factor,nice_day_score_v2,nice_day_label_v2,outdoor_score_v2
01-01-20,-0.6,-4.8,-2.4,-5.9,-9.1,0.6,0.0,0.42,22.4,14.2,71,False,0,88.0,97.6,75.2,7.969704132999745,0,58.6,Average,False,False,56.1,0.0,100.0,100.0,1.0,41.6,Average,3.2
02-01-20,-1.4,-8.6,-4.9,-5.2,-13.0,0.0,0.0,0.0,10.5,7.4,3,False,0,75.5,100.0,99.0,88.17565545004946,0,84.0,Nice,False,True,86.6,0.0,100.0,100.0,1.0,57.6,Average,35.3
03-01-20,2.2,-7.1,-2.1,-1.5,-11.3,0.0,0.0,0.0,6.4,3.6,2,False,0,89.5,100.0,100.0,97.88331850988101,0,93.1,Excellent,False,True,95.5,14.0,100.0,100.0,1.0,65.2,Pleasant,47.6
04-01-20,2.4,-4.0,-0.7,-1.7,-7.9,0.1,0.0,0.07,9.3,4.7,71,False,0,96.5,99.6,100.0,68.8978673775408,0,85.7,Nice,False,False,86.3,13.2,100.0,100.0,1.0,59.1,Average,35.5
05-01-20,-1.0,-3.5,-2.2,-4.2,-8.6,4.3,0.0,3.01,18.2,12.9,73,False,0,89.0,82.8,83.6,24.46078346477148,10,63.5,Pleasant,False,False,61.7,3.2,100.0,100.0,1.0,46.2,Average,11.7
06-01-20,-2.4,-5.9,-3.8,-6.9,-9.7,1.3,0.0,0.91,19.1,10.5,71,False,0,81.0,94.8,81.8,6.649914637541008,0,55.5,Average,False,False,53.4,0.0,100.0,100.0,1.0,41.3,Average,2.7
07-01-20,-1.8,-10.0,-6.2,-5.9,-14.6,0.0,0.0,0.0,8.8,4.3,3,False,0,69.0,100.0,100.0,95.6800670001,0,84.1,Nice,False,True,87.4,0.0,100.0,100.0,1.0,59.1,Average,38.3
08-01-20,-0.7,-8.9,-5.1,-4.2,-12.3,0.0,0.0,0.0,6.1,2.2,3,False,0,74.5,100.0,100.0,97.93126973064861,0,87.1,Nice,False,True,90.2,3.2,100.0,100.0,1.0,60.9,Pleasant,41.1
09-01-20,-0.3,-8.5,-4.5,-3.8,-12.6,0.1,0.0,0.07,5.5,3.1,71,False,0,77.5,99.6,100.0,74.76723092980707,0,80.1,Nice,False,True,82.0,4.8,100.0,100.0,1.0,56.9,Average,32.8
10-01-20,6.1,-5.1,0.6,3.2,-8.4,0.0,0.0,0.0,5.3,2.8,3,False,0,97.0,100.0,100.0,97.95255808948548,0,96.1,Excellent,False,True,98.1,32.8,100.0,100.0,1.0,72.7,Pleasant,58.9
11-01-20,3.6,-2.7,0.3,0.3,-6.2,0.0,0.0,0.0,8.1,5.5,3,False,0,98.5,100.0,100.0,90.65730831363258,0,94.1,Excellent,False,True,95.7,21.2,100.0,100.0,1.0,66.6,Pleasant,49.0
12-01-20,3.5,-3.4,0.0,0.8,-7.1,0.0,0.0,0.0,6.3,3.9,3,False,0,100.0,100.0,100.0,76.39690246180876,0,89.7,Nice,False,True,90.6,23.2,100.0,100.0,1.0,64.6,Pleasant,44.5
13-01-20,2.0,-4.4,-1.7,-1.0,-8.2,0.0,0.0,0.0,6.1,3.7,3,False,0,91.5,100.0,100.0,97.9860263952718,0,93.9,Excellent,False,True,96.2,16.0,100.0,100.0,1.0,66.0,Pleasant,48.8
14-01-20,2.9,-4.9,-1.7,-0.5,-8.4,0.0,0.0,0.0,5.9,2.3,3,False,0,91.5,100.0,100.0,97.99809022884983,0,93.9,Excellent,False,True,96.2,18.0,100.0,100.0,1.0,66.8,Pleasant,50.0
15-01-20,2.7,-6.6,-1.1,-0.4,-10.7,0.0,0.0,0.0,7.0,2.7,0,False,0,94.5,100.0,100.0,98.01105825388154,0,95.1,Excellent,False,True,97.3,18.4,100.0,100.0,1.0,67.0,Pleasant,50.2
16-01-20,5.2,-5.0,-0.3,1.5,-8.8,0.0,0.0,0.0,7.7,2.8,0,False,0,98.5,100.0,100.0,97.93284296604229,0,96.7,Excellent,False,True,98.6,26.0,100.0,100.0,1.0,70.0,Pleasant,54.8
17-01-20,2.4,-4.7,-1.6,-1.0,-8.6,0.0,0.0,0.0,7.6,4.2,2,False,0,92.0,100.0,100.0,97.83015656132801,0,94.0,Excellent,False,True,96.3,16.0,100.0,100.0,1.0,66.0,Pleasant,48.7
18-01-20,10.2,-5.8,0.0,6.1,-10.2,0.0,0.0,0.0,10.3,5.1,0,False,0,100.0,100.0,99.4,97.72055934694353,0,97.2,Excellent,False,True,99.0,44.4,100.0,100.0,1.0,77.3,Nice,65.7
19-01-20,0.3,-7.0,-4.3,-3.6,-10.8,0.0,0.0,0.0,9.0,4.0,3,False,0,78.5,100.0,100.0,97.60442165827287,0,88.6,Nice,False,True,91.5,5.6,100.0,100.0,1.0,61.8,Pleasant,42.4
20-01-20,-1.5,-7.4,-4.6,-5.3,-11.4,0.0,0.0,0.0,7.9,5.7,3,False,0,77.0,100.0,100.0,78.29284231822068,0,81.2,Nice,False,True,83.3,0.0,100.0,100.0,1.0,55.7,Average,31.3
21-01-20,-1.5,-6.0,-4.6,-5.3,-9.5,0.0,0.0,0.0,9.2,5.3,3,False,0,77.0,100.0,100.0,48.4547199374695,0,70.8,Pleasant,False,False,71.3,0.0,100.0,100.0,1.0,49.7,Average,19.4
22-01-20,1.8,-5.9,-3.5,-2.2,-9.9,0.0,0.0,0.0,10.4,5.1,3,False,0,82.5,100.0,99.2,96.71826566238877,0,89.8,Nice,False,True,92.5,11.2,100.0,100.0,1.0,63.8,Pleasant,45.4
23-01-20,0.3,-4.6,-2.3,-6.3,-10.0,0.1,0.0,0.14,25.4,17.9,71,False,0,88.5,99.6,69.2,14.731028102011942,0,61.0,Pleasant,False,False,58.7,0.0,100.0,100.0,1.0,42.9,Average,5.9
24-01-20,3.6,-6.3,-1.5,-0.1,-10.0,0.0,0.0,0.0,8.5,2.8,2,False,0,92.5,100.0,100.0,95.92936756195809,0,93.6,Excellent,False,True,95.7,19.6,100.0,100.0,1.0,67.0,Pleasant,50.1
25-01-20,6.4,-5.5,0.8,2.9,-10.4,0.0,0.0,0.0,9.8,5.3,3,False,0,96.0,100.0,100.0,94.38173525136585,0,94.4,Excellent,False,True,96.4,31.6,100.0,100.0,1.0,71.5,Pleasant,56.7
26-01-20,7.6,-1.3,2.4,5.2,-4.4,0.0,0.0,0.0,6.0,3.8,3,False,0,88.0,100.0,100.0,68.03277413089043,0,82.0,Nice,False,False,83.0,40.8,100.0,100.0,1.0,69.9,Pleasant,51.7
27-01-20,5.9,-1.5,2.1,3.3,-4.9,0.0,0.0,0.0,7.9,3.6,3,False,0,89.5,100.0,100.0,68.62517021081291,0,82.8,Nice,False,False,83.8,33.2,100.0,100.0,1.0,67.0,Pleasant,47.4
28-01-20,4.6,-1.8,1.3,1.7,-4.6,0.0,0.0,0.0,7.6,4.1,3,False,0,93.5,100.0,100.0,74.90059299288659,0,86.6,Nice,False,True,87.7,26.8,100.0,100.0,1.0,65.7,Pleasant,46.0
29-01-20,3.0,-2.5,0.6,-0.5,-5.9,4.9,2.3,1.82,20.4,10.9,75,False,0,97.0,80.4,79.2,45.331423369964796,10,73.3,Pleasant,False,False,72.1,18.0,90.0,100.0,1.0,53.3,Average,26.0
30-01-20,2.1,-4.0,-0.7,-3.5,-8.3,0.9,0.0,0.63,21.3,12.1,71,False,0,96.5,96.4,77.4,40.319455264144956,0,73.4,Pleasant,False,False,72.1,6.0,100.0,100.0,1.0,50.5,Average,19.7
31-01-20,6.0,-2.0,1.7,2.8,-5.4,3.9,3.9,0.0,16.8,6.1,61,False,0,91.5,84.4,86.4,48.875282762780884,0,73.3,Pleasant,False,False,72.9,31.2,75.0,100.0,1.0,54.8,Average,28.7
01-02-20,8.9,1.9,4.5,6.5,-1.1,1.3,1.3,0.0,13.7,7.3,51,False,2,87.5,94.8,92.6,23.17223483063295,0,64.7,Pleasant,False,False,63.4,46.0,90.0,100.0,1.0,60.0,Pleasant,33.2
02-02-20,9.4,0.4,4.2,6.7,-2.6,0.6,0.6,0.0,14.3,8.7,51,False,2,89.0,97.6,91.4,82.45193471149439,0,86.4,Nice,False,True,87.9,46.8,90.0,100.0,1.0,72.2,Pleasant,55.0
03-02-20,8.0,1.6,4.8,3.8,-2.4,8.6,8.6,0.0,26.1,15.6,61,False,2,86.0,65.6,67.8,33.80589436223109,0,61.5,Pleasant,False,False,60.2,35.2,55.0,100.0,1.0,47.3,Average,19.1
04-02-20,8.5,0.6,4.1,6.4,-2.4,6.1,6.1,0.0,13.6,6.1,61,False,2,89.5,75.6,92.8,46.482284523756114,0,70.8,Pleasant,False,False,70.5,45.6,55.0,100.0,1.0,54.0,Average,25.3
05-02-20,3.2,-2.8,0.6,0.2,-7.8,9.6,2.5,4.97,15.8,11.9,73,False,2,93.0,61.6,88.4,0.0,10,53.7,Average,False,False,50.6,20.8,90.0,100.0,1.0,45.3,Average,11.2
06-02-20,-0.9,-4.8,-3.2,-7.6,-10.3,2.1,0.0,1.47,21.8,16.7,73,False,2,74.0,91.6,76.4,71.48051782493845,10,74.7,Pleasant,False,True,75.9,0.0,100.0,100.0,1.0,54.3,Average,28.6
07-02-20,0.1,-7.0,-2.1,-4.7,-12.1,5.4,0.1,3.71,21.3,14.7,75,False,2,79.5,78.4,77.4,14.254327446538726,10,54.9,Average,False,False,53.0,1.2,90.0,100.0,1.0,40.3,Average,5.8
08-02-20,-1.4,-10.2,-6.0,-6.7,-15.2,0.0,0.0,0.0,11.5,8.4,3,False,2,60.0,100.0,97.0,92.35457364431252,0,79.1,Nice,False,True,82.6,0.0,100.0,100.0,1.0,58.5,Average,36.9
09-02-20,4.4,-5.1,-1.0,0.2,-9.9,0.0,0.0,0.0,8.9,5.4,3,False,2,85.0,100.0,100.0,91.80060200965718,0,89.1,Nice,False,True,91.5,20.8,100.0,100.0,1.0,66.7,Pleasant,49.2
10-02-20,11.4,-5.6,2.7,6.9,-9.6,0.3,0.3,0.0,15.4,6.5,51,False,2,96.5,98.8,89.2,62.638340173023444,0,82.5,Nice,False,False,82.6,47.6,90.0,100.0,1.0,68.6,Pleasant,48.3
11-02-20,8.1,-1.7,2.8,4.8,-5.0,0.8,0.7,0.07,26.3,11.7,71,False,2,96.0,96.8,67.4,41.79161925893249,0,72.9,Pleasant,False,False,71.6,39.2,90.0,100.0,1.0,61.0,Pleasant,36.2
12-02-20,3.2,-2.4,0.6,-3.1,-6.3,1.0,0.0,0.7,25.5,16.5,73,False,2,93.0,96.0,69.0,93.05096860091643,0,89.7,Nice,False,True,91.1,7.6,100.0,100.0,1.0,61.7,Pleasant,41.8
13-02-20,3.9,-5.8,0.1,-1.2,-10.3,0.4,0.0,0.28,22.1,13.0,71,False,2,90.5,98.4,75.8,90.39367515757225,0,88.7,Nice,False,True,90.2,15.2,100.0,100.0,1.0,64.2,Pleasant,45.3
14-02-20,9.0,-8.0,0.8,5.3,-11.9,0.0,0.0,0.0,8.2,5.1,3,False,2,94.0,100.0,100.0,85.72567366880462,0,90.6,Excellent,False,True,92.2,41.2,100.0,100.0,1.0,73.6,Pleasant,59.0
15-02-20,2.5,-0.4,1.0,-0.8,-4.1,5.0,2.0,2.1,8.6,6.9,73,False,2,95.0,80.0,100.0,1.5821352105270063,10,58.8,Average,False,False,55.9,16.8,90.0,100.0,1.0,44.0,Average,9.6
16-02-20,6.4,-3.9,1.1,3.7,-7.4,0.0,0.0,0.0,6.5,3.1,2,False,2,95.5,100.0,100.0,95.36279896208035,0,94.6,Excellent,False,True,96.6,34.8,100.0,100.0,1.0,73.0,Pleasant,59.0
17-02-20,10.7,-3.7,3.7,7.8,-6.7,0.0,0.0,0.0,7.0,2.3,3,False,2,91.5,100.0,100.0,95.91991600248174,0,93.2,Excellent,False,True,95.4,51.2,100.0,100.0,1.0,79.7,Nice,69.1
18-02-20,11.9,3.0,6.8,8.1,-1.1,0.0,0.0,0.0,12.5,5.8,3,False,2,76.0,100.0,95.0,87.20795662517334,0,83.5,Nice,False,True,86.0,52.4,100.0,100.0,1.0,78.4,Nice,66.3
19-02-20,6.2,-0.7,3.1,3.5,-3.5,0.6,0.6,0.0,9.0,4.4,51,False,2,94.5,97.6,100.0,4.279831846492832,0,61.9,Pleasant,False,False,59.4,34.0,90.0,100.0,1.0,51.5,Average,19.9
20-02-20,5.2,-0.5,2.1,1.8,-4.0,0.4,0.2,0.14,8.7,5.4,71,False,2,99.5,98.4,100.0,69.5007500248266,0,86.9,Nice,False,False,87.4,27.2,90.0,100.0,1.0,61.8,Pleasant,39.7
21-02-20,4.8,0.3,1.7,1.2,-2.7,0.9,0.0,0.63,12.0,5.6,71,False,2,98.5,96.4,96.0,74.34254295961654,0,87.6,Nice,False,True,88.3,24.8,100.0,100.0,1.0,64.8,Pleasant,44.6
22-02-20,3.4,-1.4,0.7,-0.8,-4.7,0.3,0.0,0.21,14.0,7.7,71,False,2,93.5,98.8,92.0,26.352542241262157,0,68.8,Pleasant,False,False,67.3,16.8,100.0,100.0,1.0,52.0,Average,20.6
23-02-20,8.0,-2.7,2.5,4.5,-6.5,0.0,0.0,0.0,10.0,6.1,3,False,2,97.5,100.0,100.0,78.30509671025156,0,89.4,Nice,False,True,90.4,38.0,100.0,100.0,1.0,70.9,Pleasant,54.1
24-02-20,9.0,-0.2,4.8,3.4,-4.4,8.8,8.7,0.07,36.7,22.9,71,False,2,86.0,64.8,46.599999999999994,57.680458564690475,0,68.0,Pleasant,False,False,67.6,33.6,55.0,90.3,1.0,50.5,Average,21.5
25-02-20,12.6,-3.8,3.0,9.7,-7.4,0.0,0.0,0.0,10.3,4.8,3,False,2,95.0,100.0,99.4,98.5325667691945,0,95.4,Excellent,False,True,97.6,58.8,100.0,100.0,1.0,83.2,Nice,74.7
26-02-20,14.0,-0.5,5.4,11.1,-3.6,0.0,0.0,0.0,17.4,7.2,3,False,2,83.0,100.0,85.2,98.54209863838113,0,89.5,Nice,False,True,92.0,64.4,100.0,100.0,1.0,85.5,Nice,78.1
27-02-20,4.6,0.2,1.5,2.4,-4.2,8.2,1.7,4.55,18.2,11.7,75,False,2,97.5,67.2,83.6,5.017256170338395,10,57.7,Average,False,False,54.6,29.6,90.0,100.0,1.0,49.8,Average,17.8
28-02-20,6.8,-3.9,1.0,3.0,-7.4,2.7,0.1,1.82,12.3,6.5,73,False,2,95.0,89.2,95.4,85.012135006475,10,89.0,Nice,False,True,90.2,32.0,90.0,100.0,1.0,66.8,Pleasant,47.9
29-02-20,1.9,-5.4,-0.7,-1.3,-9.4,7.3,0.0,5.11,14.2,8.7,75,False,2,86.5,70.8,91.6,36.06751173584332,20,65.6,Pleasant,False,False,64.5,14.8,100.0,100.0,1.0,53.1,Average,23.3
01-03-20,11.2,-6.2,1.3,7.8,-9.9,0.0,0.0,0.0,10.9,6.0,3,False,8,66.5,100.0,98.2,96.17872894713108,0,83.1,Nice,False,True,86.6,51.2,100.0,100.0,1.0,79.7,Nice,69.2
02-03-20,12.2,-0.2,5.6,9.0,-4.0,0.5,0.5,0.0,15.1,8.4,51,False,8,88.0,98.0,89.8,80.64944545503236,0,85.3,Nice,False,True,86.7,56.0,90.0,100.0,1.0,75.5,Nice,59.3
03-03-20,16.8,-0.4,8.5,14.3,-3.5,0.0,0.0,0.0,22.5,11.4,3,False,8,97.5,100.0,75.0,61.57071763240878,0,81.5,Nice,False,False,81.3,77.2,100.0,100.0,1.0,83.2,Nice,70.9
04-03-20,15.2,4.9,10.4,11.8,1.6,1.3,1.3,0.0,21.6,12.4,53,False,8,88.0,94.8,76.8,95.00508281962757,0,88.8,Nice,False,True,90.7,67.2,90.0,100.0,1.0,82.9,Nice,70.5
05-03-20,5.9,1.6,3.0,3.5,-1.3,6.7,6.2,0.35,12.6,7.6,71,False,8,75.0,73.2,94.8,0.0,-20,48.2,Average,False,False,46.7,34.0,55.0,100.0,1.0,40.1,Average,11.2
06-03-20,11.9,-0.8,5.1,9.2,-3.5,0.0,0.0,0.0,7.5,4.7,3,False,8,85.5,100.0,100.0,88.56287184777095,0,88.2,Nice,False,True,90.4,56.8,100.0,100.0,1.0,80.4,Nice,69.5
07-03-20,13.3,1.2,6.5,9.4,-1.5,0.7,0.7,0.0,17.4,7.5,51,False,8,92.5,97.2,85.2,78.4539724587814,0,85.9,Nice,False,True,86.9,57.6,90.0,100.0,1.0,75.7,Nice,59.3
08-03-20,8.6,4.5,5.7,6.1,2.5,10.0,10.0,0.0,9.9,5.0,61,False,8,88.5,60.0,100.0,8.67631907163386,0,55.4,Average,True,False,53.4,44.4,40.0,100.0,1.0,41.5,Average,12.0
09-03-20,6.5,3.4,5.0,4.5,1.2,5.1,5.1,0.0,7.8,3.7,53,False,8,85.0,79.6,100.0,8.808556890690605,0,57.0,Average,False,False,55.2,38.0,75.0,100.0,1.0,49.5,Average,19.7
10-03-20,7.4,4.6,5.5,4.8,2.3,1.0,1.0,0.0,9.8,6.4,51,False,8,87.5,96.0,100.0,0.0,0,57.4,Average,False,False,55.0,39.2,90.0,100.0,1.0,52.7,Average,21.2
11-03-20,8.9,5.4,6.6,5.0,2.9,0.5,0.5,0.0,14.5,8.7,51,False,8,93.0,98.0,91.0,16.919387347645035,0,65.1,Pleasant,False,False,63.1,40.0,90.0,100.0,1.0,56.4,Average,27.7
12-03-20,15.5,3.9,9.5,13.1,1.6,0.0,0.0,0.0,12.6,7.2,3,False,8,92.5,100.0,94.8,93.69401427745353,0,92.4,Excellent,False,True,94.3,72.4,100.0,100.0,1.0,87.7,Nice,80.9
13-03-20,18.6,5.9,11.4,16.4,2.7,0.2,0.2,0.0,20.0,9.3,51,False,8,83.0,99.2,80.0,93.27101447773414,0,87.1,Nice,False,True,89.2,85.6,90.0,100.0,1.0,89.9,Nice,79.8
14-03-20,9.7,2.4,6.2,5.6,-0.6,0.0,0.0,0.0,12.6,8.5,3,False,8,91.0,100.0,94.8,79.65621729760478,0,86.9,Nice,False,True,88.2,42.4,100.0,100.0,1.0,72.9,Pleasant,57.3
15-03-20,4.4,-4.5,0.9,1.4,-8.9,0.0,0.0,0.0,14.8,8.1,3,False,8,64.5,100.0,90.4,64.62614824096673,0,70.7,Pleasant,False,False,72.5,25.6,100.0,100.0,1.0,63.2,Pleasant,41.2
16-03-20,8.9,-4.5,0.4,4.7,-8.7,0.0,0.0,0.0,11.2,5.1,1,False,8,62.0,100.0,97.6,93.27776065871072,0,80.3,Nice,False,True,83.8,38.8,100.0,100.0,1.0,74.2,Pleasant,60.6
17-03-20,12.0,-4.0,3.5,7.5,-7.8,0.0,0.0,0.0,13.8,5.7,2,False,8,77.5,100.0,92.4,93.39605596083584,0,86.1,Nice,False,True,88.7,50.0,100.0,100.0,1.0,78.7,Nice,67.4
18-03-20,10.5,-0.9,4.1,6.7,-5.1,0.0,0.0,0.0,10.1,6.5,3,False,8,80.5,100.0,99.8,91.30891002547722,0,87.1,Nice,False,True,89.7,46.8,100.0,100.0,1.0,77.0,Nice,64.6
19-03-20,13.4,-0.8,5.4,8.9,-4.7,0.0,0.0,0.0,14.5,7.4,3,False,8,87.0,100.0,91.0,93.02980325672972,0,89.6,Nice,False,True,91.8,55.6,100.0,100.0,1.0,80.8,Nice,70.6
20-03-20,15.0,1.8,8.5,13.9,-2.2,0.0,0.0,0.0,14.4,5.3,3,False,8,97.5,100.0,91.2,92.48337770814159,0,93.7,Excellent,False,True,95.2,75.6,100.0,100.0,1.0,88.7,Nice,82.4
21-03-20,16.6,3.8,10.0,13.5,0.9,0.6,0.6,0.0,11.9,7.3,53,False,8,90.0,97.6,96.2,90.44791267317503,0,90.0,Excellent,False,True,91.9,74.0,90.0,100.0,1.0,84.7,Nice,72.5
22-03-20,5.1,-1.4,1.6,2.9,-5.6,5.7,1.8,2.73,14.3,7.9,73,False,8,68.0,77.2,91.4,0.0,-20,45.7,Average,False,False,44.5,31.6,90.0,100.0,1.0,49.6,Average,17.1
23-03-20,2.1,-2.9,-1.3,-3.8,-7.4,6.3,0.1,4.34,21.7,14.1,73,False,8,53.5,74.8,76.6,0.3068823041941558,-20,38.5,Poor,False,False,37.7,4.8,90.0,100.0,1.0,39.0,Poor,2.7
24-03-20,-0.6,-5.2,-3.2,-6.4,-10.4,2.8,0.0,1.96,17.9,14.4,73,False,8,44.0,88.8,84.2,32.149198200956036,-20,48.5,Average,False,False,50.0,0.0,100.0,100.0,1.0,46.4,Average,12.9
25-03-20,3.7,-4.4,-1.2,-1.1,-9.2,0.5,0.0,0.35,15.6,10.2,71,False,8,54.0,98.0,88.8,59.32127396999978,-20,63.8,Pleasant,False,False,66.2,15.6,100.0,100.0,1.0,58.1,Average,33.1
26-03-20,11.3,-3.2,3.3,7.3,-7.1,0.0,0.0,0.0,21.9,11.3,3,False,8,76.5,100.0,76.2,94.37529998970669,0,84.7,Nice,False,True,87.1,49.2,100.0,100.0,1.0,78.6,Nice,67.3
27-03-20,11.6,-1.3,4.5,8.2,-5.2,0.0,0.0,0.0,16.1,8.3,0,False,8,82.5,100.0,87.8,96.18634856981708,0,88.7,Nice,False,True,91.1,52.8,100.0,100.0,1.0,80.4,Nice,70.2
28-03-20,11.0,0.6,5.5,8.6,-3.3,0.0,0.0,0.0,8.3,4.8,3,False,8,87.5,100.0,100.0,95.22017463737706,0,91.3,Excellent,False,True,93.7,54.4,100.0,100.0,1.0,80.8,Nice,70.7
29-03-20,14.4,0.2,6.3,9.9,-3.6,0.0,0.0,0.0,13.8,7.8,2,False,8,91.5,100.0,92.4,97.14945649847935,0,93.0,Excellent,False,True,95.1,59.6,100.0,100.0,1.0,83.3,Nice,74.6
30-03-20,12.3,1.1,6.5,9.3,-2.7,1.6,1.6,0.0,15.2,8.4,53,False,8,92.5,93.6,89.6,93.68859216235141,0,91.0,Excellent,False,True,92.9,57.2,90.0,100.0,1.0,78.6,Nice,64.6
31-03-20,1.5,-3.8,-1.7,-2.3,-7.3,7.0,0.5,4.55,12.1,7.0,73,False,8,51.5,72.0,95.8,0.0,-20,38.7,Poor,False,False,38.4,10.8,90.0,100.0,1.0,41.3,Average,5.8
01-04-20,5.0,-6.2,-0.8,1.4,-9.9,0.0,0.0,0.0,13.1,5.5,3,False,15,21.0,100.0,93.8,97.86202540809042,0,65.2,Pleasant,False,True,70.9,25.6,100.0,100.0,1.0,69.8,Pleasant,54.5
02-04-20,7.9,-6.0,1.0,5.0,-9.8,0.0,0.0,0.0,9.2,4.1,3,False,15,30.0,100.0,100.0,98.32531939895924,0,69.4,Pleasant,False,True,74.8,40.0,100.0,100.0,1.0,75.7,Nice,63.3
03-04-20,12.5,-3.0,4.4,9.3,-6.2,0.0,0.0,0.0,9.9,4.5,1,False,15,47.0,100.0,100.0,98.5243587965874,0,76.3,Nice,False,True,80.9,57.2,100.0,100.0,1.0,82.6,Nice,73.7
04-04-20,12.9,1.0,6.6,9.0,-2.9,0.0,0.0,0.0,19.3,8.3,3,False,15,58.0,100.0,81.4,88.613024972492,0,75.7,Nice,False,True,78.9,56.0,100.0,100.0,1.0,80.1,Nice,69.0
05-04-20,11.7,-0.9,4.9,7.4,-4.8,0.0,0.0,0.0,20.6,11.9,2,False,15,49.5,100.0,78.8,98.06173728833438,0,75.4,Nice,False,True,79.4,49.6,100.0,100.0,1.0,79.5,Nice,69.0
06-04-20,12.9,-2.5,4.3,8.7,-6.9,0.0,0.0,0.0,13.7,9.0,0,False,15,46.5,100.0,92.6,97.83243378255649,0,75.2,Nice,False,True,79.7,54.8,100.0,100.0,1.0,81.5,Nice,72.0
07-04-20,14.4,-4.2,3.6,10.3,-8.4,0.0,0.0,0.0,11.9,7.4,0,False,15,43.0,100.0,96.2,97.60463664025507,0,74.1,Pleasant,False,True,78.7,61.2,100.0,100.0,1.0,84.0,Nice,75.8
08-04-20,14.6,-2.3,5.9,12.3,-5.8,0.0,0.0,0.0,9.6,4.2,0,False,15,54.5,100.0,100.0,97.37866035307273,0,78.9,Nice,False,True,83.0,69.2,100.0,100.0,1.0,87.2,Nice,80.5
09-04-20,16.7,3.2,9.4,15.2,-0.9,0.0,0.0,0.0,11.5,5.3,0,False,15,72.0,100.0,97.0,97.15464463592468,0,85.6,Nice,False,True,88.8,80.8,100.0,100.0,1.0,91.8,Excellent,87.3
10-04-20,17.4,2.0,9.3,15.2,-2.1,0.0,0.0,0.0,13.5,8.4,2,False,15,71.5,100.0,93.0,96.93276719845802,0,85.0,Nice,False,True,88.1,80.8,100.0,100.0,1.0,91.7,Excellent,87.3
11-04-20,15.5,2.3,8.4,13.1,-1.0,0.0,0.0,0.0,10.9,5.5,3,False,15,67.0,100.0,98.2,96.71326136441951,0,83.5,Nice,False,True,87.0,72.4,100.0,100.0,1.0,88.3,Nice,82.1
12-04-20,15.8,1.9,9.4,14.3,-2.0,0.0,0.0,0.0,16.2,8.2,3,False,15,72.0,100.0,87.6,75.72181232050093,0,77.3,Nice,False,True,79.2,77.2,100.0,100.0,1.0,86.0,Nice,76.6
13-04-20,18.1,2.4,10.9,15.3,-0.6,0.0,0.0,0.0,14.5,8.0,3,False,15,79.5,100.0,91.0,88.53060019530874,0,85.1,Nice,False,True,87.3,81.2,100.0,100.0,1.0,90.2,Excellent,84.1
14-04-20,15.1,2.3,9.7,13.2,-2.2,8.3,8.3,0.0,21.3,12.9,61,False,15,73.5,66.8,77.4,30.39126731410393,0,56.2,Average,False,False,55.6,72.8,55.0,100.0,1.0,61.7,Pleasant,30.7
15-04-20,6.9,-1.8,2.8,3.0,-5.3,3.3,0.6,1.89,17.3,10.8,73,False,15,39.0,86.8,85.4,95.86227510292342,-20,68.6,Pleasant,False,True,73.6,32.0,90.0,100.0,1.0,69.0,Pleasant,51.8
16-04-20,15.1,0.2,7.1,12.5,-3.4,0.0,0.0,0.0,10.0,7.9,3,False,15,60.5,100.0,100.0,95.57964562008317,0,80.7,Nice,False,True,84.4,70.0,100.0,100.0,1.0,87.1,Nice,80.2
17-04-20,18.2,5.1,11.3,16.1,1.9,0.0,0.0,0.0,12.5,6.5,3,False,15,81.5,100.0,95.0,94.57285967976378,0,88.3,Nice,False,True,90.9,84.4,100.0,100.0,1.0,92.7,Excellent,88.5
18-04-20,18.5,8.8,13.2,15.9,5.6,0.0,0.0,0.0,20.9,8.2,2,False,15,91.0,100.0,78.2,95.15470849336361,0,91.0,Excellent,False,True,92.7,83.6,100.0,100.0,1.0,92.5,Excellent,88.2
19-04-20,14.2,7.7,11.2,12.4,5.0,3.6,3.6,0.0,8.1,4.5,61,False,15,81.0,85.6,100.0,60.475393483515916,0,74.4,Pleasant,False,False,75.4,69.6,75.0,100.0,1.0,72.4,Pleasant,49.5
20-04-20,12.3,2.1,7.5,11.2,-1.1,2.6,2.6,0.0,14.6,7.0,61,False,15,62.5,89.6,90.8,91.11036028920371,0,77.6,Nice,False,True,80.8,64.8,90.0,100.0,1.0,81.1,Nice,67.8
21-04-20,11.8,0.6,6.0,8.1,-2.7,0.0,0.0,0.0,18.6,10.2,3,False,15,55.0,100.0,82.8,88.22600330966014,0,74.5,Pleasant,False,True,77.8,52.4,100.0,100.0,1.0,78.6,Nice,66.7
22-04-20,12.4,0.3,6.2,10.3,-3.3,0.0,0.0,0.0,9.5,5.4,2,False,15,56.0,100.0,100.0,94.76511448314996,0,78.6,Nice,False,True,82.5,61.2,100.0,100.0,1.0,83.4,Nice,74.6
23-04-20,13.8,1.8,8.0,11.1,-1.6,0.0,0.0,0.0,11.2,4.7,3,False,15,65.0,100.0,97.6,94.34517516246326,0,81.8,Nice,False,True,85.2,64.4,100.0,100.0,1.0,84.6,Nice,76.4
24-04-20,16.1,1.7,9.3,13.7,-1.6,0.0,0.0,0.0,11.5,5.5,1,False,15,71.5,100.0,97.0,95.2893237927166,0,84.7,Nice,False,True,87.8,74.8,100.0,100.0,1.0,89.0,Nice,83.0
25-04-20,18.0,4.7,12.0,15.3,1.2,0.2,0.2,0.0,21.8,12.4,51,False,15,85.0,99.2,76.4,93.51989481866443,0,87.7,Nice,False,True,89.7,81.2,90.0,100.0,1.0,88.2,Nice,77.5
26-04-20,11.4,4.7,8.2,6.7,1.4,0.3,0.3,0.0,17.4,12.6,51,False,15,66.0,98.8,85.2,62.48531384138673,0,69.9,Pleasant,False,False,71.4,46.8,90.0,100.0,1.0,68.2,Pleasant,47.8
27-04-20,14.9,1.1,8.7,12.9,-2.5,0.0,0.0,0.0,8.9,5.6,3,False,15,68.5,100.0,100.0,96.09682511688452,0,84.0,Nice,False,True,87.4,71.6,100.0,100.0,1.0,87.9,Nice,81.4
28-04-20,19.2,2.3,11.2,17.7,-0.2,0.2,0.2,0.0,16.5,6.1,51,False,15,81.0,99.2,87.0,96.37271664081347,0,88.0,Nice,False,True,90.5,90.8,90.0,100.0,1.0,92.6,Excellent,83.7
29-04-20,18.3,5.6,12.2,16.2,3.6,1.2,1.2,0.0,14.8,5.6,53,False,15,86.0,95.2,90.4,91.52512747062426,0,87.9,Nice,False,True,90.0,84.8,90.0,100.0,1.0,89.2,Nice,78.7
30-04-20,16.6,6.7,12.0,16.3,4.4,2.1,2.1,0.0,13.9,5.9,61,False,15,85.0,91.6,92.2,89.32094466240696,0,86.4,Nice,False,True,88.4,85.2,90.0,100.0,1.0,88.9,Nice,78.2
01-05-20,18.5,8.2,12.8,18.7,6.2,6.0,6.0,0.0,12.0,5.3,63,False,20,64.0,76.0,96.0,86.35364423559746,0,74.9,Pleasant,False,True,77.9,94.8,55.0,100.0,1.0,81.7,Nice,50.3
02-05-20,17.0,8.7,12.9,15.7,7.4,0.1,0.1,0.0,8.3,5.4,51,False,20,64.5,99.6,100.0,91.48615832834787,0,80.8,Nice,False,True,84.1,82.8,90.0,100.0,1.0,88.4,Nice,77.6
03-05-20,14.9,7.3,10.6,13.0,5.1,6.4,6.4,0.0,20.1,9.5,63,False,20,53.0,74.4,79.8,29.172595750777052,0,49.0,Average,False,False,49.4,72.0,55.0,100.0,1.0,61.1,Pleasant,30.2
04-05-20,9.5,7.6,8.4,6.8,4.6,8.3,8.3,0.0,17.8,12.1,55,False,20,42.0,66.8,84.4,0.0,0,33.6,Poor,False,False,33.2,47.2,55.0,100.0,1.0,45.4,Average,15.6
05-05-20,14.9,7.8,10.6,11.2,5.7,1.2,1.2,0.0,17.9,10.7,51,False,20,53.0,95.2,84.2,68.27858042749135,0,66.1,Pleasant,False,False,68.6,64.8,90.0,100.0,1.0,76.6,Nice,59.6
06-05-20,9.2,5.5,7.5,7.1,1.3,5.9,5.9,0.0,22.6,13.7,53,False,20,37.5,76.4,74.8,63.714082523636584,0,54.7,Average,False,False,57.6,48.4,75.0,100.0,1.0,64.6,Pleasant,40.9
07-05-20,11.3,4.7,7.0,6.9,0.1,10.6,10.6,0.0,25.8,17.3,61,False,20,35.0,57.6,68.4,27.59575765010408,0,37.8,Poor,True,False,38.8,47.6,40.0,100.0,1.0,46.6,Average,15.8
08-05-20,13.8,4.3,8.9,10.8,1.5,0.0,0.0,0.0,16.0,10.3,3,False,20,44.5,100.0,88.0,72.7590487855152,0,65.3,Pleasant,False,True,68.5,63.2,100.0,100.0,1.0,79.8,Nice,67.0
09-05-20,17.3,4.3,11.7,16.4,1.0,0.0,0.0,0.0,12.9,6.7,3,False,20,58.5,100.0,94.2,93.42639323733772,0,78.6,Nice,False,True,82.3,85.6,100.0,100.0,1.0,92.9,Excellent,88.7
10-05-20,21.1,6.4,14.0,20.8,4.2,0.0,0.0,0.0,9.8,4.2,3,False,20,70.0,100.0,100.0,95.02212280930644,0,84.3,Nice,False,True,87.5,100.0,100.0,100.0,1.0,99.0,Excellent,98.0
11-05-20,25.2,9.3,17.3,25.3,7.7,0.0,0.0,0.0,14.7,7.7,3,False,20,86.5,100.0,90.6,94.7573609924555,0,90.0,Excellent,False,True,92.2,100.0,100.0,100.0,1.0,99.0,Excellent,97.9
12-05-20,20.7,10.9,15.9,17.2,8.7,2.4,2.4,0.0,25.7,13.5,53,False,20,79.5,90.4,68.6,81.85922021088,0,79.5,Nice,False,True,81.0,88.8,90.0,100.0,1.0,88.9,Nice,77.4
13-05-20,19.2,7.1,12.6,17.4,5.0,0.3,0.3,0.0,14.1,7.8,51,False,20,63.0,98.8,91.8,73.62698929028177,0,73.1,Pleasant,False,True,75.5,89.6,90.0,100.0,1.0,87.6,Nice,74.9
14-05-20,26.3,10.0,18.7,26.1,7.9,0.3,0.3,0.0,21.1,11.9,51,False,20,93.5,98.8,77.8,78.65623964274717,0,86.0,Nice,False,True,86.8,100.0,90.0,100.0,1.0,92.7,Excellent,82.3
15-05-20,27.7,10.9,18.9,29.0,9.6,0.7,0.7,0.0,16.8,7.7,53,False,20,94.5,97.2,86.4,83.43741529717448,0,88.5,Nice,False,True,89.7,84.6,90.0,100.0,1.0,87.5,Nice,75.7
16-05-20,19.0,12.7,15.4,17.5,11.0,0.6,0.6,0.0,14.9,10.1,51,False,20,77.0,97.6,90.2,61.27734225463529,0,74.1,Pleasant,False,False,75.1,90.0,90.0,100.0,1.0,85.3,Nice,70.7
17-05-20,24.0,8.7,15.6,22.9,7.7,0.4,0.4,0.0,22.4,8.1,51,False,20,78.0,98.4,75.2,43.59970102630606,0,67.2,Pleasant,False,False,67.0,100.0,90.0,100.0,1.0,85.7,Nice,69.7
18-05-20,20.0,11.3,15.7,19.1,10.4,0.2,0.2,0.0,12.6,7.0,51,False,20,78.5,99.2,94.8,78.28950854876429,0,81.3,Nice,False,True,83.2,96.4,90.0,100.0,1.0,91.2,Excellent,80.2
19-05-20,24.1,9.2,17.7,25.0,7.0,0.0,0.0,0.0,8.6,5.3,3,False,20,88.5,100.0,100.0,74.63301351306046,0,84.5,Nice,False,True,85.8,100.0,100.0,100.0,1.0,94.9,Excellent,89.9
20-05-20,18.1,10.4,14.5,18.1,8.7,12.0,12.0,0.0,13.7,7.3,63,False,20,72.5,52.0,92.6,5.808352805938907,0,46.2,Average,True,False,44.8,92.4,20.0,100.0,1.0,54.1,Average,11.6
21-05-20,11.7,7.2,9.5,9.0,4.7,8.6,8.6,0.0,13.6,7.7,55,False,20,47.5,65.6,92.8,3.2799999706630443,0,37.4,Poor,False,False,37.1,56.0,55.0,100.0,1.0,49.6,Average,19.2
22-05-20,11.5,6.5,8.7,8.0,3.5,3.5,3.5,0.0,15.3,7.3,53,False,20,43.5,86.0,89.4,52.02282740298225,0,55.7,Average,False,False,57.9,52.0,75.0,100.0,1.0,63.7,Pleasant,39.0
23-05-20,14.7,4.0,10.1,12.6,1.2,0.0,0.0,0.0,16.4,7.8,3,False,20,50.5,100.0,87.2,83.02712124246321,0,71.2,Pleasant,False,True,74.6,70.4,100.0,100.0,1.0,84.8,Nice,75.5
24-05-20,15.7,4.4,9.5,14.8,1.5,5.5,5.5,0.0,22.0,8.2,61,False,20,47.5,78.0,76.0,19.67376883649513,0,43.7,Average,False,False,43.8,79.2,75.0,100.0,1.0,68.1,Pleasant,41.5
25-05-20,13.5,7.7,9.8,12.0,4.8,4.7,4.7,0.0,18.3,10.5,55,False,20,49.0,81.2,83.4,77.87423840692406,0,65.7,Pleasant,False,True,68.8,68.0,75.0,100.0,1.0,75.3,Nice,54.0
26-05-20,13.4,7.1,9.8,14.1,5.3,3.9,3.9,0.0,11.5,4.7,55,False,20,49.0,84.4,97.0,86.35113326590134,0,70.2,Pleasant,False,True,74.1,76.4,75.0,100.0,1.0,80.3,Nice,60.3
27-05-20,12.2,7.6,9.0,11.1,6.0,14.1,14.1,0.0,12.6,6.5,61,False,20,45.0,43.6,94.8,11.08165272015776,0,36.0,Poor,True,False,36.2,64.4,20.0,100.0,1.0,44.0,Average,8.6
28-05-20,12.9,7.9,10.0,10.4,6.3,11.3,11.3,0.0,23.2,8.6,61,False,20,50.0,54.8,73.6,69.88750072300307,0,58.6,Average,True,False,61.0,61.6,40.0,100.0,1.0,60.6,Pleasant,26.0
29-05-20,14.0,8.6,10.7,11.6,6.6,14.7,14.7,0.0,21.7,12.1,61,False,20,53.5,41.2,76.6,44.90330067952142,0,49.4,Average,True,False,50.5,66.4,20.0,100.0,1.0,51.5,Average,11.6
30-05-20,15.0,8.6,11.0,13.1,6.5,8.7,8.7,0.0,20.4,12.1,61,False,20,55.0,65.2,79.2,83.10629991395395,0,67.2,Pleasant,False,True,70.2,72.4,55.0,100.0,1.0,72.1,Pleasant,42.2
31-05-20,13.7,6.4,10.5,10.4,3.8,1.0,1.0,0.0,18.7,11.6,51,False,20,52.5,96.0,82.6,62.12854176093019,0,63.8,Pleasant,False,False,65.9,61.6,90.0,100.0,1.0,74.1,Pleasant,55.6
01-06-20,14.2,8.4,10.2,13.1,5.7,13.9,13.9,0.0,16.9,11.1,63,False,24,31.0,44.4,86.2,56.284865944550624,0,45.7,Average,True,False,48.6,72.4,20.0,100.0,1.0,56.2,Average,13.2
02-06-20,12.2,6.6,9.0,12.3,4.3,14.2,14.2,0.0,10.8,5.7,61,False,24,25.0,43.2,98.4,70.34486740296425,0,49.0,Average,True,True,53.2,69.2,20.0,100.0,1.0,57.7,Average,13.9
03-06-20,14.8,4.7,10.0,14.0,2.0,0.3,0.3,0.0,8.4,5.9,51,False,24,30.0,98.8,100.0,94.65525295618838,0,67.9,Pleasant,False,True,73.2,76.0,90.0,100.0,1.0,86.3,Nice,75.1
04-06-20,19.7,4.6,12.3,18.5,2.6,0.0,0.0,0.0,15.8,6.9,3,False,24,41.5,100.0,88.4,95.92336838084707,0,72.2,Pleasant,False,True,76.7,94.0,100.0,100.0,1.0,96.8,Excellent,94.8
05-06-20,23.9,10.2,17.6,23.8,8.6,0.0,0.0,0.0,13.5,8.4,3,False,24,68.0,100.0,93.0,96.12722799092953,0,83.3,Nice,False,True,86.6,100.0,100.0,100.0,1.0,99.2,Excellent,98.5
06-06-20,26.8,12.7,19.1,28.1,12.0,0.2,0.2,0.0,13.3,7.4,51,False,24,75.5,99.2,93.4,87.11034643305337,0,83.0,Nice,False,True,85.5,91.5,90.0,100.0,1.0,91.0,Excellent,80.8
07-06-20,24.6,12.5,18.5,24.4,11.2,1.3,1.3,0.0,18.4,7.1,53,False,24,72.5,94.8,83.2,64.41601859434772,0,72.4,Pleasant,False,False,73.7,100.0,90.0,100.0,1.0,89.9,Nice,77.2
08-06-20,23.2,10.9,17.8,24.2,10.0,4.0,4.0,0.0,8.2,4.8,61,False,24,69.0,84.0,100.0,88.10966329607923,0,79.0,Nice,False,True,82.0,100.0,75.0,100.0,1.0,90.1,Excellent,71.4
09-06-20,22.5,13.8,18.2,24.7,13.8,2.7,2.7,0.0,10.8,4.5,61,False,24,71.0,89.2,98.4,75.98567646785794,0,76.2,Nice,False,True,78.5,100.0,90.0,100.0,1.0,92.2,Excellent,81.4
10-06-20,23.7,13.5,18.7,24.8,13.5,1.2,1.2,0.0,12.2,5.3,53,False,24,73.5,95.2,95.6,82.35772802640435,0,80.2,Nice,False,True,82.5,100.0,90.0,100.0,1.0,93.5,Excellent,83.6
11-06-20,21.0,13.7,17.3,22.9,13.4,9.6,9.6,0.0,10.7,5.5,63,False,24,66.5,61.6,98.6,71.7878855933595,0,68.9,Pleasant,False,True,71.1,100.0,40.0,100.0,1.0,76.4,Nice,35.5
12-06-20,18.9,14.3,16.3,19.3,14.4,28.8,28.8,0.0,13.9,8.9,63,False,24,61.5,0.0,92.2,46.44971421941577,0,48.2,Average,True,False,49.3,97.2,0.0,100.0,1.0,58.2,Average,0.0
13-06-20,20.0,14.9,16.8,21.2,15.2,26.7,26.7,0.0,13.1,7.0,63,False,24,64.0,0.0,93.8,14.352296056760522,0,38.1,Poor,True,False,37.5,100.0,0.0,100.0,1.0,52.9,Average,0.0
14-06-20,22.5,15.6,18.1,24.7,16.8,7.0,7.0,0.0,10.5,4.3,61,False,24,70.5,72.0,99.0,56.591488608475025,0,66.7,Pleasant,False,False,68.0,100.0,55.0,100.0,1.0,77.8,Nice,45.5
15-06-20,22.3,14.9,18.1,23.4,15.1,4.0,4.0,0.0,8.3,4.4,61,False,24,70.5,84.0,100.0,58.448824252384625,0,69.3,Pleasant,False,False,70.7,100.0,75.0,100.0,1.0,84.2,Nice,62.5
16-06-20,21.3,12.4,17.4,21.5,12.4,0.5,0.5,0.0,10.8,4.4,51,False,24,67.0,98.0,98.4,94.59211292638152,0,82.5,Nice,False,True,85.8,100.0,90.0,100.0,1.0,95.9,Excellent,88.1
17-06-20,20.8,13.9,16.7,22.7,14.0,19.9,19.9,0.0,8.0,3.1,63,False,24,63.5,20.400000000000006,100.0,72.12532923912404,0,61.7,Pleasant,True,True,64.1,100.0,20.0,100.0,1.0,70.4,Pleasant,17.8
18-06-20,21.6,12.9,17.2,22.9,13.2,6.1,6.1,0.0,9.3,4.0,61,False,24,66.0,75.6,100.0,72.07390387994839,0,71.0,Pleasant,False,True,73.3,100.0,55.0,100.0,1.0,80.9,Nice,48.9
19-06-20,19.2,15.1,16.6,20.0,15.4,17.8,17.8,0.0,18.9,8.5,61,False,24,63.00000000000001,28.799999999999997,82.2,14.219564061481249,0,41.1,Average,True,False,40.3,100.0,20.0,100.0,1.0,58.8,Average,13.1
20-06-20,19.6,14.7,16.5,19.3,14.4,11.1,11.1,0.0,15.7,9.8,61,False,24,62.5,55.6,88.6,67.95393831085678,0,64.2,Pleasant,True,False,66.3,97.2,40.0,100.0,1.0,74.5,Pleasant,34.2
21-06-20,20.3,14.2,16.1,21.9,13.9,8.9,8.9,0.0,15.6,9.0,61,False,24,60.50000000000001,64.4,88.8,53.5692897395345,0,59.7,Average,False,False,61.1,100.0,55.0,100.0,1.0,77.2,Nice,44.8
22-06-20,20.6,14.4,16.6,22.4,14.5,14.0,14.0,0.0,9.7,5.8,63,False,24,63.00000000000001,44.0,100.0,42.672461977778156,0,54.7,Average,True,False,55.7,100.0,20.0,100.0,1.0,64.5,Pleasant,15.4
23-06-20,21.7,14.7,18.0,22.5,15.5,12.8,12.8,0.0,8.7,4.4,63,False,24,70.0,48.8,100.0,82.2984199746985,0,72.1,Pleasant,True,True,74.7,100.0,20.0,100.0,1.0,72.5,Pleasant,18.6
24-06-20,23.0,13.3,18.2,24.9,13.0,0.5,0.5,0.0,7.9,3.8,51,False,24,71.0,98.0,100.0,80.60974174717254,0,79.3,Nice,False,True,81.8,100.0,90.0,100.0,1.0,93.1,Excellent,83.0
25-06-20,23.1,15.0,18.9,24.5,15.2,2.3,2.3,0.0,10.7,5.9,61,False,24,74.5,90.8,98.6,82.71161341187407,0,80.3,Nice,False,True,82.6,100.0,90.0,100.0,1.0,93.5,Excellent,83.8
26-06-20,24.4,14.2,19.3,25.3,14.0,0.1,0.1,0.0,9.3,6.5,51,False,24,76.5,99.6,100.0,92.58852098201343,0,85.9,Nice,False,True,88.8,100.0,90.0,100.0,1.0,95.5,Excellent,87.3
27-06-20,25.9,13.9,20.2,27.2,13.2,0.0,0.0,0.0,9.7,6.8,3,False,24,81.0,100.0,100.0,95.67241764199382,0,88.9,Nice,False,True,91.6,98.5,100.0,100.0,1.0,98.5,Excellent,97.3
28-06-20,25.8,13.8,20.2,29.1,13.6,1.7,1.7,0.0,10.6,4.3,61,False,24,81.0,93.2,98.8,95.72747027396137,0,87.8,Nice,False,True,90.5,83.8,90.0,100.0,1.0,89.7,Nice,79.7
29-06-20,26.0,16.1,21.4,29.0,16.9,1.1,1.1,0.0,8.2,5.0,55,False,24,87.0,95.6,100.0,95.79014720284788,0,90.7,Excellent,False,True,93.1,84.6,90.0,100.0,1.0,90.0,Excellent,80.2
30-06-20,22.2,16.1,19.3,22.1,16.5,3.2,3.2,0.0,18.6,10.9,53,False,24,76.5,87.2,82.8,94.47508721962838,0,83.4,Nice,False,True,85.9,100.0,75.0,100.0,1.0,91.4,Excellent,73.3
01-07-20,24.7,13.7,19.5,26.4,13.2,0.0,0.0,0.0,8.3,4.6,1,False,26,67.5,100.0,100.0,95.93801977531317,0,83.6,Nice,False,True,87.0,100.0,100.0,100.0,1.0,99.2,Excellent,98.4
02-07-20,27.0,14.3,21.4,30.2,15.0,0.5,0.5,0.0,8.1,3.8,51,False,26,77.0,98.0,100.0,96.02297723152954,0,87.1,Nice,False,True,90.1,75.4,90.0,100.0,1.0,86.4,Nice,75.3
03-07-20,25.9,16.2,21.4,29.4,16.9,4.4,4.4,0.0,9.3,5.0,61,False,26,77.0,82.4,100.0,84.12618853524046,0,80.6,Nice,False,True,83.0,81.5,75.0,100.0,1.0,81.9,Nice,61.9
04-07-20,22.9,17.1,19.3,26.2,18.6,17.5,17.5,0.0,7.4,4.1,63,False,26,66.5,30.0,100.0,53.07383818367055,0,57.7,Average,True,False,59.0,100.0,20.0,100.0,1.0,66.6,Pleasant,16.2
05-07-20,23.5,16.7,19.8,26.0,18.3,5.6,5.6,0.0,8.4,4.4,61,False,26,69.0,77.6,100.0,82.33236441782662,0,76.1,Nice,False,True,78.7,100.0,75.0,100.0,1.0,89.0,Nice,69.7
06-07-20,26.0,16.7,21.3,27.2,17.7,0.0,0.0,0.0,7.6,4.7,3,False,26,76.5,100.0,100.0,85.02307361107862,0,83.4,Nice,False,True,85.8,98.5,100.0,100.0,1.0,96.4,Excellent,93.1
07-07-20,21.7,12.4,17.3,24.0,10.1,13.9,13.9,0.0,25.0,10.4,63,False,26,56.5,44.4,70.0,56.09926745958904,0,54.5,Average,True,False,55.9,100.0,20.0,100.0,1.0,67.2,Pleasant,16.5
08-07-20,18.4,11.6,14.9,18.1,9.8,2.3,2.3,0.0,15.5,10.1,53,False,26,44.5,90.8,89.0,90.23522389256853,0,70.1,Pleasant,False,True,74.2,92.4,90.0,100.0,1.0,92.0,Excellent,82.4
09-07-20,22.9,10.0,16.9,23.8,8.8,0.0,0.0,0.0,7.3,4.7,1,False,26,54.49999999999999,100.0,100.0,96.81385599907058,0,78.7,Nice,False,True,82.8,100.0,100.0,100.0,1.0,99.4,Excellent,98.7
10-07-20,26.2,13.1,19.8,27.6,12.7,0.0,0.0,0.0,13.0,6.6,3,False,26,69.0,100.0,94.0,96.95357503739895,0,84.1,Nice,False,True,87.3,95.4,100.0,100.0,1.0,97.5,Excellent,96.0
11-07-20,26.1,14.0,20.7,27.0,13.1,0.0,0.0,0.0,15.0,8.5,0,False,26,73.5,100.0,90.0,97.09966885416637,0,85.6,Nice,False,True,88.6,100.0,100.0,100.0,1.0,99.4,Excellent,98.8
12-07-20,24.4,12.8,18.2,25.8,11.6,7.7,7.7,0.0,19.9,9.0,61,False,26,61.0,69.2,80.2,79.25155445896723,0,68.9,Pleasant,False,True,71.5,100.0,55.0,100.0,1.0,82.4,Nice,50.4
13-07-20,15.7,11.2,13.1,14.2,10.1,6.5,6.5,0.0,14.6,9.0,61,False,26,35.5,74.0,90.8,73.78462046894046,0,58.4,Average,False,True,62.1,76.8,55.0,100.0,1.0,72.0,Pleasant,41.6
14-07-20,18.9,9.7,14.7,18.7,8.3,0.4,0.4,0.0,8.4,3.7,51,False,26,43.5,98.4,100.0,85.82554868974938,0,70.2,Pleasant,False,True,74.3,94.8,90.0,100.0,1.0,92.1,Excellent,82.1
15-07-20,21.0,12.3,17.3,20.8,12.1,0.3,0.3,0.0,8.3,4.4,51,False,26,56.5,98.8,100.0,90.99941924962998,0,77.3,Nice,False,True,81.0,100.0,90.0,100.0,1.0,95.2,Excellent,86.8
16-07-20,19.7,13.5,16.8,20.3,12.8,2.0,2.0,0.0,8.4,4.2,55,False,26,54.0,92.0,100.0,84.00982820768881,0,72.8,Pleasant,False,True,76.3,100.0,90.0,100.0,1.0,93.8,Excellent,84.2
17-07-20,22.6,13.2,17.6,23.9,12.5,0.8,0.8,0.0,7.9,4.6,51,False,26,58.00000000000001,96.8,100.0,94.76402265475559,0,78.9,Nice,False,True,82.7,100.0,90.0,100.0,1.0,96.0,Excellent,88.1
18-07-20,23.4,12.2,18.4,22.3,11.2,0.4,0.4,0.0,14.6,8.6,51,False,26,61.99999999999999,98.4,90.8,94.1446794346057,0,79.8,Nice,False,True,83.2,100.0,90.0,100.0,1.0,95.8,Excellent,87.9
19-07-20,21.2,14.3,17.9,21.5,14.5,12.2,12.2,0.0,9.8,5.2,63,False,26,59.49999999999999,51.2,100.0,60.732509669305735,0,60.7,Pleasant,True,False,62.8,100.0,20.0,100.0,1.0,68.1,Pleasant,16.9
20-07-20,18.9,13.5,16.5,19.5,13.5,16.5,16.5,0.0,12.8,6.8,63,False,26,52.5,34.0,94.4,92.77562736572501,0,66.1,Pleasant,True,True,70.0,98.0,20.0,100.0,1.0,73.8,Pleasant,19.2
21-07-20,22.8,13.9,17.8,22.5,13.6,1.6,1.6,0.0,10.4,7.6,53,False,26,59.0,93.6,99.2,90.27821890199503,0,77.2,Nice,False,True,80.7,100.0,90.0,100.0,1.0,95.1,Excellent,86.5
22-07-20,25.0,15.3,19.5,27.1,15.1,1.2,1.2,0.0,11.5,4.5,53,False,26,67.5,95.2,97.0,93.95000608006359,0,81.9,Nice,False,True,85.2,99.2,90.0,100.0,1.0,95.5,Excellent,87.4
23-07-20,23.3,16.2,19.6,24.7,16.7,0.9,0.9,0.0,9.8,4.3,51,False,26,68.0,96.4,100.0,90.64383613599632,0,81.4,Nice,False,True,84.5,100.0,90.0,100.0,1.0,95.1,Excellent,86.6
24-07-20,24.2,15.7,19.6,25.5,16.3,4.2,4.2,0.0,9.4,5.3,63,False,26,68.0,83.2,100.0,92.99429249741902,0,80.2,Nice,False,True,83.5,100.0,75.0,100.0,1.0,91.1,Excellent,72.9
25-07-20,23.6,15.3,19.8,23.8,15.1,0.0,0.0,0.0,13.0,6.5,3,False,26,69.0,100.0,94.0,79.56528173990904,0,78.0,Nice,False,True,80.4,100.0,100.0,100.0,1.0,95.9,Excellent,91.8
26-07-20,24.5,14.7,19.3,24.3,15.0,0.2,0.2,0.0,10.9,6.0,51,False,26,66.5,99.2,98.2,77.05003496867285,0,76.3,Nice,False,True,78.8,100.0,90.0,100.0,1.0,92.4,Excellent,81.7
27-07-20,21.8,13.9,18.1,23.7,13.5,4.5,4.5,0.0,10.5,5.3,63,False,26,60.50000000000001,82.0,99.0,70.13653726908727,0,69.0,Pleasant,False,True,71.4,100.0,75.0,100.0,1.0,86.5,Nice,66.0
28-07-20,23.4,16.4,19.3,25.9,17.7,0.4,0.4,0.0,10.0,5.1,51,False,26,66.5,98.4,100.0,80.13116720845886,0,77.4,Nice,False,True,80.1,100.0,90.0,100.0,1.0,93.0,Excellent,82.8
29-07-20,26.3,14.5,20.5,29.0,14.3,0.0,0.0,0.0,8.2,5.1,1,False,26,72.5,100.0,100.0,96.77602872330901,0,85.9,Nice,False,True,89.1,84.6,100.0,100.0,1.0,93.2,Excellent,89.5
30-07-20,28.7,17.7,23.1,33.2,18.2,0.0,0.0,0.0,8.0,6.0,2,False,26,85.5,100.0,100.0,94.93799401517961,0,90.4,Excellent,False,True,92.9,52.3,100.0,100.0,1.0,79.9,Nice,69.4
31-07-20,27.7,17.4,22.4,28.7,18.5,0.5,0.5,0.0,20.3,9.6,51,False,26,82.0,98.0,79.4,95.3051073341915,0,87.2,Nice,False,True,89.5,86.9,90.0,100.0,1.0,90.8,Excellent,81.2
01-08-20,22.9,16.4,19.5,23.1,16.5,1.2,1.2,0.0,12.0,7.0,51,False,25,72.5,95.2,96.0,94.32103398758271,0,84.0,Nice,False,True,87.0,100.0,90.0,100.0,1.0,95.9,Excellent,88.0
02-08-20,21.7,14.5,17.9,22.0,14.5,0.0,0.0,0.0,8.7,4.6,3,False,25,64.5,100.0,100.0,94.19727427321163,0,81.8,Nice,False,True,85.3,100.0,100.0,100.0,1.0,98.8,Excellent,97.7
03-08-20,25.7,14.0,19.6,26.4,12.4,0.0,0.0,0.0,13.8,8.6,3,False,25,73.0,100.0,92.4,93.73038810196046,0,84.4,Nice,False,True,87.3,100.0,100.0,100.0,1.0,98.7,Excellent,97.5
04-08-20,25.8,13.6,20.3,27.3,12.0,0.0,0.0,0.0,16.1,10.7,3,False,25,76.5,100.0,87.8,95.94772796714129,0,86.2,Nice,False,True,88.9,97.7,100.0,100.0,1.0,98.3,Excellent,97.0
05-08-20,25.5,13.0,19.6,25.0,12.1,0.0,0.0,0.0,16.8,9.1,0,False,25,73.0,100.0,86.4,96.1693516880626,0,84.8,Nice,False,True,87.7,100.0,100.0,100.0,1.0,99.2,Excellent,98.5
06-08-20,27.2,11.7,19.8,26.7,10.9,0.0,0.0,0.0,16.9,8.8,3,False,25,74.0,100.0,86.2,95.59962358838476,0,85.0,Nice,False,True,87.8,100.0,100.0,100.0,1.0,99.1,Excellent,98.2
07-08-20,27.8,13.8,21.1,26.5,13.7,0.2,0.2,0.0,20.5,8.4,51,False,25,80.5,99.2,79.0,94.47464692054896,0,86.5,Nice,False,True,88.7,100.0,90.0,100.0,1.0,95.9,Excellent,88.0
08-08-20,27.3,16.9,22.4,27.8,17.0,0.0,0.0,0.0,15.5,6.5,2,False,25,87.0,100.0,89.0,94.14377689626157,0,89.9,Nice,False,True,92.0,93.8,100.0,100.0,1.0,96.4,Excellent,94.0
09-08-20,26.0,16.3,20.8,26.4,16.8,0.0,0.0,0.0,17.4,6.9,2,False,25,79.0,100.0,85.2,92.46693245724315,0,85.8,Nice,False,True,88.2,100.0,100.0,100.0,1.0,98.5,Excellent,97.0
10-08-20,25.8,13.7,19.2,27.7,13.5,3.5,3.5,0.0,12.8,4.7,61,False,25,71.0,86.0,94.4,90.65181874118966,0,80.6,Nice,False,True,83.5,94.6,75.0,100.0,1.0,88.5,Nice,69.8
11-08-20,25.1,16.0,20.4,25.9,16.8,0.0,0.0,0.0,8.0,3.5,2,False,25,77.0,100.0,100.0,91.82690440572226,0,85.9,Nice,False,True,88.7,100.0,100.0,100.0,1.0,98.4,Excellent,96.7
12-08-20,24.1,16.9,20.0,25.5,17.5,1.1,1.1,0.0,7.1,3.5,53,False,25,75.0,95.6,100.0,92.19001738928503,0,84.6,Nice,False,True,87.5,100.0,90.0,100.0,1.0,95.4,Excellent,87.2
13-08-20,24.7,14.3,20.0,24.9,15.0,0.0,0.0,0.0,7.6,5.0,3,False,25,75.0,100.0,100.0,93.23560047324898,0,85.6,Nice,False,True,88.5,100.0,100.0,100.0,1.0,98.6,Excellent,97.3
14-08-20,27.1,16.0,21.1,27.1,15.4,0.0,0.0,0.0,8.6,3.8,3,False,25,80.5,100.0,100.0,93.60886463359961,0,88.0,Nice,False,True,90.6,99.2,100.0,100.0,1.0,98.4,Excellent,97.0
15-08-20,23.9,18.1,20.5,23.3,17.9,0.7,0.7,0.0,14.7,9.4,53,False,25,77.5,97.2,90.6,73.41866503790261,0,78.5,Nice,False,True,80.1,100.0,90.0,100.0,1.0,91.7,Excellent,80.4
16-08-20,24.2,15.6,19.5,23.2,14.6,0.0,0.0,0.0,19.3,9.4,3,False,25,72.5,100.0,81.4,90.65371366247358,0,82.2,Nice,False,True,84.8,100.0,100.0,100.0,1.0,98.1,Excellent,96.3
17-08-20,24.4,13.8,19.6,24.6,12.9,0.4,0.4,0.0,9.5,5.7,51,False,25,73.0,98.4,100.0,92.71907605836944,0,84.4,Nice,False,True,87.4,100.0,90.0,100.0,1.0,95.5,Excellent,87.4
18-08-20,26.3,14.4,20.5,27.2,13.3,0.0,0.0,0.0,8.6,5.9,3,False,25,77.5,100.0,100.0,93.78052819518005,0,86.8,Nice,False,True,89.6,98.5,100.0,100.0,1.0,98.1,Excellent,96.6
19-08-20,22.5,13.6,17.7,22.7,13.6,5.0,5.0,0.0,14.0,5.1,61,False,25,63.5,80.0,92.0,36.45792355133669,0,57.5,Average,False,False,58.0,100.0,75.0,100.0,1.0,79.8,Nice,55.9
20-08-20,18.9,15.2,16.7,19.5,15.6,16.7,16.7,0.0,10.7,7.0,63,False,25,58.5,33.2,98.6,26.47080549212552,0,45.5,Average,True,False,45.9,98.0,20.0,100.0,1.0,60.5,Pleasant,13.9
21-08-20,23.5,15.8,19.0,24.7,16.4,1.1,1.1,0.0,8.4,5.9,51,False,25,70.0,95.6,100.0,87.16667034951577,0,80.8,Nice,False,True,83.7,100.0,90.0,100.0,1.0,94.4,Excellent,85.4
22-08-20,25.7,15.5,20.5,27.6,15.4,0.0,0.0,0.0,8.4,4.5,0,False,25,77.5,100.0,100.0,94.34591769447607,0,87.0,Nice,False,True,89.9,95.4,100.0,100.0,1.0,97.0,Excellent,95.0
23-08-20,27.5,14.3,21.2,29.8,14.5,0.3,0.3,0.0,6.8,4.1,51,False,25,81.0,98.8,100.0,94.6843823573862,0,88.4,Nice,False,True,91.0,78.5,90.0,100.0,1.0,87.3,Nice,76.5
24-08-20,25.1,15.9,20.1,26.5,16.5,12.6,12.6,0.0,8.9,5.0,63,False,25,75.5,49.6,100.0,91.1828547804927,0,77.6,Nice,True,True,80.3,100.0,20.0,100.0,1.0,74.2,Pleasant,19.3
25-08-20,24.5,15.5,19.3,25.7,15.9,25.6,25.6,0.0,16.8,4.9,65,False,25,71.5,0.0,86.4,58.743173018272344,0,56.1,Average,True,False,57.2,100.0,0.0,100.0,1.0,61.7,Pleasant,0.0
26-08-20,22.3,14.8,17.8,22.8,14.6,2.1,2.1,0.0,13.7,6.6,61,False,25,64.0,91.6,92.6,85.59134519302738,0,76.7,Nice,False,True,79.6,100.0,90.0,100.0,1.0,94.1,Excellent,84.8
27-08-20,24.6,11.8,18.2,24.5,10.8,0.0,0.0,0.0,19.1,9.3,3,False,25,66.0,100.0,81.8,95.9855945679859,0,81.5,Nice,False,True,84.7,100.0,100.0,100.0,1.0,99.2,Excellent,98.4
28-08-20,23.9,12.5,18.1,23.8,11.2,0.0,0.0,0.0,9.2,6.3,3,False,25,65.5,100.0,100.0,96.12298820488829,0,82.8,Nice,False,True,86.4,100.0,100.0,100.0,1.0,99.2,Excellent,98.4
29-08-20,28.6,12.4,20.5,29.1,10.8,0.0,0.0,0.0,13.3,7.8,2,False,25,77.5,100.0,93.4,96.26146104743805,0,87.2,Nice,False,True,90.0,83.8,100.0,100.0,1.0,92.8,Excellent,88.8
30-08-20,29.6,14.7,22.4,30.3,13.6,0.0,0.0,0.0,13.8,8.5,0,False,25,87.0,100.0,92.4,96.40096058011962,0,90.9,Excellent,False,True,93.3,74.6,100.0,100.0,1.0,89.1,Nice,83.3
31-08-20,29.0,13.8,21.8,30.8,13.5,0.0,0.0,0.0,7.4,3.9,0,False,25,84.0,100.0,100.0,96.54157500943937,0,90.4,Excellent,False,True,93.0,70.8,100.0,100.0,1.0,87.6,Nice,81.1
01-09-20,29.4,15.0,22.1,28.5,15.0,0.0,0.0,0.0,12.8,7.2,3,False,21,94.5,100.0,94.4,96.68320792908962,0,94.2,Excellent,False,True,96.2,88.5,100.0,100.0,1.0,94.7,Excellent,91.8
02-09-20,23.4,15.7,18.9,24.6,15.7,3.7,3.7,0.0,9.5,5.9,55,False,21,89.5,85.2,100.0,80.5953282742057,0,84.8,Nice,False,True,86.3,100.0,75.0,100.0,1.0,88.6,Nice,69.2
03-09-20,20.0,14.2,17.4,21.7,14.3,12.6,12.6,0.0,9.1,5.2,63,False,21,82.0,49.6,100.0,10.854131977647983,0,52.0,Average,True,False,50.5,100.0,20.0,100.0,1.0,58.2,Average,12.9
04-09-20,16.2,13.9,15.0,16.4,12.5,40.0,40.0,0.0,15.7,11.1,63,False,21,70.0,0.0,88.6,0.6966712103280331,0,35.3,Poor,True,False,33.6,85.6,0.0,100.0,1.0,44.4,Average,0.0
05-09-20,20.2,11.4,15.8,19.2,10.6,0.2,0.2,0.0,15.0,10.0,51,False,21,74.0,99.2,90.0,94.44868891287906,0,84.7,Nice,False,True,87.6,96.8,90.0,100.0,1.0,94.6,Excellent,86.3
06-09-20,22.8,13.2,17.5,23.2,12.0,0.0,0.0,0.0,7.6,4.2,1,False,21,82.5,100.0,100.0,95.98554007083939,0,89.6,Nice,False,True,92.3,100.0,100.0,100.0,1.0,99.2,Excellent,98.4
07-09-20,26.5,12.1,19.0,28.2,11.1,0.0,0.0,0.0,8.9,5.3,1,False,21,90.0,100.0,100.0,95.77830320622095,0,92.5,Excellent,False,True,94.8,90.8,100.0,100.0,1.0,95.5,Excellent,92.8
08-09-20,22.0,14.7,18.3,23.5,14.7,0.7,0.7,0.0,8.8,4.9,51,False,21,86.5,97.2,100.0,93.44069103531123,0,89.9,Nice,False,True,92.2,100.0,90.0,100.0,1.0,95.7,Excellent,87.6
09-09-20,22.0,13.4,17.6,22.1,13.3,0.1,0.1,0.0,7.4,5.5,51,False,21,83.0,99.6,100.0,96.07310452894065,0,89.8,Nice,False,True,92.4,100.0,90.0,100.0,1.0,96.2,Excellent,88.6
10-09-20,24.0,12.3,18.2,25.2,12.1,0.0,0.0,0.0,10.0,3.9,1,False,21,86.0,100.0,100.0,95.15050076527652,0,90.7,Excellent,False,True,93.2,100.0,100.0,100.0,1.0,99.0,Excellent,98.1
11-09-20,22.7,14.4,18.1,22.6,14.2,0.0,0.0,0.0,11.5,6.6,3,False,21,85.5,100.0,97.0,91.19173659357325,0,88.9,Nice,False,True,91.1,100.0,100.0,100.0,1.0,98.2,Excellent,96.5
12-09-20,24.6,11.3,18.0,24.2,11.1,0.0,0.0,0.0,11.6,6.3,2,False,21,85.0,100.0,96.8,94.48947032965015,0,89.8,Nice,False,True,92.2,100.0,100.0,100.0,1.0,98.9,Excellent,97.8
13-09-20,24.8,12.6,19.0,24.7,12.2,0.0,0.0,0.0,7.8,4.4,2,False,21,90.0,100.0,100.0,95.25621607755008,0,92.3,Excellent,False,True,94.6,100.0,100.0,100.0,1.0,99.1,Excellent,98.1
14-09-20,24.1,15.2,19.3,24.7,14.8,0.0,0.0,0.0,8.2,5.0,1,False,21,91.5,100.0,100.0,95.2792232625988,0,92.9,Excellent,False,True,95.1,100.0,100.0,100.0,1.0,99.1,Excellent,98.1
15-09-20,24.3,13.5,18.3,24.7,13.1,0.0,0.0,0.0,11.7,6.1,1,False,21,86.5,100.0,96.6,95.5724691399314,0,90.8,Excellent,False,True,93.2,100.0,100.0,100.0,1.0,99.1,Excellent,98.2
16-09-20,26.9,11.1,18.1,26.0,9.8,0.0,0.0,0.0,11.4,6.7,1,False,21,85.5,100.0,97.2,95.850908793261,0,90.5,Excellent,False,True,93.0,100.0,100.0,100.0,1.0,99.2,Excellent,98.3
17-09-20,24.8,10.1,17.1,25.0,9.5,0.0,0.0,0.0,9.0,5.6,3,False,21,80.5,100.0,100.0,96.06076114046202,0,88.8,Nice,False,True,91.6,100.0,100.0,100.0,1.0,99.2,Excellent,98.4
18-09-20,19.0,12.1,14.9,18.2,10.1,1.2,1.2,0.0,10.0,7.3,53,False,21,69.5,95.2,100.0,59.64338907580389,0,71.0,Pleasant,False,False,72.5,92.8,90.0,100.0,1.0,86.0,Nice,71.6
19-09-20,17.6,5.9,11.9,16.3,2.9,0.0,0.0,0.0,8.7,6.4,3,False,21,54.5,100.0,100.0,96.55965757451015,0,78.6,Nice,False,True,82.7,85.2,100.0,100.0,1.0,93.4,Excellent,89.7
20-09-20,20.7,7.3,13.4,18.6,5.1,0.0,0.0,0.0,11.0,5.6,3,False,21,62.0,100.0,98.0,96.81246626755359,0,81.5,Nice,False,True,85.2,94.4,100.0,100.0,1.0,97.1,Excellent,95.4
21-09-20,23.1,6.9,14.7,22.4,4.1,0.0,0.0,0.0,12.4,5.6,3,False,21,68.5,100.0,95.2,97.0673020428879,0,84.0,Nice,False,True,87.3,100.0,100.0,100.0,1.0,99.4,Excellent,98.8
22-09-20,23.2,8.1,15.3,23.9,6.4,0.0,0.0,0.0,13.8,6.1,3,False,21,71.5,100.0,92.4,97.32388102769397,0,85.1,Nice,False,True,88.2,100.0,100.0,100.0,1.0,99.5,Excellent,98.9
23-09-20,22.8,7.1,15.4,22.9,5.8,0.0,0.0,0.0,10.5,5.9,3,False,21,72.0,100.0,99.0,97.58195657537398,0,85.9,Nice,False,True,89.1,100.0,100.0,100.0,1.0,99.5,Excellent,99.0
24-09-20,22.1,11.2,16.9,22.3,10.5,0.1,0.1,0.0,8.9,4.1,51,False,21,79.5,99.6,100.0,82.53589817052219,0,83.6,Nice,False,True,85.8,100.0,90.0,100.0,1.0,93.5,Excellent,83.7
25-09-20,23.7,10.4,17.2,22.8,9.8,0.2,0.2,0.0,15.5,7.2,51,False,21,81.0,99.2,89.0,98.10175586079234,0,88.7,Nice,False,True,91.4,100.0,90.0,100.0,1.0,96.6,Excellent,89.3
26-09-20,23.2,15.1,18.3,21.4,15.4,10.4,10.4,0.0,20.4,14.8,63,False,21,86.5,58.4,79.2,40.347806003223724,0,63.8,Pleasant,True,False,63.1,100.0,40.0,100.0,1.0,70.1,Pleasant,30.5
27-09-20,15.6,8.1,12.5,15.9,5.9,0.7,0.7,0.0,13.0,7.4,51,False,21,57.5,97.2,94.0,96.24218259151,0,78.8,Nice,False,True,82.6,83.6,90.0,100.0,1.0,89.7,Nice,79.8
28-09-20,18.7,6.8,13.2,17.4,4.2,1.3,1.3,0.0,19.7,9.9,53,False,21,61.0,94.8,80.6,59.01467288996622,0,65.7,Pleasant,False,False,67.2,89.6,90.0,100.0,1.0,84.6,Nice,69.6
29-09-20,15.6,9.6,12.9,14.8,7.2,15.8,15.8,0.0,22.7,9.6,63,False,21,59.5,36.8,74.6,65.3069831216326,0,58.1,Average,True,False,59.9,79.2,20.0,100.0,1.0,60.7,Pleasant,14.7
30-09-20,11.6,8.4,9.7,8.9,5.9,8.4,8.4,0.0,18.9,10.6,61,False,21,43.5,66.4,82.2,4.071559349638492,0,35.4,Poor,False,False,35.0,55.6,55.0,100.0,1.0,49.6,Average,19.2
01-10-20,11.9,8.2,10.2,11.0,6.9,4.5,4.5,0.0,5.8,3.1,53,False,15,76.0,82.0,100.0,0.0,0,50.7,Average,False,False,48.9,64.0,75.0,100.0,1.0,58.1,Average,28.8
02-10-20,17.4,6.5,11.3,15.8,4.9,0.0,0.0,0.0,9.7,4.8,3,False,15,81.5,100.0,100.0,94.37936270837604,0,88.6,Nice,False,True,91.3,83.2,100.0,100.0,1.0,92.2,Excellent,87.7
03-10-20,22.3,7.9,14.5,20.9,6.1,0.0,0.0,0.0,11.3,7.2,3,False,15,97.5,100.0,97.4,94.63294951993558,0,94.9,Excellent,False,True,96.7,100.0,100.0,100.0,1.0,98.9,Excellent,97.9
04-10-20,25.5,11.5,17.7,24.7,8.6,0.0,0.0,0.0,14.0,9.9,3,False,15,86.5,100.0,92.0,73.36905278272364,0,82.6,Nice,False,True,83.8,100.0,100.0,100.0,1.0,94.7,Excellent,89.3
05-10-20,28.0,12.1,20.0,29.1,10.9,0.0,0.0,0.0,15.4,8.3,3,False,15,75.0,100.0,89.2,92.65730145830042,0,84.6,Nice,False,True,87.2,83.8,100.0,100.0,1.0,92.1,Excellent,87.4
06-10-20,18.5,12.5,15.7,19.1,12.6,7.1,7.1,0.0,9.7,4.8,61,False,15,96.5,71.6,100.0,30.73984893541617,0,68.1,Pleasant,False,False,66.8,96.4,55.0,100.0,1.0,71.2,Pleasant,38.6
07-10-20,20.2,12.0,15.0,19.9,10.4,7.7,7.7,0.0,10.3,5.7,63,False,15,100.0,69.2,99.4,70.39088914367768,0,83.0,Nice,False,True,83.5,99.6,55.0,100.0,1.0,80.4,Nice,48.4
08-10-20,14.3,10.6,12.4,13.5,9.5,17.8,17.8,0.0,11.9,8.3,61,False,15,87.0,28.799999999999997,96.2,5.92076482822598,0,48.9,Average,True,False,46.8,74.0,20.0,100.0,1.0,46.8,Average,9.4
09-10-20,12.4,11.4,11.9,11.6,9.8,20.0,20.0,0.0,12.7,9.5,61,False,15,84.5,20.0,94.6,0.0,0,44.4,Average,True,False,42.0,66.4,20.0,100.0,1.0,42.6,Average,8.0
10-10-20,14.7,10.7,12.7,14.4,10.3,3.5,3.5,0.0,11.5,4.6,53,False,15,88.5,86.0,97.0,40.7026923139793,0,70.3,Pleasant,False,False,69.9,77.6,75.0,100.0,1.0,71.7,Pleasant,47.1
11-10-20,16.3,8.8,12.9,16.3,7.6,0.4,0.4,0.0,8.9,3.8,51,False,15,89.5,98.4,100.0,70.34493415902267,0,83.2,Nice,False,True,84.2,85.2,90.0,100.0,1.0,85.1,Nice,71.3
12-10-20,20.2,7.8,13.0,17.9,6.0,0.0,0.0,0.0,16.6,7.5,3,False,15,90.0,100.0,86.8,91.00048054108626,0,89.8,Nice,False,True,91.6,91.6,100.0,100.0,1.0,94.8,Excellent,91.4
13-10-20,18.7,6.4,14.0,17.0,4.4,3.7,3.7,0.0,25.1,11.8,55,False,15,95.0,85.2,69.8,52.27559447161121,0,74.7,Pleasant,False,False,73.9,88.0,75.0,100.0,1.0,78.2,Nice,55.3
14-10-20,14.5,3.8,8.1,11.9,1.6,0.2,0.2,0.0,17.8,6.9,51,False,15,65.5,99.2,84.4,93.02454423315393,0,80.4,Nice,False,True,83.5,67.6,90.0,100.0,1.0,82.6,Nice,70.0
15-10-20,17.9,4.8,10.6,15.8,2.2,0.0,0.0,0.0,9.4,6.2,3,False,15,78.0,100.0,100.0,64.28256422208082,0,76.7,Nice,False,False,78.0,83.2,100.0,100.0,1.0,86.1,Nice,75.6
16-10-20,18.9,8.2,13.0,18.8,5.3,0.9,0.9,0.0,9.3,5.4,53,False,15,90.0,96.4,100.0,89.99353823449076,0,90.0,Excellent,False,True,92.0,95.2,90.0,100.0,1.0,93.1,Excellent,83.8
17-10-20,11.0,7.3,10.1,10.3,4.3,5.3,5.3,0.0,14.2,9.4,61,False,15,75.5,78.8,91.6,25.153156234463577,0,58.2,Average,False,False,57.5,61.2,75.0,100.0,1.0,62.0,Pleasant,35.1
18-10-20,8.6,4.7,6.3,4.8,2.1,0.1,0.1,0.0,14.0,9.7,51,False,15,56.5,99.6,92.0,37.374369758922654,0,58.0,Average,False,False,58.9,39.2,90.0,100.0,1.0,60.2,Pleasant,34.6
19-10-20,7.9,2.2,5.6,5.1,-0.2,0.5,0.5,0.0,9.7,6.8,51,False,15,53.0,98.0,100.0,12.286147699638983,0,48.2,Average,False,False,48.2,40.4,90.0,100.0,1.0,55.6,Average,26.2
20-10-20,10.4,0.9,5.0,8.1,-1.8,0.0,0.0,0.0,6.5,3.6,0,False,15,50.0,100.0,100.0,93.4682079574159,0,75.7,Nice,False,True,79.9,52.4,100.0,100.0,1.0,79.7,Nice,68.8
21-10-20,12.9,-1.2,5.4,10.9,-4.2,0.0,0.0,0.0,8.3,3.7,3,False,15,52.0,100.0,100.0,93.90768665717853,0,76.7,Nice,False,True,80.8,63.6,100.0,100.0,1.0,84.2,Nice,75.7
22-10-20,15.6,4.4,10.2,13.3,0.4,0.0,0.0,0.0,5.6,2.9,3,False,15,76.0,100.0,100.0,94.35173803764111,0,86.4,Nice,False,True,89.3,73.2,100.0,100.0,1.0,88.2,Nice,81.7
23-10-20,16.5,6.3,10.2,13.9,2.8,0.0,0.0,0.0,8.7,3.4,1,False,15,76.0,100.0,100.0,94.80008374007397,0,86.6,Nice,False,True,89.5,75.6,100.0,100.0,1.0,89.2,Nice,83.3
24-10-20,14.6,4.0,10.8,13.4,0.5,0.1,0.1,0.0,8.1,2.8,51,False,15,79.0,99.6,100.0,55.66880305527473,0,74.0,Pleasant,False,False,74.9,73.6,90.0,100.0,1.0,77.6,Nice,59.8
25-10-20,16.1,6.3,10.5,15.2,3.8,2.4,2.4,0.0,8.6,5.9,61,False,15,77.5,90.4,100.0,17.443357917981103,0,58.7,Average,False,False,57.7,80.8,90.0,100.0,1.0,72.8,Pleasant,49.9
26-10-20,13.5,6.9,10.2,13.1,4.8,10.5,10.5,0.0,9.7,4.4,63,False,15,76.0,58.0,100.0,93.92960475367327,0,80.0,Nice,True,True,82.9,72.4,40.0,100.0,1.0,69.7,Pleasant,32.4
27-10-20,14.9,7.4,10.1,14.0,5.9,0.0,0.0,0.0,8.0,4.4,2,False,15,75.5,100.0,100.0,96.62976841065505,0,87.0,Nice,False,True,90.1,76.0,100.0,100.0,1.0,89.7,Nice,84.3
28-10-20,13.1,4.0,8.4,11.9,2.1,0.0,0.0,0.0,7.3,3.8,3,False,15,67.0,100.0,100.0,97.09437006386382,0,83.8,Nice,False,True,87.3,67.6,100.0,100.0,1.0,86.5,Nice,79.4
29-10-20,11.4,5.4,8.1,9.4,3.1,0.2,0.2,0.0,9.5,5.5,51,False,15,65.5,99.2,100.0,38.39924119241193,0,62.5,Pleasant,False,False,63.2,57.6,90.0,100.0,1.0,67.7,Pleasant,44.9
30-10-20,7.8,4.8,6.8,6.2,1.7,13.3,13.3,0.0,15.0,8.9,61,False,15,59.0,46.8,90.0,0.0,0,37.8,Poor,True,False,36.7,44.8,20.0,100.0,1.0,33.9,Poor,5.4
31-10-20,6.0,2.9,4.4,3.9,0.1,11.4,11.1,0.21,10.5,6.7,73,False,15,47.0,54.4,99.0,0.0,-20,34.5,Poor,True,False,34.5,35.6,40.0,100.0,1.0,36.2,Poor,8.5
01-11-20,7.7,1.6,4.2,3.5,-1.8,0.0,0.0,0.0,20.5,11.5,3,False,8,81.0,100.0,79.0,95.2871853392784,0,87.1,Nice,False,True,89.4,34.0,100.0,100.0,1.0,72.7,Pleasant,58.5
02-11-20,9.2,-0.9,4.5,6.6,-4.3,0.0,0.0,0.0,7.2,3.4,3,False,8,82.5,100.0,100.0,90.08773204299484,0,87.5,Nice,False,True,89.9,46.4,100.0,100.0,1.0,76.6,Nice,63.9
03-11-20,8.4,5.2,7.0,7.1,3.0,6.4,6.4,0.0,4.9,3.3,53,False,8,95.0,74.4,100.0,0.0,0,57.2,Average,False,False,54.4,48.4,55.0,100.0,1.0,45.9,Average,16.0
04-11-20,10.1,2.4,7.2,8.0,-0.0,2.5,2.5,0.0,8.6,4.6,53,False,8,96.0,90.0,100.0,92.08325247536898,0,92.1,Excellent,False,True,93.9,52.0,90.0,100.0,1.0,76.2,Nice,61.2
05-11-20,8.9,2.4,5.2,6.9,0.0,0.0,0.0,0.0,6.5,2.7,3,False,8,86.0,100.0,100.0,73.05119337672139,0,83.0,Nice,False,True,84.3,47.6,100.0,100.0,1.0,73.7,Pleasant,57.8
06-11-20,10.4,3.2,6.5,8.0,0.7,0.2,0.2,0.0,10.0,5.1,51,False,8,92.5,99.2,100.0,55.80089570761042,0,79.4,Nice,False,False,79.6,52.0,90.0,100.0,1.0,69.0,Pleasant,48.2
07-11-20,9.5,3.9,6.0,7.7,1.1,0.0,0.0,0.0,8.2,4.1,3,False,8,90.0,100.0,100.0,94.1464075146069,0,92.0,Excellent,False,True,94.2,50.8,100.0,100.0,1.0,79.1,Nice,68.1
08-11-20,10.4,1.5,6.5,8.6,-0.9,0.0,0.0,0.0,3.8,2.2,1,False,8,92.5,100.0,100.0,97.64449024247368,0,94.2,Excellent,False,True,96.4,54.4,100.0,100.0,1.0,81.3,Nice,71.7
09-11-20,9.4,2.4,5.6,8.0,-0.2,0.0,0.0,0.0,3.8,2.0,2,False,8,88.0,100.0,100.0,96.96500748951297,0,92.1,Excellent,False,True,94.6,52.0,100.0,100.0,1.0,80.2,Nice,70.0
10-11-20,7.7,1.1,3.9,4.8,-1.7,0.0,0.0,0.0,9.2,5.1,3,False,8,79.5,100.0,100.0,94.9123240730741,0,88.0,Nice,False,True,90.8,39.2,100.0,100.0,1.0,74.7,Pleasant,61.5
11-11-20,7.8,0.4,3.3,5.0,-2.5,0.0,0.0,0.0,10.6,4.2,3,False,8,76.5,100.0,98.8,92.35805429094832,0,85.8,Nice,False,True,88.6,40.0,100.0,100.0,1.0,74.5,Pleasant,60.9
12-11-20,7.7,1.3,3.3,4.7,-1.3,0.0,0.0,0.0,8.8,3.1,3,False,8,76.5,100.0,100.0,94.86128497929185,0,86.8,Nice,False,True,89.7,38.8,100.0,100.0,1.0,74.5,Pleasant,61.2
13-11-20,4.7,-0.1,2.1,2.3,-2.6,0.0,0.0,0.0,5.6,3.2,3,False,8,70.5,100.0,100.0,33.043301848678624,0,62.8,Pleasant,False,False,62.9,29.2,100.0,100.0,1.0,58.3,Average,30.7
14-11-20,7.2,2.8,4.3,5.0,0.3,0.1,0.1,0.0,4.7,3.1,51,False,8,81.5,99.6,100.0,35.48163402722213,0,68.0,Pleasant,False,False,67.7,40.0,90.0,100.0,1.0,60.1,Pleasant,34.4
15-11-20,6.1,-0.5,3.0,3.7,-3.1,0.0,0.0,0.0,6.4,3.7,3,False,8,75.0,100.0,100.0,86.05560148289356,0,83.1,Nice,False,True,85.7,34.8,100.0,100.0,1.0,71.1,Pleasant,55.3
16-11-20,6.6,-1.5,2.4,4.5,-4.0,0.0,0.0,0.0,4.5,2.0,3,False,8,72.0,100.0,100.0,87.96824536348086,0,82.6,Nice,False,True,85.4,38.0,100.0,100.0,1.0,72.8,Pleasant,58.0
17-11-20,8.1,2.1,4.9,6.6,-0.7,2.1,2.1,0.0,5.6,2.8,55,False,8,84.5,91.6,100.0,77.71439182301502,0,82.7,Nice,False,True,84.4,46.4,90.0,100.0,1.0,71.1,Pleasant,53.0
18-11-20,7.1,0.6,4.8,4.9,-2.1,3.8,3.8,0.0,6.4,3.6,55,False,8,84.0,84.8,100.0,22.43370151005816,0,62.2,Pleasant,False,False,61.1,39.6,75.0,100.0,1.0,52.8,Average,24.6
19-11-20,7.4,-0.4,2.2,4.9,-3.0,0.0,0.0,0.0,8.0,4.1,1,False,8,71.0,100.0,100.0,85.95732065585247,0,81.5,Nice,False,True,84.2,39.6,100.0,100.0,1.0,73.0,Pleasant,58.1
20-11-20,3.5,-0.4,2.2,1.3,-3.3,1.7,1.7,0.0,4.3,2.5,53,False,8,71.0,93.2,100.0,27.300479108342074,0,59.9,Average,False,False,59.8,25.2,90.0,100.0,1.0,52.5,Average,23.4
21-11-20,2.2,-3.3,0.1,-0.1,-6.9,1.8,1.0,0.56,10.8,6.2,71,False,8,60.5,92.8,98.4,7.129332523270554,-20,48.1,Average,False,False,47.8,19.6,90.0,100.0,1.0,46.3,Average,13.2
22-11-20,3.0,-4.5,-1.6,-0.3,-8.0,0.0,0.0,0.0,6.9,3.9,3,False,8,52.0,100.0,100.0,89.22092151930454,0,75.0,Nice,False,True,78.9,18.8,100.0,100.0,1.0,65.4,Pleasant,47.0
23-11-20,3.3,-2.6,-0.3,0.3,-6.0,0.0,0.0,0.0,6.9,3.0,3,False,8,58.5,100.0,100.0,88.60643694562515,0,77.4,Nice,False,True,80.9,21.2,100.0,100.0,1.0,66.2,Pleasant,48.2
24-11-20,2.3,-1.8,0.4,-1.2,-5.0,0.0,0.0,0.0,8.9,5.2,3,False,8,62.0,100.0,100.0,28.1371011053898,0,57.6,Average,False,False,58.0,15.2,100.0,100.0,1.0,51.7,Average,20.4
25-11-20,3.9,-2.3,0.5,1.0,-5.3,0.0,0.0,0.0,5.6,2.2,2,False,8,62.5,100.0,100.0,90.8508572154179,0,79.8,Nice,False,True,83.2,24.0,100.0,100.0,1.0,67.8,Pleasant,50.7
26-11-20,8.1,-0.7,2.9,4.5,-4.0,0.0,0.0,0.0,3.4,1.5,0,False,8,74.5,100.0,100.0,92.5570045412961,0,85.2,Nice,False,True,88.1,38.0,100.0,100.0,1.0,73.7,Pleasant,59.8
27-11-20,7.7,-3.6,1.8,3.9,-7.5,0.0,0.0,0.0,8.2,3.3,3,False,8,69.0,100.0,100.0,91.85744598073491,0,82.8,Nice,False,True,85.9,35.6,100.0,100.0,1.0,72.6,Pleasant,58.1
28-11-20,-0.4,-5.1,-2.9,-3.7,-9.0,0.0,0.0,0.0,7.6,4.1,3,False,8,45.5,100.0,100.0,81.65860226959568,0,69.8,Pleasant,False,True,73.6,5.2,100.0,100.0,1.0,58.4,Average,35.8
29-11-20,0.1,-3.3,-2.1,-3.5,-6.9,0.5,0.0,0.35,6.1,3.8,71,False,8,49.5,98.0,100.0,55.53210866523024,-20,61.5,Pleasant,False,False,64.2,6.0,100.0,100.0,1.0,53.5,Average,25.8
30-11-20,-0.3,-3.2,-2.1,-4.2,-6.7,0.5,0.1,0.28,10.5,6.6,71,False,8,49.5,98.0,99.0,64.57046173897142,-20,64.6,Pleasant,False,False,67.8,3.2,90.0,100.0,1.0,51.2,Average,25.0
01-12-20,0.1,-7.4,-3.6,-4.0,-11.2,0.1,0.0,0.07,7.1,4.2,71,False,2,72.0,99.6,100.0,92.78628363319498,0,84.2,Nice,False,True,87.3,4.0,100.0,100.0,1.0,60.2,Pleasant,39.5
02-12-20,4.8,-8.1,-3.3,1.4,-12.1,0.0,0.0,0.0,8.0,4.9,3,False,2,73.5,100.0,100.0,93.09272752450168,0,85.0,Nice,False,True,88.0,25.6,100.0,100.0,1.0,68.9,Pleasant,52.6
03-12-20,8.3,-6.4,-0.6,4.8,-10.1,0.0,0.0,0.0,10.0,5.7,3,False,2,87.0,100.0,100.0,90.90315696197791,0,89.6,Nice,False,True,91.8,39.2,100.0,100.0,1.0,73.9,Pleasant,59.9
04-12-20,7.9,-0.9,4.0,5.0,-5.4,0.0,0.0,0.0,15.3,9.2,3,False,2,90.0,100.0,89.4,66.59909852842226,0,81.5,Nice,False,False,82.1,40.0,100.0,100.0,1.0,69.3,Pleasant,50.6
05-12-20,9.2,4.5,6.2,6.6,1.9,0.0,0.0,0.0,10.2,7.6,3,False,2,79.0,100.0,99.6,22.808124437314262,0,62.6,Pleasant,False,False,61.7,46.4,100.0,100.0,1.0,63.1,Pleasant,37.0
06-12-20,8.2,0.8,3.4,4.8,-2.9,0.3,0.3,0.0,11.2,7.0,51,False,2,93.0,98.8,97.6,91.66321705225342,0,91.9,Excellent,False,True,93.8,39.2,90.0,100.0,1.0,71.0,Pleasant,54.2
07-12-20,3.0,-0.5,0.9,-1.2,-5.1,3.3,3.3,0.0,14.0,10.9,51,False,2,94.5,86.8,92.0,81.23458610188916,0,86.6,Nice,False,True,87.8,15.2,75.0,100.0,1.0,54.8,Average,31.2
08-12-20,3.5,-1.2,0.4,0.0,-5.0,1.6,0.1,1.05,11.9,7.5,73,False,2,92.0,93.6,96.2,0.0,10,58.7,Average,False,False,55.9,20.0,90.0,100.0,1.0,45.0,Average,10.8
09-12-20,6.5,-1.6,2.4,3.0,-5.4,1.3,1.3,0.0,11.3,6.4,53,False,2,98.0,94.8,97.4,63.033751114510125,0,83.3,Nice,False,False,83.5,32.0,90.0,100.0,1.0,62.4,Pleasant,40.0
10-12-20,8.6,3.2,5.3,7.2,-0.9,11.9,11.9,0.0,14.2,8.4,61,False,2,83.5,52.4,91.6,1.5993825032446463,0,49.1,Average,True,False,46.9,48.8,40.0,100.0,1.0,41.8,Average,12.0
11-12-20,8.6,4.3,6.0,6.1,2.4,19.9,19.9,0.0,12.2,6.5,63,False,2,80.0,20.400000000000006,95.6,5.999037036026087,0,44.8,Average,True,False,43.0,44.4,20.0,100.0,1.0,35.0,Poor,5.8
12-12-20,6.6,1.6,3.7,4.2,-1.2,5.8,5.8,0.0,9.7,5.7,53,False,2,91.5,76.8,100.0,4.133347913268038,0,57.6,Average,False,False,55.2,36.8,75.0,100.0,1.0,48.0,Average,17.8
13-12-20,6.1,1.6,3.4,3.6,-1.0,1.2,1.2,0.0,8.2,4.1,51,False,2,93.0,95.2,100.0,51.13275582500568,0,77.4,Nice,False,False,77.3,34.4,90.0,100.0,1.0,61.0,Pleasant,37.0
14-12-20,4.4,2.6,3.7,1.6,-0.1,0.4,0.4,0.0,9.5,7.2,51,False,2,91.5,98.4,100.0,0.0,0,59.4,Average,False,False,56.8,26.4,90.0,100.0,1.0,47.6,Average,14.3
15-12-20,4.0,-1.9,2.0,1.7,-5.1,0.0,0.0,0.0,5.8,3.4,3,False,2,100.0,100.0,100.0,67.28276325893955,0,86.5,Nice,False,False,86.9,26.8,100.0,100.0,1.0,64.2,Pleasant,43.0
16-12-20,5.1,-2.9,0.0,2.3,-6.0,0.0,0.0,0.0,8.4,2.5,3,False,2,90.0,100.0,100.0,94.43578520269172,0,92.1,Excellent,False,True,94.3,29.2,100.0,100.0,1.0,70.6,Pleasant,55.3
17-12-20,2.6,-3.0,-0.0,-0.1,-6.5,0.0,0.0,0.0,6.0,2.9,3,False,2,90.0,100.0,100.0,40.99356869512419,0,73.3,Pleasant,False,False,72.9,19.6,100.0,100.0,1.0,56.0,Average,28.2
18-12-20,2.6,-2.3,0.0,-0.3,-5.5,0.0,0.0,0.0,4.5,3.1,3,False,2,90.0,100.0,100.0,25.9818523426069,0,68.1,Pleasant,False,False,66.9,18.8,100.0,100.0,1.0,52.7,Average,21.7
19-12-20,3.7,-1.1,0.6,0.6,-3.9,0.0,0.0,0.0,7.6,3.6,3,False,2,93.0,100.0,100.0,89.50639892343139,0,91.5,Excellent,False,True,93.4,22.4,100.0,100.0,1.0,66.9,Pleasant,49.2
20-12-20,4.2,0.1,1.4,1.3,-2.9,0.0,0.0,0.0,5.8,3.5,3,False,2,97.0,100.0,100.0,62.921680482990084,0,83.8,Nice,False,False,84.1,25.2,100.0,100.0,1.0,62.7,Pleasant,40.3
21-12-20,2.9,-2.0,0.3,-0.6,-5.3,0.0,0.0,0.0,7.8,4.0,2,False,2,91.5,100.0,100.0,94.29941881672057,0,92.6,Excellent,False,True,94.7,17.6,100.0,100.0,1.0,65.9,Pleasant,48.3
22-12-20,3.0,-3.2,-0.4,-0.1,-6.3,0.0,0.0,0.0,4.7,2.3,3,False,2,88.0,100.0,100.0,94.15233883731429,0,91.2,Excellent,False,True,93.5,19.6,100.0,100.0,1.0,66.7,Pleasant,49.4
23-12-20,4.9,0.2,2.5,3.1,-3.0,3.5,2.4,0.77,9.0,4.0,73,False,2,97.5,86.0,100.0,0.0,0,59.9,Average,False,False,57.0,32.4,90.0,100.0,1.0,50.0,Average,17.5
24-12-20,8.7,3.1,5.6,7.2,0.5,1.7,1.7,0.0,8.9,4.1,53,False,2,82.0,93.2,100.0,83.16915250465814,0,83.9,Nice,False,True,85.9,48.8,90.0,100.0,1.0,73.2,Pleasant,56.3
25-12-20,8.0,2.6,5.2,6.2,-0.3,3.4,3.4,0.0,7.6,3.5,55,False,2,84.0,86.4,100.0,23.930164240118657,0,62.9,Pleasant,False,False,61.9,44.8,75.0,100.0,1.0,55.2,Average,27.3
26-12-20,4.3,0.1,1.8,1.5,-2.9,9.9,6.6,2.31,9.2,4.8,73,False,2,99.0,60.4,100.0,0.0,10,56.9,Average,False,False,53.7,26.0,55.0,100.0,1.0,36.9,Poor,8.6
27-12-20,4.3,-1.1,1.6,0.3,-4.4,2.9,2.2,0.49,14.2,8.0,73,False,2,98.0,88.4,91.6,28.175050784479854,0,69.6,Pleasant,False,False,68.0,21.2,90.0,100.0,1.0,51.1,Average,21.6
28-12-20,10.6,3.3,6.8,6.7,0.1,14.2,14.2,0.0,27.2,16.2,63,False,2,76.0,43.2,65.6,76.90990628402736,0,69.0,Pleasant,True,True,70.4,46.8,20.0,100.0,1.0,50.1,Average,11.8
29-12-20,10.4,2.8,7.3,8.2,-0.6,0.3,0.3,0.0,25.5,9.7,51,False,2,73.5,98.8,69.0,59.88127384739956,0,70.7,Pleasant,False,False,71.4,52.8,90.0,100.0,1.0,70.1,Pleasant,50.1
30-12-20,11.8,1.7,6.3,9.8,-1.6,0.0,0.0,0.0,16.5,10.6,3,False,2,78.5,100.0,87.0,91.77681474144869,0,85.5,Nice,False,True,87.9,59.2,100.0,100.0,1.0,82.0,Nice,72.2
31-12-20,12.0,3.0,6.0,9.3,-0.5,0.0,0.0,0.0,12.3,9.0,3,False,2,80.0,100.0,95.4,94.87974253667392,0,87.8,Nice,False,True,90.5,57.2,100.0,100.0,1.0,81.9,Nice,72.3
01-01-21,4.8,-1.0,1.9,0.7,-4.4,0.4,0.4,0.0,15.5,7.2,51,False,0,90.5,98.4,89.0,65.51076410233661,0,81.0,Nice,False,False,81.5,22.8,90.0,100.0,1.0,59.2,Average,35.9
02-01-21,7.9,-2.9,1.5,5.3,-6.6,0.0,0.0,0.0,11.0,5.0,3,False,0,92.5,100.0,98.0,97.88050939134946,0,94.1,Excellent,False,True,96.3,41.2,100.0,100.0,1.0,76.1,Nice,63.9
03-01-21,7.8,1.2,4.4,5.2,-2.5,2.3,2.3,0.0,11.3,7.9,53,False,0,78.0,90.8,97.4,28.415587105312756,0,62.6,Pleasant,False,False,62.0,40.8,90.0,100.0,1.0,59.0,Average,32.3
04-01-21,9.3,1.2,5.0,6.4,-2.3,0.9,0.9,0.0,15.9,9.8,53,False,0,75.0,96.4,88.2,19.028082789563395,0,58.2,Average,False,False,57.1,45.6,90.0,100.0,1.0,59.0,Average,31.5
05-01-21,6.6,2.2,4.4,3.8,-0.8,13.3,13.3,0.0,20.3,11.9,61,False,0,78.0,46.8,79.4,0.0,0,44.6,Average,True,False,42.3,35.2,20.0,100.0,1.0,30.1,Poor,4.2
06-01-21,7.7,-1.9,2.3,5.7,-4.9,0.0,0.0,0.0,7.6,4.1,3,False,0,88.5,100.0,100.0,94.49748863518018,0,91.5,Excellent,False,True,93.8,42.8,100.0,100.0,1.0,76.0,Nice,63.5
07-01-21,4.2,-2.5,1.4,0.4,-5.9,4.5,1.3,2.24,15.4,8.3,75,False,0,93.0,82.0,89.2,59.82508180905265,10,77.8,Nice,False,False,77.7,21.6,90.0,100.0,1.0,57.6,Average,33.2
08-01-21,1.6,-2.3,-0.2,-1.6,-5.6,10.2,0.3,7.0,9.0,4.8,73,False,0,99.0,59.2,100.0,0.0,20,56.9,Average,True,False,53.5,13.6,90.0,100.0,1.0,42.4,Average,7.3
09-01-21,-0.9,-5.3,-2.4,-4.0,-9.2,1.4,0.0,0.98,9.4,6.2,73,False,0,88.0,94.4,100.0,61.341930317975525,0,78.8,Nice,False,False,79.5,4.0,100.0,100.0,1.0,53.9,Average,26.9
10-01-21,2.1,-5.8,-1.8,-1.7,-9.6,0.8,0.1,0.49,9.6,3.6,71,False,0,91.0,96.8,100.0,66.98919957655137,0,82.4,Nice,False,False,83.2,13.2,90.0,100.0,1.0,55.7,Average,31.2
11-01-21,0.3,-1.4,-0.9,-3.8,-5.7,5.9,0.0,4.13,14.5,9.3,73,False,0,95.5,76.4,91.0,0.0,10,57.1,Average,False,False,54.0,4.8,100.0,100.0,1.0,41.9,Average,2.9
12-01-21,1.9,-1.5,0.1,-1.2,-4.8,3.3,0.1,2.31,7.3,4.5,73,False,0,99.5,86.8,100.0,0.0,10,61.0,Pleasant,False,False,57.8,15.2,90.0,100.0,1.0,43.1,Average,8.2
13-01-21,-0.4,-3.9,-1.6,-3.4,-8.4,3.2,0.0,2.24,17.0,11.4,73,False,0,92.0,87.2,86.0,13.658511677894298,10,61.7,Pleasant,False,False,59.3,6.4,100.0,100.0,1.0,45.3,Average,9.3
14-01-21,-1.3,-8.6,-4.3,-4.8,-13.1,2.5,0.1,1.68,9.7,6.0,73,False,0,78.5,90.0,100.0,60.29189950813581,10,74.2,Pleasant,False,False,75.1,0.8,90.0,100.0,1.0,49.4,Average,22.1
15-01-21,-3.1,-5.8,-4.3,-7.1,-9.9,2.4,0.0,1.68,15.9,9.6,73,False,0,78.5,90.4,88.2,14.261442776873604,10,57.2,Average,False,False,55.6,0.0,100.0,100.0,1.0,42.9,Average,5.7
16-01-21,-4.6,-10.6,-7.6,-8.3,-15.5,2.0,0.0,1.4,13.7,9.1,71,False,0,62.0,92.0,92.6,43.83990033729323,10,61.6,Pleasant,False,False,62.3,0.0,100.0,100.0,1.0,48.8,Average,17.5
17-01-21,-7.8,-13.5,-10.2,-11.8,-18.2,0.2,0.0,0.14,9.0,5.4,71,False,0,49.0,99.2,100.0,42.19893642611632,0,57.2,Average,False,False,58.9,0.0,100.0,100.0,1.0,48.4,Average,16.9
18-01-21,-7.4,-14.9,-9.5,-12.8,-20.2,1.5,0.0,1.12,17.0,9.9,71,False,0,52.5,94.0,86.0,21.467606879271248,10,49.7,Average,False,False,49.7,0.0,100.0,100.0,1.0,44.3,Average,8.6
19-01-21,-4.4,-9.9,-7.6,-8.0,-13.9,1.7,0.0,1.19,6.6,4.8,71,False,0,62.0,93.2,100.0,56.29359491890382,10,66.7,Pleasant,False,False,68.2,0.0,100.0,100.0,1.0,51.3,Average,22.5
20-01-21,0.3,-5.8,-2.0,-2.4,-9.4,1.1,0.0,0.77,5.9,3.7,71,False,0,90.0,95.6,100.0,0.0,0,58.3,Average,False,False,55.8,10.4,100.0,100.0,1.0,44.2,Average,6.2
21-01-21,4.7,-4.4,0.6,2.4,-8.2,0.0,0.0,0.0,5.6,3.7,3,False,0,97.0,100.0,100.0,96.7876362756476,0,95.7,Excellent,False,True,97.7,29.6,100.0,100.0,1.0,71.2,Pleasant,56.5
22-01-21,9.0,-6.0,1.7,6.5,-9.5,0.0,0.0,0.0,12.3,4.5,3,False,0,91.5,100.0,95.4,93.06556801002573,0,91.8,Excellent,False,True,93.8,46.0,100.0,100.0,1.0,77.0,Nice,64.8
23-01-21,11.5,-2.1,3.4,9.2,-5.7,0.0,0.0,0.0,14.3,7.0,3,False,0,83.0,100.0,91.4,94.65547288265226,0,88.6,Nice,False,True,91.1,56.8,100.0,100.0,1.0,81.7,Nice,71.9
24-01-21,7.8,-2.3,2.0,5.4,-6.2,0.2,0.2,0.0,13.4,8.6,51,False,0,90.0,99.2,93.2,95.28571723688133,0,91.7,Excellent,False,True,93.8,41.6,90.0,100.0,1.0,72.7,Pleasant,56.8
25-01-21,6.5,-3.1,0.9,4.3,-7.7,4.6,2.4,1.54,27.7,11.9,73,False,0,95.5,81.6,64.6,5.619543098573667,10,57.8,Average,False,False,54.4,37.2,90.0,100.0,1.0,53.0,Average,22.1
26-01-21,-1.4,-8.2,-2.7,-5.2,-13.0,4.5,0.0,3.15,10.5,7.8,73,False,0,86.5,82.0,99.0,0.0,10,55.0,Average,False,False,52.5,0.0,100.0,100.0,1.0,40.0,Average,0.0
27-01-21,-2.8,-4.5,-3.8,-6.6,-9.8,7.3,0.0,5.11,19.5,14.1,73,False,0,81.0,70.8,81.0,0.0,20,49.9,Average,False,False,47.1,0.0,100.0,100.0,1.0,40.0,Average,0.0
28-01-21,-3.4,-5.3,-4.2,-8.5,-10.3,2.0,0.0,1.4,18.7,13.8,71,False,0,79.0,92.0,82.6,0.0,10,52.2,Average,False,False,49.7,0.0,100.0,100.0,1.0,40.0,Average,0.0
29-01-21,2.0,-7.0,-2.0,-1.2,-11.2,0.1,0.0,0.07,6.4,4.0,71,False,0,90.0,99.6,100.0,21.145127632265588,0,66.3,Pleasant,False,False,64.9,15.2,100.0,100.0,1.0,50.3,Average,17.6
30-01-21,5.2,-1.3,2.1,1.3,-4.8,0.7,0.7,0.0,16.2,6.4,51,False,0,89.5,97.2,87.6,59.378462972445824,0,78.2,Nice,False,False,78.4,25.2,90.0,100.0,1.0,59.0,Average,35.0
31-01-21,7.3,-4.1,1.4,5.1,-7.9,0.2,0.2,0.0,11.3,5.5,51,False,0,93.0,99.2,97.4,30.440034917769115,0,70.5,Pleasant,False,False,69.3,40.4,90.0,100.0,1.0,59.2,Average,32.8
01-02-21,7.6,0.0,3.0,5.4,-3.7,2.8,2.5,0.21,9.7,5.1,73,False,2,95.0,88.8,100.0,71.84612612530421,0,84.5,Nice,False,True,85.3,41.6,90.0,100.0,1.0,68.0,Pleasant,48.3
02-02-21,8.4,-1.5,2.4,6.6,-4.2,0.0,0.0,0.0,5.7,2.8,3,False,2,98.0,100.0,100.0,91.95063045779493,0,94.4,Excellent,False,True,96.1,46.4,100.0,100.0,1.0,77.0,Nice,64.6
03-02-21,7.7,-0.5,2.8,5.4,-3.2,0.0,0.0,0.0,5.8,2.9,3,False,2,96.0,100.0,100.0,61.71402808804037,0,83.0,Nice,False,False,83.3,41.6,100.0,100.0,1.0,69.0,Pleasant,49.6
04-02-21,9.7,0.7,5.7,5.5,-2.4,1.0,1.0,0.0,24.3,13.4,51,False,2,81.5,96.0,71.4,80.97568957969399,0,81.1,Nice,False,True,82.5,42.0,90.0,100.0,1.0,70.0,Pleasant,51.8
05-02-21,9.1,2.3,5.2,7.4,-0.8,0.1,0.1,0.0,17.1,6.9,51,False,2,84.0,99.6,85.8,84.11107619298946,0,84.8,Nice,False,True,86.6,49.6,90.0,100.0,1.0,73.7,Pleasant,57.1
06-02-21,12.2,1.0,5.8,9.5,-2.2,0.0,0.0,0.0,15.4,5.8,3,False,2,81.0,100.0,89.2,83.0267184300099,0,83.6,Nice,False,True,85.5,58.0,100.0,100.0,1.0,79.8,Nice,68.0
07-02-21,12.8,1.2,5.6,10.8,-1.3,0.0,0.0,0.0,9.3,4.6,3,False,2,82.0,100.0,100.0,71.11220078206837,0,80.7,Nice,False,True,82.1,63.2,100.0,100.0,1.0,79.5,Nice,66.4
08-02-21,10.6,2.6,6.8,7.8,-0.8,3.3,3.3,0.0,15.9,8.4,53,False,2,76.0,86.8,88.2,3.2511791258923277,0,51.6,Average,False,False,49.7,51.2,75.0,100.0,1.0,53.6,Average,24.0
09-02-21,12.3,2.9,6.6,9.0,-1.3,0.3,0.3,0.0,18.8,9.1,51,False,2,77.0,98.8,82.4,89.68083771622887,0,83.6,Nice,False,True,85.9,56.0,90.0,100.0,1.0,77.3,Nice,62.5
10-02-21,10.8,3.8,7.0,8.6,0.7,1.4,1.4,0.0,9.5,5.9,53,False,2,75.0,94.4,100.0,70.4047364749721,0,76.8,Nice,False,True,78.6,54.4,90.0,100.0,1.0,72.8,Pleasant,54.7
11-02-21,11.3,-5.0,5.4,8.1,-9.7,10.0,3.9,4.27,25.2,11.6,75,False,2,83.0,60.0,69.6,25.987304722551848,10,57.1,Average,True,False,55.4,52.4,75.0,100.0,1.0,58.7,Average,31.4
12-02-21,-5.7,-12.8,-9.2,-10.5,-19.0,2.5,0.1,1.68,27.1,18.8,73,False,2,44.0,90.0,65.8,39.89425526491118,10,50.5,Average,False,False,51.4,0.0,90.0,100.0,1.0,45.0,Average,14.4
13-02-21,-7.5,-12.5,-10.2,-14.8,-18.1,0.2,0.0,0.28,24.7,18.2,71,False,2,39.0,99.2,70.6,85.69746879829188,0,66.1,Pleasant,False,True,69.9,0.0,100.0,100.0,1.0,57.1,Average,34.3
14-02-21,-3.6,-11.3,-8.1,-8.9,-16.1,0.0,0.0,0.0,17.8,11.5,3,False,2,49.5,100.0,84.4,79.937028987197,0,69.5,Pleasant,False,True,72.7,0.0,100.0,100.0,1.0,56.0,Average,32.0
15-02-21,-3.8,-8.6,-5.9,-9.7,-12.9,2.1,0.1,1.4,18.7,12.2,71,False,2,60.5,91.6,82.6,36.53756483456449,10,57.5,Average,False,False,57.8,0.0,90.0,100.0,1.0,44.3,Average,13.2
16-02-21,-2.2,-14.0,-8.0,-7.0,-18.8,1.6,0.0,1.12,10.8,6.2,73,False,2,50.0,93.6,98.4,96.95497116654114,10,76.0,Nice,False,True,80.2,0.0,100.0,100.0,1.0,59.4,Average,38.8
17-02-21,1.6,-15.4,-5.2,-2.9,-20.3,0.4,0.0,0.28,7.2,4.1,71,False,2,64.0,98.4,100.0,63.23218118550496,0,70.5,Pleasant,False,False,72.5,8.4,100.0,100.0,1.0,56.0,Average,30.3
18-02-21,-0.2,-3.1,-1.9,-4.9,-6.9,3.0,0.0,2.1,14.6,9.2,73,False,2,80.5,88.0,90.8,0.0,10,52.9,Average,False,False,50.5,0.4,100.0,100.0,1.0,40.2,Average,0.2
19-02-21,2.8,-3.4,-1.2,-1.2,-6.9,0.2,0.0,0.14,10.5,5.1,71,False,2,84.0,99.2,99.0,59.4867387084819,0,77.2,Nice,False,False,78.0,15.2,100.0,100.0,1.0,58.0,Average,32.9
20-02-21,2.9,-2.5,0.9,-0.4,-6.3,0.8,0.0,0.56,6.1,3.4,71,False,2,94.5,96.8,100.0,24.53096217482267,0,68.9,Pleasant,False,False,67.4,18.4,100.0,100.0,1.0,52.3,Average,20.9
21-02-21,6.2,-3.0,1.6,3.8,-5.9,0.0,0.0,0.0,3.9,2.7,3,False,2,98.0,100.0,100.0,96.86570928715501,0,96.1,Excellent,False,True,98.0,35.2,100.0,100.0,1.0,73.5,Pleasant,59.9
22-02-21,8.9,-0.7,3.1,6.4,-3.8,0.0,0.0,0.0,8.2,3.1,2,False,2,94.5,100.0,100.0,96.47051236079116,0,94.6,Excellent,False,True,96.7,45.6,100.0,100.0,1.0,77.5,Nice,65.9
23-02-21,11.0,-0.1,4.1,8.0,-3.8,0.0,0.0,0.0,9.5,4.5,0,False,2,89.5,100.0,100.0,98.52001742666131,0,93.3,Excellent,False,True,95.7,52.0,100.0,100.0,1.0,80.5,Nice,70.6
24-02-21,9.9,-0.4,4.6,7.6,-4.2,0.0,0.0,0.0,9.5,6.7,3,False,2,87.0,100.0,100.0,93.2935029764186,0,90.5,Excellent,False,True,92.8,50.4,100.0,100.0,1.0,78.8,Nice,67.6
25-02-21,12.3,2.2,6.0,10.1,-1.2,0.0,0.0,0.0,9.6,5.7,3,False,2,80.0,100.0,100.0,98.539781496068,0,89.5,Nice,False,True,92.4,60.4,100.0,100.0,1.0,83.9,Nice,75.7
26-02-21,14.4,2.4,8.0,12.3,-1.3,0.0,0.0,0.0,8.7,4.5,0,False,2,70.0,100.0,100.0,98.5493894789684,0,85.5,Nice,False,True,88.9,69.2,100.0,100.0,1.0,87.4,Nice,80.9
27-02-21,11.7,0.5,5.0,8.1,-3.3,5.9,5.9,0.0,20.2,10.0,61,False,2,85.0,76.4,79.6,66.66285603779875,0,75.2,Nice,False,False,75.8,52.4,75.0,100.0,1.0,66.8,Pleasant,43.6
28-02-21,5.4,-0.5,1.5,-0.2,-4.4,1.5,0.0,1.05,20.8,13.6,73,False,2,97.5,94.0,78.4,74.72661002444529,10,85.7,Nice,False,True,86.0,19.2,100.0,100.0,1.0,62.6,Pleasant,41.4
01-03-21,3.9,-0.7,1.4,-0.1,-5.0,4.7,0.3,3.08,15.2,9.6,73,False,8,67.0,81.2,89.6,55.87162767776937,-20,65.3,Pleasant,False,False,66.9,19.6,90.0,100.0,1.0,56.0,Average,30.7
02-03-21,6.9,-1.3,1.8,2.1,-5.0,0.0,0.0,0.0,16.6,8.9,3,False,8,69.0,100.0,86.8,98.28685515074001,0,83.9,Nice,False,True,87.1,28.4,100.0,100.0,1.0,71.0,Pleasant,56.4
03-03-21,10.1,-1.8,2.5,5.8,-5.5,0.0,0.0,0.0,12.3,8.4,2,False,8,72.5,100.0,95.4,97.81941745078645,0,85.9,Nice,False,True,89.0,43.2,100.0,100.0,1.0,76.8,Nice,65.0
04-03-21,12.4,0.7,5.0,8.4,-3.4,0.0,0.0,0.0,15.5,6.4,3,False,8,85.0,100.0,89.0,97.35664418531296,0,90.2,Excellent,False,True,92.6,53.6,100.0,100.0,1.0,80.9,Nice,71.1
05-03-21,11.1,-1.7,4.2,8.1,-5.8,0.0,0.0,0.0,10.9,6.7,3,False,8,81.0,100.0,98.2,96.89877430391321,0,89.2,Nice,False,True,91.9,52.4,100.0,100.0,1.0,80.3,Nice,70.2
06-03-21,2.6,-6.1,-0.7,-0.2,-10.5,5.3,0.3,3.5,15.0,8.8,75,False,8,56.5,78.8,90.0,21.080862938735088,-20,48.6,Average,False,False,49.0,19.2,90.0,100.0,1.0,48.9,Average,18.0
07-03-21,2.2,-9.7,-4.1,-1.6,-14.9,0.0,0.0,0.0,13.0,7.8,1,False,8,39.5,100.0,94.0,95.99872001706643,0,71.9,Pleasant,False,True,76.6,13.6,100.0,100.0,1.0,64.6,Pleasant,46.6
08-03-21,5.8,-9.5,-1.4,1.4,-14.3,0.0,0.0,0.0,13.7,7.5,3,False,8,53.0,100.0,92.6,95.55698622917654,0,77.1,Nice,False,True,81.0,25.6,100.0,100.0,1.0,69.4,Pleasant,53.6
09-03-21,3.8,-4.8,-0.7,0.5,-8.3,0.0,0.0,0.0,14.2,6.1,3,False,8,56.5,100.0,91.6,85.33207338419089,0,74.8,Pleasant,False,True,78.1,22.0,100.0,100.0,1.0,65.9,Pleasant,47.3
10-03-21,1.3,-2.3,-0.7,-3.0,-7.0,5.0,0.1,3.43,12.7,8.1,73,False,8,56.5,80.0,94.6,0.0,-20,41.8,Average,False,False,41.2,8.0,90.0,100.0,1.0,40.2,Average,4.3
11-03-21,2.7,-3.2,-1.0,-0.2,-7.8,1.2,0.1,0.84,12.1,4.1,73,False,8,55.0,95.2,95.8,83.62773881594372,-20,72.8,Pleasant,False,True,76.6,19.2,90.0,100.0,1.0,61.4,Pleasant,40.5
12-03-21,6.3,-3.3,1.1,3.1,-7.9,0.3,0.0,0.21,13.5,7.3,71,False,8,65.5,98.8,93.0,29.779261158545438,-20,58.5,Average,False,False,59.0,32.4,100.0,100.0,1.0,58.9,Average,31.4
13-03-21,7.0,-2.2,2.7,4.4,-5.8,1.2,0.3,0.63,13.7,5.4,73,False,8,73.5,95.2,92.6,58.9593101784341,-20,71.3,Pleasant,False,False,72.8,37.6,90.0,100.0,1.0,63.8,Pleasant,41.5
14-03-21,13.7,-3.9,3.3,10.5,-7.0,0.0,0.0,0.0,18.5,6.5,3,False,8,76.5,100.0,83.0,92.96894203456894,0,84.8,Nice,False,True,87.3,62.0,100.0,100.0,1.0,83.4,Nice,74.4
15-03-21,13.3,-1.7,5.4,9.8,-4.7,2.3,2.3,0.0,13.4,6.9,53,False,8,87.0,90.8,93.2,57.040903487400605,0,75.8,Nice,False,False,76.2,59.2,90.0,100.0,1.0,72.1,Pleasant,52.5
16-03-21,3.4,0.2,1.6,0.8,-4.7,21.2,3.4,12.46,18.3,9.9,75,False,8,68.0,15.200000000000003,83.4,0.0,-20,35.8,Poor,True,False,34.4,23.2,75.0,100.0,1.0,41.8,Average,10.4
17-03-21,0.4,-0.5,-0.1,-3.9,-5.6,28.2,0.1,19.67,21.7,17.0,75,False,8,59.5,0.0,76.6,0.0,-20,29.5,Poor,True,False,28.5,4.4,90.0,100.0,1.0,38.8,Poor,2.4
18-03-21,1.5,-1.3,-0.2,-1.6,-4.7,6.3,0.0,4.41,13.1,7.3,73,False,8,59.0,74.8,93.8,8.035862695396474,-20,44.7,Average,False,False,44.5,13.6,100.0,100.0,1.0,47.0,Average,11.4
19-03-21,1.6,-3.0,-0.8,-1.6,-6.5,2.9,0.0,2.03,11.3,6.8,73,False,8,56.0,88.4,97.4,27.27994409311389,-20,52.6,Average,False,False,53.5,13.6,100.0,100.0,1.0,50.9,Average,19.1
20-03-21,1.3,-7.0,-2.8,-1.2,-11.5,0.0,0.0,0.0,11.1,6.4,3,False,8,46.0,100.0,97.8,91.84188099606335,0,73.4,Pleasant,False,True,77.6,15.2,100.0,100.0,1.0,64.4,Pleasant,45.9
21-03-21,4.4,-7.1,-0.6,1.5,-10.8,0.0,0.0,0.0,7.9,3.6,3,False,8,57.0,100.0,100.0,89.20582258476144,0,77.0,Nice,False,True,80.6,26.0,100.0,100.0,1.0,68.2,Pleasant,51.3
22-03-21,2.5,-2.8,-0.3,-1.2,-6.0,6.6,0.0,4.62,10.2,4.0,75,False,8,58.5,73.6,99.6,10.708327587100992,-20,45.8,Average,False,False,45.8,15.2,100.0,100.0,1.0,48.2,Average,13.4
23-03-21,0.9,-4.8,-1.6,-4.1,-8.6,1.2,0.0,0.84,22.8,10.9,73,False,8,52.0,95.2,74.4,80.36130858024458,-20,68.8,Pleasant,False,True,72.1,3.6,100.0,100.0,1.0,57.5,Average,34.3
24-03-21,-0.8,-9.5,-4.2,-5.6,-14.4,1.8,0.0,1.26,15.2,9.4,73,False,8,39.0,92.8,89.6,35.90174002598501,-20,48.9,Average,False,False,50.9,0.0,100.0,100.0,1.0,47.2,Average,14.4
25-03-21,3.3,-4.3,-1.0,-1.6,-8.3,0.4,0.0,0.28,17.3,10.6,71,False,8,55.0,98.4,85.4,23.584249706040318,-20,51.4,Average,False,False,52.0,13.6,100.0,100.0,1.0,50.2,Average,17.6
26-03-21,7.9,-7.4,0.2,3.4,-12.2,0.0,0.0,0.0,13.7,8.9,3,False,8,61.0,100.0,92.6,96.49462006653981,0,80.6,Nice,False,True,84.2,33.6,100.0,100.0,1.0,72.7,Pleasant,58.8
27-03-21,11.8,-1.4,4.5,9.2,-5.6,0.0,0.0,0.0,9.4,4.8,2,False,8,82.5,100.0,100.0,96.97838748649386,0,89.9,Nice,False,True,92.7,56.8,100.0,100.0,1.0,82.1,Nice,72.9
28-03-21,12.2,0.4,5.1,9.8,-3.5,2.1,2.1,0.0,21.9,8.8,61,False,8,85.5,91.6,76.2,71.8685077662424,0,79.2,Nice,False,True,80.0,59.2,90.0,100.0,1.0,75.1,Nice,57.8
29-03-21,9.0,-0.8,3.5,3.6,-4.7,0.0,0.0,0.0,22.2,11.8,3,False,8,77.5,100.0,75.6,96.49292275847066,0,85.8,Nice,False,True,88.3,34.4,100.0,100.0,1.0,73.1,Pleasant,59.2
30-03-21,10.2,-2.0,4.3,7.8,-6.0,0.0,0.0,0.0,9.0,4.2,2,False,8,81.5,100.0,100.0,95.53342757359054,0,89.0,Nice,False,True,91.7,51.2,100.0,100.0,1.0,79.6,Nice,68.9
31-03-21,10.6,0.2,5.7,8.2,-2.5,0.0,0.0,0.0,8.5,3.6,3,False,8,88.5,100.0,100.0,85.15715655772911,0,88.2,Nice,False,True,90.0,52.8,100.0,100.0,1.0,78.2,Nice,65.7
01-04-21,14.4,2.5,8.4,12.9,-0.6,0.0,0.0,0.0,9.2,4.3,3,False,15,67.0,100.0,100.0,96.4961553410194,0,83.6,Nice,False,True,87.0,71.6,100.0,100.0,1.0,87.9,Nice,81.6
02-04-21,12.9,4.5,8.4,10.5,1.6,6.9,6.9,0.0,26.6,9.9,61,False,15,67.0,72.4,66.8,77.76893160409367,0,70.2,Pleasant,False,True,72.1,62.0,55.0,100.0,1.0,66.9,Pleasant,37.6
03-04-21,12.1,3.1,6.1,9.4,-0.1,8.6,8.6,0.0,17.8,7.4,55,False,15,55.5,65.6,84.4,35.02930219244535,0,51.1,Average,False,False,51.7,57.6,55.0,100.0,1.0,56.5,Average,26.7
04-04-21,6.1,-0.4,3.1,2.8,-3.8,2.4,2.2,0.14,10.0,6.2,71,False,15,40.5,90.4,100.0,44.29845130049949,-20,52.9,Average,False,False,55.5,31.2,90.0,100.0,1.0,58.3,Average,32.8
05-04-21,7.9,-2.9,2.9,4.0,-5.9,0.3,0.3,0.0,13.0,7.3,51,False,15,39.5,98.8,94.0,96.32020433869658,0,71.9,Pleasant,False,True,76.6,36.0,90.0,100.0,1.0,70.7,Pleasant,54.1
06-04-21,12.9,-2.7,4.7,10.9,-6.2,0.0,0.0,0.0,15.9,7.4,3,False,15,48.5,100.0,88.2,84.18487253113511,0,70.9,Pleasant,False,True,74.5,63.6,100.0,100.0,1.0,82.3,Nice,71.8
07-04-21,1.0,-2.5,-0.9,-2.4,-7.3,12.3,0.0,8.61,15.3,10.5,75,False,15,20.5,50.8,89.4,1.557800658851268,-20,23.1,Poor,True,False,24.4,10.4,100.0,100.0,1.0,44.5,Average,6.9
08-04-21,3.6,-7.0,-1.0,-0.2,-11.8,0.6,0.0,0.42,18.1,10.7,71,False,15,20.0,97.6,83.8,93.6592028449459,-20,61.7,Pleasant,False,True,67.5,19.2,100.0,100.0,1.0,66.4,Pleasant,49.0
09-04-21,6.6,-3.0,1.4,3.1,-7.1,1.9,0.1,1.26,10.4,6.8,73,False,15,32.0,92.4,99.2,88.83568809337633,-20,65.3,Pleasant,False,True,70.5,32.4,90.0,100.0,1.0,67.7,Pleasant,49.5
10-04-21,11.7,-3.9,3.0,8.8,-7.5,0.0,0.0,0.0,8.8,4.8,2,False,15,40.0,100.0,100.0,96.97174900134618,0,72.9,Pleasant,False,True,77.8,55.2,100.0,100.0,1.0,81.5,Nice,71.9
11-04-21,15.2,-0.7,7.2,13.0,-4.5,0.0,0.0,0.0,15.5,6.1,3,False,15,61.0,100.0,89.0,96.75144324386837,0,80.4,Nice,False,True,84.0,72.0,100.0,100.0,1.0,88.2,Nice,81.9
12-04-21,16.5,-1.6,7.1,14.2,-4.4,0.0,0.0,0.0,12.1,4.0,1,False,15,60.5,100.0,95.8,96.53448166356503,0,80.7,Nice,False,True,84.4,76.8,100.0,100.0,1.0,90.0,Excellent,84.7
13-04-21,18.2,1.4,9.4,17.3,-1.3,0.0,0.0,0.0,13.7,5.5,3,False,15,72.0,100.0,92.6,79.97459784224321,0,79.2,Nice,False,True,81.4,89.2,100.0,100.0,1.0,91.7,Excellent,85.5
14-04-21,7.8,1.3,4.4,6.0,-2.6,16.6,15.1,1.05,15.0,9.2,73,False,15,47.0,33.599999999999994,90.0,0.0,-20,30.6,Poor,True,False,30.5,44.0,20.0,100.0,1.0,33.6,Poor,5.3
15-04-21,3.9,-0.1,1.6,-0.2,-3.9,1.0,0.4,0.42,14.9,10.6,71,False,15,33.0,96.0,90.2,13.413704555224182,-20,39.1,Poor,False,False,40.3,19.2,90.0,100.0,1.0,47.4,Average,15.2
16-04-21,6.3,-0.4,2.6,2.9,-3.6,1.2,0.4,0.56,16.5,10.7,73,False,15,38.0,95.2,87.0,82.66197405079087,-20,65.0,Pleasant,False,True,69.3,31.6,90.0,100.0,1.0,66.2,Pleasant,46.8
17-04-21,10.7,-2.0,4.5,8.8,-5.5,0.0,0.0,0.0,12.9,7.1,3,False,15,47.5,100.0,94.2,81.98640145740858,0,70.2,Pleasant,False,True,73.8,55.2,100.0,100.0,1.0,78.5,Nice,65.9
18-04-21,7.8,0.7,4.2,4.0,-2.9,6.2,4.9,0.91,13.1,7.9,73,False,15,46.0,75.2,93.8,27.975822564064686,-20,46.6,Average,False,False,48.0,36.0,75.0,100.0,1.0,52.5,Average,24.6
19-04-21,7.8,-0.1,4.5,5.5,-2.8,1.8,1.8,0.0,5.2,3.2,53,False,15,47.5,92.8,100.0,32.952150733186805,0,52.5,Average,False,False,53.7,42.0,90.0,100.0,1.0,60.4,Pleasant,34.5
20-04-21,8.4,3.8,5.9,6.5,1.6,7.8,7.8,0.0,9.8,5.7,55,False,15,54.5,68.8,100.0,21.486438709534454,0,47.6,Average,False,False,48.0,46.0,55.0,100.0,1.0,49.2,Average,19.9
21-04-21,11.8,4.3,7.2,10.7,1.8,1.9,1.9,0.0,11.5,5.6,51,False,15,61.0,92.4,97.0,83.24503623650227,0,75.2,Nice,False,True,78.2,62.8,90.0,100.0,1.0,78.8,Nice,63.9
22-04-21,14.4,2.1,8.2,12.1,-1.1,0.0,0.0,0.0,7.8,5.4,3,False,15,66.0,100.0,100.0,94.89208212926783,0,82.6,Nice,False,True,86.1,68.4,100.0,100.0,1.0,86.3,Nice,79.0
23-04-21,11.0,4.2,7.9,8.2,1.3,2.3,2.3,0.0,19.9,8.5,53,False,15,64.5,90.8,80.2,73.6187434866133,0,71.6,Pleasant,False,True,73.7,52.8,90.0,100.0,1.0,72.8,Pleasant,55.0
24-04-21,12.6,1.5,7.1,9.9,-1.9,0.0,0.0,0.0,10.3,7.0,3,False,15,60.5,100.0,99.4,94.03846276059954,0,80.1,Nice,False,True,83.7,59.6,100.0,100.0,1.0,82.6,Nice,73.4
25-04-21,13.5,2.1,8.1,11.6,-0.3,0.8,0.8,0.0,10.7,5.6,51,False,15,65.5,96.8,98.6,88.45659090171455,0,79.6,Nice,False,True,82.7,66.4,90.0,100.0,1.0,81.3,Nice,67.7
26-04-21,11.3,3.3,7.4,8.6,0.4,0.1,0.1,0.0,16.8,10.6,51,False,15,62.0,99.6,86.4,86.07215608594737,0,76.8,Nice,False,True,79.7,54.4,90.0,100.0,1.0,76.0,Nice,60.4
27-04-21,8.2,2.8,6.1,6.1,0.0,3.9,3.9,0.0,12.6,5.1,53,False,15,55.5,84.4,94.8,5.091428379383112,0,44.2,Average,False,False,43.6,44.4,75.0,100.0,1.0,51.3,Average,21.5
28-04-21,13.0,4.1,7.6,11.8,1.2,4.8,4.8,0.0,10.9,6.2,61,False,15,63.0,80.8,98.2,50.67016593241892,0,62.9,Pleasant,False,False,64.3,67.2,75.0,100.0,1.0,69.5,Pleasant,45.4
29-04-21,17.4,5.7,10.8,16.5,3.6,0.2,0.2,0.0,11.2,6.1,51,False,15,79.0,99.2,97.6,90.64649627441833,0,86.0,Nice,False,True,88.5,86.0,90.0,100.0,1.0,89.5,Nice,79.1
30-04-21,19.0,5.2,12.6,18.0,3.5,0.1,0.1,0.0,12.6,5.6,51,False,15,88.0,99.6,94.8,89.23986600199464,0,89.0,Nice,False,True,90.9,92.0,90.0,100.0,1.0,91.6,Excellent,81.8
01-05-21,22.7,8.5,15.7,22.6,7.0,0.3,0.3,0.0,13.0,6.0,51,False,20,78.5,98.8,94.0,68.4967385155742,0,77.7,Nice,False,False,79.1,100.0,90.0,100.0,1.0,90.7,Excellent,78.7
02-05-21,23.2,12.0,17.7,22.4,11.5,2.1,2.1,0.0,19.0,9.1,53,False,20,88.5,91.6,82.0,86.6514066838261,0,86.0,Nice,False,True,87.6,100.0,90.0,100.0,1.0,94.3,Excellent,85.2
03-05-21,15.3,7.8,12.4,12.9,5.6,3.3,3.3,0.0,24.3,12.8,61,False,20,62.0,86.8,71.4,83.21848404332185,0,72.7,Pleasant,False,True,75.1,71.6,75.0,100.0,1.0,77.8,Nice,57.2
04-05-21,14.6,5.1,9.5,13.2,2.4,0.0,0.0,0.0,10.4,7.0,2,False,20,47.5,100.0,99.2,96.13569809934921,0,75.6,Nice,False,True,80.0,72.8,100.0,100.0,1.0,88.3,Nice,82.1
05-05-21,18.2,3.8,10.9,17.6,0.9,0.3,0.3,0.0,12.5,6.5,51,False,20,54.5,98.8,95.0,64.19156938898645,0,66.7,Pleasant,False,False,69.1,90.4,90.0,100.0,1.0,86.0,Nice,71.9
06-05-21,14.9,8.3,11.4,12.9,5.9,4.6,4.6,0.0,15.9,10.1,61,False,20,57.0,81.6,88.2,80.24390863171888,0,70.2,Pleasant,False,True,73.1,71.6,75.0,100.0,1.0,77.2,Nice,56.3
07-05-21,19.5,4.4,12.4,17.2,2.2,0.2,0.2,0.0,20.4,7.7,51,False,20,62.0,99.2,79.2,62.4861577910937,0,67.9,Pleasant,False,False,69.5,88.8,90.0,100.0,1.0,85.0,Nice,70.4
08-05-21,12.1,4.8,9.0,9.1,1.4,4.3,4.3,0.0,20.9,14.9,61,False,20,45.0,82.8,78.2,64.54339108436434,0,59.3,Average,False,False,61.8,56.4,75.0,100.0,1.0,68.0,Pleasant,44.7
09-05-21,14.4,1.2,8.2,13.3,-2.2,0.0,0.0,0.0,8.6,5.1,0,False,20,41.0,100.0,100.0,95.74763257459276,0,72.9,Pleasant,False,True,77.6,73.2,100.0,100.0,1.0,88.4,Nice,82.2
10-05-21,21.1,3.1,12.6,21.2,0.5,0.0,0.0,0.0,11.9,5.9,3,False,20,63.0,100.0,96.2,95.41349410776793,0,81.3,Nice,False,True,84.8,100.0,100.0,100.0,1.0,99.1,Excellent,98.2
11-05-21,21.9,6.2,14.5,21.6,4.7,0.0,0.0,0.0,10.9,6.1,1,False,20,72.5,100.0,98.2,95.08402448146249,0,85.1,Nice,False,True,88.2,100.0,100.0,100.0,1.0,99.0,Excellent,98.0
12-05-21,21.4,7.1,14.6,20.9,3.9,0.1,0.1,0.0,19.3,10.3,51,False,20,73.0,99.6,81.4,94.7595384372011,0,83.8,Nice,False,True,86.5,100.0,90.0,100.0,1.0,96.0,Excellent,88.1
13-05-21,17.5,9.1,12.8,17.0,6.9,3.7,3.7,0.0,17.0,6.7,53,False,20,64.0,85.2,86.0,51.5361065463555,0,63.3,Pleasant,False,False,64.4,88.0,75.0,100.0,1.0,78.0,Nice,55.1
14-05-21,16.3,8.7,12.3,15.9,7.2,7.1,7.1,0.0,16.5,7.0,63,False,20,61.5,71.6,87.0,87.60177639280424,0,73.0,Pleasant,False,True,76.0,83.6,55.0,100.0,1.0,77.5,Nice,46.9
15-05-21,18.8,5.8,12.5,18.1,4.2,1.3,1.3,0.0,10.1,5.3,53,False,20,62.5,94.8,99.8,93.82040020357537,0,80.0,Nice,False,True,83.6,92.4,90.0,100.0,1.0,92.7,Excellent,83.7
16-05-21,18.4,9.5,13.7,17.3,8.0,4.0,4.0,0.0,13.6,6.4,61,False,20,68.5,84.0,92.8,65.33282261584766,0,70.3,Pleasant,False,False,72.0,89.2,75.0,100.0,1.0,81.2,Nice,59.7
17-05-21,18.8,8.9,13.5,18.1,6.9,0.2,0.2,0.0,18.4,7.2,51,False,20,67.5,99.2,83.2,73.64168375598727,0,74.3,Pleasant,False,True,76.3,92.4,90.0,100.0,1.0,88.7,Nice,76.4
18-05-21,12.6,8.5,10.6,10.6,4.7,10.0,10.0,0.0,32.6,18.6,61,False,20,53.0,60.0,54.8,65.37845997868466,0,57.5,Average,True,False,59.2,62.4,40.0,100.0,1.0,60.0,Pleasant,25.4
19-05-21,16.8,8.1,12.1,15.2,5.4,2.1,2.1,0.0,21.1,12.7,53,False,20,60.5,91.6,77.8,85.61854067521328,0,74.1,Pleasant,False,True,76.9,80.8,90.0,100.0,1.0,86.4,Nice,74.5
20-05-21,12.2,7.8,10.1,10.0,6.1,6.3,6.3,0.0,14.3,7.0,53,False,20,50.5,74.8,91.4,2.694627457577571,0,39.7,Poor,False,False,39.1,60.0,55.0,100.0,1.0,51.0,Average,20.4
21-05-21,14.6,7.8,10.8,13.1,5.9,4.0,4.0,0.0,16.5,8.8,53,False,20,54.0,84.0,87.0,70.57543068382782,0,65.9,Pleasant,False,True,68.4,72.4,75.0,100.0,1.0,75.6,Nice,53.8
22-05-21,20.7,4.4,13.3,19.3,2.4,0.0,0.0,0.0,15.8,6.6,3,False,20,66.5,100.0,88.4,92.52177802619713,0,81.1,Nice,False,True,84.1,97.2,100.0,100.0,1.0,97.4,Excellent,95.3
23-05-21,23.5,11.5,16.9,23.3,9.8,0.0,0.0,0.0,13.8,7.0,3,False,20,84.5,100.0,92.4,91.96694546915519,0,88.4,Nice,False,True,90.6,100.0,100.0,100.0,1.0,98.4,Excellent,96.8
24-05-21,18.4,12.0,14.9,19.1,10.2,3.6,3.6,0.0,14.9,9.1,61,False,20,74.5,85.6,90.2,64.05163641293969,0,72.3,Pleasant,False,False,73.6,96.4,75.0,100.0,1.0,83.9,Nice,62.6
25-05-21,25.7,11.2,18.0,26.9,9.4,0.2,0.2,0.0,15.5,9.0,51,False,20,90.0,99.2,89.0,83.39099383202708,0,87.2,Nice,False,True,88.6,100.0,90.0,100.0,1.0,93.7,Excellent,84.0
26-05-21,20.4,12.5,16.5,21.5,12.1,0.5,0.5,0.0,17.5,6.9,51,False,20,82.5,98.0,85.0,70.64646013257769,0,79.2,Nice,False,True,80.3,100.0,90.0,100.0,1.0,91.1,Excellent,79.4
27-05-21,20.0,13.0,16.4,20.4,12.4,4.8,4.8,0.0,7.9,4.5,61,False,20,82.0,80.8,100.0,77.09480081880179,0,79.9,Nice,False,True,81.7,100.0,75.0,100.0,1.0,87.9,Nice,68.1
28-05-21,14.5,12.0,13.4,14.4,10.9,37.3,37.3,0.0,13.8,7.9,63,False,20,67.0,0.0,92.4,0.0,0,34.2,Poor,True,False,32.7,77.6,0.0,100.0,1.0,41.0,Average,0.0
29-05-21,17.3,11.1,13.9,16.3,9.9,3.5,3.5,0.0,11.6,9.5,53,False,20,69.5,86.0,96.8,87.02954559199047,0,78.9,Nice,False,True,81.7,85.2,75.0,100.0,1.0,84.0,Nice,64.4
30-05-21,13.4,9.3,11.6,11.3,7.3,3.1,3.1,0.0,11.7,8.5,53,False,20,58.0,87.6,96.6,60.17292596345868,0,65.1,Pleasant,False,False,67.2,65.2,75.0,100.0,1.0,70.6,Pleasant,47.4
31-05-21,13.5,7.9,10.6,12.0,5.8,3.3,3.3,0.0,7.6,5.2,53,False,20,53.0,86.8,100.0,31.5041695972691,0,53.2,Average,False,False,54.2,68.0,75.0,100.0,1.0,66.0,Pleasant,40.1
01-06-21,9.8,8.5,9.1,8.6,6.6,17.9,17.9,0.0,9.7,5.9,61,False,24,25.5,28.400000000000006,100.0,0.0,0,22.5,Poor,True,False,23.2,54.4,20.0,100.0,1.0,37.8,Poor,6.5
02-06-21,13.8,7.5,10.1,10.4,5.0,5.7,5.7,0.0,19.5,11.6,53,False,24,30.5,77.2,81.0,41.640795314688745,0,44.8,Average,False,False,47.0,61.6,75.0,100.0,1.0,65.5,Pleasant,40.2
03-06-21,14.2,8.8,11.1,12.4,6.9,5.6,5.6,0.0,13.7,8.9,55,False,24,35.5,77.6,92.6,8.610394207193432,0,36.3,Poor,False,False,36.8,69.6,75.0,100.0,1.0,62.1,Pleasant,33.9
04-06-21,16.8,8.5,13.1,16.1,6.6,0.5,0.5,0.0,10.9,7.4,51,False,24,45.5,98.0,98.2,91.71103575739666,0,72.9,Pleasant,False,True,77.1,84.4,90.0,100.0,1.0,89.1,Nice,78.6
05-06-21,19.5,9.1,14.7,19.0,6.9,0.1,0.1,0.0,9.4,6.8,51,False,24,53.5,99.6,100.0,95.81289910064066,0,77.9,Nice,False,True,82.0,96.0,90.0,100.0,1.0,94.6,Excellent,86.3
06-06-21,18.7,10.4,14.4,19.2,9.2,7.2,7.2,0.0,12.8,7.5,63,False,24,52.0,71.2,94.4,83.25744735103291,0,68.2,Pleasant,False,True,71.6,96.8,55.0,100.0,1.0,81.9,Nice,50.3
07-06-21,19.8,9.6,15.2,20.9,7.8,0.5,0.5,0.0,7.5,5.3,51,False,24,56.0,98.0,100.0,96.0708687310127,0,78.7,Nice,False,True,82.7,100.0,90.0,100.0,1.0,96.2,Excellent,88.6
08-06-21,19.4,11.8,15.7,21.4,10.5,2.9,2.9,0.0,9.7,4.2,61,False,24,58.5,88.4,100.0,92.34913631944964,0,77.0,Nice,False,True,80.7,100.0,90.0,100.0,1.0,95.5,Excellent,87.2
09-06-21,21.6,10.7,15.8,22.3,9.1,3.0,3.0,0.0,17.8,6.7,61,False,24,59.0,88.0,84.4,73.15927244036058,0,69.2,Pleasant,False,True,71.6,100.0,75.0,100.0,1.0,87.1,Nice,66.9
10-06-21,20.2,12.2,15.5,21.1,11.0,9.9,9.9,0.0,11.8,6.2,63,False,24,57.5,60.4,96.4,85.73371612650087,0,69.8,Pleasant,False,True,73.1,100.0,40.0,100.0,1.0,79.1,Nice,37.7
11-06-21,19.9,11.8,15.4,21.3,10.4,3.6,3.6,0.0,10.6,4.7,61,False,24,57.0,85.6,98.8,79.44334036264426,0,71.3,Pleasant,False,True,74.4,100.0,75.0,100.0,1.0,88.4,Nice,68.8
12-06-21,19.2,11.7,15.4,20.1,10.5,6.5,6.5,0.0,9.4,4.1,63,False,24,57.0,74.0,100.0,90.46714131867624,0,73.6,Pleasant,False,True,77.2,100.0,55.0,100.0,1.0,84.6,Nice,52.9
13-06-21,15.8,11.0,13.3,15.7,8.6,22.7,22.7,0.0,25.6,10.9,63,False,24,46.5,9.200000000000003,68.8,54.45356601402814,0,44.5,Average,True,False,46.3,82.8,20.0,100.0,1.0,60.0,Pleasant,14.3
14-06-21,14.1,9.2,11.1,12.2,6.3,9.7,9.7,0.0,16.5,11.2,63,False,24,35.5,61.2,87.0,58.38758067997095,0,50.8,Average,False,False,53.7,68.8,40.0,100.0,1.0,61.2,Pleasant,25.9
15-06-21,15.1,9.9,12.1,14.5,8.0,10.9,10.9,0.0,16.6,12.5,61,False,24,40.5,56.4,86.8,0.42352026916577984,0,31.8,Poor,True,False,31.5,78.0,40.0,100.0,1.0,53.3,Average,18.8
16-06-21,19.5,13.0,15.8,19.6,12.4,13.1,13.1,0.0,15.9,9.6,63,False,24,59.0,47.6,88.2,52.49711846095101,0,56.2,Average,True,False,57.6,98.4,20.0,100.0,1.0,65.9,Pleasant,16.0
17-06-21,20.1,13.7,16.5,20.8,13.6,10.4,10.4,0.0,14.5,6.4,63,False,24,62.5,58.4,91.0,62.84345936709295,0,63.0,Pleasant,True,False,64.9,100.0,40.0,100.0,1.0,74.6,Pleasant,34.1
18-06-21,20.5,15.0,17.0,21.1,15.2,35.3,35.3,0.0,16.2,9.1,63,False,24,65.0,0.0,87.6,26.646287804776208,0,42.3,Average,True,False,42.2,100.0,0.0,100.0,1.0,55.3,Average,0.0
19-06-21,18.4,14.2,16.0,18.8,14.3,23.8,23.8,0.0,11.5,7.3,63,False,24,60.0,4.799999999999997,97.0,25.3213024743333,0,41.3,Average,True,False,41.5,95.2,20.0,100.0,1.0,59.1,Average,13.4
20-06-21,21.5,12.4,16.0,23.0,12.5,9.7,9.7,0.0,7.6,4.5,63,False,24,60.0,61.2,100.0,39.50574070002704,0,55.0,Average,False,False,56.0,100.0,40.0,100.0,1.0,69.9,Pleasant,30.3
21-06-21,23.6,13.4,18.2,25.0,13.2,0.3,0.3,0.0,7.8,3.8,51,False,24,71.0,98.8,100.0,94.76939773646204,0,84.4,Nice,False,True,87.6,100.0,90.0,100.0,1.0,96.0,Excellent,88.1
22-06-21,25.9,13.4,19.7,28.3,13.8,0.3,0.3,0.0,6.3,3.5,51,False,24,78.5,98.8,100.0,94.17015793164992,0,87.2,Nice,False,True,90.0,90.0,90.0,100.0,1.0,91.8,Excellent,82.5
23-06-21,25.7,15.9,21.1,29.4,16.4,4.1,4.1,0.0,10.4,5.7,61,False,24,85.5,83.6,99.2,95.53242609372687,0,88.1,Nice,False,True,90.6,81.5,75.0,100.0,1.0,84.2,Nice,65.4
24-06-21,28.2,15.7,23.1,31.7,16.5,0.0,0.0,0.0,9.3,5.1,2,False,24,95.5,100.0,100.0,95.55468966491094,0,94.6,Excellent,False,True,96.6,63.8,100.0,100.0,1.0,84.6,Nice,76.5
25-06-21,30.6,18.1,24.1,33.3,18.9,0.0,0.0,0.0,14.7,5.0,3,False,24,99.5,100.0,90.6,95.58450900804343,0,95.5,Excellent,False,True,97.1,51.5,100.0,100.0,1.0,79.7,Nice,69.2
26-06-21,25.4,18.3,21.7,30.1,19.6,11.7,11.7,0.0,11.6,5.8,63,False,24,88.5,53.2,96.8,75.69067318500848,0,77.6,Nice,True,True,78.9,76.2,40.0,100.0,1.0,67.6,Pleasant,30.4
27-06-21,23.5,15.3,19.3,25.3,15.6,2.5,2.5,0.0,13.2,6.9,53,False,24,76.5,90.0,93.6,90.22212206748434,0,83.2,Nice,False,True,85.7,100.0,90.0,100.0,1.0,95.0,Excellent,86.5
28-06-21,24.2,15.6,19.9,25.6,15.7,0.9,0.9,0.0,10.9,6.5,51,False,24,79.5,96.4,98.2,95.71885033861429,0,87.6,Nice,False,True,90.4,100.0,90.0,100.0,1.0,96.1,Excellent,88.5
29-06-21,26.8,15.9,21.4,28.7,15.7,0.0,0.0,0.0,7.4,4.2,2,False,24,87.0,100.0,100.0,95.77839008941976,0,91.3,Excellent,False,True,93.8,86.9,100.0,100.0,1.0,93.9,Excellent,90.5
30-06-21,29.4,15.1,22.6,31.2,16.0,0.5,0.5,0.0,15.6,5.8,53,False,24,93.0,98.0,88.8,93.85588008418758,0,91.9,Excellent,False,True,93.7,67.7,90.0,100.0,1.0,82.8,Nice,70.3
01-07-21,26.8,17.4,21.5,31.1,16.9,5.5,5.5,0.0,13.2,7.4,61,False,26,77.5,78.0,93.6,62.55853068854525,0,72.1,Pleasant,False,False,73.2,68.5,75.0,100.0,1.0,72.4,Pleasant,49.6
02-07-21,18.9,14.1,16.8,19.1,13.7,4.9,4.9,0.0,14.6,7.8,63,False,26,54.0,80.4,90.8,70.09828122086101,0,65.5,Pleasant,False,True,68.1,96.4,75.0,100.0,1.0,85.1,Nice,64.4
03-07-21,18.5,13.2,15.0,18.9,12.7,6.3,6.3,0.0,21.3,9.6,61,False,26,45.0,74.8,77.4,66.9685092892721,0,58.9,Average,False,False,61.5,95.6,55.0,100.0,1.0,78.1,Nice,46.3
04-07-21,18.6,13.8,15.9,19.2,13.1,13.0,13.0,0.0,18.5,11.7,61,False,26,49.5,48.0,83.0,87.32664654169425,0,64.2,Pleasant,True,True,67.8,96.8,20.0,100.0,1.0,72.2,Pleasant,18.6
05-07-21,21.2,13.6,17.4,23.1,13.1,1.2,1.2,0.0,11.7,7.7,51,False,26,56.99999999999999,95.2,96.6,62.142730035194305,0,66.6,Pleasant,False,False,68.7,100.0,90.0,100.0,1.0,89.4,Nice,76.4
06-07-21,23.0,16.2,19.4,24.5,16.6,12.7,12.7,0.0,15.9,9.8,63,False,26,67.0,49.2,88.2,86.0381627894149,0,71.3,Pleasant,True,True,74.1,100.0,20.0,100.0,1.0,73.2,Pleasant,18.9
07-07-21,25.3,16.1,21.0,28.0,16.7,0.8,0.8,0.0,10.3,5.2,51,False,26,75.0,96.8,99.4,96.51103666257686,0,86.3,Nice,False,True,89.3,92.3,90.0,100.0,1.0,93.2,Excellent,84.6
08-07-21,24.7,16.7,20.9,26.6,17.3,0.2,0.2,0.0,10.8,7.0,51,False,26,74.5,99.2,98.4,96.6351117236107,0,86.4,Nice,False,True,89.4,100.0,90.0,100.0,1.0,96.3,Excellent,88.8
09-07-21,27.6,14.6,21.3,29.2,14.6,0.0,0.0,0.0,15.8,7.7,3,False,26,76.5,100.0,88.4,96.76743023337079,0,86.5,Nice,False,True,89.3,83.1,100.0,100.0,1.0,92.6,Excellent,88.6
10-07-21,26.7,14.3,20.8,28.2,14.0,0.0,0.0,0.0,11.6,7.8,0,False,26,74.0,100.0,96.8,96.90771083887621,0,86.3,Nice,False,True,89.3,90.8,100.0,100.0,1.0,95.7,Excellent,93.2
11-07-21,26.0,13.7,20.1,27.1,13.7,0.2,0.2,0.0,11.9,5.6,51,False,26,70.5,99.2,96.2,97.05582938879272,0,84.7,Nice,False,True,88.0,99.2,90.0,100.0,1.0,96.1,Excellent,88.5
12-07-21,25.5,13.6,19.6,28.5,13.8,3.3,3.3,0.0,10.2,4.6,61,False,26,68.0,86.8,99.6,97.21022679812546,0,82.2,Nice,False,True,85.7,88.5,75.0,100.0,1.0,87.3,Nice,69.0
13-07-21,26.5,16.4,21.5,29.3,17.2,0.0,0.0,0.0,8.7,4.2,1,False,26,77.5,100.0,100.0,97.30232539687835,0,88.1,Nice,False,True,91.0,82.3,100.0,100.0,1.0,92.4,Excellent,88.3
14-07-21,29.0,15.1,22.3,31.4,16.0,0.0,0.0,0.0,13.1,6.6,0,False,26,81.5,100.0,93.8,97.39739218979214,0,89.2,Nice,False,True,91.9,66.2,100.0,100.0,1.0,85.9,Nice,78.7
15-07-21,29.7,17.6,24.0,33.5,17.7,0.0,0.0,0.0,11.8,6.2,1,False,26,90.0,100.0,96.4,97.49528897456273,0,92.8,Excellent,False,True,95.1,50.0,100.0,100.0,1.0,79.5,Nice,69.0
16-07-21,28.5,17.0,22.7,29.6,17.6,0.0,0.0,0.0,13.8,7.3,3,False,26,83.5,100.0,92.4,97.595856169829,0,90.0,Excellent,False,True,92.5,80.0,100.0,100.0,1.0,91.5,Excellent,87.0
17-07-21,28.9,14.1,22.0,29.3,14.5,0.1,0.1,0.0,13.4,7.2,51,False,26,80.0,99.6,93.2,97.69895341410229,0,88.6,Nice,False,True,91.3,82.3,90.0,100.0,1.0,89.5,Nice,79.6
18-07-21,28.4,15.7,22.1,30.3,16.8,0.3,0.3,0.0,12.3,6.0,51,False,26,80.5,98.8,95.4,97.80432930691772,0,88.9,Nice,False,True,91.7,74.6,90.0,100.0,1.0,86.4,Nice,75.5
19-07-21,28.3,16.6,22.6,29.8,17.7,0.0,0.0,0.0,9.9,4.9,3,False,26,83.0,100.0,100.0,95.00651450290867,0,89.5,Nice,False,True,92.1,78.5,100.0,100.0,1.0,90.4,Excellent,85.1
20-07-21,22.4,17.6,19.7,25.4,17.8,9.6,9.6,0.0,16.6,7.5,63,False,26,68.5,61.6,86.8,87.17993478054238,0,74.1,Pleasant,False,True,76.8,100.0,40.0,100.0,1.0,79.4,Nice,37.9
21-07-21,18.8,14.8,16.6,17.7,13.9,9.4,9.4,0.0,21.4,14.4,61,False,26,53.00000000000001,62.4,77.2,62.6337892583898,0,58.7,Average,False,False,60.7,90.8,40.0,100.0,1.0,70.8,Pleasant,31.8
22-07-21,20.3,13.8,16.7,19.3,13.0,1.9,1.9,0.0,15.8,11.2,51,False,26,53.5,92.4,88.4,82.52182554873004,0,71.2,Pleasant,False,True,74.4,97.2,90.0,100.0,1.0,92.4,Excellent,82.2
23-07-21,22.1,13.8,18.1,22.4,13.7,0.3,0.3,0.0,7.4,4.3,51,False,26,60.50000000000001,98.8,100.0,89.39268920221453,0,78.3,Nice,False,True,81.8,100.0,90.0,100.0,1.0,94.9,Excellent,86.2
24-07-21,22.7,14.0,18.5,23.8,14.1,0.3,0.3,0.0,9.0,4.7,51,False,26,62.5,98.8,100.0,93.82475292777498,0,80.7,Nice,False,True,84.2,100.0,90.0,100.0,1.0,95.8,Excellent,87.8
25-07-21,24.9,12.4,19.2,25.8,12.1,0.1,0.1,0.0,11.6,6.1,51,False,26,66.0,99.6,96.8,97.88602169701753,0,83.3,Nice,False,True,86.9,100.0,90.0,100.0,1.0,96.6,Excellent,89.2
26-07-21,27.7,14.0,21.9,30.8,13.1,0.2,0.2,0.0,10.7,5.8,51,False,26,79.5,99.2,98.6,94.79572305336063,0,87.7,Nice,False,True,90.5,70.8,90.0,100.0,1.0,84.3,Nice,72.3
27-07-21,28.7,16.0,23.0,32.2,17.1,0.0,0.0,0.0,8.1,4.0,2,False,26,85.0,100.0,100.0,97.04061442768047,0,91.0,Excellent,False,True,93.6,60.0,100.0,100.0,1.0,83.4,Nice,74.8
28-07-21,29.9,19.4,24.6,32.6,20.1,0.0,0.0,0.0,9.9,5.1,3,False,26,93.0,100.0,100.0,97.21394169027899,0,94.2,Excellent,False,True,96.4,56.9,100.0,100.0,1.0,82.2,Nice,73.0
29-07-21,29.1,16.0,23.2,31.1,17.0,0.3,0.3,0.0,11.7,5.6,51,False,26,86.0,98.8,96.6,96.71990085045348,0,90.8,Excellent,False,True,93.3,68.5,90.0,100.0,1.0,83.7,Nice,71.8
30-07-21,27.0,17.7,22.4,30.6,18.3,0.8,0.8,0.0,7.4,4.5,53,False,26,82.0,96.8,100.0,96.23228994471596,0,89.0,Nice,False,True,91.7,72.3,90.0,100.0,1.0,85.2,Nice,73.7
31-07-21,27.2,16.7,22.1,31.0,18.2,0.0,0.0,0.0,13.0,4.7,2,False,26,80.5,100.0,94.0,93.18105185848258,0,87.3,Nice,False,True,89.8,69.2,100.0,100.0,1.0,86.3,Nice,78.8
01-08-21,30.4,16.5,23.5,32.6,17.3,0.0,0.0,0.0,10.5,5.1,1,False,25,92.5,100.0,99.0,96.62435866372753,0,93.7,Excellent,False,True,95.9,56.9,100.0,100.0,1.0,82.1,Nice,72.8
02-08-21,27.7,18.6,22.8,29.7,19.9,2.9,2.9,0.0,15.5,8.0,61,False,25,89.0,88.4,89.0,94.8051040859572,0,89.2,Nice,False,True,91.2,79.2,90.0,100.0,1.0,87.7,Nice,76.9
03-08-21,23.6,17.1,20.0,24.5,18.1,2.1,2.1,0.0,9.1,5.5,53,False,25,75.0,91.6,100.0,83.92727446229861,0,81.1,Nice,False,True,83.6,100.0,90.0,100.0,1.0,93.8,Excellent,84.2
04-08-21,27.3,14.5,21.3,28.0,14.4,0.2,0.2,0.0,10.1,5.4,51,False,25,81.5,99.2,99.8,89.99073511603703,0,87.0,Nice,False,True,89.4,92.3,90.0,100.0,1.0,91.9,Excellent,82.2
05-08-21,30.7,15.3,23.0,32.0,15.4,0.5,0.5,0.0,16.4,7.8,53,False,25,90.0,98.0,87.2,95.45323908172293,0,91.1,Excellent,False,True,93.1,61.5,90.0,100.0,1.0,80.7,Nice,67.6
06-08-21,21.2,16.2,18.5,21.0,15.8,1.1,1.1,0.0,19.6,9.0,51,False,25,67.5,95.6,80.8,66.4131770775824,0,71.0,Pleasant,False,False,72.6,100.0,90.0,100.0,1.0,90.3,Excellent,77.9
07-08-21,23.0,14.5,18.5,22.9,14.3,0.4,0.4,0.0,11.8,7.6,51,False,25,67.5,98.4,96.4,91.78154245901261,0,81.6,Nice,False,True,84.7,100.0,90.0,100.0,1.0,95.4,Excellent,87.0
08-08-21,28.0,12.4,20.6,28.9,11.6,0.0,0.0,0.0,8.0,4.2,0,False,25,78.0,100.0,100.0,95.00715131317563,0,87.5,Nice,False,True,90.3,85.4,100.0,100.0,1.0,93.2,Excellent,89.2
09-08-21,28.6,14.4,22.0,31.4,14.4,0.0,0.0,0.0,9.8,4.1,3,False,25,85.0,100.0,100.0,94.42340597262076,0,90.0,Excellent,False,True,92.5,66.2,100.0,100.0,1.0,85.3,Nice,77.5
10-08-21,27.2,18.5,22.1,28.1,19.1,1.9,1.9,0.0,15.6,6.6,53,False,25,85.5,92.4,88.8,93.42456972297354,0,87.9,Nice,False,True,90.0,91.5,90.0,100.0,1.0,92.3,Excellent,83.1
11-08-21,26.7,14.4,21.0,26.9,14.2,0.0,0.0,0.0,14.0,8.4,1,False,25,80.0,100.0,92.0,93.1044432741189,0,86.9,Nice,False,True,89.4,100.0,100.0,100.0,1.0,98.6,Excellent,97.2
12-08-21,25.1,16.3,20.9,24.4,16.7,1.6,1.6,0.0,14.8,7.4,51,False,25,79.5,93.6,90.4,92.11036364528329,0,85.3,Nice,False,True,87.7,100.0,90.0,100.0,1.0,95.4,Excellent,87.2
13-08-21,24.8,14.5,19.2,24.9,14.7,0.2,0.2,0.0,7.9,3.4,51,False,25,71.0,99.2,100.0,92.47299605377646,0,83.6,Nice,False,True,86.7,100.0,90.0,100.0,1.0,95.5,Excellent,87.3
14-08-21,25.8,13.8,20.2,27.2,13.5,0.0,0.0,0.0,7.7,3.3,1,False,25,76.0,100.0,100.0,93.5173827336607,0,86.1,Nice,False,True,89.0,98.5,100.0,100.0,1.0,98.1,Excellent,96.5
15-08-21,27.5,14.5,21.7,29.2,14.0,0.0,0.0,0.0,6.6,3.7,0,False,25,83.5,100.0,100.0,93.88757627480516,0,89.3,Nice,False,True,91.8,83.1,100.0,100.0,1.0,92.0,Excellent,87.4
16-08-21,30.2,14.8,22.9,31.0,14.9,0.0,0.0,0.0,13.0,5.7,1,False,25,89.5,100.0,94.0,93.58171801431645,0,91.1,Excellent,False,True,93.2,69.2,100.0,100.0,1.0,86.4,Nice,79.0
17-08-21,31.0,17.2,24.5,31.1,16.7,0.0,0.0,0.0,14.1,9.0,1,False,25,97.5,100.0,91.8,93.96053250324977,0,94.2,Excellent,False,True,95.9,68.5,100.0,100.0,1.0,86.2,Nice,78.7
18-08-21,22.1,14.3,18.1,23.3,14.1,17.1,17.1,0.0,14.8,8.5,63,False,25,65.5,31.599999999999994,90.4,53.263337505756695,0,56.8,Average,True,False,58.0,100.0,20.0,100.0,1.0,66.7,Pleasant,16.3
19-08-21,19.2,10.7,15.4,17.7,9.3,0.1,0.1,0.0,10.3,6.9,51,False,25,52.0,99.6,99.4,93.37367044755705,0,76.4,Nice,False,True,80.4,90.8,90.0,100.0,1.0,92.0,Excellent,82.6
20-08-21,22.9,10.9,16.5,23.2,9.2,0.0,0.0,0.0,7.8,4.5,3,False,25,57.5,100.0,100.0,93.76973312140684,0,78.8,Nice,False,True,82.6,100.0,100.0,100.0,1.0,98.8,Excellent,97.5
21-08-21,23.1,11.7,17.7,23.5,11.4,0.0,0.0,0.0,7.2,3.7,3,False,25,63.5,100.0,100.0,85.8477630871244,0,78.4,Nice,False,True,81.6,100.0,100.0,100.0,1.0,97.2,Excellent,94.3
22-08-21,23.0,16.3,19.2,23.9,16.2,0.2,0.2,0.0,7.0,4.5,51,False,25,71.0,99.2,100.0,94.26154638483808,0,84.3,Nice,False,True,87.4,100.0,90.0,100.0,1.0,95.9,Excellent,87.9
23-08-21,25.8,14.0,20.2,26.0,13.8,0.1,0.1,0.0,11.7,5.2,51,False,25,76.0,99.6,96.6,94.60401347419898,0,86.2,Nice,False,True,89.0,100.0,90.0,100.0,1.0,95.9,Excellent,88.1
24-08-21,26.5,14.2,20.7,26.6,13.3,0.2,0.2,0.0,13.6,7.5,51,False,25,78.5,99.2,92.8,94.95105861300443,0,86.9,Nice,False,True,89.6,100.0,90.0,100.0,1.0,96.0,Excellent,88.2
25-08-21,24.2,15.7,19.0,26.1,15.8,6.1,6.1,0.0,12.1,4.4,63,False,25,70.0,75.6,95.8,57.15631178498941,0,67.0,Pleasant,False,False,68.3,100.0,55.0,100.0,1.0,77.9,Nice,45.6
26-08-21,16.9,11.1,14.3,16.4,10.6,4.8,4.8,0.0,11.3,7.6,55,False,25,46.5,80.8,97.4,29.338673291332327,0,48.8,Average,False,False,49.9,85.6,75.0,100.0,1.0,72.6,Pleasant,47.3
27-08-21,23.0,9.3,16.1,24.2,8.4,1.2,1.2,0.0,13.8,5.2,51,False,25,55.50000000000001,95.2,92.4,95.95385565777619,0,77.5,Nice,False,True,81.3,100.0,90.0,100.0,1.0,96.2,Excellent,88.5
28-08-21,19.0,12.1,15.0,18.9,11.4,5.5,5.5,0.0,10.8,6.7,55,False,25,50.0,78.0,98.4,51.786039381215865,0,57.7,Average,False,False,59.8,95.6,75.0,100.0,1.0,81.1,Nice,58.6
29-08-21,20.1,14.5,16.6,22.1,14.3,18.5,18.5,0.0,10.7,5.3,63,False,25,58.00000000000001,26.0,98.6,79.0720260575599,0,62.7,Pleasant,True,True,65.7,100.0,20.0,100.0,1.0,71.8,Pleasant,18.3
30-08-21,17.5,11.9,14.3,16.9,10.6,1.5,1.5,0.0,13.7,8.8,51,False,25,46.5,94.0,92.6,38.083001389339955,0,53.4,Average,False,False,54.9,87.6,90.0,100.0,1.0,79.7,Nice,61.0
31-08-21,18.6,9.4,13.8,18.0,7.6,0.3,0.3,0.0,10.7,6.3,51,False,25,44.0,98.8,98.6,96.44199527577001,0,74.1,Pleasant,False,True,78.7,92.0,90.0,100.0,1.0,93.1,Excellent,84.4
01-09-21,15.9,9.5,13.0,14.7,7.7,4.4,4.4,0.0,22.4,11.8,53,False,21,60.0,82.4,75.2,58.4975018172784,0,62.9,Pleasant,False,False,64.3,78.8,75.0,100.0,1.0,75.7,Nice,53.0
02-09-21,16.7,10.4,12.7,12.8,9.0,4.1,4.1,0.0,23.6,16.8,53,False,21,58.5,83.6,72.8,48.5502779949431,0,58.8,Average,False,False,59.7,71.2,75.0,100.0,1.0,70.7,Pleasant,46.6
03-09-21,16.7,7.8,12.4,14.9,5.8,0.0,0.0,0.0,10.1,6.7,3,False,21,57.0,100.0,99.8,90.583970680284,0,77.5,Nice,False,True,81.2,79.6,100.0,100.0,1.0,90.0,Excellent,84.0
04-09-21,17.9,7.7,12.9,17.5,5.3,0.0,0.0,0.0,8.5,4.7,2,False,21,59.5,100.0,100.0,96.26729427814419,0,80.5,Nice,False,True,84.3,90.0,100.0,100.0,1.0,95.3,Excellent,92.5
05-09-21,17.8,10.1,13.5,17.4,8.2,0.1,0.1,0.0,14.5,6.8,51,False,21,62.5,99.6,91.0,95.34756873083612,0,80.6,Nice,False,True,84.1,89.6,90.0,100.0,1.0,91.9,Excellent,82.7
06-09-21,17.7,9.9,13.5,17.2,8.8,0.0,0.0,0.0,9.2,6.2,3,False,21,62.5,100.0,100.0,94.0820498626418,0,80.9,Nice,False,True,84.5,88.8,100.0,100.0,1.0,94.3,Excellent,90.9
07-09-21,19.5,7.6,13.7,18.8,5.3,0.0,0.0,0.0,13.0,7.6,3,False,21,63.5,100.0,94.0,94.92002554523951,0,81.1,Nice,False,True,84.6,95.2,100.0,100.0,1.0,97.1,Excellent,95.1
08-09-21,20.2,7.1,13.8,19.8,5.3,0.0,0.0,0.0,12.3,6.7,1,False,21,64.0,100.0,95.4,96.12966893413117,0,81.9,Nice,False,True,85.4,99.2,100.0,100.0,1.0,98.9,Excellent,98.0
09-09-21,21.6,5.6,13.3,20.7,3.5,0.0,0.0,0.0,11.7,5.8,3,False,21,61.5,100.0,96.6,96.01870958510122,0,80.9,Nice,False,True,84.6,100.0,100.0,100.0,1.0,99.2,Excellent,98.4
10-09-21,19.7,6.2,13.3,18.8,4.0,0.0,0.0,0.0,6.8,3.6,3,False,21,61.5,100.0,100.0,93.61950562399676,0,80.4,Nice,False,True,84.0,95.2,100.0,100.0,1.0,96.8,Excellent,94.6
11-09-21,20.6,11.0,15.5,20.4,10.0,0.0,0.0,0.0,6.2,3.4,3,False,21,72.5,100.0,100.0,95.53197221238152,0,85.4,Nice,False,True,88.6,100.0,100.0,100.0,1.0,99.1,Excellent,98.2
12-09-21,21.4,12.1,16.0,21.3,10.0,0.0,0.0,0.0,6.5,3.4,1,False,21,75.0,100.0,100.0,96.05504011803238,0,86.6,Nice,False,True,89.7,100.0,100.0,100.0,1.0,99.2,Excellent,98.4
13-09-21,21.4,11.0,16.4,21.5,9.3,0.0,0.0,0.0,9.0,4.1,3,False,21,77.0,100.0,100.0,93.16585865297307,0,86.4,Nice,False,True,89.2,100.0,100.0,100.0,1.0,98.6,Excellent,97.3
14-09-21,21.8,12.6,16.6,22.4,11.2,0.3,0.3,0.0,8.4,5.0,51,False,21,78.0,98.8,100.0,95.19354147077988,0,87.3,Nice,False,True,90.2,100.0,90.0,100.0,1.0,96.0,Excellent,88.3
15-09-21,22.3,13.6,17.4,22.4,13.1,0.0,0.0,0.0,9.4,3.8,2,False,21,82.0,100.0,100.0,95.52686208508918,0,89.2,Nice,False,True,91.9,100.0,100.0,100.0,1.0,99.1,Excellent,98.2
16-09-21,23.1,11.7,17.2,24.2,10.1,0.0,0.0,0.0,7.8,4.3,3,False,21,81.0,100.0,100.0,95.77044954974355,0,88.9,Nice,False,True,91.7,100.0,100.0,100.0,1.0,99.2,Excellent,98.3
17-09-21,23.3,12.2,16.8,24.5,11.9,0.2,0.2,0.0,8.0,4.2,51,False,21,79.0,99.2,100.0,72.96952626668869,0,80.0,Nice,False,True,81.7,100.0,90.0,100.0,1.0,91.6,Excellent,80.3
18-09-21,16.1,11.2,14.3,16.2,9.9,3.4,3.4,0.0,20.1,9.7,53,False,21,66.5,86.4,79.8,71.71541297144974,0,71.0,Pleasant,False,True,72.9,84.8,75.0,100.0,1.0,80.8,Nice,59.7
19-09-21,17.5,7.9,12.8,13.8,5.6,0.0,0.0,0.0,22.1,10.6,3,False,21,59.0,100.0,75.8,93.60747461581839,0,77.4,Nice,False,True,80.7,75.2,100.0,100.0,1.0,88.8,Nice,82.6
20-09-21,15.7,7.3,11.4,14.6,5.3,5.5,5.5,0.0,17.9,6.2,61,False,21,52.0,78.0,84.2,46.159639167099996,0,55.4,Average,False,False,56.8,78.4,75.0,100.0,1.0,73.1,Pleasant,49.1
21-09-21,12.3,6.0,8.5,7.7,3.4,0.0,0.0,0.0,19.5,13.0,3,False,21,37.5,100.0,81.0,87.88237070575533,0,67.2,Pleasant,False,True,71.4,50.8,100.0,100.0,1.0,77.9,Nice,65.6
22-09-21,10.2,2.8,7.0,6.8,-0.6,2.2,2.2,0.0,12.7,8.1,53,False,21,30.0,91.2,94.6,24.625623808284725,0,41.9,Average,False,False,43.5,47.2,90.0,100.0,1.0,60.8,Pleasant,34.4
23-09-21,9.1,5.5,7.0,5.0,1.8,6.0,6.0,0.0,20.9,13.7,55,False,21,30.0,76.0,78.2,20.892088782856902,0,37.0,Poor,False,False,38.1,40.0,55.0,100.0,1.0,46.7,Average,17.8
24-09-21,16.1,4.1,9.6,13.5,1.4,1.3,1.3,0.0,16.9,7.3,53,False,21,43.0,94.8,86.2,38.40380725495731,0,51.8,Average,False,False,53.3,74.0,90.0,100.0,1.0,74.3,Pleasant,53.8
25-09-21,16.5,9.0,12.4,15.3,6.2,2.4,2.4,0.0,15.6,8.5,61,False,21,57.0,90.4,88.8,94.31769899420756,0,76.5,Nice,False,True,80.1,81.2,90.0,100.0,1.0,88.3,Nice,77.8
26-09-21,18.8,8.8,13.6,18.9,6.9,0.0,0.0,0.0,6.0,3.3,1,False,21,63.0,100.0,100.0,98.27938529683951,0,82.6,Nice,False,True,86.4,95.6,100.0,100.0,1.0,97.9,Excellent,96.7
27-09-21,21.1,6.9,14.4,20.9,5.6,0.0,0.0,0.0,8.8,4.6,2,False,21,67.0,100.0,100.0,98.53883749837718,0,84.3,Nice,False,True,87.9,100.0,100.0,100.0,1.0,99.7,Excellent,99.4
28-09-21,15.8,11.5,13.8,16.0,10.9,9.3,9.3,0.0,6.8,4.2,61,False,21,64.0,62.8,100.0,2.7376670480492944,0,44.0,Average,False,False,42.9,84.0,40.0,100.0,1.0,56.1,Average,20.6
29-09-21,14.3,8.5,11.0,12.2,6.1,2.1,2.1,0.0,11.5,8.3,53,False,21,50.0,91.6,97.0,29.617030463346904,0,51.9,Average,False,False,52.8,68.8,90.0,100.0,1.0,70.4,Pleasant,47.8
30-09-21,15.9,5.0,10.4,14.4,2.1,0.0,0.0,0.0,10.5,6.2,3,False,21,47.0,100.0,99.0,96.27031372511036,0,75.4,Nice,False,True,79.9,77.6,100.0,100.0,1.0,90.3,Excellent,85.1
01-10-21,14.4,4.7,9.1,12.1,2.1,0.0,0.0,0.0,10.8,5.9,3,False,15,70.5,100.0,98.4,94.5994967070478,0,84.2,Nice,False,True,87.4,68.4,100.0,100.0,1.0,86.3,Nice,78.9
02-10-21,16.1,0.7,8.0,14.2,-2.1,0.0,0.0,0.0,8.7,5.8,1,False,15,65.0,100.0,100.0,98.58068767333144,0,83.5,Nice,False,True,87.2,76.8,100.0,100.0,1.0,90.4,Excellent,85.5
03-10-21,17.6,2.7,9.1,16.3,-0.3,0.0,0.0,0.0,10.1,5.7,0,False,15,70.5,100.0,99.8,97.7489907592441,0,85.4,Nice,False,True,88.8,85.2,100.0,100.0,1.0,93.6,Excellent,90.2
04-10-21,17.2,3.2,9.9,15.3,0.3,0.0,0.0,0.0,10.4,6.9,2,False,15,74.5,100.0,99.2,98.02449210179402,0,87.0,Nice,False,True,90.2,81.2,100.0,100.0,1.0,92.1,Excellent,87.9
05-10-21,15.8,4.7,9.3,12.5,1.0,0.0,0.0,0.0,14.8,9.9,1,False,15,71.5,100.0,90.4,96.69719044726448,0,84.7,Nice,False,True,87.7,70.0,100.0,100.0,1.0,87.3,Nice,80.7
06-10-21,13.9,3.6,8.3,11.2,0.2,0.0,0.0,0.0,15.4,9.9,3,False,15,66.5,100.0,89.2,94.01495986829916,0,81.6,Nice,False,True,84.8,64.8,100.0,100.0,1.0,84.7,Nice,76.5
07-10-21,12.6,5.4,8.4,8.5,2.6,0.0,0.0,0.0,18.6,11.2,3,False,15,67.0,100.0,82.8,73.20245220352597,0,74.0,Pleasant,False,True,76.0,54.0,100.0,100.0,1.0,76.2,Nice,61.7
08-10-21,8.7,4.6,6.0,4.3,1.0,0.0,0.0,0.0,16.0,10.3,3,False,15,55.0,100.0,88.0,10.647083681815554,0,47.8,Average,False,False,47.3,37.2,100.0,100.0,1.0,57.0,Average,26.6
09-10-21,7.0,3.3,4.8,3.4,0.2,1.8,1.8,0.0,10.3,5.6,51,False,15,49.0,92.8,99.4,0.7179275260634141,0,41.7,Average,False,False,41.3,33.6,90.0,100.0,1.0,50.6,Average,18.4
10-10-21,13.4,0.7,6.2,9.8,-2.1,0.0,0.0,0.0,12.7,7.1,3,False,15,56.0,100.0,94.6,93.06498827084172,0,77.5,Nice,False,True,81.3,59.2,100.0,100.0,1.0,82.3,Nice,72.7
11-10-21,13.5,2.0,8.0,11.0,-1.7,0.6,0.6,0.0,9.1,6.8,53,False,15,65.0,97.6,100.0,39.56243779189955,0,62.5,Pleasant,False,False,63.2,64.0,90.0,100.0,1.0,70.5,Pleasant,48.8
12-10-21,10.2,6.0,7.9,8.2,4.3,3.1,3.1,0.0,9.7,4.9,55,False,15,64.5,87.6,100.0,23.672847669218335,0,55.2,Average,False,False,55.2,52.8,75.0,100.0,1.0,58.4,Average,30.9
13-10-21,9.4,5.3,6.6,6.0,2.4,0.6,0.6,0.0,13.4,9.3,51,False,15,58.0,97.6,93.2,55.542003373297355,0,64.7,Pleasant,False,False,66.5,44.0,90.0,100.0,1.0,65.7,Pleasant,43.8
14-10-21,8.0,4.8,5.8,5.7,2.6,8.4,8.4,0.0,8.9,4.4,55,False,15,54.0,66.4,100.0,0.0,0,39.6,Poor,False,False,38.9,42.8,55.0,100.0,1.0,43.6,Average,14.1
15-10-21,10.3,4.2,6.9,8.0,2.1,3.2,3.2,0.0,8.4,5.7,53,False,15,59.5,87.2,100.0,10.64780038910368,0,48.6,Average,False,False,48.2,52.0,75.0,100.0,1.0,55.4,Average,26.6
16-10-21,8.7,6.6,7.6,6.8,4.8,9.4,9.4,0.0,8.9,4.1,55,False,15,63.0,62.4,100.0,0.0,0,42.6,Average,False,False,41.4,47.2,40.0,100.0,1.0,40.9,Average,11.3
17-10-21,11.7,6.2,8.5,10.0,4.2,0.7,0.7,0.0,5.5,3.7,51,False,15,67.5,97.2,100.0,52.337234625353524,0,67.9,Pleasant,False,False,69.1,60.0,90.0,100.0,1.0,71.5,Pleasant,51.2
18-10-21,11.1,4.7,7.8,8.3,2.0,0.3,0.3,0.0,12.1,6.5,51,False,15,64.0,98.8,95.8,58.04041713188312,0,68.4,Pleasant,False,False,70.0,53.2,90.0,100.0,1.0,69.9,Pleasant,49.6
19-10-21,11.5,4.1,7.1,9.0,1.6,0.0,0.0,0.0,7.4,5.6,3,False,15,60.5,100.0,100.0,92.90540758505556,0,79.7,Nice,False,True,83.3,56.0,100.0,100.0,1.0,81.0,Nice,70.8
20-10-21,13.9,3.9,7.9,12.1,0.8,0.0,0.0,0.0,6.5,3.2,3,False,15,64.5,100.0,100.0,93.34952083172348,0,81.5,Nice,False,True,84.9,68.4,100.0,100.0,1.0,86.0,Nice,78.4
21-10-21,17.2,2.3,9.3,16.0,-0.3,0.0,0.0,0.0,10.9,5.2,3,False,15,71.5,100.0,98.2,93.79738722166928,0,84.3,Nice,False,True,87.4,84.0,100.0,100.0,1.0,92.4,Excellent,87.9
22-10-21,15.9,5.3,10.5,14.0,2.4,0.0,0.0,0.0,11.7,7.0,3,False,15,77.5,100.0,96.6,82.42657833123847,0,82.6,Nice,False,True,84.8,76.0,100.0,100.0,1.0,86.9,Nice,78.6
23-10-21,13.8,6.4,9.6,11.5,3.2,1.4,1.4,0.0,12.6,7.5,53,False,15,73.0,94.4,94.8,62.49380484227207,0,72.8,Pleasant,False,False,74.2,66.0,90.0,100.0,1.0,75.9,Nice,58.1
24-10-21,8.9,1.2,5.4,4.5,-2.0,0.9,0.9,0.0,16.1,10.1,51,False,15,52.0,96.4,87.8,95.16015454009099,0,75.6,Nice,False,True,79.5,38.0,90.0,100.0,1.0,71.2,Pleasant,54.8
25-10-21,8.8,-2.9,1.8,5.6,-5.9,0.0,0.0,0.0,9.3,4.0,1,False,15,34.0,100.0,100.0,95.6195870349402,0,70.1,Pleasant,False,True,75.1,42.4,100.0,100.0,1.0,76.1,Nice,63.7
26-10-21,13.6,-2.7,3.8,11.2,-5.8,0.0,0.0,0.0,10.6,4.6,0,False,15,44.0,100.0,98.8,96.08093858266203,0,74.1,Pleasant,False,True,78.7,64.8,100.0,100.0,1.0,85.1,Nice,77.3
27-10-21,10.2,-2.8,3.6,7.1,-5.6,0.0,0.0,0.0,8.4,3.9,0,False,15,43.0,100.0,100.0,96.54376020246299,0,74.0,Pleasant,False,True,78.7,48.4,100.0,100.0,1.0,78.7,Nice,67.7
28-10-21,10.9,2.2,5.9,7.9,-1.0,0.0,0.0,0.0,5.8,2.7,2,False,15,54.5,100.0,100.0,97.00758545425148,0,78.8,Nice,False,True,82.9,51.6,100.0,100.0,1.0,80.0,Nice,69.8
29-10-21,16.7,-0.8,6.4,14.2,-3.7,0.0,0.0,0.0,11.8,5.3,0,False,15,57.0,100.0,96.4,97.47195650584698,0,79.6,Nice,False,True,83.6,76.8,100.0,100.0,1.0,90.2,Excellent,85.1
30-10-21,15.4,2.9,7.0,13.6,-0.5,0.0,0.0,0.0,10.8,6.3,3,False,15,60.0,100.0,98.4,97.9363185411406,0,81.1,Nice,False,True,85.0,74.4,100.0,100.0,1.0,89.3,Nice,83.8
31-10-21,12.7,2.1,6.5,10.5,-1.6,0.0,0.0,0.0,11.3,5.6,3,False,15,57.5,100.0,97.4,98.23557645525584,0,80.2,Nice,False,True,84.2,62.0,100.0,100.0,1.0,84.4,Nice,76.5
01-11-21,10.9,-1.0,4.5,8.4,-4.6,0.0,0.0,0.0,9.6,6.0,3,False,8,82.5,100.0,100.0,98.28981081504142,0,90.4,Excellent,False,True,93.2,53.6,100.0,100.0,1.0,81.1,Nice,71.5
02-11-21,14.6,-1.8,5.5,12.0,-5.2,1.3,1.3,0.0,10.0,6.2,53,False,8,87.5,94.8,100.0,68.89418492751575,0,81.3,Nice,False,False,82.4,68.0,90.0,100.0,1.0,78.0,Nice,61.5
03-11-21,10.9,1.3,5.6,8.8,-1.4,0.0,0.0,0.0,8.4,4.1,3,False,8,88.0,100.0,100.0,90.90174330682822,0,90.0,Excellent,False,True,92.2,55.2,100.0,100.0,1.0,80.3,Nice,69.5
04-11-21,21.2,5.1,12.5,21.9,1.9,0.0,0.0,0.0,14.5,7.8,3,False,8,77.5,100.0,91.0,97.06135077626115,0,87.3,Nice,False,True,90.0,100.0,100.0,100.0,1.0,99.4,Excellent,98.8
05-11-21,23.4,7.9,14.8,22.7,6.2,0.0,0.0,0.0,21.0,7.0,3,False,8,66.0,100.0,78.0,91.97338503120585,0,79.8,Nice,False,True,82.7,100.0,100.0,100.0,1.0,98.4,Excellent,96.8
06-11-21,11.7,8.6,9.9,11.0,7.2,0.4,0.4,0.0,8.1,5.7,51,False,8,90.5,98.4,100.0,10.60439469350355,0,62.7,Pleasant,False,False,60.7,64.0,90.0,100.0,1.0,64.7,Pleasant,38.4
07-11-21,18.6,7.3,11.5,17.5,6.0,0.0,0.0,0.0,6.6,4.3,3,False,8,82.5,100.0,100.0,86.36039540240267,0,86.2,Nice,False,True,88.4,90.0,100.0,100.0,1.0,93.3,Excellent,88.5
08-11-21,10.4,5.6,8.3,9.2,3.6,3.6,3.6,0.0,9.7,5.4,53,False,8,98.5,85.6,100.0,41.057335901205,0,74.6,Pleasant,False,False,73.7,56.8,75.0,100.0,1.0,63.4,Pleasant,37.9
09-11-21,7.1,2.3,4.6,5.1,-0.8,15.5,15.5,0.0,11.8,7.0,63,False,8,83.0,38.0,96.4,0.0,0,46.6,Average,True,False,44.4,40.4,20.0,100.0,1.0,32.2,Poor,4.8
10-11-21,9.1,-1.5,3.7,6.3,-4.2,0.0,0.0,0.0,9.5,5.4,3,False,8,78.5,100.0,100.0,98.17740448527086,0,88.8,Nice,False,True,91.7,45.2,100.0,100.0,1.0,77.7,Nice,66.4
11-11-21,9.9,-1.9,4.0,7.2,-5.7,0.0,0.0,0.0,5.6,3.8,3,False,8,80.0,100.0,100.0,98.1642052208863,0,89.4,Nice,False,True,92.3,48.8,100.0,100.0,1.0,79.2,Nice,68.5
12-11-21,10.3,1.6,5.9,7.3,-0.7,0.0,0.0,0.0,4.4,2.0,3,False,8,89.5,100.0,100.0,98.15097956567679,0,93.2,Excellent,False,True,95.6,49.2,100.0,100.0,1.0,79.3,Nice,68.8
13-11-21,14.5,-2.5,3.8,10.8,-5.9,0.0,0.0,0.0,10.3,4.2,3,False,8,79.0,100.0,99.4,96.58836977721896,0,88.4,Nice,False,True,91.2,63.2,100.0,100.0,1.0,84.6,Nice,76.6
14-11-21,9.7,-2.4,4.1,6.8,-5.6,0.0,0.0,0.0,10.9,4.3,3,False,8,80.5,100.0,98.2,85.6444180762625,0,85.0,Nice,False,True,87.3,47.2,100.0,100.0,1.0,76.0,Nice,62.6
15-11-21,8.3,-2.5,2.3,4.8,-5.7,0.0,0.0,0.0,14.6,7.4,3,False,8,71.5,100.0,90.8,70.80949558854243,0,75.6,Nice,False,True,77.4,39.2,100.0,100.0,1.0,69.8,Pleasant,51.8
16-11-21,8.7,-0.2,3.4,5.8,-3.6,0.0,0.0,0.0,8.8,5.5,3,False,8,77.0,100.0,100.0,91.21136444222877,0,85.7,Nice,False,True,88.4,43.2,100.0,100.0,1.0,75.5,Nice,62.4
17-11-21,4.6,-2.0,1.6,1.9,-4.9,0.0,0.0,0.0,6.1,3.1,3,False,8,68.0,100.0,100.0,87.46297629302717,0,80.8,Nice,False,True,83.8,27.6,100.0,100.0,1.0,68.5,Pleasant,51.5
18-11-21,5.7,-1.8,1.6,2.0,-5.6,0.0,0.0,0.0,10.9,6.0,3,False,8,68.0,100.0,98.2,75.63453205186691,0,76.5,Nice,False,True,78.9,28.0,100.0,100.0,1.0,66.3,Pleasant,47.1
19-11-21,4.7,0.8,2.2,0.4,-2.6,2.7,2.7,0.0,15.7,9.6,53,False,8,71.0,89.2,88.6,18.91635772651777,0,55.5,Average,False,False,54.7,21.6,90.0,100.0,1.0,49.4,Average,18.5
20-11-21,5.4,2.1,4.0,3.3,-0.7,2.0,2.0,0.0,13.4,6.9,51,False,8,80.0,92.0,93.2,0.0,0,53.3,Average,False,False,51.1,33.2,90.0,100.0,1.0,50.3,Average,17.9
21-11-21,6.3,-0.7,3.0,4.4,-3.1,0.0,0.0,0.0,5.2,2.9,3,False,8,75.0,100.0,100.0,92.0158874627066,0,85.2,Nice,False,True,88.1,37.6,100.0,100.0,1.0,73.4,Pleasant,59.4
22-11-21,7.7,1.1,3.9,5.8,-1.6,0.0,0.0,0.0,3.6,2.1,3,False,8,79.5,100.0,100.0,87.01089306655216,0,85.3,Nice,False,True,87.6,43.2,100.0,100.0,1.0,74.7,Pleasant,60.7
23-11-21,4.7,1.9,2.9,2.4,-0.9,5.9,5.9,0.0,10.1,6.0,53,False,8,74.5,76.4,99.8,0.0,0,49.2,Average,False,False,47.5,29.6,75.0,100.0,1.0,44.3,Average,13.3
24-11-21,3.6,-3.1,-0.0,0.4,-6.3,0.4,0.4,0.0,9.4,4.3,51,False,8,60.0,98.4,100.0,91.34510492742905,0,78.7,Nice,False,True,82.3,21.6,90.0,100.0,1.0,63.9,Pleasant,44.5
25-11-21,7.1,-3.9,-0.2,3.7,-7.8,0.0,0.0,0.0,9.2,4.7,1,False,8,59.0,100.0,100.0,91.72763600771113,0,78.7,Nice,False,True,82.3,34.8,100.0,100.0,1.0,72.3,Pleasant,57.6
26-11-21,10.8,-4.1,1.6,6.9,-7.9,0.3,0.3,0.0,21.3,6.8,51,False,8,68.0,98.8,77.4,66.5897354510273,0,71.5,Pleasant,False,False,73.0,47.6,90.0,100.0,1.0,69.4,Pleasant,49.7
27-11-21,10.8,0.9,5.7,8.9,-2.7,0.1,0.1,0.0,15.8,9.5,51,False,8,88.5,99.6,88.4,71.0030759996999,0,82.3,Nice,False,True,83.2,55.6,90.0,100.0,1.0,73.4,Pleasant,55.6
28-11-21,13.2,2.1,6.1,11.6,-1.1,0.0,0.0,0.0,12.0,6.8,3,False,8,90.5,100.0,96.0,90.45876666826422,0,90.5,Excellent,False,True,92.5,66.4,100.0,100.0,1.0,84.7,Nice,76.0
29-11-21,6.4,0.5,4.0,3.8,-3.2,2.8,2.8,0.0,18.4,9.3,53,False,8,80.0,88.8,83.2,6.807997327320627,0,54.4,Average,False,False,52.4,35.2,90.0,100.0,1.0,52.4,Average,21.5
30-11-21,1.8,-2.0,-0.2,-3.3,-6.6,2.4,0.0,1.75,19.0,12.9,73,False,8,59.0,90.4,82.0,26.343977155286613,-20,52.5,Average,False,False,52.9,6.8,100.0,100.0,1.0,48.0,Average,14.6
01-12-21,3.7,-3.4,0.7,-0.4,-7.2,3.6,1.0,1.82,25.9,11.1,75,False,2,93.5,85.6,68.2,40.88908857398177,10,70.2,Pleasant,False,False,68.7,18.4,90.0,100.0,1.0,52.5,Average,24.7
02-12-21,10.8,-2.0,3.2,7.6,-5.5,0.0,0.0,0.0,11.1,5.8,3,False,2,94.0,100.0,97.8,89.55761337667342,0,91.8,Excellent,False,True,93.5,50.4,100.0,100.0,1.0,78.1,Nice,66.1
03-12-21,11.5,-0.4,5.1,8.4,-4.2,4.7,4.7,0.0,21.1,11.8,61,False,2,84.5,81.2,77.8,56.128761874351405,0,71.8,Pleasant,False,False,72.0,53.6,75.0,100.0,1.0,65.2,Pleasant,41.0
04-12-21,4.0,-0.5,1.2,0.9,-3.8,0.6,0.1,0.35,8.3,4.7,71,False,2,96.0,97.6,100.0,58.72987436249534,0,81.6,Nice,False,False,81.7,23.6,90.0,100.0,1.0,58.2,Average,33.9
05-12-21,4.8,-2.2,0.1,1.8,-5.7,0.0,0.0,0.0,8.7,4.7,3,False,2,90.5,100.0,100.0,80.92609751021217,0,87.5,Nice,False,True,89.0,27.2,100.0,100.0,1.0,67.1,Pleasant,48.7
06-12-21,9.3,-0.5,3.9,7.4,-3.8,0.7,0.7,0.0,8.8,4.8,51,False,2,90.5,97.2,100.0,63.68278023363631,0,81.1,Nice,False,False,81.7,49.6,90.0,100.0,1.0,69.6,Pleasant,49.7
07-12-21,2.7,-0.1,1.6,0.3,-3.7,6.2,3.8,1.68,10.4,5.3,73,False,2,98.0,75.2,99.2,0.0,10,58.6,Average,False,False,55.5,21.2,75.0,100.0,1.0,41.0,Average,9.5
08-12-21,1.0,-0.5,0.0,-2.5,-4.0,5.8,0.0,4.06,12.2,8.0,73,False,2,90.0,76.8,95.6,0.0,10,55.4,Average,False,False,52.6,10.0,100.0,100.0,1.0,44.0,Average,6.0
09-12-21,8.1,-2.9,1.7,5.6,-6.0,0.0,0.0,0.0,8.8,5.1,3,False,2,98.5,100.0,100.0,77.81713356558905,0,89.6,Nice,False,True,90.6,42.4,100.0,100.0,1.0,72.5,Pleasant,56.6
10-12-21,5.9,0.7,3.1,3.8,-2.4,2.9,2.9,0.0,13.5,6.8,53,False,2,94.5,88.4,93.0,23.68495085376262,0,66.8,Pleasant,False,False,65.1,35.2,90.0,100.0,1.0,55.8,Average,27.5
11-12-21,7.6,0.2,3.6,5.4,-3.0,9.5,8.1,0.98,9.2,5.1,73,False,2,92.0,62.0,100.0,46.874726293007704,0,70.5,Pleasant,False,False,70.2,41.6,55.0,100.0,1.0,52.5,Average,24.0
12-12-21,10.6,0.6,6.8,8.5,-1.9,30.2,30.2,0.0,17.3,10.2,63,False,2,76.0,0.0,85.4,24.996758179240906,0,46.0,Average,True,False,45.1,54.0,0.0,100.0,1.0,36.6,Poor,0.0
13-12-21,4.0,1.0,2.9,1.8,-1.8,7.1,7.1,0.0,9.4,6.5,55,False,2,95.5,71.6,100.0,0.0,0,56.9,Average,False,False,54.2,27.2,55.0,100.0,1.0,37.4,Poor,9.0
14-12-21,2.9,0.5,1.6,-0.3,-2.9,2.5,2.2,0.21,9.7,7.4,71,False,2,98.0,90.0,100.0,0.0,0,60.7,Pleasant,False,False,57.8,18.8,90.0,100.0,1.0,44.5,Average,10.2
15-12-21,0.7,-0.7,-0.2,-3.1,-4.9,2.0,0.0,1.4,13.0,9.9,73,False,2,89.0,92.0,94.0,0.0,10,57.1,Average,False,False,54.4,7.6,100.0,100.0,1.0,43.0,Average,4.6
16-12-21,0.3,-2.8,-1.0,-3.6,-6.0,0.3,0.0,0.21,11.7,7.2,71,False,2,85.0,98.8,96.6,8.935963588547006,0,59.7,Average,False,False,57.8,5.6,100.0,100.0,1.0,44.0,Average,6.9
17-12-21,2.0,-1.5,-0.2,-2.2,-5.6,7.2,0.0,5.04,17.1,11.3,73,False,2,89.0,71.2,85.8,50.80695452378853,20,71.3,Pleasant,False,False,70.7,11.2,100.0,100.0,1.0,54.6,Average,27.0
18-12-21,-0.5,-4.9,-2.0,-5.0,-8.9,2.3,0.0,1.61,16.8,11.8,71,False,2,80.0,90.8,86.4,7.510697991395576,10,55.4,Average,False,False,53.3,0.0,100.0,100.0,1.0,41.5,Average,3.0
19-12-21,0.9,-5.2,-1.4,-2.6,-9.2,0.9,0.0,0.63,14.7,8.3,71,False,2,83.0,96.4,90.6,0.0,0,54.9,Average,False,False,52.6,9.6,100.0,100.0,1.0,43.8,Average,5.8
20-12-21,-0.1,-3.6,-1.5,-3.4,-8.5,3.9,0.0,2.73,24.9,14.4,73,False,2,82.5,84.4,70.2,60.77133401870199,10,72.7,Pleasant,False,False,72.9,6.4,100.0,100.0,1.0,54.7,Average,28.1
21-12-21,-2.8,-10.7,-5.4,-7.8,-15.6,2.4,0.0,1.68,23.0,16.3,73,False,2,63.0,90.4,74.0,81.77081917109435,10,73.5,Pleasant,False,True,75.7,0.0,100.0,100.0,1.0,56.4,Average,32.7
22-12-21,-4.6,-14.3,-9.0,-9.5,-19.3,0.7,0.0,0.49,12.3,9.0,71,False,2,45.0,97.2,95.4,10.417582333217535,0,43.9,Average,False,False,44.0,0.0,100.0,100.0,1.0,42.1,Average,4.2
23-12-21,-4.7,-17.5,-11.1,-8.8,-21.9,0.0,0.0,0.0,10.8,5.8,3,False,2,34.5,100.0,98.4,95.31341997627591,0,70.0,Pleasant,False,True,75.0,0.0,100.0,100.0,1.0,59.1,Average,38.1
24-12-21,3.4,-12.9,-2.0,0.3,-17.0,0.8,0.8,0.0,8.0,4.6,51,False,2,80.0,96.8,100.0,1.257136974603736,0,55.0,Average,False,False,53.0,21.2,90.0,100.0,1.0,45.7,Average,11.9
25-12-21,8.1,1.3,4.6,6.6,-2.2,0.2,0.2,0.0,17.7,7.1,51,False,2,87.0,99.2,84.6,78.29289023805718,0,83.9,Nice,False,True,85.1,46.4,90.0,100.0,1.0,71.2,Pleasant,53.2
26-12-21,4.9,0.6,3.4,2.5,-2.2,6.3,6.3,0.0,9.4,6.2,61,False,2,93.0,74.8,100.0,0.0,0,56.4,Average,False,False,53.8,30.0,55.0,100.0,1.0,38.5,Poor,9.9
27-12-21,5.1,-0.7,2.4,2.4,-4.0,4.2,4.1,0.07,10.3,4.6,71,False,2,98.0,83.2,99.4,5.229153564907035,0,61.5,Pleasant,False,False,58.8,29.6,75.0,100.0,1.0,45.4,Average,14.9
28-12-21,1.9,-3.1,0.2,-0.5,-6.0,1.5,0.5,0.7,8.7,5.7,73,False,2,91.0,94.0,100.0,2.727517014706712,0,59.5,Average,False,False,57.0,18.0,90.0,100.0,1.0,44.7,Average,10.7
29-12-21,7.4,-3.3,1.4,4.9,-6.4,0.2,0.2,0.0,8.2,4.4,51,False,2,97.0,99.2,100.0,77.01296844606945,0,88.6,Nice,False,True,89.6,39.6,90.0,100.0,1.0,68.2,Pleasant,49.1
30-12-21,3.2,1.5,2.1,0.6,-1.3,0.2,0.2,0.0,7.2,5.2,51,False,2,99.5,99.2,100.0,0.0,0,62.7,Pleasant,False,False,59.7,22.4,90.0,100.0,1.0,46.0,Average,12.1
31-12-21,5.3,2.0,3.6,2.8,-0.9,1.8,1.8,0.0,7.9,5.1,51,False,2,92.0,92.8,100.0,0.0,0,58.7,Average,False,False,56.1,31.2,90.0,100.0,1.0,49.5,Average,16.8
01-01-22,7.6,4.8,6.2,4.5,2.9,4.4,4.4,0.0,15.8,10.3,53,False,0,69.0,82.4,88.4,0.0,0,47.0,Average,False,False,45.4,38.0,75.0,100.0,1.0,47.7,Average,17.1
02-01-22,7.9,1.6,5.5,4.8,-1.2,2.4,2.4,0.0,14.1,9.1,51,False,0,72.5,90.4,91.8,73.589472178153,0,75.7,Nice,False,True,77.6,39.2,90.0,100.0,1.0,67.4,Pleasant,47.7
03-01-22,11.6,0.4,4.9,7.2,-3.1,0.7,0.7,0.0,21.0,10.3,51,False,0,75.5,97.2,78.0,67.53800218012923,0,74.7,Pleasant,False,False,75.8,48.8,90.0,100.0,1.0,70.0,Pleasant,50.7
04-01-22,10.5,1.1,5.0,8.8,-1.9,0.0,0.0,0.0,18.0,9.0,3,False,0,75.0,100.0,84.0,91.36135320815237,0,83.7,Nice,False,True,86.2,55.2,100.0,100.0,1.0,80.4,Nice,69.7
05-01-22,13.0,0.5,5.4,11.0,-3.0,0.0,0.0,0.0,10.0,4.7,3,False,0,73.0,100.0,100.0,97.46349358982425,0,86.3,Nice,False,True,89.5,64.0,100.0,100.0,1.0,85.1,Nice,77.4
06-01-22,8.0,-0.3,4.0,5.6,-3.6,0.7,0.6,0.07,21.3,7.9,71,False,0,80.0,97.2,77.4,71.47162947459364,0,77.8,Nice,False,True,78.9,42.4,90.0,100.0,1.0,68.3,Pleasant,48.6
07-01-22,1.0,-1.2,0.1,-1.9,-5.0,0.3,0.0,0.21,12.6,6.9,71,False,0,99.5,98.8,94.8,2.2889448825604766,0,63.0,Pleasant,False,False,60.0,12.4,100.0,100.0,1.0,45.4,Average,8.4
08-01-22,5.1,-1.2,1.8,1.8,-4.7,0.0,0.0,0.0,8.9,5.9,3,False,0,91.0,100.0,100.0,56.46418058512499,0,79.2,Nice,False,False,79.4,27.2,100.0,100.0,1.0,62.2,Pleasant,38.9
09-01-22,4.1,0.4,2.2,1.8,-2.3,0.1,0.1,0.0,10.5,4.3,51,False,0,89.0,99.6,99.0,3.8335116168812204,0,59.8,Average,False,False,57.5,27.2,90.0,100.0,1.0,48.6,Average,16.1
10-01-22,2.6,-0.7,0.8,-1.0,-4.2,0.6,0.1,0.35,12.2,7.1,71,False,0,96.0,97.6,95.6,0.0,0,60.7,Pleasant,False,False,57.8,16.0,90.0,100.0,1.0,43.4,Average,8.6
11-01-22,-1.1,-6.3,-2.7,-4.2,-10.5,0.0,0.0,0.0,13.8,7.9,3,False,0,86.5,100.0,92.4,81.15548538586893,0,85.4,Nice,False,True,87.0,3.2,100.0,100.0,1.0,57.5,Average,34.4
12-01-22,-3.1,-8.4,-6.2,-7.5,-12.6,0.0,0.0,0.0,7.6,5.3,3,False,0,69.0,100.0,100.0,97.98306998927441,0,84.9,Nice,False,True,88.3,0.0,100.0,100.0,1.0,59.6,Average,39.2
13-01-22,-2.3,-8.2,-5.8,-7.4,-12.6,0.0,0.0,0.0,14.8,7.3,3,False,0,71.0,100.0,90.4,88.65426724462931,0,81.7,Nice,False,True,84.4,0.0,100.0,100.0,1.0,57.7,Average,35.5
14-01-22,0.7,-4.3,-3.0,-4.2,-8.1,0.0,0.0,0.0,14.8,7.5,3,False,0,85.0,100.0,90.4,41.711141696694156,0,70.8,Pleasant,False,False,70.5,3.2,100.0,100.0,1.0,49.6,Average,18.6
15-01-22,-0.6,-3.0,-1.7,-5.3,-8.7,0.4,0.0,0.28,26.5,18.8,71,False,0,91.5,98.4,67.0,30.79408450514775,0,67.5,Pleasant,False,False,65.8,0.0,100.0,100.0,1.0,46.2,Average,12.3
16-01-22,1.5,-4.7,-2.3,-2.7,-8.5,0.0,0.0,0.0,12.9,5.8,3,False,0,88.5,100.0,94.2,97.86354078891492,0,92.2,Excellent,False,True,94.5,9.2,100.0,100.0,1.0,63.3,Pleasant,44.7
17-01-22,0.4,-5.2,-2.2,-4.8,-9.8,4.0,0.0,2.8,29.8,12.4,75,False,0,89.0,84.0,60.4,13.25763348003393,10,57.9,Average,False,False,55.1,0.8,100.0,100.0,1.0,43.0,Average,5.8
18-01-22,-0.8,-4.1,-3.1,-8.1,-10.8,2.4,0.0,1.68,31.7,25.1,73,False,0,84.5,90.4,56.6,7.994892076669663,10,54.9,Average,False,False,52.0,0.0,100.0,83.0,1.0,39.9,Poor,2.7
19-01-22,-1.9,-6.6,-4.5,-7.1,-10.7,0.0,0.0,0.0,18.7,11.4,3,False,0,77.5,100.0,82.6,97.53515885141223,0,86.7,Nice,False,True,89.4,0.0,100.0,100.0,1.0,59.5,Average,39.0
20-01-22,1.7,-7.0,-3.3,-2.4,-10.6,0.0,0.0,0.0,8.0,3.6,3,False,0,83.5,100.0,100.0,97.26683204029489,0,90.4,Excellent,False,True,93.1,10.4,100.0,100.0,1.0,63.6,Pleasant,45.1
21-01-22,-0.8,-6.3,-3.6,-5.5,-10.9,2.7,0.0,1.89,19.5,11.6,73,False,0,82.0,89.2,81.0,96.89516780209462,10,86.8,Nice,False,True,88.9,0.0,100.0,100.0,1.0,59.4,Average,38.8
22-01-22,-4.0,-7.1,-5.9,-9.3,-12.0,1.6,0.0,1.12,15.6,11.5,73,False,0,70.5,93.6,88.8,64.62979154409301,10,72.2,Pleasant,False,False,73.4,0.0,100.0,100.0,1.0,52.9,Average,25.9
23-01-22,-4.2,-8.0,-6.4,-9.4,-13.1,3.8,0.0,2.66,22.8,12.8,73,False,0,68.0,84.8,74.4,29.802205067215503,10,56.5,Average,False,False,55.9,0.0,100.0,100.0,1.0,46.0,Average,11.9
24-01-22,-7.1,-13.0,-9.4,-12.2,-18.1,0.7,0.0,0.49,11.9,7.5,71,False,0,53.0,97.2,96.2,57.783867844565584,0,63.7,Pleasant,False,False,65.9,0.0,100.0,100.0,1.0,51.6,Average,23.1
25-01-22,-7.3,-17.6,-12.1,-12.1,-23.0,1.2,0.0,0.84,12.8,8.8,73,False,0,39.5,95.2,94.4,89.55542847354525,0,69.0,Pleasant,False,True,73.4,0.0,100.0,100.0,1.0,57.9,Average,35.8
26-01-22,-4.7,-7.8,-6.3,-8.5,-12.1,3.6,0.0,2.52,14.9,9.0,73,False,0,68.5,85.6,90.2,0.0,10,47.7,Average,False,False,45.8,0.0,100.0,100.0,1.0,40.0,Average,0.0
27-01-22,-0.3,-6.4,-3.4,-4.0,-10.4,1.3,0.1,0.91,8.3,6.4,71,False,0,83.0,94.8,100.0,13.571963246849325,0,60.2,Pleasant,False,False,58.7,4.0,90.0,100.0,1.0,41.3,Average,7.0
28-01-22,0.7,-5.4,-2.0,-3.5,-9.2,0.3,0.0,0.21,18.4,9.7,71,False,0,90.0,98.8,83.2,31.02388835538923,0,68.3,Pleasant,False,False,67.0,6.0,100.0,100.0,1.0,48.6,Average,16.0
29-01-22,-0.9,-7.8,-2.7,-5.1,-12.5,3.2,0.0,2.24,17.3,12.9,73,False,0,86.5,87.2,85.4,12.131221045354021,10,59.0,Average,False,False,56.7,0.0,100.0,100.0,1.0,42.4,Average,4.9
30-01-22,2.7,-11.6,-3.4,-1.5,-16.7,2.4,0.1,1.68,21.8,11.0,73,False,0,83.0,90.4,76.4,24.0364190960655,10,61.5,Pleasant,False,False,59.9,14.0,90.0,100.0,1.0,47.4,Average,16.2
31-01-22,1.2,-3.6,-1.1,-3.6,-7.7,1.6,0.0,1.12,20.5,12.9,73,False,0,94.5,93.6,79.0,81.13083789840388,10,86.8,Nice,False,True,87.5,5.6,100.0,100.0,1.0,58.5,Average,35.8
01-02-22,1.3,-7.0,-2.4,-2.6,-10.4,0.3,0.0,0.21,7.1,3.7,71,False,2,78.0,98.8,100.0,59.621001362045966,0,74.9,Pleasant,False,False,76.0,9.6,100.0,100.0,1.0,55.8,Average,29.6
02-02-22,1.4,-4.3,-1.7,-2.7,-7.8,0.0,0.0,0.0,11.6,5.9,3,False,2,81.5,100.0,96.8,82.85206892849291,0,84.3,Nice,False,True,86.3,9.2,100.0,100.0,1.0,60.3,Pleasant,38.7
03-02-22,0.2,-4.5,-1.5,-4.9,-9.1,1.2,0.1,0.77,19.7,12.4,73,False,2,82.5,95.2,80.6,18.620585337304757,0,60.2,Pleasant,False,False,58.7,0.4,90.0,100.0,1.0,40.9,Average,6.9
04-02-22,2.6,-4.9,-2.2,-0.7,-9.5,0.0,0.0,0.0,11.2,5.4,3,False,2,79.0,100.0,97.6,91.30383149773506,0,86.4,Nice,False,True,88.9,17.2,100.0,100.0,1.0,65.1,Pleasant,46.8
05-02-22,6.2,-4.4,0.4,2.6,-8.2,1.1,0.4,0.49,14.4,6.3,73,False,2,92.0,95.6,91.2,69.42774315524123,0,82.7,Nice,False,False,83.4,30.4,90.0,100.0,1.0,63.0,Pleasant,41.4
06-02-22,3.7,-5.9,-0.3,-1.2,-10.4,0.0,0.0,0.0,17.8,9.5,3,False,2,88.5,100.0,84.4,90.32343316024131,0,88.8,Nice,False,True,90.5,15.2,100.0,100.0,1.0,64.1,Pleasant,45.2
07-02-22,8.5,-6.6,1.2,3.5,-10.3,2.7,2.1,0.42,21.3,11.7,73,False,2,96.0,89.2,77.4,32.001074338270605,0,69.2,Pleasant,False,False,67.5,34.0,90.0,100.0,1.0,57.0,Average,29.9
08-02-22,0.7,-2.6,-1.2,-5.7,-7.7,2.7,0.0,1.89,24.5,18.6,73,False,2,84.0,89.2,71.0,57.8831528192779,10,73.1,Pleasant,False,False,73.0,0.0,100.0,100.0,1.0,51.6,Average,23.2
09-02-22,3.1,-2.0,0.2,-2.0,-6.6,0.6,0.1,0.35,22.5,12.0,71,False,2,91.0,97.6,75.0,43.19292983819809,0,72.2,Pleasant,False,False,71.3,12.0,90.0,100.0,1.0,50.4,Average,22.0
10-02-22,8.1,-2.1,2.3,5.5,-5.5,0.0,0.0,0.0,7.4,5.0,3,False,2,98.5,100.0,100.0,93.47823589209369,0,95.1,Excellent,False,True,96.9,42.0,100.0,100.0,1.0,75.5,Nice,62.6
11-02-22,10.1,-1.3,4.4,5.9,-5.2,0.0,0.0,0.0,12.6,5.6,2,False,2,88.0,100.0,94.8,94.70515024228763,0,90.9,Excellent,False,True,93.2,43.6,100.0,100.0,1.0,76.4,Nice,64.0
12-02-22,3.8,-3.5,1.0,0.7,-7.4,0.5,0.5,0.0,19.0,11.1,51,False,2,95.0,98.0,82.0,62.4522930372157,0,81.1,Nice,False,False,81.1,22.8,90.0,100.0,1.0,58.6,Average,34.8
13-02-22,4.7,-6.9,-1.3,1.2,-11.0,0.0,0.0,0.0,12.1,5.6,3,False,2,83.5,100.0,95.8,73.82417644069606,0,81.9,Nice,False,True,83.3,24.8,100.0,100.0,1.0,64.7,Pleasant,44.4
14-02-22,4.7,-5.7,-1.2,0.8,-8.9,0.0,0.0,0.0,7.8,3.9,3,False,2,84.0,100.0,100.0,81.71014427392717,0,85.2,Nice,False,True,87.1,23.2,100.0,100.0,1.0,65.6,Pleasant,46.6
15-02-22,8.5,-5.3,0.9,4.9,-8.5,0.0,0.0,0.0,7.8,3.7,2,False,2,94.5,100.0,100.0,96.54013017792265,0,94.6,Excellent,False,True,96.7,39.6,100.0,100.0,1.0,75.1,Nice,62.4
16-02-22,11.2,-2.5,3.1,8.4,-5.5,0.0,0.0,0.0,9.7,4.5,3,False,2,94.5,100.0,100.0,63.427465068841336,0,83.0,Nice,False,False,83.4,53.6,100.0,100.0,1.0,74.1,Pleasant,57.5
17-02-22,10.5,-1.1,3.6,7.2,-4.6,0.4,0.4,0.0,13.8,6.7,51,False,2,92.0,98.4,92.4,81.59212141738283,0,87.5,Nice,False,True,88.8,48.8,90.0,100.0,1.0,72.8,Pleasant,55.7
18-02-22,5.3,-1.1,2.6,-0.2,-5.0,6.3,2.2,2.87,25.1,16.6,75,False,2,97.0,74.8,69.8,82.66169145058743,10,84.7,Nice,False,True,85.2,19.2,90.0,100.0,1.0,61.2,Pleasant,40.1
19-02-22,13.4,-2.5,4.5,9.3,-6.9,0.0,0.0,0.0,20.0,10.0,3,False,2,87.5,100.0,80.0,93.3945778215434,0,89.1,Nice,False,True,91.0,57.2,100.0,100.0,1.0,81.6,Nice,71.7
20-02-22,4.9,-0.4,1.9,1.8,-4.3,2.4,0.8,1.12,9.7,6.2,73,False,2,99.5,90.4,100.0,25.092491765182,10,70.3,Pleasant,False,False,68.4,27.2,90.0,100.0,1.0,52.9,Average,23.7
21-02-22,11.4,-2.5,2.7,8.1,-6.0,0.0,0.0,0.0,8.7,5.8,3,False,2,96.5,100.0,100.0,98.49748889503599,0,96.1,Excellent,False,True,98.2,52.4,100.0,100.0,1.0,80.7,Nice,70.8
22-02-22,4.4,-1.4,2.0,0.8,-4.7,1.9,1.9,0.0,13.0,6.9,53,False,2,100.0,92.4,94.0,0.0,0,61.4,Pleasant,False,False,58.3,23.2,90.0,100.0,1.0,46.3,Average,12.5
23-02-22,5.5,0.3,2.4,1.3,-3.4,1.2,0.0,0.84,15.4,8.7,73,False,2,98.0,95.2,89.2,61.18451213545328,0,82.0,Nice,False,False,82.0,25.2,100.0,100.0,1.0,62.3,Pleasant,39.6
24-02-22,3.1,-6.3,-0.2,-1.2,-10.5,3.3,0.0,2.31,15.0,9.7,73,False,2,89.0,86.8,90.0,76.32154207954468,10,82.7,Nice,False,True,83.7,15.2,100.0,100.0,1.0,61.3,Pleasant,39.6
25-02-22,6.7,-9.4,-1.6,2.7,-13.3,0.0,0.0,0.0,11.3,5.0,2,False,2,82.0,100.0,97.4,98.53817726687502,0,90.1,Excellent,False,True,92.9,30.8,100.0,100.0,1.0,72.0,Pleasant,57.9
26-02-22,4.3,-2.9,0.7,-0.1,-6.8,0.0,0.0,0.0,14.8,7.3,3,False,2,93.5,100.0,90.4,76.40266258192034,0,86.4,Nice,False,True,87.3,19.6,100.0,100.0,1.0,63.1,Pleasant,42.3
27-02-22,3.8,-4.5,-0.6,-1.4,-8.4,0.0,0.0,0.0,18.3,9.1,3,False,2,87.0,100.0,83.4,73.2530448459429,0,82.1,Nice,False,True,83.1,14.4,100.0,100.0,1.0,60.4,Pleasant,37.9
28-02-22,-0.6,-3.4,-2.0,-4.9,-7.3,2.0,0.2,1.26,17.8,9.7,73,False,2,80.0,92.0,84.4,11.228876432539419,10,56.7,Average,False,False,54.7,0.4,90.0,100.0,1.0,39.4,Poor,4.3
01-03-22,-0.8,-2.9,-1.9,-4.5,-7.1,2.9,0.0,2.03,10.9,7.3,73,False,8,50.5,88.4,98.2,0.0,-20,40.9,Average,False,False,40.8,2.0,100.0,100.0,1.0,40.8,Average,1.2
02-03-22,0.3,-3.7,-1.8,-4.1,-7.3,2.4,0.0,1.75,12.2,6.3,73,False,8,51.0,90.4,95.6,2.9147472823804623,-20,42.2,Average,False,False,42.1,3.6,100.0,100.0,1.0,42.0,Average,3.3
03-03-22,0.6,-6.2,-2.0,-3.8,-10.4,1.0,0.0,0.7,16.6,9.9,71,False,8,50.0,96.0,86.8,45.85275282771912,-20,57.0,Average,False,False,58.9,4.8,100.0,100.0,1.0,51.1,Average,21.2
04-03-22,3.2,-4.9,-0.9,-0.1,-8.7,5.0,0.0,3.5,7.0,4.4,73,False,8,55.5,80.0,100.0,62.6288547489128,-20,63.7,Pleasant,False,False,66.5,19.6,100.0,100.0,1.0,60.4,Pleasant,36.8
05-03-22,2.1,-7.6,-1.4,-1.2,-11.8,1.7,0.1,1.12,7.9,3.4,73,False,8,53.0,93.2,100.0,58.604073439330904,-20,63.3,Pleasant,False,False,66.0,15.2,90.0,100.0,1.0,54.8,Average,29.3
06-03-22,3.6,-8.5,-2.6,-0.0,-12.8,0.0,0.0,0.0,10.5,6.5,3,False,8,47.0,100.0,99.0,96.58449423749103,0,75.5,Nice,False,True,80.0,20.0,100.0,100.0,1.0,67.3,Pleasant,50.6
07-03-22,0.9,-3.2,-1.6,-2.4,-6.7,6.2,0.0,4.34,10.4,4.3,73,False,8,52.0,75.2,99.2,7.809434333282353,-20,42.3,Average,False,False,42.5,10.4,100.0,100.0,1.0,45.7,Average,9.4
08-03-22,-1.4,-7.9,-4.1,-5.7,-12.7,5.6,0.0,3.99,10.3,6.8,75,False,8,39.5,77.6,99.4,64.01772922744286,-20,57.4,Average,False,False,61.0,0.0,100.0,100.0,1.0,52.8,Average,25.6
09-03-22,-3.1,-9.3,-5.5,-6.6,-14.3,4.0,0.1,2.8,11.2,4.8,73,False,8,32.5,84.0,97.6,40.51418192383138,-20,47.2,Average,False,False,49.9,0.0,90.0,100.0,1.0,45.1,Average,14.6
10-03-22,-2.8,-12.0,-6.5,-7.1,-16.7,1.9,0.0,1.33,10.1,6.4,73,False,8,27.5,92.4,99.8,85.30951829780797,-20,62.3,Pleasant,False,True,67.6,0.0,100.0,100.0,1.0,57.1,Average,34.1
11-03-22,-3.8,-13.6,-8.3,-8.9,-18.9,0.0,0.0,0.0,17.6,10.3,3,False,8,18.5,100.0,84.8,65.78794994002467,0,52.2,Average,False,False,56.3,0.0,100.0,100.0,1.0,53.2,Average,26.3
12-03-22,-2.2,-11.1,-7.3,-5.8,-16.1,0.0,0.0,0.0,12.8,8.5,3,False,8,23.5,100.0,94.4,93.92236889291141,0,64.8,Pleasant,False,True,70.2,0.0,100.0,100.0,1.0,58.8,Average,37.6
13-03-22,0.7,-9.7,-3.7,-3.2,-15.1,0.6,0.0,0.42,13.4,8.6,71,False,8,41.5,97.6,93.2,36.53717443288767,-20,51.1,Average,False,False,53.1,7.2,100.0,100.0,1.0,50.2,Average,18.9
14-03-22,6.0,-6.0,-0.9,2.4,-9.9,0.0,0.0,0.0,8.1,4.3,3,False,8,55.5,100.0,100.0,93.05882234060327,0,77.8,Nice,False,True,81.6,29.6,100.0,100.0,1.0,70.5,Pleasant,55.0
15-03-22,7.3,-3.5,1.2,3.0,-8.0,0.0,0.0,0.0,9.6,7.4,3,False,8,66.0,100.0,100.0,93.19868227729394,0,82.0,Nice,False,True,85.4,32.0,100.0,100.0,1.0,71.4,Pleasant,56.5
16-03-22,9.3,-5.2,1.4,6.2,-9.0,0.9,0.9,0.0,8.4,4.7,51,False,8,67.0,96.4,100.0,24.195696659280514,0,57.7,Average,False,False,57.6,44.8,90.0,100.0,1.0,59.8,Average,32.9
17-03-22,2.4,-3.7,-0.8,-2.3,-8.2,0.2,0.0,0.14,16.1,9.8,71,False,8,56.0,99.2,87.8,49.532055393515044,-20,61.2,Pleasant,False,False,63.1,10.8,100.0,100.0,1.0,54.2,Average,26.3
18-03-22,3.0,-7.3,-2.8,-1.0,-11.4,0.0,0.0,0.0,12.6,5.4,3,False,8,46.0,100.0,94.8,93.05199231493802,0,73.6,Pleasant,False,True,77.8,16.0,100.0,100.0,1.0,65.0,Pleasant,46.8
19-03-22,2.3,-6.8,-3.2,-2.4,-11.0,0.0,0.0,0.0,14.3,7.9,2,False,8,44.0,100.0,91.4,92.5023006688135,0,72.3,Pleasant,False,True,76.5,10.4,100.0,100.0,1.0,62.7,Pleasant,43.2
20-03-22,5.8,-8.7,-1.9,1.4,-13.3,0.0,0.0,0.0,15.9,6.5,2,False,8,50.5,100.0,88.2,93.46219307646463,0,75.0,Nice,False,True,78.9,25.6,100.0,100.0,1.0,68.9,Pleasant,52.7
21-03-22,8.9,-5.2,0.7,4.6,-9.9,0.0,0.0,0.0,12.3,7.2,0,False,8,63.5,100.0,95.4,94.11955566909889,0,81.0,Nice,False,True,84.4,38.4,100.0,100.0,1.0,74.2,Pleasant,60.7
22-03-22,12.2,-2.9,3.7,8.7,-7.7,0.0,0.0,0.0,21.9,10.0,0,False,8,78.5,100.0,76.2,93.48930060920773,0,85.2,Nice,False,True,87.5,54.8,100.0,100.0,1.0,80.6,Nice,70.3
23-03-22,12.5,-0.3,5.1,9.8,-4.0,0.0,0.0,0.0,10.3,4.3,0,False,8,85.5,100.0,99.4,95.09193577621124,0,90.4,Excellent,False,True,92.9,59.2,100.0,100.0,1.0,82.7,Nice,73.6
24-03-22,15.9,-1.1,5.8,10.5,-5.6,0.0,0.0,0.0,18.8,9.4,0,False,8,89.0,100.0,82.4,96.321692089513,0,90.9,Excellent,False,True,92.9,62.0,100.0,100.0,1.0,84.1,Nice,75.7
25-03-22,7.3,-2.5,2.7,2.6,-6.2,1.0,0.8,0.14,25.9,11.1,71,False,8,73.5,96.0,68.2,79.94660448379112,-20,76.8,Nice,False,True,78.9,30.4,90.0,100.0,1.0,65.1,Pleasant,45.2
26-03-22,12.3,-2.4,4.2,7.4,-6.4,0.0,0.0,0.0,15.9,8.0,3,False,8,81.0,100.0,88.2,96.56013863551334,0,88.3,Nice,False,True,90.8,49.6,100.0,100.0,1.0,79.2,Nice,68.4
27-03-22,13.3,0.6,6.6,8.2,-3.9,0.0,0.0,0.0,22.4,13.2,3,False,8,93.0,100.0,75.2,75.12070686597471,0,84.5,Nice,False,True,85.1,52.8,100.0,100.0,1.0,76.1,Nice,61.7
28-03-22,14.3,-2.4,5.1,10.4,-5.8,0.0,0.0,0.0,9.4,5.1,1,False,8,85.5,100.0,100.0,96.79698083994582,0,91.1,Excellent,False,True,93.6,61.6,100.0,100.0,1.0,84.0,Nice,75.7
29-03-22,15.6,0.1,7.8,12.1,-3.8,0.0,0.0,0.0,9.4,5.1,3,False,8,99.0,100.0,100.0,93.59940602227417,0,95.4,Excellent,False,True,97.1,68.4,100.0,100.0,1.0,86.1,Nice,78.5
30-03-22,17.9,2.2,9.0,15.4,-1.6,0.0,0.0,0.0,23.4,8.0,3,False,8,95.0,100.0,73.2,93.76345433352486,0,91.7,Excellent,False,True,93.1,81.6,100.0,100.0,1.0,91.4,Excellent,86.5
31-03-22,17.0,1.7,8.7,14.0,-1.7,3.8,3.8,0.0,16.8,7.2,63,False,8,96.5,84.8,86.4,31.52242316947052,0,69.3,Pleasant,False,False,67.7,76.0,75.0,100.0,1.0,69.2,Pleasant,43.7
01-04-22,18.4,6.8,11.2,16.7,4.5,1.8,1.8,0.0,18.3,9.2,61,False,15,81.0,92.8,83.4,75.66785353706493,0,79.5,Nice,False,True,80.9,86.8,90.0,100.0,1.0,86.9,Nice,74.1
02-04-22,10.1,3.9,6.9,7.1,1.4,5.5,5.5,0.0,20.2,7.2,61,False,15,59.5,78.0,79.6,17.245036395870088,0,47.9,Average,False,False,47.4,48.4,75.0,100.0,1.0,55.3,Average,27.0
03-04-22,4.9,-0.8,2.5,2.6,-5.3,1.4,0.2,0.84,26.4,14.2,73,False,15,37.5,94.4,67.2,76.83689422696233,-20,61.0,Pleasant,False,True,64.7,30.4,90.0,100.0,1.0,64.5,Pleasant,44.1
04-04-22,6.1,-2.8,1.3,1.6,-6.6,1.2,1.0,0.14,16.9,10.4,71,False,15,31.5,95.2,86.2,77.60065195687885,-20,60.5,Pleasant,False,True,65.0,26.4,90.0,100.0,1.0,63.1,Pleasant,42.2
05-04-22,10.2,-3.9,3.0,6.3,-7.5,0.0,0.0,0.0,14.9,8.3,3,False,15,40.0,100.0,90.2,97.83066988086887,0,72.5,Pleasant,False,True,77.2,45.2,100.0,100.0,1.0,77.6,Nice,66.3
06-04-22,15.1,0.7,7.3,13.1,-2.8,0.0,0.0,0.0,12.6,7.6,3,False,15,61.5,100.0,94.8,91.63545076639414,0,79.3,Nice,False,True,82.7,72.4,100.0,100.0,1.0,87.3,Nice,80.1
07-04-22,15.0,1.6,7.9,11.0,-2.6,3.2,3.2,0.0,16.2,9.0,55,False,15,64.5,87.2,87.6,56.31548176930753,0,65.6,Pleasant,False,False,66.9,64.0,75.0,100.0,1.0,69.4,Pleasant,45.7
08-04-22,15.8,5.8,10.0,13.0,2.6,0.5,0.5,0.0,22.6,12.3,51,False,15,75.0,98.0,74.8,84.05167064711141,0,80.1,Nice,False,True,82.1,72.0,90.0,100.0,1.0,82.6,Nice,69.1
09-04-22,18.6,4.2,11.7,15.3,1.7,0.0,0.0,0.0,20.9,10.5,3,False,15,83.5,100.0,78.2,97.23983344362536,0,88.7,Nice,False,True,90.9,81.2,100.0,100.0,1.0,91.9,Excellent,87.6
10-04-22,10.2,2.0,5.0,8.7,-1.8,12.0,10.0,1.4,17.0,7.8,73,False,15,50.0,52.0,86.0,0.0,-20,34.3,Poor,True,False,33.9,54.8,40.0,100.0,1.0,43.9,Average,13.2
11-04-22,6.7,0.8,3.2,1.4,-3.1,3.4,2.4,0.7,20.7,14.3,71,False,15,41.0,86.4,78.6,84.18259858083724,-20,64.7,Pleasant,False,True,68.8,25.6,90.0,100.0,1.0,64.1,Pleasant,44.1
12-04-22,7.7,-1.5,3.0,2.4,-5.1,0.2,0.1,0.07,21.9,13.2,71,False,15,40.0,99.2,76.2,96.59015498332238,-20,70.4,Pleasant,False,True,75.1,29.6,90.0,100.0,1.0,68.2,Pleasant,50.8
13-04-22,10.7,-1.9,4.0,6.4,-5.4,0.0,0.0,0.0,17.1,9.5,2,False,15,45.0,100.0,85.8,96.38202776499107,0,73.6,Pleasant,False,True,77.9,45.6,100.0,100.0,1.0,77.5,Nice,65.9
14-04-22,15.6,1.5,8.5,14.4,-2.3,0.0,0.0,0.0,8.1,5.1,3,False,15,67.5,100.0,100.0,96.17614461731651,0,83.7,Nice,False,True,87.1,77.6,100.0,100.0,1.0,90.3,Excellent,85.0
15-04-22,18.0,3.6,10.7,16.3,0.8,0.0,0.0,0.0,8.3,4.7,3,False,15,78.5,100.0,100.0,95.97190462378587,0,88.0,Nice,False,True,90.9,85.2,100.0,100.0,1.0,93.3,Excellent,89.5
16-04-22,14.6,5.0,9.6,12.1,1.7,3.3,3.3,0.0,12.5,6.9,63,False,15,73.0,86.8,95.0,73.6723927851807,0,75.6,Nice,False,True,77.5,68.4,75.0,100.0,1.0,74.6,Pleasant,52.9
17-04-22,7.1,0.1,2.9,3.7,-3.6,2.2,0.4,1.26,14.4,9.3,73,False,15,39.5,91.2,91.2,0.0,-20,36.4,Poor,False,False,36.6,34.8,90.0,100.0,1.0,50.9,Average,18.8
18-04-22,6.0,-2.1,2.1,2.2,-5.6,0.0,0.0,0.0,7.8,5.1,3,False,15,35.5,100.0,100.0,91.69856513268982,0,69.3,Pleasant,False,True,74.1,28.8,100.0,100.0,1.0,69.9,Pleasant,54.0
19-04-22,7.1,-4.5,2.0,3.9,-7.8,0.1,0.1,0.0,7.1,3.7,51,False,15,35.0,99.6,100.0,70.71375912003282,0,61.7,Pleasant,False,True,65.5,35.6,90.0,100.0,1.0,65.4,Pleasant,44.7
20-04-22,8.9,-2.1,3.3,6.7,-5.8,0.2,0.2,0.0,9.5,6.1,51,False,15,41.5,99.2,100.0,94.50292145334113,0,72.6,Pleasant,False,True,77.2,46.8,90.0,100.0,1.0,74.6,Pleasant,59.3
21-04-22,11.8,-0.8,5.3,8.5,-4.3,0.0,0.0,0.0,11.1,7.8,3,False,15,51.5,100.0,97.8,94.0589872545504,0,76.3,Nice,False,True,80.4,54.0,100.0,100.0,1.0,80.4,Nice,70.0
22-04-22,15.5,1.0,8.5,15.4,-1.8,1.1,1.1,0.0,19.7,6.4,51,False,15,67.5,95.6,80.6,44.00121138315857,0,63.2,Pleasant,False,False,63.6,81.6,90.0,100.0,1.0,78.4,Nice,59.9
23-04-22,13.3,5.3,9.6,10.9,2.4,1.3,1.3,0.0,18.9,8.5,53,False,15,73.0,94.8,82.2,63.57381976431685,0,72.2,Pleasant,False,False,73.4,63.6,90.0,100.0,1.0,75.2,Nice,57.2
24-04-22,19.2,5.5,12.1,18.3,3.5,0.0,0.0,0.0,11.5,7.0,3,False,15,85.5,100.0,97.0,93.0080779900557,0,89.5,Nice,False,True,91.8,93.2,100.0,100.0,1.0,95.9,Excellent,93.1
25-04-22,18.9,8.8,12.8,17.3,6.4,1.8,1.8,0.0,20.4,8.7,61,False,15,89.0,92.8,79.2,92.68088367657936,0,88.3,Nice,False,True,90.1,89.2,90.0,100.0,1.0,91.2,Excellent,81.5
26-04-22,17.5,5.9,11.6,16.0,3.5,0.1,0.1,0.0,10.9,6.5,51,False,15,83.0,99.6,98.2,94.64034554708695,0,89.1,Nice,False,True,91.7,84.0,90.0,100.0,1.0,89.5,Nice,79.4
27-04-22,17.6,4.7,11.3,16.9,2.9,5.4,5.4,0.0,12.8,4.8,61,False,15,81.5,78.4,94.4,90.66990567362468,0,83.6,Nice,False,True,86.0,87.6,75.0,100.0,1.0,85.7,Nice,66.6
28-04-22,14.0,8.2,10.4,13.5,6.5,7.5,7.5,0.0,8.8,4.5,61,False,15,77.0,70.0,100.0,63.75085187298375,0,71.6,Pleasant,False,False,73.0,74.0,55.0,100.0,1.0,68.9,Pleasant,38.4
29-04-22,12.4,4.8,9.1,10.5,1.9,4.9,4.9,0.0,13.7,7.7,61,False,15,70.5,80.4,92.6,50.4306701451325,0,65.3,Pleasant,False,False,66.2,62.0,75.0,100.0,1.0,67.4,Pleasant,43.0
30-04-22,14.3,2.4,9.1,13.0,-0.1,0.2,0.2,0.0,10.7,6.2,51,False,15,70.5,99.2,98.6,93.04662465503566,0,83.5,Nice,False,True,86.6,72.0,90.0,100.0,1.0,84.4,Nice,72.4
01-05-22,16.0,2.0,9.2,15.0,-0.8,0.7,0.7,0.0,10.4,6.7,51,False,20,46.0,97.2,99.2,96.58020980281765,0,74.7,Pleasant,False,True,79.2,80.0,90.0,100.0,1.0,88.3,Nice,78.0
02-05-22,16.1,4.2,10.0,12.6,1.4,0.1,0.1,0.0,15.4,9.0,51,False,20,50.0,99.6,89.2,92.29803602636689,0,74.4,Pleasant,False,True,78.3,70.4,90.0,100.0,1.0,83.6,Nice,71.2
03-05-22,15.5,3.1,10.3,13.9,0.4,0.0,0.0,0.0,11.3,5.5,3,False,20,51.5,100.0,97.4,65.10332958823601,0,66.2,Pleasant,False,False,68.8,75.6,100.0,100.0,1.0,83.3,Nice,71.4
04-05-22,14.0,7.1,10.1,12.5,5.0,11.6,11.6,0.0,22.8,7.3,63,False,20,50.5,53.6,74.4,67.1201779619618,0,57.7,Average,True,False,60.0,70.0,40.0,100.0,1.0,63.4,Pleasant,27.5
05-05-22,16.9,5.3,10.7,15.9,3.2,0.2,0.2,0.0,8.4,4.7,51,False,20,53.5,99.2,100.0,90.55773163847385,0,76.0,Nice,False,True,79.8,83.6,90.0,100.0,1.0,88.6,Nice,77.7
06-05-22,19.1,3.9,11.7,17.7,1.8,0.0,0.0,0.0,13.1,5.9,3,False,20,58.5,100.0,93.8,95.90688205886242,0,79.5,Nice,False,True,83.2,90.8,100.0,100.0,1.0,95.5,Excellent,92.8
07-05-22,19.5,5.1,12.5,19.3,2.0,0.1,0.1,0.0,13.6,6.7,51,False,20,62.5,99.6,92.8,92.55602814937895,0,79.8,Nice,False,True,83.1,97.2,90.0,100.0,1.0,94.4,Excellent,85.8
08-05-22,19.5,4.2,12.6,19.2,2.2,0.1,0.1,0.0,8.1,5.3,51,False,20,63.0,99.6,100.0,95.643079286464,0,81.6,Nice,False,True,85.2,96.8,90.0,100.0,1.0,94.8,Excellent,86.7
09-05-22,19.1,6.6,13.1,20.5,4.8,3.1,3.1,0.0,7.8,3.6,63,False,20,65.5,87.6,100.0,88.73941469984675,0,78.4,Nice,False,True,81.6,100.0,75.0,100.0,1.0,90.2,Excellent,71.6
10-05-22,16.7,7.3,11.8,14.9,5.9,27.5,27.5,0.0,11.7,4.4,65,False,20,59.0,0.0,96.6,62.720782299687805,0,53.3,Average,True,False,55.4,79.6,0.0,100.0,1.0,54.4,Average,0.0
11-05-22,18.2,6.7,12.4,16.2,4.7,4.2,4.2,0.0,14.9,7.5,55,False,20,62.0,83.2,90.2,90.03363820803344,0,76.0,Nice,False,True,79.2,84.8,75.0,100.0,1.0,84.4,Nice,65.2
12-05-22,22.6,9.0,16.0,23.1,6.6,0.0,0.0,0.0,11.1,6.4,3,False,20,80.0,100.0,97.8,94.82401127625646,0,88.0,Nice,False,True,90.7,100.0,100.0,100.0,1.0,99.0,Excellent,97.9
13-05-22,25.0,11.3,18.1,25.2,9.3,0.0,0.0,0.0,9.0,5.2,3,False,20,90.5,100.0,100.0,94.37095950924105,0,92.2,Excellent,False,True,94.4,100.0,100.0,100.0,1.0,98.9,Excellent,97.7
14-05-22,21.0,12.5,16.7,20.5,11.5,2.9,2.9,0.0,15.4,9.3,61,False,20,83.5,88.4,89.2,94.1151689563356,0,86.7,Nice,False,True,89.1,100.0,90.0,100.0,1.0,95.8,Excellent,87.9
15-05-22,19.9,10.3,15.6,18.9,9.0,0.0,0.0,0.0,15.0,8.2,3,False,20,78.0,100.0,90.0,94.55036959367976,0,86.5,Nice,False,True,89.1,95.6,100.0,100.0,1.0,97.2,Excellent,95.2
16-05-22,21.0,11.2,16.1,20.3,9.8,0.0,0.0,0.0,8.6,5.3,3,False,20,80.5,100.0,100.0,94.24664669298329,0,88.2,Nice,False,True,90.9,100.0,100.0,100.0,1.0,98.8,Excellent,97.7
17-05-22,22.4,10.8,16.1,21.5,9.1,1.0,1.0,0.0,17.3,6.6,53,False,20,80.5,96.0,85.4,70.35044281761665,0,78.1,Nice,False,True,79.3,100.0,90.0,100.0,1.0,91.1,Excellent,79.3
18-05-22,13.7,6.6,10.9,12.8,3.5,11.1,11.1,0.0,22.9,11.8,63,False,20,54.5,55.6,74.2,57.07928054173949,0,56.1,Average,True,False,57.7,71.2,40.0,100.0,1.0,61.9,Pleasant,26.2
19-05-22,17.2,4.0,10.9,14.2,0.8,0.0,0.0,0.0,14.8,10.0,2,False,20,54.5,100.0,90.4,94.73577369183013,0,77.2,Nice,False,True,81.0,76.8,100.0,100.0,1.0,89.7,Nice,84.0
20-05-22,21.7,6.4,14.3,20.9,3.2,0.0,0.0,0.0,10.2,7.6,3,False,20,71.5,100.0,99.6,93.10698886389919,0,84.2,Nice,False,True,87.2,100.0,100.0,100.0,1.0,98.6,Excellent,97.2
21-05-22,24.7,11.2,18.0,25.5,8.3,0.0,0.0,0.0,18.1,8.8,3,False,20,90.0,100.0,83.8,93.52012859869232,0,90.4,Excellent,False,True,92.3,100.0,100.0,100.0,1.0,98.7,Excellent,97.4
22-05-22,18.9,12.0,15.5,16.0,10.2,0.1,0.1,0.0,27.0,15.2,51,False,20,77.5,99.6,66.0,79.31458749355652,0,79.0,Nice,False,True,80.4,84.0,90.0,100.0,1.0,86.5,Nice,73.9
23-05-22,16.8,9.1,13.1,13.4,7.4,5.1,5.1,0.0,20.2,11.4,61,False,20,65.5,79.6,79.6,70.87448591817339,0,69.3,Pleasant,False,True,71.2,73.6,75.0,100.0,1.0,76.1,Nice,54.4
24-05-22,19.7,6.3,13.9,19.0,4.3,0.0,0.0,0.0,13.4,6.5,3,False,20,69.5,100.0,93.2,85.16953834876304,0,80.1,Nice,False,True,82.7,96.0,100.0,100.0,1.0,95.4,Excellent,91.7
25-05-22,24.1,8.5,17.0,25.8,6.6,1.9,1.9,0.0,14.9,7.4,61,False,20,85.0,92.4,90.2,94.57377813194991,0,88.2,Nice,False,True,90.5,100.0,90.0,100.0,1.0,95.9,Excellent,88.0
26-05-22,18.6,13.5,16.4,18.1,13.0,24.0,24.0,0.0,22.7,11.2,65,False,20,82.0,4.0,74.6,81.9460578441009,0,68.0,Pleasant,True,True,69.5,92.4,20.0,100.0,1.0,69.3,Pleasant,17.6
27-05-22,21.0,10.6,16.0,19.9,9.0,0.0,0.0,0.0,14.6,8.5,2,False,20,80.0,100.0,90.8,95.47829066150399,0,87.7,Nice,False,True,90.3,99.6,100.0,100.0,1.0,98.9,Excellent,98.0
28-05-22,20.5,10.8,15.0,21.4,9.2,12.6,12.6,0.0,13.8,6.8,63,False,20,75.0,49.6,92.4,53.59307906036879,0,63.6,Pleasant,True,False,64.4,100.0,20.0,100.0,1.0,66.7,Pleasant,16.3
29-05-22,20.1,10.3,14.1,20.1,9.2,2.9,2.9,0.0,17.4,7.6,61,False,20,70.5,88.4,85.2,42.46597832532102,0,63.1,Pleasant,False,False,63.4,100.0,90.0,100.0,1.0,85.5,Nice,69.3
30-05-22,20.2,9.7,16.4,20.6,8.6,1.8,1.8,0.0,11.5,7.4,51,False,20,82.0,92.8,97.0,84.88878150980204,0,84.2,Nice,False,True,86.3,100.0,90.0,100.0,1.0,94.0,Excellent,84.6
31-05-22,22.1,11.6,17.6,24.2,10.7,0.4,0.4,0.0,9.0,4.7,51,False,20,88.0,98.4,100.0,94.65631569445252,0,91.1,Excellent,False,True,93.4,100.0,90.0,100.0,1.0,95.9,Excellent,88.1
01-06-22,23.6,11.8,17.7,26.0,11.5,0.0,0.0,0.0,10.5,4.9,3,False,24,68.5,100.0,99.0,90.00372902647248,0,81.8,Nice,False,True,84.9,100.0,100.0,100.0,1.0,98.0,Excellent,96.0
02-06-22,25.2,14.7,19.4,28.8,13.6,1.5,1.5,0.0,8.3,5.2,61,False,24,77.0,94.0,100.0,85.43050647461669,0,82.8,Nice,False,True,85.2,86.2,90.0,100.0,1.0,88.5,Nice,77.3
03-06-22,23.3,14.6,18.9,26.0,14.0,0.3,0.3,0.0,9.5,6.3,51,False,24,74.5,98.8,100.0,93.34009059411873,0,85.3,Nice,False,True,88.2,100.0,90.0,100.0,1.0,95.7,Excellent,87.6
04-06-22,25.4,12.0,19.3,28.4,12.1,1.6,1.6,0.0,11.1,4.5,61,False,24,76.5,93.6,97.8,93.27481288905032,0,85.1,Nice,False,True,87.9,89.2,90.0,100.0,1.0,91.3,Excellent,81.8
05-06-22,22.7,15.2,18.2,22.9,14.9,10.4,10.4,0.0,16.9,10.0,63,False,24,71.0,58.4,86.2,64.5754389776956,0,66.7,Pleasant,True,False,68.1,100.0,40.0,100.0,1.0,74.9,Pleasant,34.3
06-06-22,20.2,12.7,16.1,19.7,12.0,13.6,13.6,0.0,14.5,8.1,63,False,24,60.50000000000001,45.6,91.0,89.75004341228212,0,69.7,Pleasant,True,True,73.0,98.8,20.0,100.0,1.0,73.5,Pleasant,19.0
07-06-22,22.3,9.3,16.2,22.2,8.4,0.0,0.0,0.0,12.8,6.8,1,False,24,61.0,100.0,94.4,96.07842088666206,0,80.6,Nice,False,True,84.2,100.0,100.0,100.0,1.0,99.2,Excellent,98.4
08-06-22,23.1,10.2,17.4,22.9,9.1,0.3,0.3,0.0,13.2,7.6,51,False,24,67.0,98.8,93.6,95.41921294816528,0,82.5,Nice,False,True,85.8,100.0,90.0,100.0,1.0,96.1,Excellent,88.4
09-06-22,22.8,11.2,17.5,22.4,10.7,0.2,0.2,0.0,15.6,8.1,51,False,24,67.5,99.2,88.8,91.90517629973179,0,81.2,Nice,False,True,84.1,100.0,90.0,100.0,1.0,95.4,Excellent,87.1
10-06-22,21.1,12.0,17.0,20.5,11.2,0.2,0.2,0.0,17.9,9.0,51,False,24,65.0,99.2,84.2,87.01423824146326,0,78.1,Nice,False,True,80.9,100.0,90.0,100.0,1.0,94.4,Excellent,85.3
11-06-22,21.0,12.6,16.4,21.7,12.3,1.9,1.9,0.0,9.8,5.9,55,False,24,61.99999999999999,92.4,100.0,51.23998113427339,0,64.6,Pleasant,False,False,66.1,100.0,90.0,100.0,1.0,87.2,Nice,72.4
12-06-22,22.0,14.2,17.2,23.2,14.2,5.7,5.7,0.0,11.6,6.9,61,False,24,66.0,77.2,96.8,57.64525850083868,0,65.9,Pleasant,False,False,67.4,100.0,75.0,100.0,1.0,84.0,Nice,62.3
13-06-22,24.1,13.2,18.0,25.9,12.7,1.0,1.0,0.0,11.2,4.8,55,False,24,70.0,96.0,97.6,95.15981795077947,0,83.5,Nice,False,True,86.7,100.0,90.0,100.0,1.0,96.0,Excellent,88.3
14-06-22,20.7,14.4,17.6,21.1,13.0,1.2,1.2,0.0,16.5,8.9,51,False,24,68.0,95.2,87.0,95.69927459949852,0,81.9,Nice,False,True,85.1,100.0,90.0,100.0,1.0,96.1,Excellent,88.5
15-06-22,20.2,11.3,16.2,20.3,10.0,0.1,0.1,0.0,8.6,5.9,51,False,24,61.0,99.6,100.0,95.65050580518862,0,80.8,Nice,False,True,84.6,100.0,90.0,100.0,1.0,96.1,Excellent,88.4
16-06-22,22.3,11.1,16.7,22.9,9.8,0.0,0.0,0.0,9.7,5.5,2,False,24,63.5,100.0,100.0,95.60931907574117,0,81.9,Nice,False,True,85.5,100.0,100.0,100.0,1.0,99.1,Excellent,98.2
17-06-22,21.1,13.4,17.0,20.6,12.3,0.7,0.7,0.0,18.4,6.6,51,False,24,65.0,97.2,83.2,77.96756232860541,0,74.5,Pleasant,False,True,76.8,100.0,90.0,100.0,1.0,92.6,Excellent,82.1
18-06-22,20.2,11.5,15.8,19.1,11.0,3.3,3.3,0.0,10.9,6.1,61,False,24,59.0,86.8,98.2,91.17642062766875,0,76.4,Nice,False,True,80.0,96.4,75.0,100.0,1.0,89.3,Nice,70.7
19-06-22,23.3,11.4,17.9,23.1,9.4,0.0,0.0,0.0,9.1,4.8,1,False,24,69.5,100.0,100.0,95.53102334601301,0,84.2,Nice,False,True,87.5,100.0,100.0,100.0,1.0,99.1,Excellent,98.2
20-06-22,25.7,12.3,19.4,26.7,11.9,0.0,0.0,0.0,9.0,4.7,3,False,24,77.0,100.0,100.0,95.52000560384032,0,87.2,Nice,False,True,90.2,100.0,100.0,100.0,1.0,99.1,Excellent,98.2
21-06-22,25.4,16.0,20.9,24.6,14.5,0.5,0.5,0.0,27.1,14.2,51,False,24,84.5,98.0,65.8,95.38807465993476,0,87.1,Nice,False,True,89.0,100.0,90.0,100.0,1.0,96.1,Excellent,88.3
22-06-22,20.5,12.4,16.4,16.8,9.5,0.0,0.0,0.0,26.9,16.7,3,False,24,61.99999999999999,100.0,66.2,95.52047870618573,0,78.5,Nice,False,True,81.5,87.2,100.0,100.0,1.0,94.0,Excellent,90.5
23-06-22,21.8,11.2,16.7,20.2,9.3,0.0,0.0,0.0,15.4,8.0,3,False,24,63.5,100.0,89.2,80.84927891079441,0,75.8,Nice,False,True,78.5,100.0,100.0,100.0,1.0,96.2,Excellent,92.3
24-06-22,23.1,12.1,18.0,22.7,10.3,0.0,0.0,0.0,9.3,5.4,2,False,24,70.0,100.0,100.0,95.55088535857858,0,84.4,Nice,False,True,87.7,100.0,100.0,100.0,1.0,99.1,Excellent,98.2
25-06-22,24.4,13.5,19.6,25.0,12.9,0.0,0.0,0.0,9.3,5.6,3,False,24,78.0,100.0,100.0,89.20546602953196,0,85.4,Nice,False,True,88.0,100.0,100.0,100.0,1.0,97.8,Excellent,95.7
26-06-22,22.4,14.0,17.5,22.7,13.4,13.1,13.1,0.0,10.1,6.0,65,False,24,67.5,47.6,99.8,66.91685498219775,0,65.5,Pleasant,True,False,67.5,100.0,20.0,100.0,1.0,69.4,Pleasant,17.4
27-06-22,24.4,13.2,18.9,25.5,13.5,0.4,0.4,0.0,6.9,3.9,51,False,24,74.5,98.4,100.0,81.09645248388834,0,80.9,Nice,False,True,83.3,100.0,90.0,100.0,1.0,93.2,Excellent,83.2
28-06-22,23.7,14.6,19.6,25.3,14.7,0.6,0.6,0.0,12.6,4.9,53,False,24,78.0,97.6,94.8,82.34566039287395,0,82.2,Nice,False,True,84.4,100.0,90.0,100.0,1.0,93.5,Excellent,83.6
29-06-22,28.4,14.9,21.5,29.9,14.8,0.1,0.1,0.0,11.2,6.3,51,False,24,87.5,99.6,97.6,95.75705796015124,0,91.3,Excellent,False,True,93.6,77.7,90.0,100.0,1.0,87.2,Nice,76.4
30-06-22,29.6,15.6,22.4,32.3,16.2,0.2,0.2,0.0,13.0,4.6,51,False,24,92.0,99.2,94.0,70.66642605081785,0,83.9,Nice,False,True,84.7,59.2,90.0,100.0,1.0,74.8,Pleasant,57.4
01-07-22,28.0,17.3,22.9,30.7,18.5,1.1,1.1,0.0,16.3,4.6,53,False,26,84.5,95.6,87.4,91.56903075817459,0,87.2,Nice,False,True,89.3,71.5,90.0,100.0,1.0,83.9,Nice,71.6
02-07-22,26.2,15.7,21.4,30.0,16.0,1.6,1.6,0.0,22.1,5.1,61,False,26,77.0,93.6,75.8,60.408804729656,0,72.0,Pleasant,False,False,72.7,76.9,90.0,100.0,1.0,79.9,Nice,63.3
03-07-22,27.8,16.7,22.7,30.7,17.3,0.2,0.2,0.0,8.3,4.7,51,False,26,83.5,99.2,100.0,96.05578920236873,0,89.9,Nice,False,True,92.5,71.5,90.0,100.0,1.0,84.8,Nice,73.2
04-07-22,25.9,17.3,22.3,28.2,18.4,1.8,1.8,0.0,14.3,4.4,55,False,26,81.5,92.8,91.4,79.92077200995621,0,81.8,Nice,False,True,83.6,90.8,90.0,100.0,1.0,89.3,Nice,77.8
05-07-22,29.4,17.5,23.1,30.9,18.1,0.0,0.0,0.0,11.3,5.3,3,False,26,85.5,100.0,97.4,88.62657100042262,0,88.0,Nice,False,True,90.1,70.0,100.0,100.0,1.0,85.7,Nice,77.5
06-07-22,24.2,16.4,19.6,25.5,17.2,11.8,11.8,0.0,15.0,8.0,63,False,26,68.0,52.8,90.0,79.18161275131148,0,70.0,Pleasant,True,True,72.4,100.0,40.0,100.0,1.0,77.8,Nice,36.7
07-07-22,19.6,14.4,17.1,19.9,14.0,10.8,10.8,0.0,9.0,5.5,61,False,26,55.50000000000001,56.8,100.0,60.52309594469766,0,59.9,Average,True,False,62.2,99.6,40.0,100.0,1.0,73.9,Pleasant,33.6
08-07-22,23.1,12.7,17.9,23.3,11.6,0.0,0.0,0.0,11.3,6.4,3,False,26,59.49999999999999,100.0,97.4,93.84494142209635,0,79.4,Nice,False,True,83.1,100.0,100.0,100.0,1.0,98.8,Excellent,97.5
09-07-22,20.7,13.5,17.7,20.2,12.5,0.7,0.7,0.0,10.7,7.1,51,False,26,58.5,97.2,98.6,83.84315525441292,0,75.2,Nice,False,True,78.5,100.0,90.0,100.0,1.0,93.8,Excellent,84.2
10-07-22,20.3,12.9,15.8,19.5,12.1,4.8,4.8,0.0,20.4,9.5,61,False,26,49.0,80.8,79.2,69.82937136308067,0,62.5,Pleasant,False,False,65.1,98.0,75.0,100.0,1.0,85.7,Nice,65.0
11-07-22,17.7,11.5,14.3,15.7,10.0,0.5,0.5,0.0,16.1,11.7,51,False,26,41.5,98.0,87.8,73.55055504235119,0,64.1,Pleasant,False,True,67.4,82.8,90.0,100.0,1.0,84.8,Nice,71.2
12-07-22,19.0,9.6,14.3,17.7,8.0,1.5,1.5,0.0,16.1,9.7,53,False,26,41.5,94.0,87.8,97.1853677710284,0,71.7,Pleasant,False,True,76.3,90.8,90.0,100.0,1.0,92.8,Excellent,84.0
13-07-22,19.2,8.5,14.7,17.0,6.4,0.1,0.1,0.0,21.4,11.3,51,False,26,43.5,99.6,77.2,76.57839715978106,0,65.3,Pleasant,False,True,68.5,88.0,90.0,100.0,1.0,87.5,Nice,75.1
14-07-22,25.3,11.5,18.9,25.4,9.2,0.0,0.0,0.0,10.2,7.5,1,False,26,64.5,100.0,99.6,97.3877771700158,0,82.9,Nice,False,True,86.5,100.0,100.0,100.0,1.0,99.5,Excellent,99.0
15-07-22,27.9,15.8,21.9,27.7,14.6,0.1,0.1,0.0,15.7,6.4,51,False,26,79.5,99.6,88.6,97.48497486675382,0,87.9,Nice,False,True,90.6,94.6,90.0,100.0,1.0,94.3,Excellent,86.2
16-07-22,24.7,15.6,19.5,24.6,15.4,0.7,0.7,0.0,12.5,6.6,53,False,26,67.5,97.2,95.0,91.05965540071396,0,81.1,Nice,False,True,84.1,100.0,90.0,100.0,1.0,95.2,Excellent,86.8
17-07-22,23.1,13.2,18.1,21.1,12.0,0.0,0.0,0.0,17.9,11.3,3,False,26,60.50000000000001,100.0,84.2,97.68559795665112,0,80.1,Nice,False,True,83.7,100.0,100.0,100.0,1.0,99.5,Excellent,99.1
18-07-22,22.3,11.0,16.6,21.3,9.4,0.0,0.0,0.0,11.8,5.5,3,False,26,53.00000000000001,100.0,96.4,97.78869148553703,0,78.1,Nice,False,True,82.3,100.0,100.0,100.0,1.0,99.6,Excellent,99.1
19-07-22,25.0,9.7,18.6,25.4,8.2,0.0,0.0,0.0,7.4,3.9,1,False,26,63.00000000000001,100.0,100.0,97.8933971561928,0,82.5,Nice,False,True,86.2,100.0,100.0,100.0,1.0,99.6,Excellent,99.2
20-07-22,27.0,15.1,21.1,26.9,13.3,0.0,0.0,0.0,13.4,6.8,3,False,26,75.5,100.0,93.2,97.99958091676922,0,87.0,Nice,False,True,89.9,100.0,100.0,100.0,1.0,99.6,Excellent,99.2
21-07-22,27.8,15.6,22.0,26.8,14.8,0.0,0.0,0.0,12.6,8.1,1,False,26,80.0,100.0,94.8,98.10705142475511,0,88.9,Nice,False,True,91.7,100.0,100.0,100.0,1.0,99.6,Excellent,99.2
22-07-22,28.8,14.8,22.7,28.4,13.7,0.0,0.0,0.0,12.8,6.3,0,False,26,83.5,100.0,94.4,98.21563062511821,0,90.3,Excellent,False,True,93.0,89.2,100.0,100.0,1.0,95.3,Excellent,92.8
23-07-22,31.1,19.4,24.9,32.8,18.1,0.0,0.0,0.0,15.0,4.7,3,False,26,94.5,100.0,90.0,98.32663388657402,0,94.4,Excellent,False,True,96.4,55.4,100.0,100.0,1.0,81.8,Nice,72.6
24-07-22,31.1,15.9,23.3,31.3,16.2,1.2,1.2,0.0,19.3,7.7,53,False,26,86.5,95.2,81.4,92.76217451773203,0,87.9,Nice,False,True,89.8,66.9,90.0,100.0,1.0,82.3,Nice,69.5
25-07-22,27.7,17.6,21.9,29.2,18.4,0.9,0.9,0.0,8.0,4.6,51,False,26,79.5,96.4,100.0,86.3603747539181,0,84.5,Nice,False,True,86.8,83.1,90.0,100.0,1.0,87.5,Nice,76.0
26-07-22,29.7,13.5,22.5,30.4,13.6,0.0,0.0,0.0,9.0,4.2,3,False,26,82.5,100.0,100.0,97.41028168268076,0,90.1,Excellent,False,True,92.8,73.8,100.0,100.0,1.0,89.0,Nice,83.3
27-07-22,28.7,15.7,22.6,30.4,15.3,2.7,2.7,0.0,15.9,7.5,61,False,26,83.0,89.2,88.2,96.99846233995395,0,87.6,Nice,False,True,90.0,73.8,90.0,100.0,1.0,85.9,Nice,74.8
28-07-22,26.6,16.5,20.7,28.4,17.7,9.0,9.0,0.0,12.3,6.0,63,False,26,73.5,64.0,95.4,58.14459053120989,0,67.0,Pleasant,False,False,68.1,89.2,40.0,100.0,1.0,69.3,Pleasant,30.7
29-07-22,27.4,15.9,20.5,29.4,16.4,10.9,10.9,0.0,11.8,6.0,63,False,26,72.5,56.4,96.4,87.06321831143367,0,75.6,Nice,True,True,78.3,81.5,40.0,100.0,1.0,72.0,Pleasant,33.5
30-07-22,27.9,16.4,22.0,31.3,17.4,6.0,6.0,0.0,10.9,6.2,61,False,26,80.0,76.0,98.2,94.17172633160288,0,84.2,Nice,False,True,86.9,66.9,55.0,100.0,1.0,72.1,Pleasant,42.8
31-07-22,20.3,16.3,18.0,21.0,15.6,11.6,11.6,0.0,11.0,5.7,63,False,26,60.0,53.6,98.0,28.13106255510774,0,49.7,Average,True,False,50.1,100.0,40.0,100.0,1.0,67.6,Pleasant,28.5
01-08-22,18.6,13.8,16.1,17.8,13.0,1.6,1.6,0.0,16.6,10.1,53,False,25,55.50000000000001,93.6,86.8,41.64821887990872,0,57.8,Average,False,False,58.8,91.2,90.0,100.0,1.0,81.8,Nice,64.2
02-08-22,23.0,15.0,18.6,23.3,15.0,2.2,2.2,0.0,13.3,8.9,51,False,25,68.0,91.2,93.4,84.8963367161286,0,78.1,Nice,False,True,80.8,100.0,90.0,100.0,1.0,94.0,Excellent,84.6
03-08-22,24.7,13.9,19.8,24.8,13.5,0.0,0.0,0.0,10.3,5.9,2,False,25,74.0,100.0,99.4,94.23988170437146,0,85.5,Nice,False,True,88.5,100.0,100.0,100.0,1.0,98.8,Excellent,97.7
04-08-22,24.9,14.0,20.0,26.6,13.3,0.0,0.0,0.0,14.3,5.7,3,False,25,75.0,100.0,91.4,95.18553847169942,0,85.6,Nice,False,True,88.5,100.0,100.0,100.0,1.0,99.0,Excellent,98.1
05-08-22,27.6,16.3,21.7,28.6,16.1,0.2,0.2,0.0,7.1,4.5,51,False,25,83.5,99.2,100.0,95.02809439503542,0,89.5,Nice,False,True,92.1,87.7,90.0,100.0,1.0,91.1,Excellent,81.6
06-08-22,27.6,16.3,22.4,28.4,16.8,2.8,2.8,0.0,12.8,5.6,55,False,25,87.0,88.8,94.4,93.40884202359115,0,88.4,Nice,False,True,90.6,89.2,90.0,100.0,1.0,91.4,Excellent,81.8
07-08-22,25.6,16.6,21.7,26.5,17.2,0.6,0.6,0.0,12.9,6.9,51,False,25,83.5,97.6,94.2,92.46994423344056,0,87.9,Nice,False,True,90.3,100.0,90.0,100.0,1.0,95.5,Excellent,87.3
08-08-22,26.9,16.0,20.7,28.6,16.9,0.4,0.4,0.0,18.4,5.4,51,False,25,78.5,98.4,83.2,81.83555781011374,0,81.5,Nice,False,True,83.3,87.7,90.0,100.0,1.0,88.4,Nice,76.8
09-08-22,26.4,15.9,20.2,26.8,16.5,4.6,4.6,0.0,17.6,5.6,63,False,25,76.0,81.6,84.8,89.61853948798732,0,80.8,Nice,False,True,83.2,100.0,75.0,100.0,1.0,90.4,Excellent,71.9
10-08-22,18.2,12.8,16.0,18.9,11.9,4.2,4.2,0.0,18.1,8.2,55,False,25,55.0,83.2,83.8,38.277483110419475,0,54.6,Average,False,False,55.4,95.6,75.0,100.0,1.0,78.4,Nice,54.5
11-08-22,21.9,11.4,16.8,22.3,10.7,0.0,0.0,0.0,10.3,5.8,2,False,25,59.0,100.0,99.4,91.65428148566338,0,78.6,Nice,False,True,82.3,100.0,100.0,100.0,1.0,98.3,Excellent,96.7
12-08-22,23.8,12.9,18.1,25.4,12.4,0.0,0.0,0.0,7.2,4.4,3,False,25,65.5,100.0,100.0,89.48153438236564,0,80.5,Nice,False,True,83.7,100.0,100.0,100.0,1.0,97.9,Excellent,95.8
13-08-22,25.3,12.9,19.1,26.1,12.8,0.0,0.0,0.0,9.0,4.5,3,False,25,70.5,100.0,100.0,90.35794541815777,0,82.8,Nice,False,True,85.8,100.0,100.0,100.0,1.0,98.1,Excellent,96.1
14-08-22,24.2,15.2,19.3,25.0,15.9,0.6,0.6,0.0,9.7,4.6,51,False,25,71.5,97.6,100.0,78.47340928257488,0,78.7,Nice,False,True,81.1,100.0,90.0,100.0,1.0,92.7,Excellent,82.3
15-08-22,23.8,14.9,18.7,26.0,15.2,3.9,3.9,0.0,9.0,4.5,61,False,25,68.5,84.4,100.0,84.9005881354707,0,77.8,Nice,False,True,80.6,100.0,75.0,100.0,1.0,89.5,Nice,70.5
16-08-22,24.4,14.3,19.2,25.0,14.1,4.2,4.2,0.0,15.6,6.8,61,False,25,71.0,83.2,88.8,86.28695147145682,0,78.2,Nice,False,True,80.7,100.0,75.0,100.0,1.0,89.8,Nice,70.9
17-08-22,25.2,15.1,20.1,26.6,15.0,1.0,1.0,0.0,14.7,8.4,53,False,25,75.5,96.0,90.6,92.33791468800688,0,84.2,Nice,False,True,86.8,100.0,90.0,100.0,1.0,95.5,Excellent,87.2
18-08-22,24.7,16.5,20.2,25.2,17.5,24.0,24.0,0.0,16.0,7.7,63,False,25,76.0,4.0,88.0,92.15126685414884,0,70.3,Pleasant,True,True,72.9,100.0,20.0,100.0,1.0,74.4,Pleasant,19.4
19-08-22,27.0,16.1,21.7,29.0,16.5,0.0,0.0,0.0,7.9,4.7,1,False,25,83.5,100.0,100.0,93.9699949420728,0,89.3,Nice,False,True,91.8,84.6,100.0,100.0,1.0,92.6,Excellent,88.4
20-08-22,28.5,15.0,21.8,30.9,15.9,0.6,0.6,0.0,12.0,5.0,51,False,25,84.0,97.6,96.0,94.36963041594592,0,88.9,Nice,False,True,91.4,70.0,90.0,100.0,1.0,83.9,Nice,71.8
21-08-22,26.4,16.4,20.8,27.8,17.3,0.4,0.4,0.0,10.8,5.1,51,False,25,79.0,98.4,98.4,92.07352303842066,0,86.5,Nice,False,True,89.1,93.8,90.0,100.0,1.0,93.0,Excellent,83.8
22-08-22,25.5,14.7,19.2,26.8,15.3,4.8,4.8,0.0,10.8,5.5,61,False,25,71.0,80.8,98.4,66.692523409443,0,71.7,Pleasant,False,False,73.5,100.0,75.0,100.0,1.0,85.8,Nice,65.0
23-08-22,25.3,14.1,19.1,26.9,14.8,5.2,5.2,0.0,9.4,4.6,63,False,25,70.5,79.2,100.0,58.87865003941074,0,68.7,Pleasant,False,False,70.1,100.0,75.0,100.0,1.0,84.3,Nice,62.7
24-08-22,26.4,14.6,20.1,28.2,15.3,1.5,1.5,0.0,8.2,4.4,53,False,25,75.5,94.0,100.0,57.247228472855646,0,72.3,Pleasant,False,False,73.4,90.8,90.0,100.0,1.0,84.8,Nice,69.6
25-08-22,26.5,14.5,20.6,25.6,14.1,0.0,0.0,0.0,16.1,8.9,2,False,25,78.0,100.0,87.8,95.23226192290622,0,86.6,Nice,False,True,89.2,100.0,100.0,100.0,1.0,99.0,Excellent,98.1
26-08-22,26.6,13.9,20.6,27.5,12.1,0.0,0.0,0.0,9.0,5.1,1,False,25,78.0,100.0,100.0,95.58477971690975,0,87.7,Nice,False,True,90.5,96.2,100.0,100.0,1.0,97.6,Excellent,95.9
27-08-22,27.0,14.5,20.0,27.7,13.9,0.2,0.2,0.0,12.0,4.6,51,False,25,75.0,99.2,96.0,91.51003233273774,0,84.6,Nice,False,True,87.3,94.6,90.0,100.0,1.0,93.1,Excellent,84.0
28-08-22,28.1,15.4,22.0,28.6,14.9,0.0,0.0,0.0,6.9,3.7,0,False,25,85.0,100.0,100.0,96.06600264287121,0,90.6,Excellent,False,True,93.2,87.7,100.0,100.0,1.0,94.3,Excellent,91.0
29-08-22,28.2,16.4,22.0,29.1,15.3,1.2,1.2,0.0,8.4,4.5,53,False,25,85.0,95.2,100.0,94.70031515770381,0,89.4,Nice,False,True,91.9,83.8,90.0,100.0,1.0,89.5,Nice,79.4
30-08-22,26.0,16.0,19.8,27.8,16.4,9.1,9.1,0.0,13.7,5.2,63,False,25,74.0,63.6,92.6,89.56055620422461,0,77.9,Nice,False,True,80.5,93.8,40.0,100.0,1.0,77.5,Nice,36.9
31-08-22,23.9,14.5,18.2,25.5,15.1,3.0,3.0,0.0,11.5,4.6,55,False,25,66.0,88.0,97.0,50.91279431157682,0,65.2,Pleasant,False,False,66.4,100.0,75.0,100.0,1.0,82.7,Nice,60.3
01-09-22,21.8,14.0,17.4,22.7,14.2,12.9,12.9,0.0,7.7,5.1,63,False,21,82.0,48.4,100.0,86.37240414659733,0,78.3,Nice,True,True,80.5,100.0,20.0,100.0,1.0,73.3,Pleasant,18.9
02-09-22,18.5,12.7,15.1,17.2,12.1,5.3,5.3,0.0,14.8,9.9,61,False,21,70.5,78.8,90.4,12.186367827463854,0,51.5,Average,False,False,50.4,88.8,75.0,100.0,1.0,70.5,Pleasant,43.6
03-09-22,13.2,11.1,12.1,13.5,10.1,11.2,11.2,0.0,9.2,4.0,63,False,21,55.5,55.2,100.0,0.5105626019683175,0,38.7,Poor,True,False,37.9,74.0,40.0,100.0,1.0,51.7,Average,17.8
04-09-22,17.7,11.6,14.3,17.9,11.3,0.0,0.0,0.0,6.8,2.8,3,False,21,66.5,100.0,100.0,71.36991749985417,0,74.6,Pleasant,False,True,76.8,91.6,100.0,100.0,1.0,90.9,Excellent,83.5
05-09-22,18.1,10.3,14.4,17.8,9.9,1.7,1.7,0.0,7.2,3.7,53,False,21,67.0,93.2,100.0,94.51673998304231,0,81.9,Nice,False,True,85.2,91.2,90.0,100.0,1.0,92.4,Excellent,83.3
06-09-22,18.9,10.1,14.7,18.4,8.6,1.1,1.1,0.0,9.1,5.8,51,False,21,68.5,95.6,100.0,94.30700725846722,0,82.7,Nice,False,True,86.0,93.6,90.0,100.0,1.0,93.3,Excellent,84.5
07-09-22,18.4,8.1,14.4,18.6,7.1,0.0,0.0,0.0,7.3,3.3,3,False,21,67.0,100.0,100.0,74.1376994395565,0,75.7,Nice,False,True,78.1,94.4,100.0,100.0,1.0,92.6,Excellent,86.3
08-09-22,23.0,10.6,16.3,23.3,10.0,0.0,0.0,0.0,8.4,4.2,3,False,21,76.5,100.0,100.0,95.31122215807957,0,87.0,Nice,False,True,89.9,100.0,100.0,100.0,1.0,99.1,Excellent,98.1
09-09-22,23.0,12.1,17.0,24.3,10.8,2.3,2.3,0.0,15.1,6.1,55,False,21,80.0,90.8,89.8,67.42710900155068,0,76.4,Nice,False,False,77.6,100.0,90.0,100.0,1.0,90.5,Excellent,78.3
10-09-22,23.9,13.3,17.7,25.9,12.7,8.1,8.1,0.0,14.4,6.4,61,False,21,83.5,67.6,91.2,93.54139943130293,0,83.6,Nice,False,True,85.9,100.0,55.0,100.0,1.0,85.2,Nice,53.6
11-09-22,19.3,13.2,15.7,17.6,11.9,0.9,0.9,0.0,17.2,10.0,51,False,21,73.5,96.4,85.6,78.63028632656292,0,78.2,Nice,False,True,80.2,90.4,90.0,100.0,1.0,88.9,Nice,77.1
12-09-22,15.5,10.4,12.8,12.7,7.8,1.6,1.6,0.0,19.1,10.9,53,False,21,59.0,93.6,81.8,62.199491807924524,0,66.0,Pleasant,False,False,67.7,70.8,90.0,100.0,1.0,77.8,Nice,60.6
13-09-22,14.9,9.4,11.4,11.2,6.8,0.3,0.3,0.0,17.4,10.8,51,False,21,52.0,98.8,85.2,61.78229005498031,0,64.1,Pleasant,False,False,66.3,64.8,90.0,100.0,1.0,75.3,Nice,57.2
14-09-22,19.5,6.6,13.3,19.0,4.2,0.0,0.0,0.0,7.2,4.8,3,False,21,61.5,100.0,100.0,95.11180370508912,0,80.9,Nice,False,True,84.6,96.0,100.0,100.0,1.0,97.4,Excellent,95.6
15-09-22,24.3,12.2,18.3,23.7,11.7,0.0,0.0,0.0,26.5,9.1,3,False,21,86.5,100.0,67.0,95.47731505156891,0,88.4,Nice,False,True,90.2,100.0,100.0,100.0,1.0,99.1,Excellent,98.2
16-09-22,21.3,12.7,16.9,21.6,12.6,4.9,4.9,0.0,19.5,8.8,61,False,21,79.5,80.4,81.0,79.20580538144331,0,78.1,Nice,False,True,79.7,100.0,75.0,100.0,1.0,88.3,Nice,68.8
17-09-22,22.4,11.0,14.9,22.6,10.3,0.3,0.3,0.0,15.1,5.4,51,False,21,69.5,98.8,89.8,46.48017460943536,0,66.1,Pleasant,False,False,66.7,100.0,90.0,100.0,1.0,86.3,Nice,70.7
18-09-22,14.0,7.8,10.7,12.9,3.7,5.1,5.1,0.0,32.6,20.4,61,False,21,48.5,79.6,54.8,79.10915502103424,0,63.4,Pleasant,False,True,66.0,71.6,75.0,98.7,1.0,76.8,Nice,55.2
19-09-22,13.5,5.5,9.3,11.8,2.8,0.7,0.7,0.0,15.0,6.8,53,False,21,41.5,97.2,90.0,85.98245856648644,0,68.5,Pleasant,False,True,72.5,67.2,90.0,100.0,1.0,81.1,Nice,67.2
20-09-22,11.2,5.3,7.8,7.4,2.0,6.1,6.1,0.0,17.4,12.4,61,False,21,34.0,75.6,85.2,90.10276001857113,0,63.3,Pleasant,False,True,67.8,49.6,55.0,100.0,1.0,64.4,Pleasant,36.2
21-09-22,10.8,5.4,7.9,7.6,3.2,2.3,2.3,0.0,13.2,8.2,51,False,21,34.5,90.8,93.6,73.69025370002352,0,60.7,Pleasant,False,True,64.5,50.4,90.0,100.0,1.0,71.9,Pleasant,53.7
22-09-22,10.2,6.4,7.8,7.3,4.1,6.0,6.0,0.0,13.4,9.3,53,False,21,34.0,76.0,93.2,42.43069915689014,0,47.3,Average,False,False,49.6,49.2,55.0,100.0,1.0,54.7,Average,25.6
23-09-22,10.2,5.8,7.5,7.9,3.5,3.2,3.2,0.0,11.4,7.4,51,False,21,32.5,87.2,97.2,41.20078188533188,0,48.3,Average,False,False,50.7,51.6,75.0,100.0,1.0,61.4,Pleasant,35.6
24-09-22,12.1,4.6,7.7,9.3,2.1,0.4,0.4,0.0,10.6,6.5,51,False,21,33.5,98.4,98.8,86.70692059728378,0,66.4,Pleasant,False,True,71.0,57.2,90.0,100.0,1.0,77.2,Nice,62.1
25-09-22,17.0,2.9,9.7,15.1,0.6,0.0,0.0,0.0,10.3,5.3,3,False,21,43.5,100.0,99.4,81.33459829562409,0,68.8,Pleasant,False,True,72.7,80.4,100.0,100.0,1.0,88.4,Nice,80.8
26-09-22,20.4,8.7,14.1,19.7,6.7,0.5,0.5,0.0,16.9,6.4,51,False,21,65.5,98.0,86.2,72.55903764153098,0,73.2,Pleasant,False,True,75.3,98.8,90.0,100.0,1.0,91.0,Excellent,79.5
27-09-22,17.6,10.8,14.0,16.8,9.8,4.1,4.1,0.0,8.9,4.1,55,False,21,65.0,83.6,100.0,72.93581751999365,0,72.1,Pleasant,False,True,74.5,87.2,75.0,100.0,1.0,82.0,Nice,61.1
28-09-22,16.5,7.7,12.3,15.2,5.7,0.3,0.3,0.0,13.4,6.3,51,False,21,56.5,98.8,93.2,98.60965058360807,0,79.4,Nice,False,True,83.4,80.8,90.0,100.0,1.0,89.0,Nice,79.1
29-09-22,21.4,7.6,13.3,20.9,6.3,0.0,0.0,0.0,9.7,4.6,3,False,21,61.5,100.0,100.0,64.28910597888208,0,70.1,Pleasant,False,False,72.2,100.0,100.0,100.0,1.0,92.9,Excellent,85.7
30-09-22,22.6,8.2,14.5,22.3,6.6,0.0,0.0,0.0,12.3,5.4,3,False,21,67.5,100.0,95.4,90.46090984874876,0,81.3,Nice,False,True,84.3,100.0,100.0,100.0,1.0,98.1,Excellent,96.2
01-10-22,23.6,8.7,15.8,23.0,7.4,0.0,0.0,0.0,14.7,6.2,3,False,15,96.0,100.0,90.6,79.47820441964717,0,88.5,Nice,False,True,89.5,100.0,100.0,100.0,1.0,95.9,Excellent,91.8
02-10-22,14.0,9.7,12.1,13.4,7.3,12.2,12.2,0.0,27.2,15.9,61,False,15,85.5,51.2,65.6,64.9712654902921,0,69.9,Pleasant,True,False,70.2,73.6,20.0,100.0,1.0,58.4,Average,14.0
03-10-22,11.9,7.4,9.5,8.4,4.6,8.3,8.3,0.0,19.7,11.6,63,False,15,72.5,66.8,80.6,58.76778192419491,0,66.0,Pleasant,False,False,67.0,53.6,55.0,100.0,1.0,59.7,Average,30.6
04-10-22,11.1,5.6,8.1,7.8,3.2,2.5,2.5,0.0,17.6,11.8,53,False,15,65.5,90.0,84.8,80.71903508158331,0,74.7,Pleasant,False,True,77.2,51.2,90.0,100.0,1.0,73.6,Pleasant,56.7
05-10-22,13.0,5.0,8.6,10.8,2.6,0.8,0.8,0.0,9.7,5.5,51,False,15,68.0,96.8,100.0,84.60535365165718,0,79.3,Nice,False,True,82.2,63.2,90.0,100.0,1.0,79.2,Nice,64.6
06-10-22,15.5,5.5,9.9,13.6,2.8,0.0,0.0,0.0,8.2,5.1,3,False,15,74.5,100.0,100.0,92.25760670739103,0,85.1,Nice,False,True,88.0,74.4,100.0,100.0,1.0,88.2,Nice,81.5
07-10-22,15.9,7.4,11.2,14.8,4.8,0.0,0.0,0.0,8.7,5.4,3,False,15,81.0,100.0,100.0,86.19920430971284,0,85.6,Nice,False,True,87.8,79.2,100.0,100.0,1.0,88.9,Nice,82.0
08-10-22,17.0,6.4,10.6,15.9,4.6,0.0,0.0,0.0,9.1,4.2,3,False,15,78.0,100.0,100.0,94.01029163215433,0,87.1,Nice,False,True,89.9,83.6,100.0,100.0,1.0,92.2,Excellent,87.8
09-10-22,16.6,6.0,11.3,15.0,3.3,0.0,0.0,0.0,10.6,6.9,3,False,15,81.5,100.0,98.8,91.50525902047086,0,87.5,Nice,False,True,90.0,80.0,100.0,100.0,1.0,90.3,Excellent,84.6
10-10-22,15.4,6.5,10.6,13.5,4.5,0.0,0.0,0.0,10.8,6.9,3,False,15,78.0,100.0,98.4,87.8545656356298,0,84.8,Nice,False,True,87.3,74.0,100.0,100.0,1.0,87.2,Nice,79.5
11-10-22,15.9,4.5,9.9,15.1,2.1,0.0,0.0,0.0,9.0,5.0,3,False,15,74.5,100.0,100.0,82.39864342389008,0,81.6,Nice,False,True,84.0,80.4,100.0,100.0,1.0,88.6,Nice,81.2
12-10-22,16.5,8.2,11.7,14.6,6.8,0.0,0.0,0.0,10.0,4.8,3,False,15,83.5,100.0,100.0,87.22093340509255,0,86.9,Nice,False,True,89.1,78.4,100.0,100.0,1.0,88.8,Nice,81.9
13-10-22,12.2,6.9,9.7,12.0,4.8,6.4,6.4,0.0,6.5,4.4,61,False,15,73.5,74.4,100.0,1.7967945846099571,0,49.2,Average,False,False,47.6,68.0,55.0,100.0,1.0,54.1,Average,22.8
14-10-22,14.6,7.3,10.4,13.0,5.0,0.4,0.4,0.0,9.8,6.2,51,False,15,77.0,98.4,100.0,90.62850870788921,0,85.3,Nice,False,True,88.0,72.0,90.0,100.0,1.0,83.9,Nice,71.5
15-10-22,14.1,4.9,9.3,12.1,2.1,0.0,0.0,0.0,9.7,6.0,3,False,15,71.5,100.0,100.0,91.55366165576328,0,83.6,Nice,False,True,86.6,68.4,100.0,100.0,1.0,85.7,Nice,77.7
16-10-22,14.4,2.1,7.4,12.4,-0.3,0.0,0.0,0.0,6.6,3.6,1,False,15,62.0,100.0,100.0,92.99228975751035,0,80.3,Nice,False,True,83.9,69.6,100.0,100.0,1.0,86.4,Nice,79.0
17-10-22,15.2,4.2,9.3,13.8,1.6,0.0,0.0,0.0,7.2,3.5,0,False,15,71.5,100.0,100.0,92.71283512204688,0,84.0,Nice,False,True,87.1,75.2,100.0,100.0,1.0,88.6,Nice,82.2
18-10-22,15.8,4.8,10.5,14.3,1.8,0.0,0.0,0.0,7.9,3.4,3,False,15,77.5,100.0,100.0,92.4259840947847,0,86.3,Nice,False,True,89.1,77.2,100.0,100.0,1.0,89.4,Nice,83.3
19-10-22,15.0,4.3,9.6,12.6,1.2,0.3,0.3,0.0,13.7,7.8,51,False,15,73.0,98.8,92.6,83.53350866776171,0,80.7,Nice,False,True,83.0,70.4,90.0,100.0,1.0,81.9,Nice,68.1
20-10-22,10.3,2.6,7.5,6.8,-0.6,0.3,0.3,0.0,16.9,12.4,51,False,15,62.5,98.8,86.2,93.26207420034247,0,79.4,Nice,False,True,82.6,47.2,90.0,100.0,1.0,74.5,Pleasant,59.1
21-10-22,12.2,-1.7,5.1,9.5,-4.8,0.0,0.0,0.0,6.2,4.0,3,False,15,50.5,100.0,100.0,93.71168558688245,0,76.0,Nice,False,True,80.2,58.0,100.0,100.0,1.0,81.9,Nice,72.3
22-10-22,18.0,1.0,10.1,16.6,-1.5,0.0,0.0,0.0,8.1,3.9,3,False,15,75.5,100.0,100.0,84.74704837016256,0,82.9,Nice,False,True,85.3,86.4,100.0,100.0,1.0,91.5,Excellent,85.7
23-10-22,12.4,8.8,10.7,10.2,6.6,3.5,3.5,0.0,18.3,10.7,53,False,15,78.5,86.0,83.4,34.95179798255897,0,63.2,Pleasant,False,False,62.7,60.8,75.0,100.0,1.0,63.8,Pleasant,37.8
24-10-22,16.3,4.9,9.7,15.9,3.4,0.0,0.0,0.0,5.8,2.9,3,False,15,73.5,100.0,100.0,91.53548547253224,0,84.4,Nice,False,True,87.3,83.6,100.0,100.0,1.0,91.7,Excellent,86.8
25-10-22,18.9,8.7,13.4,18.1,7.2,0.6,0.6,0.0,16.8,6.9,51,False,15,92.0,97.6,86.4,85.97450643601441,0,88.4,Nice,False,True,89.9,92.4,90.0,100.0,1.0,91.2,Excellent,80.8
26-10-22,14.4,7.3,11.1,12.7,5.1,2.7,2.7,0.0,13.7,8.3,53,False,15,80.5,89.2,92.6,67.18831819107717,0,76.5,Nice,False,False,77.7,70.8,90.0,100.0,1.0,78.8,Nice,62.4
27-10-22,14.9,5.3,9.5,14.0,2.6,0.0,0.0,0.0,8.4,5.0,2,False,15,72.5,100.0,100.0,96.43930030072988,0,85.8,Nice,False,True,89.0,76.0,100.0,100.0,1.0,89.7,Nice,84.2
28-10-22,15.4,6.8,10.0,14.5,4.2,0.0,0.0,0.0,8.1,4.2,3,False,15,75.0,100.0,100.0,96.89468677985043,0,86.9,Nice,False,True,90.0,78.0,100.0,100.0,1.0,90.6,Excellent,85.6
29-10-22,14.2,5.0,9.6,13.6,2.1,0.0,0.0,0.0,8.2,4.7,3,False,15,73.0,100.0,100.0,97.3489448591239,0,86.3,Nice,False,True,89.5,74.4,100.0,100.0,1.0,89.2,Nice,83.6
30-10-22,15.4,5.3,10.6,14.0,3.1,0.0,0.0,0.0,9.1,4.8,3,False,15,78.0,100.0,100.0,97.80187567697236,0,88.4,Nice,False,True,91.4,76.0,100.0,100.0,1.0,90.0,Excellent,84.7
31-10-22,15.3,7.2,11.2,14.2,5.8,0.0,0.0,0.0,14.3,6.0,3,False,15,81.0,100.0,91.4,45.46624950905374,0,70.6,Pleasant,False,False,70.7,76.8,100.0,100.0,1.0,79.8,Nice,64.3
01-11-22,16.6,7.8,11.7,16.3,6.8,0.0,0.0,0.0,5.0,2.4,3,False,8,81.5,100.0,100.0,98.2942338325006,0,90.0,Excellent,False,True,92.8,85.2,100.0,100.0,1.0,93.7,Excellent,90.4
02-11-22,16.9,5.6,11.5,14.2,2.6,0.0,0.0,0.0,15.4,7.6,3,False,8,82.5,100.0,89.2,98.28192487887823,0,89.5,Nice,False,True,92.1,76.8,100.0,100.0,1.0,90.4,Excellent,85.4
03-11-22,11.8,4.9,8.8,10.2,3.0,0.3,0.3,0.0,7.0,4.9,51,False,8,96.0,98.8,100.0,31.388059375132336,0,72.2,Pleasant,False,False,71.0,60.8,90.0,100.0,1.0,67.6,Pleasant,44.1
04-11-22,17.3,4.9,10.0,16.1,2.9,0.0,0.0,0.0,9.5,5.1,3,False,8,90.0,100.0,100.0,92.96411144564493,0,91.5,Excellent,False,True,93.7,84.4,100.0,100.0,1.0,92.4,Excellent,87.8
05-11-22,18.3,5.0,10.7,17.6,2.9,0.0,0.0,0.0,9.8,5.0,3,False,8,86.5,100.0,100.0,74.85329550102477,0,83.8,Nice,False,True,85.2,90.4,100.0,100.0,1.0,91.1,Excellent,84.2
06-11-22,16.8,8.6,11.7,14.4,6.6,0.0,0.0,0.0,14.3,8.4,3,False,8,81.5,100.0,91.4,70.24315430311373,0,79.5,Nice,False,True,80.8,77.6,100.0,100.0,1.0,85.1,Nice,74.7
07-11-22,14.1,5.8,9.8,12.4,3.5,0.0,0.0,0.0,7.8,4.7,3,False,8,91.0,100.0,100.0,95.00863322620407,0,92.7,Excellent,False,True,94.9,69.6,100.0,100.0,1.0,86.8,Nice,79.8
08-11-22,11.7,5.8,9.1,11.2,3.1,0.3,0.3,0.0,8.5,4.1,51,False,8,94.5,98.8,100.0,23.783210754699287,0,68.9,Pleasant,False,False,67.4,64.8,90.0,100.0,1.0,67.7,Pleasant,43.6
09-11-22,12.6,4.5,7.7,11.1,2.5,0.0,0.0,0.0,7.6,4.3,2,False,8,98.5,100.0,100.0,94.69490223489527,0,95.5,Excellent,False,True,97.4,64.4,100.0,100.0,1.0,84.7,Nice,76.5
10-11-22,11.3,2.5,6.3,9.9,0.5,0.0,0.0,0.0,7.9,3.8,3,False,8,91.5,100.0,100.0,96.12136879546377,0,93.2,Excellent,False,True,95.5,59.6,100.0,100.0,1.0,83.1,Nice,74.2
11-11-22,8.3,4.7,6.9,6.5,2.4,8.3,8.3,0.0,9.1,5.9,61,False,8,94.5,66.8,100.0,17.6507822358902,0,62.0,Pleasant,False,False,60.2,46.0,55.0,100.0,1.0,48.4,Average,19.1
12-11-22,9.7,2.7,6.0,7.2,0.4,0.3,0.3,0.0,8.3,4.2,51,False,8,90.0,98.8,100.0,90.39540297131357,0,90.5,Excellent,False,True,92.5,48.8,90.0,100.0,1.0,74.6,Pleasant,58.9
13-11-22,8.7,2.2,5.1,6.9,-0.4,0.0,0.0,0.0,6.3,2.7,3,False,8,85.5,100.0,100.0,94.00334034744482,0,90.1,Excellent,False,True,92.5,47.6,100.0,100.0,1.0,77.8,Nice,66.2
14-11-22,8.9,1.6,4.9,6.9,-0.8,0.0,0.0,0.0,4.1,2.0,3,False,8,84.5,100.0,100.0,95.45288793782086,0,90.2,Excellent,False,True,92.8,47.6,100.0,100.0,1.0,78.1,Nice,66.7
15-11-22,7.5,1.5,4.3,5.1,-1.8,0.0,0.0,0.0,5.2,2.2,3,False,8,81.5,100.0,100.0,94.71838416289779,0,88.8,Nice,False,True,91.4,40.4,100.0,100.0,1.0,75.1,Nice,62.1
16-11-22,9.0,0.4,4.6,6.8,-2.4,0.1,0.1,0.0,6.5,2.7,51,False,8,83.0,99.6,100.0,80.95806664359687,0,84.5,Nice,False,True,86.4,47.2,90.0,100.0,1.0,72.1,Pleasant,54.6
17-11-22,8.0,0.5,4.3,4.7,-2.2,5.7,5.7,0.0,17.5,7.1,61,False,8,81.5,77.2,85.0,8.522121246505678,0,54.0,Average,False,False,52.0,38.8,75.0,100.0,1.0,49.7,Average,20.0
18-11-22,10.3,0.4,5.7,8.0,-2.2,0.2,0.2,0.0,13.0,5.4,51,False,8,88.5,99.2,94.0,64.49439917900787,0,80.4,Nice,False,False,81.1,52.0,90.0,100.0,1.0,70.7,Pleasant,51.3
19-11-22,8.5,4.0,5.4,6.6,1.3,1.8,1.8,0.0,17.0,6.5,53,False,8,87.0,92.8,86.0,0.0,0,55.6,Average,False,False,53.0,46.4,90.0,100.0,1.0,55.6,Average,25.1
20-11-22,10.5,5.1,7.0,10.1,1.9,5.3,5.3,0.0,12.2,5.1,53,False,8,95.0,78.8,95.6,0.0,0,57.5,Average,False,False,54.6,60.4,75.0,100.0,1.0,56.7,Average,27.2
21-11-22,7.7,1.3,4.3,6.1,-1.7,10.9,10.9,0.0,14.5,7.9,63,False,8,81.5,56.4,91.0,0.0,0,48.3,Average,True,False,46.1,44.4,40.0,100.0,1.0,39.8,Poor,10.7
22-11-22,5.9,0.5,2.6,2.9,-2.8,0.1,0.1,0.0,9.8,6.3,51,False,8,73.0,99.6,100.0,90.34833717362642,0,83.8,Nice,False,True,86.6,31.6,90.0,100.0,1.0,67.7,Pleasant,49.6
23-11-22,8.3,1.4,5.1,6.9,-2.5,4.8,4.8,0.0,10.2,4.9,61,False,8,85.5,80.8,99.6,0.0,0,54.3,Average,False,False,52.0,47.6,75.0,100.0,1.0,51.5,Average,21.4
24-11-22,5.0,1.5,3.0,2.9,-1.4,1.4,1.4,0.0,15.2,5.8,51,False,8,75.0,94.4,89.6,31.558141034626935,0,62.4,Pleasant,False,False,62.0,31.6,90.0,100.0,1.0,56.0,Average,28.4
25-11-22,3.0,0.4,1.8,-1.0,-3.6,2.4,2.4,0.0,17.3,11.7,51,False,8,69.0,90.4,85.4,1.3027571998954732,0,48.4,Average,False,False,46.8,16.0,90.0,100.0,1.0,43.7,Average,9.1
26-11-22,2.3,-0.1,1.1,-1.4,-4.0,1.6,0.8,0.56,17.1,10.6,71,False,8,65.5,93.6,85.8,26.89322546542202,-20,56.1,Average,False,False,56.3,14.4,90.0,100.0,1.0,48.1,Average,17.5
27-11-22,3.7,-1.6,1.2,1.0,-4.9,0.0,0.0,0.0,6.4,3.2,3,False,8,66.0,100.0,100.0,40.98114667019157,0,63.7,Pleasant,False,False,64.5,24.0,100.0,100.0,1.0,57.8,Average,30.8
28-11-22,3.4,-2.0,1.1,0.2,-5.6,1.3,0.6,0.49,7.1,4.1,71,False,8,65.5,94.8,100.0,3.7032318198619936,-20,49.3,Average,False,False,48.6,20.8,90.0,100.0,1.0,46.1,Average,12.6
29-11-22,4.5,-2.2,-0.1,1.4,-5.7,0.0,0.0,0.0,9.4,6.1,3,False,8,59.5,100.0,100.0,85.3061146544292,0,76.7,Nice,False,True,79.9,25.6,100.0,100.0,1.0,67.3,Pleasant,49.5
30-11-22,2.9,-2.2,0.1,-1.0,-5.6,0.0,0.0,0.0,12.0,7.0,3,False,8,60.5,100.0,96.0,23.2395484632065,0,55.0,Average,False,False,55.1,16.0,100.0,100.0,1.0,51.0,Average,18.9
01-12-22,0.7,-2.6,-0.9,-2.9,-6.4,6.2,3.3,2.03,8.0,6.2,75,False,2,85.5,75.2,100.0,5.637908254867631,10,55.7,Average,False,False,53.5,8.4,75.0,100.0,1.0,37.0,Poor,5.5
02-12-22,4.3,-1.3,1.1,2.0,-4.4,1.2,0.1,0.77,7.2,4.7,73,False,2,95.5,95.2,100.0,56.986173373377355,0,80.4,Nice,False,False,80.5,28.0,90.0,100.0,1.0,59.6,Average,35.6
03-12-22,4.4,-0.8,1.4,1.7,-3.9,0.0,0.0,0.0,8.4,4.3,3,False,2,97.0,100.0,100.0,89.77265076194537,0,93.2,Excellent,False,True,94.9,26.8,100.0,100.0,1.0,68.7,Pleasant,52.0
04-12-22,6.1,0.0,2.7,3.8,-3.4,0.0,0.0,0.0,7.4,3.9,3,False,2,96.5,100.0,100.0,62.69830305901943,0,83.5,Nice,False,False,83.9,35.2,100.0,100.0,1.0,66.6,Pleasant,46.2
05-12-22,7.6,1.4,3.6,5.6,-1.9,0.4,0.4,0.0,8.3,4.3,51,False,2,92.0,98.4,100.0,78.21967050176755,0,86.9,Nice,False,True,88.2,42.4,90.0,100.0,1.0,69.6,Pleasant,51.1
06-12-22,8.9,1.3,4.0,6.8,-1.9,0.0,0.0,0.0,7.8,5.1,3,False,2,90.0,100.0,100.0,64.95874522929385,0,81.7,Nice,False,False,82.5,47.2,100.0,100.0,1.0,71.9,Pleasant,54.3
07-12-22,4.2,1.3,3.1,2.5,-1.2,5.2,4.4,0.56,5.1,3.1,73,False,2,94.5,79.2,100.0,21.404014663453594,0,65.2,Pleasant,False,False,63.5,30.0,75.0,100.0,1.0,48.8,Average,19.9
08-12-22,4.5,-0.3,2.0,1.7,-3.0,2.0,1.0,0.7,7.6,4.2,73,False,2,100.0,92.0,100.0,48.86006915516315,0,78.9,Nice,False,False,78.3,26.8,90.0,100.0,1.0,57.5,Average,32.1
09-12-22,9.9,0.9,5.6,7.8,-1.8,1.9,1.9,0.0,8.6,5.6,55,False,2,82.0,92.4,100.0,83.89315476698444,0,84.0,Nice,False,True,86.1,51.2,90.0,100.0,1.0,74.3,Pleasant,57.8
10-12-22,15.2,5.6,9.2,14.1,2.9,0.3,0.3,0.0,18.1,7.6,51,False,2,64.0,98.8,83.8,70.80789965467825,0,71.9,Pleasant,False,True,73.9,76.4,90.0,100.0,1.0,81.7,Nice,66.7
11-12-22,13.2,1.5,8.1,10.4,-2.2,8.8,7.9,0.63,22.2,12.2,73,False,2,69.5,64.8,75.6,20.954012052013958,0,50.9,Average,False,False,50.0,61.6,55.0,100.0,1.0,55.3,Average,24.9
12-12-22,1.0,-3.1,-0.3,-2.5,-7.3,3.1,0.1,2.1,13.2,9.5,73,False,2,88.5,87.6,93.6,0.0,10,56.2,Average,False,False,53.5,10.0,90.0,100.0,1.0,41.0,Average,5.4
13-12-22,-2.8,-7.3,-4.8,-7.1,-11.3,0.3,0.0,0.21,16.6,8.7,71,False,2,66.0,98.8,86.8,72.98864723604792,0,73.7,Pleasant,False,True,75.8,0.0,100.0,100.0,1.0,54.6,Average,29.2
14-12-22,3.5,-7.6,-2.6,-0.4,-11.6,0.0,0.0,0.0,10.2,4.9,3,False,2,77.0,100.0,99.6,52.731802500164804,0,72.2,Pleasant,False,False,73.0,18.4,100.0,100.0,1.0,57.9,Average,32.1
15-12-22,5.9,-1.7,1.6,3.5,-4.7,5.7,5.2,0.35,9.2,4.4,73,False,2,98.0,77.2,100.0,41.01033628885114,0,73.1,Pleasant,False,False,72.3,34.0,75.0,100.0,1.0,54.3,Average,27.6
16-12-22,13.4,-1.0,5.8,12.0,-3.8,1.1,1.1,0.0,9.3,6.0,55,False,2,81.0,95.6,100.0,16.309704793232722,0,60.4,Pleasant,False,False,59.2,68.0,90.0,100.0,1.0,67.5,Pleasant,42.6
17-12-22,12.4,4.1,8.0,11.2,0.6,2.0,2.0,0.0,17.4,9.8,55,False,2,70.0,92.0,85.2,19.321297835769368,0,55.4,Average,False,False,54.5,64.8,90.0,100.0,1.0,66.8,Pleasant,41.9
18-12-22,3.6,-2.6,0.2,0.1,-6.6,1.2,0.0,0.84,16.9,12.3,71,False,2,91.0,95.2,86.2,0.0,0,57.6,Average,False,False,54.8,20.4,100.0,100.0,1.0,48.2,Average,12.2
19-12-22,-0.2,-5.7,-3.1,-3.5,-9.7,0.0,0.0,0.0,8.0,4.9,3,False,2,74.5,100.0,100.0,95.78338465552318,0,86.3,Nice,False,True,89.4,6.0,100.0,100.0,1.0,61.6,Pleasant,41.9
20-12-22,6.5,-3.4,-0.0,2.3,-7.5,0.0,0.0,0.0,10.5,3.1,3,False,2,90.0,100.0,99.0,86.69891292805777,0,89.3,Nice,False,True,91.1,29.2,100.0,100.0,1.0,69.0,Pleasant,52.2
21-12-22,6.0,-0.5,2.3,1.8,-4.7,0.0,0.0,0.0,5.4,3.1,3,False,2,98.5,100.0,100.0,94.32898206067726,0,95.4,Excellent,False,True,97.2,27.2,100.0,100.0,1.0,69.7,Pleasant,54.1
22-12-22,4.3,-0.2,2.0,1.3,-3.4,0.0,0.0,0.0,6.1,2.8,3,False,2,100.0,100.0,100.0,88.36207985898395,0,93.9,Excellent,False,True,95.3,25.2,100.0,100.0,1.0,67.8,Pleasant,50.5
23-12-22,3.8,-1.2,1.6,1.6,-3.9,0.0,0.0,0.0,5.7,3.5,3,False,2,98.0,100.0,100.0,5.246502784625655,0,64.0,Pleasant,False,False,61.4,26.4,100.0,100.0,1.0,51.6,Average,17.9
24-12-22,6.3,-1.1,3.0,4.2,-4.3,3.4,3.4,0.0,11.1,5.7,55,False,2,95.0,86.4,97.8,12.152403257789599,0,63.0,Pleasant,False,False,60.9,36.8,75.0,100.0,1.0,49.7,Average,20.2
25-12-22,5.9,0.8,3.6,1.8,-2.2,2.8,2.8,0.0,20.0,10.8,53,False,2,92.0,88.8,80.0,46.02813917502871,0,72.6,Pleasant,False,False,71.9,27.2,90.0,100.0,1.0,57.1,Average,31.3
26-12-22,7.1,-1.8,2.2,5.1,-4.5,0.1,0.1,0.0,7.9,3.7,51,False,2,99.0,99.6,100.0,81.01887819513517,0,90.9,Excellent,False,True,92.0,40.4,90.0,100.0,1.0,69.4,Pleasant,51.0
27-12-22,6.1,0.9,3.5,2.9,-2.3,3.4,3.4,0.0,18.5,9.3,53,False,2,92.5,86.4,83.0,6.8075166076502285,0,59.0,Average,False,False,56.4,31.6,75.0,100.0,1.0,46.5,Average,16.3
28-12-22,2.4,-3.5,-0.5,-0.8,-6.5,0.7,0.7,0.0,12.6,5.2,51,False,2,87.5,97.2,94.8,97.02697668959905,0,91.1,Excellent,False,True,93.5,16.8,90.0,100.0,1.0,63.1,Pleasant,44.0
29-12-22,6.0,-4.2,1.1,2.2,-7.2,0.0,0.0,0.0,4.8,2.5,3,False,2,95.5,100.0,100.0,97.84421679592424,0,95.4,Excellent,False,True,97.6,28.8,100.0,100.0,1.0,71.1,Pleasant,56.4
30-12-22,8.6,1.0,4.3,6.1,-2.8,0.0,0.0,0.0,7.5,3.3,3,False,2,88.5,100.0,100.0,82.5381461701102,0,87.3,Nice,False,True,89.0,44.4,100.0,100.0,1.0,74.3,Pleasant,59.7
31-12-22,10.1,0.5,4.4,8.4,-2.9,0.0,0.0,0.0,7.8,5.2,3,False,2,88.0,100.0,100.0,96.34798241271652,0,91.9,Excellent,False,True,94.3,53.6,100.0,100.0,1.0,80.7,Nice,70.7
01-01-23,11.6,1.8,6.8,10.4,-1.5,0.0,0.0,0.0,9.6,4.9,3,False,0,66.0,100.0,100.0,97.38717889744547,0,83.5,Nice,False,True,87.1,61.6,100.0,100.0,1.0,84.1,Nice,75.9
02-01-23,9.1,4.3,7.1,8.0,1.9,0.0,0.0,0.0,4.7,2.5,1,False,0,64.5,100.0,100.0,97.87483484731214,0,83.1,Nice,False,True,86.7,52.0,100.0,100.0,1.0,80.4,Nice,70.3
03-01-23,9.5,2.3,6.0,7.5,-1.3,0.0,0.0,0.0,10.5,4.6,3,False,0,70.0,100.0,99.0,96.84062894719872,0,84.8,Nice,False,True,88.1,50.0,100.0,100.0,1.0,79.4,Nice,68.7
04-01-23,5.4,3.0,4.0,3.4,0.7,5.0,5.0,0.0,6.2,5.0,61,False,0,80.0,80.0,100.0,0.0,0,52.0,Average,False,False,50.0,33.6,75.0,100.0,1.0,45.9,Average,15.1
05-01-23,8.8,0.3,4.2,5.4,-2.6,1.3,1.3,0.0,19.1,8.7,53,False,0,79.0,94.8,81.8,78.85121734184503,0,80.0,Nice,False,True,81.6,41.6,90.0,100.0,1.0,69.4,Pleasant,50.9
06-01-23,5.3,1.3,3.7,1.2,-2.3,4.9,4.9,0.0,19.6,15.4,53,False,0,81.5,80.4,80.8,35.39187647422187,0,63.5,Pleasant,False,False,62.8,24.8,75.0,100.0,1.0,49.5,Average,21.8
07-01-23,5.5,-0.7,2.5,3.1,-3.9,0.0,0.0,0.0,7.0,3.3,3,False,0,87.5,100.0,100.0,34.37675727509934,0,70.0,Pleasant,False,False,69.4,32.4,100.0,100.0,1.0,59.8,Average,33.2
08-01-23,9.1,-1.3,2.5,6.8,-5.3,0.0,0.0,0.0,10.0,5.1,3,False,0,87.5,100.0,100.0,97.93434086828489,0,92.3,Excellent,False,True,94.8,47.2,100.0,100.0,1.0,78.5,Nice,67.5
09-01-23,9.6,-1.8,2.9,7.2,-5.9,0.0,0.0,0.0,19.5,8.7,3,False,0,85.5,100.0,81.0,92.47219678075696,0,88.0,Nice,False,True,90.0,48.8,100.0,100.0,1.0,78.0,Nice,66.3
10-01-23,10.8,2.7,5.8,8.3,-1.2,6.1,6.1,0.0,14.2,8.4,61,False,0,71.0,75.6,91.6,54.13044464595701,0,66.0,Pleasant,False,False,67.0,53.2,55.0,100.0,1.0,58.6,Average,29.5
11-01-23,6.2,2.3,4.3,3.2,-0.5,8.9,8.9,0.0,13.1,9.8,55,False,0,78.5,64.4,93.8,0.0,0,48.6,Average,False,False,46.5,32.8,55.0,100.0,1.0,39.6,Poor,10.8
12-01-23,3.6,2.3,2.9,1.1,-0.1,8.8,8.8,0.0,6.5,3.4,61,False,0,85.5,64.8,100.0,0.0,0,51.9,Average,False,False,49.6,24.4,55.0,100.0,1.0,36.3,Poor,8.1
13-01-23,4.3,2.2,3.1,2.0,-0.5,0.1,0.1,0.0,5.4,2.8,51,False,0,84.5,99.6,100.0,3.871465461886349,0,58.1,Average,False,False,56.1,28.0,90.0,100.0,1.0,49.0,Average,16.5
14-01-23,4.0,-0.8,1.5,1.6,-3.6,0.0,0.0,0.0,5.9,3.2,3,False,0,92.5,100.0,100.0,16.171543910544212,0,65.7,Pleasant,False,False,63.8,26.4,100.0,100.0,1.0,53.8,Average,22.3
15-01-23,4.2,-2.3,0.1,0.9,-5.7,0.0,0.0,0.0,9.0,4.7,3,False,0,99.5,100.0,100.0,97.9943712169566,0,97.1,Excellent,False,True,99.0,23.6,100.0,100.0,1.0,69.0,Pleasant,53.4
16-01-23,6.7,-3.5,0.5,4.2,-7.1,0.0,0.0,0.0,9.3,4.0,3,False,0,97.5,100.0,100.0,7.866933477106834,0,64.8,Pleasant,False,False,62.3,36.8,100.0,100.0,1.0,56.3,Average,25.2
17-01-23,9.2,0.2,4.3,7.1,-3.3,2.7,2.5,0.14,11.4,6.3,71,False,0,78.5,89.2,97.2,38.822495077572114,0,66.1,Pleasant,False,False,66.1,48.4,90.0,100.0,1.0,64.1,Pleasant,40.1
18-01-23,13.3,5.3,8.4,11.5,2.1,1.2,1.2,0.0,16.1,9.3,53,False,0,58.0,95.2,87.8,75.53431693194757,0,70.9,Pleasant,False,True,73.6,66.0,90.0,100.0,1.0,78.5,Nice,62.8
19-01-23,14.0,3.2,8.8,8.8,-0.6,0.6,0.6,0.0,37.1,15.4,51,False,0,56.0,97.6,45.8,97.57505700503383,0,74.9,Pleasant,False,True,77.9,55.2,90.0,100.0,1.0,78.6,Nice,64.9
20-01-23,11.0,4.0,7.5,8.1,1.4,12.3,12.3,0.0,23.8,12.9,61,False,0,62.5,50.8,72.4,18.226277576322715,0,44.8,Average,True,False,44.0,52.4,20.0,100.0,1.0,40.6,Average,7.7
21-01-23,7.2,-1.6,2.7,5.3,-4.4,4.0,0.4,2.52,18.9,7.0,75,False,0,86.5,84.0,82.2,94.23704725817088,10,87.0,Nice,False,True,88.8,41.2,90.0,100.0,1.0,72.3,Pleasant,56.2
22-01-23,8.6,5.2,6.7,6.2,2.5,12.8,12.8,0.0,13.4,9.9,61,False,0,66.5,48.8,93.2,14.455563433066196,0,46.4,Average,True,False,45.7,44.8,20.0,100.0,1.0,36.8,Poor,6.5
23-01-23,8.3,-3.2,2.5,4.9,-7.1,0.0,0.0,0.0,15.0,8.7,3,False,0,87.5,100.0,90.0,96.24762017362002,0,90.9,Excellent,False,True,93.1,39.6,100.0,100.0,1.0,75.1,Nice,62.3
24-01-23,0.8,-4.1,-2.1,-3.2,-7.6,0.0,0.0,0.0,10.6,5.8,3,False,0,89.5,100.0,98.8,91.38971460082217,0,90.7,Excellent,False,True,92.8,7.2,100.0,100.0,1.0,61.2,Pleasant,40.9
25-01-23,-1.3,-6.5,-3.7,-5.0,-10.5,0.0,0.0,0.0,9.7,5.3,3,False,0,81.5,100.0,100.0,95.4487164946282,0,89.0,Nice,False,True,91.7,0.0,100.0,100.0,1.0,59.1,Average,38.2
26-01-23,2.3,-4.5,-0.6,-1.1,-8.0,0.1,0.0,0.07,12.7,6.4,71,False,0,97.0,99.6,94.6,0.0,0,61.3,Pleasant,False,False,58.4,15.6,100.0,100.0,1.0,46.2,Average,9.4
27-01-23,0.8,-4.5,-1.5,-3.6,-7.9,15.3,0.0,10.71,12.5,8.8,75,False,0,92.5,38.8,95.0,0.0,20,50.8,Average,True,False,47.7,5.6,100.0,100.0,1.0,42.2,Average,3.4
28-01-23,-2.7,-4.7,-3.4,-6.0,-8.4,13.2,0.0,9.24,5.1,3.3,75,False,0,83.0,47.2,100.0,0.0,20,48.7,Average,True,False,46.1,0.0,100.0,100.0,1.0,40.0,Average,0.0
29-01-23,-2.1,-4.9,-3.2,-5.5,-8.4,2.3,0.0,1.61,7.6,4.8,73,False,0,84.0,90.8,100.0,3.9624755983983464,10,56.8,Average,False,False,54.6,0.0,100.0,100.0,1.0,40.8,Average,1.6
30-01-23,-3.4,-6.4,-4.8,-6.7,-10.4,0.7,0.0,0.49,7.1,5.1,71,False,0,76.0,97.2,100.0,24.739615306798278,0,61.6,Pleasant,False,False,61.1,0.0,100.0,100.0,1.0,44.9,Average,9.9
31-01-23,-1.5,-5.9,-3.7,-6.0,-9.8,5.1,0.0,3.57,15.1,8.2,73,False,0,81.5,79.6,89.8,0.0,10,51.9,Average,False,False,49.4,0.0,100.0,100.0,1.0,40.0,Average,0.0
01-02-23,0.7,-6.0,-2.3,-4.2,-10.1,3.6,0.0,2.59,18.7,9.3,73,False,2,78.5,85.6,82.6,28.740096646505087,10,61.1,Pleasant,False,False,60.1,3.2,100.0,100.0,1.0,47.0,Average,13.4
02-02-23,1.1,-4.5,-1.5,-3.7,-8.7,9.9,0.1,6.86,19.5,10.4,75,False,2,82.5,60.4,81.0,44.9244544978446,20,64.7,Pleasant,False,False,64.0,5.2,90.0,100.0,1.0,48.1,Average,19.0
03-02-23,-0.6,-4.4,-1.5,-5.1,-7.9,3.6,0.0,2.59,18.7,12.0,73,False,2,82.5,85.6,82.6,73.68757247003346,10,78.4,Nice,False,True,79.5,0.0,100.0,100.0,1.0,54.7,Average,29.5
04-02-23,-0.6,-5.7,-2.3,-4.1,-9.6,5.6,0.2,3.78,15.1,7.0,73,False,2,78.5,77.6,89.8,0.0,10,50.4,Average,False,False,48.1,3.6,90.0,100.0,1.0,38.4,Poor,1.9
05-02-23,-4.2,-10.3,-7.1,-8.9,-14.9,0.8,0.0,0.56,16.8,9.3,71,False,2,54.5,96.8,86.4,60.57273200688398,0,64.4,Pleasant,False,False,66.5,0.0,100.0,100.0,1.0,52.1,Average,24.2
06-02-23,-5.1,-10.5,-7.9,-9.1,-14.9,3.4,0.0,2.38,16.8,9.1,73,False,2,50.5,86.4,86.4,16.808271347265,10,46.2,Average,False,False,46.0,0.0,100.0,100.0,1.0,43.4,Average,6.7
07-02-23,-5.9,-13.7,-9.1,-10.4,-18.6,1.4,0.1,0.91,12.9,6.9,73,False,2,44.5,94.4,94.2,60.07313345744534,0,60.5,Pleasant,False,False,63.2,0.0,90.0,100.0,1.0,49.0,Average,21.6
08-02-23,-5.9,-13.3,-8.6,-9.3,-17.7,1.4,0.0,0.98,7.4,3.3,73,False,2,47.0,94.4,100.0,35.41037226010083,0,53.4,Average,False,False,54.8,0.0,100.0,100.0,1.0,47.1,Average,14.2
09-02-23,-6.3,-15.2,-11.5,-9.9,-19.7,0.0,0.0,0.0,6.9,3.4,1,False,2,32.5,100.0,100.0,93.43781906812357,0,68.7,Pleasant,False,True,73.8,0.0,100.0,100.0,1.0,58.7,Average,37.4
10-02-23,-5.5,-14.7,-10.0,-10.3,-19.4,0.0,0.0,0.0,11.2,4.6,2,False,2,40.0,100.0,97.6,93.70726585882542,0,71.6,Pleasant,False,True,76.2,0.0,100.0,100.0,1.0,58.7,Average,37.5
11-02-23,-5.7,-11.6,-8.4,-9.6,-16.0,0.0,0.0,0.0,10.9,4.9,3,False,2,48.0,100.0,98.2,77.1349986202594,0,69.1,Pleasant,False,True,72.5,0.0,100.0,100.0,1.0,55.4,Average,30.9
12-02-23,-1.1,-11.3,-5.1,-5.1,-16.2,1.1,0.0,0.77,11.6,8.2,73,False,2,64.5,95.6,96.8,13.836966963544295,0,52.7,Average,False,False,52.1,0.0,100.0,100.0,1.0,42.8,Average,5.5
13-02-23,-0.6,-8.4,-4.3,-4.1,-12.7,0.0,0.0,0.0,9.9,6.1,3,False,2,68.5,100.0,100.0,90.61442963759143,0,82.1,Nice,False,True,85.2,3.6,100.0,100.0,1.0,59.6,Average,38.4
14-02-23,0.4,-3.1,-1.2,-4.4,-6.8,0.8,0.0,0.56,17.8,11.3,71,False,2,84.0,96.8,84.4,0.0,0,54.9,Average,False,False,52.4,2.4,100.0,100.0,1.0,41.0,Average,1.4
15-02-23,1.3,-4.6,-0.5,-2.3,-8.8,0.3,0.0,0.21,14.2,10.8,71,False,2,87.5,98.8,91.6,54.19691186708398,0,76.1,Nice,False,False,76.3,10.8,100.0,100.0,1.0,55.2,Average,28.2
16-02-23,2.3,-7.1,-2.3,-0.8,-11.4,0.0,0.0,0.0,8.2,4.0,3,False,2,78.5,100.0,100.0,95.27650174327309,0,87.7,Nice,False,True,90.6,16.8,100.0,100.0,1.0,65.8,Pleasant,48.2
17-02-23,3.8,-7.0,-1.0,0.8,-11.9,0.0,0.0,0.0,11.8,7.6,3,False,2,85.0,100.0,96.4,85.69595035180362,0,86.7,Nice,False,True,88.7,23.2,100.0,100.0,1.0,66.4,Pleasant,48.2
18-02-23,6.8,2.0,4.0,3.6,-1.6,1.5,1.5,0.0,11.2,8.0,51,False,2,90.0,94.0,97.6,8.841367953520196,0,61.0,Pleasant,False,False,58.9,34.4,90.0,100.0,1.0,52.5,Average,21.8
19-02-23,9.9,3.4,6.4,5.4,0.4,5.4,5.3,0.07,25.2,16.7,71,False,2,78.0,78.4,69.6,59.77068321619464,0,69.4,Pleasant,False,False,69.9,41.6,75.0,100.0,1.0,61.1,Pleasant,36.7
20-02-23,5.2,0.4,2.8,1.0,-4.7,9.0,6.4,1.82,22.3,14.8,75,False,2,96.0,64.0,75.4,93.7893842003045,10,87.1,Nice,False,True,88.3,24.0,55.0,100.0,1.0,54.9,Average,28.6
21-02-23,12.2,2.0,7.0,6.8,-1.9,2.9,2.9,0.0,26.2,14.3,53,False,2,75.0,88.4,67.6,79.49067267881911,0,76.5,Nice,False,True,78.1,47.2,90.0,100.0,1.0,71.8,Pleasant,54.1
22-02-23,9.0,4.7,6.8,5.2,1.9,4.4,4.4,0.0,15.3,9.8,53,False,2,76.0,82.4,89.4,72.05026341168865,0,75.1,Nice,False,True,76.7,40.8,75.0,100.0,1.0,63.2,Pleasant,40.0
23-02-23,7.9,2.4,4.6,4.0,-1.9,0.0,0.0,0.0,14.7,8.1,3,False,2,87.0,100.0,90.6,48.275354676064666,0,73.9,Pleasant,False,False,73.8,36.0,100.0,100.0,1.0,64.1,Pleasant,40.9
24-02-23,10.7,1.9,5.2,7.5,-2.0,0.0,0.0,0.0,16.4,8.3,3,False,2,84.0,100.0,87.2,75.73196348727033,0,82.1,Nice,False,True,83.4,50.0,100.0,100.0,1.0,75.1,Nice,60.3
25-02-23,12.1,-0.6,6.0,8.2,-3.5,1.7,1.7,0.0,24.4,12.8,53,False,2,80.0,93.2,71.2,71.60973536582786,0,76.7,Nice,False,True,77.7,52.8,90.0,100.0,1.0,72.4,Pleasant,54.3
26-02-23,12.6,-0.6,4.5,11.5,-3.3,6.7,6.0,0.49,9.4,5.3,73,False,2,87.5,73.2,100.0,60.51642100730523,0,75.2,Nice,False,False,75.8,66.0,55.0,100.0,1.0,65.0,Pleasant,35.1
27-02-23,3.9,1.7,3.1,1.7,-0.8,4.7,4.7,0.0,9.7,6.0,61,False,2,94.5,81.2,100.0,0.9964837853057008,0,58.3,Average,False,False,55.7,26.8,75.0,100.0,1.0,43.4,Average,12.4
28-02-23,7.9,-0.5,3.6,5.1,-3.6,0.0,0.0,0.0,10.5,5.9,3,False,2,92.0,100.0,99.0,84.88332161412113,0,89.4,Nice,False,True,91.1,40.4,100.0,100.0,1.0,73.1,Pleasant,58.2
01-03-23,7.4,-1.2,3.0,5.4,-4.2,0.0,0.0,0.0,5.7,3.5,3,False,8,75.0,100.0,100.0,19.494816725794905,0,59.8,Average,False,False,59.0,41.6,100.0,100.0,1.0,60.5,Pleasant,32.8
02-03-23,9.6,-3.0,2.8,6.2,-6.6,0.0,0.0,0.0,12.6,5.7,3,False,8,74.0,100.0,94.8,96.06189698948583,0,85.8,Nice,False,True,88.8,44.8,100.0,100.0,1.0,77.1,Nice,65.3
03-03-23,6.9,0.7,3.6,4.5,-1.8,2.4,2.4,0.0,9.5,4.5,53,False,8,78.0,90.4,100.0,41.891716847290496,0,67.4,Pleasant,False,False,67.6,38.0,90.0,100.0,1.0,60.6,Pleasant,35.6
04-03-23,6.3,0.4,3.2,3.1,-3.1,0.6,0.6,0.0,11.6,7.5,53,False,8,76.0,97.6,96.8,93.9138646482504,0,85.7,Nice,False,True,88.5,32.4,90.0,100.0,1.0,68.7,Pleasant,51.3
05-03-23,5.0,-1.9,1.5,1.3,-5.6,0.4,0.3,0.07,12.7,7.7,71,False,8,67.5,98.4,94.6,73.73211539277749,-20,74.7,Pleasant,False,True,77.3,25.2,90.0,100.0,1.0,61.8,Pleasant,40.2
06-03-23,6.1,-3.3,1.1,2.0,-6.9,0.4,0.0,0.28,16.4,9.0,71,False,8,65.5,98.4,87.2,94.0418033133134,-20,80.5,Nice,False,True,84.0,28.0,100.0,100.0,1.0,70.0,Pleasant,54.4
07-03-23,8.8,-2.4,3.4,5.5,-6.2,0.0,0.0,0.0,11.2,7.6,3,False,8,77.0,100.0,97.6,90.04109767813064,0,85.1,Nice,False,True,87.7,42.0,100.0,100.0,1.0,74.8,Pleasant,61.2
08-03-23,10.7,-0.9,4.5,7.6,-3.9,0.1,0.1,0.0,11.2,5.7,51,False,8,82.5,99.6,97.6,95.78428218630043,0,89.3,Nice,False,True,91.9,50.4,90.0,100.0,1.0,76.3,Nice,61.7
09-03-23,13.8,0.5,7.9,10.8,-2.7,0.0,0.0,0.0,17.8,10.7,3,False,8,99.5,100.0,84.4,62.2905011121193,0,83.4,Nice,False,False,83.2,63.2,100.0,100.0,1.0,77.7,Nice,62.8
10-03-23,15.2,2.7,9.1,13.2,0.1,4.3,4.3,0.0,13.3,7.8,63,False,8,94.5,82.8,93.4,79.0076275515828,0,85.3,Nice,False,True,86.4,72.8,75.0,100.0,1.0,77.4,Nice,56.5
11-03-23,9.3,0.9,6.3,7.4,-4.4,4.0,4.0,0.0,24.5,12.9,55,False,8,91.5,84.0,71.0,25.36581689407194,0,63.8,Pleasant,False,False,61.9,49.6,75.0,100.0,1.0,57.4,Average,29.9
12-03-23,3.7,-3.0,0.4,-1.3,-7.1,0.4,0.0,0.28,17.4,13.9,71,False,8,62.0,98.4,85.2,67.14950465503902,-20,69.5,Pleasant,False,False,71.8,14.8,100.0,100.0,1.0,59.3,Average,35.7
13-03-23,9.4,-4.1,1.3,5.2,-8.0,0.0,0.0,0.0,8.0,5.3,3,False,8,66.5,100.0,100.0,93.57706851401034,0,82.4,Nice,False,True,85.7,40.8,100.0,100.0,1.0,75.0,Nice,61.9
14-03-23,16.2,-3.3,5.2,11.9,-6.6,0.0,0.0,0.0,13.2,6.8,3,False,8,86.0,100.0,93.6,93.14876704904707,0,89.5,Nice,False,True,91.7,67.6,100.0,100.0,1.0,85.7,Nice,77.8
15-03-23,12.9,0.5,6.1,10.6,-3.5,0.0,0.0,0.0,11.9,6.1,3,False,8,90.5,100.0,96.2,24.149788967786122,0,67.3,Pleasant,False,False,66.0,62.4,100.0,100.0,1.0,69.8,Pleasant,47.1
16-03-23,5.0,0.8,2.4,1.5,-2.8,1.7,1.1,0.42,14.2,10.4,71,False,8,72.0,93.2,91.6,18.471506835967773,-20,56.2,Average,False,False,55.7,26.0,90.0,100.0,1.0,51.1,Average,20.7
17-03-23,5.2,-3.1,1.5,1.7,-6.6,0.1,0.1,0.0,8.7,5.0,51,False,8,67.5,99.6,100.0,92.2174583785068,0,82.2,Nice,False,True,85.5,26.8,90.0,100.0,1.0,66.2,Pleasant,47.7
18-03-23,6.1,-3.9,0.4,2.5,-7.7,0.0,0.0,0.0,7.9,5.0,3,False,8,62.0,100.0,100.0,69.84037470613458,0,72.2,Pleasant,False,False,74.6,30.0,100.0,100.0,1.0,66.0,Pleasant,45.9
19-03-23,12.9,-3.6,3.8,10.5,-6.6,0.0,0.0,0.0,8.2,3.0,3,False,8,79.0,100.0,100.0,92.65714545954712,0,87.0,Nice,False,True,89.7,62.0,100.0,100.0,1.0,83.3,Nice,74.3
20-03-23,15.3,0.8,7.3,12.2,-2.3,0.0,0.0,0.0,8.1,4.4,3,False,8,96.5,100.0,100.0,92.12093343430737,0,93.8,Excellent,False,True,95.6,68.8,100.0,100.0,1.0,85.9,Nice,78.1
21-03-23,8.8,3.1,6.9,7.6,-0.4,3.8,3.8,0.0,7.8,3.5,53,False,8,94.5,84.8,100.0,0.0,0,58.5,Average,False,False,55.8,50.4,75.0,100.0,1.0,52.7,Average,22.7
22-03-23,11.8,2.9,6.8,10.4,0.5,1.3,1.3,0.0,9.3,3.8,53,False,8,94.0,94.8,100.0,89.890354197505,0,91.3,Excellent,False,True,93.1,61.6,90.0,100.0,1.0,79.6,Nice,65.6
23-03-23,13.9,1.7,7.5,12.3,-1.0,0.0,0.0,0.0,7.2,3.1,3,False,8,97.5,100.0,100.0,91.5636211105642,0,94.0,Excellent,False,True,95.8,69.2,100.0,100.0,1.0,86.0,Nice,78.1
24-03-23,16.4,2.9,9.6,15.2,-0.4,0.0,0.0,0.0,10.2,6.0,3,False,8,92.0,100.0,99.6,93.69879097593855,0,92.6,Excellent,False,True,94.6,80.8,100.0,100.0,1.0,91.1,Excellent,86.0
25-03-23,16.5,2.7,9.3,14.5,0.2,0.0,0.0,0.0,14.1,6.6,3,False,8,93.5,100.0,91.8,71.95698017997513,0,84.9,Nice,False,True,85.7,78.0,100.0,100.0,1.0,85.6,Nice,75.6
26-03-23,11.0,4.3,7.3,6.5,0.9,5.2,5.2,0.0,20.3,12.6,61,False,8,96.5,79.2,79.4,80.731535288591,0,85.1,Nice,False,True,85.9,46.0,75.0,100.0,1.0,67.0,Pleasant,44.9
27-03-23,14.5,1.4,7.8,11.0,-2.0,3.2,3.2,0.0,20.1,10.1,61,False,8,99.0,87.2,79.8,50.01456943111258,0,76.6,Nice,False,False,75.7,64.0,75.0,100.0,1.0,68.1,Pleasant,43.8
28-03-23,5.9,-1.8,1.3,2.4,-7.7,2.6,0.3,1.61,29.9,21.8,73,False,8,66.5,89.6,60.2,24.464613709409555,-20,53.0,Average,False,False,52.5,29.6,90.0,94.0,1.0,53.1,Average,23.3
29-03-23,0.2,-4.1,-2.0,-6.0,-9.6,2.4,0.0,1.68,29.9,18.9,73,False,8,50.0,90.4,60.2,70.22963391436328,-20,62.6,Pleasant,False,True,65.2,0.0,100.0,100.0,1.0,54.0,Average,28.1
30-03-23,8.9,-4.7,0.9,4.8,-9.1,0.0,0.0,0.0,10.5,6.9,3,False,8,64.5,100.0,99.0,94.92924543814945,0,81.9,Nice,False,True,85.4,39.2,100.0,100.0,1.0,74.7,Pleasant,61.5
31-03-23,9.5,0.2,5.6,6.7,-3.9,4.5,4.5,0.0,18.8,5.8,55,False,8,88.0,82.0,82.4,33.886430944123695,0,66.0,Pleasant,False,False,64.9,46.8,75.0,100.0,1.0,58.0,Average,31.2
01-04-23,13.4,2.0,7.5,11.7,-0.4,5.7,5.7,0.0,7.1,4.6,63,False,15,62.5,77.2,100.0,49.11461357732377,0,61.8,Pleasant,False,False,63.1,66.8,75.0,100.0,1.0,69.0,Pleasant,44.8
02-04-23,10.1,6.3,7.5,7.4,3.2,13.9,13.9,0.0,15.5,11.6,61,False,15,62.5,44.4,89.0,9.720331497454016,0,42.2,Average,True,False,41.3,49.6,20.0,100.0,1.0,37.8,Poor,6.7
03-04-23,10.2,4.6,7.2,8.0,1.3,2.4,2.4,0.0,16.8,6.2,53,False,15,61.0,90.4,86.4,47.937674903951056,0,61.7,Pleasant,False,False,62.7,52.0,90.0,100.0,1.0,67.4,Pleasant,45.3
04-04-23,4.2,-1.6,-0.1,0.3,-5.4,23.7,1.8,15.33,16.1,9.9,75,False,15,24.5,5.200000000000003,87.8,0.0,-20,17.2,Miserable,True,False,18.1,21.2,90.0,100.0,1.0,45.5,Average,11.4
05-04-23,1.9,-1.8,-0.0,-1.4,-4.7,1.3,0.3,0.7,12.3,6.0,71,False,15,25.0,94.8,95.4,9.302439960063545,-20,34.7,Poor,False,False,36.2,14.4,90.0,100.0,1.0,44.6,Average,11.1
06-04-23,1.7,-1.1,0.3,-2.9,-5.1,5.6,0.0,3.92,16.1,13.4,73,False,15,26.5,77.6,87.8,0.0,-20,28.9,Poor,False,False,29.7,8.4,100.0,100.0,1.0,43.4,Average,5.0
07-04-23,3.8,-2.1,0.3,0.9,-5.2,3.9,1.2,1.89,9.4,4.4,73,False,15,26.5,84.4,100.0,4.715236682468054,-20,32.5,Poor,False,False,33.8,23.6,90.0,100.0,1.0,47.4,Average,14.4
08-04-23,8.8,-1.4,3.4,6.0,-4.6,0.4,0.4,0.0,11.4,5.2,51,False,15,42.0,98.4,97.2,92.15799915906196,0,71.6,Pleasant,False,True,76.0,44.0,90.0,100.0,1.0,73.0,Pleasant,56.9
09-04-23,10.6,-1.3,4.7,8.7,-4.0,0.0,0.0,0.0,5.9,3.3,3,False,15,48.5,100.0,100.0,96.10885450428076,0,76.0,Nice,False,True,80.4,54.8,100.0,100.0,1.0,81.1,Nice,71.3
10-04-23,10.3,2.4,6.5,8.4,-0.4,0.8,0.8,0.0,8.0,3.9,51,False,15,57.5,96.8,100.0,93.5710365525144,0,78.3,Nice,False,True,82.1,53.6,90.0,100.0,1.0,77.2,Nice,62.6
11-04-23,10.0,2.3,6.4,6.3,-0.8,3.9,3.9,0.0,17.8,9.2,53,False,15,57.0,84.4,84.4,0.03812989766110874,0,42.2,Average,False,False,41.1,45.2,75.0,100.0,1.0,50.6,Average,20.4
12-04-23,8.0,4.9,6.1,4.6,2.4,14.7,14.7,0.0,16.3,11.8,61,False,15,55.5,41.2,87.4,8.508278122277755,0,38.3,Poor,True,False,37.7,38.4,20.0,100.0,1.0,33.1,Poor,5.3
13-04-23,12.4,4.4,7.7,10.4,1.1,0.8,0.8,0.0,11.9,7.4,51,False,15,63.5,96.8,96.2,67.33475263269672,0,71.2,Pleasant,False,False,73.3,61.6,90.0,100.0,1.0,75.1,Nice,57.5
14-04-23,18.6,2.2,10.5,16.0,-0.5,1.1,1.1,0.0,21.9,9.9,53,False,15,77.5,95.6,76.2,77.57260707237972,0,78.6,Nice,False,True,80.1,84.0,90.0,100.0,1.0,86.1,Nice,73.3
15-04-23,15.6,2.2,9.3,14.9,-0.2,0.8,0.8,0.0,11.1,5.6,51,False,15,71.5,96.8,97.8,96.0213649012126,0,84.6,Nice,False,True,87.7,79.6,90.0,100.0,1.0,88.0,Nice,77.6
16-04-23,14.9,2.4,8.6,11.6,-0.2,7.2,7.2,0.0,23.8,9.3,63,False,15,68.0,71.2,72.4,47.76001768021706,0,60.4,Pleasant,False,False,60.8,66.4,55.0,100.0,1.0,62.6,Pleasant,32.4
17-04-23,14.9,6.3,9.6,12.4,3.1,0.5,0.5,0.0,17.2,12.0,51,False,15,73.0,98.0,85.6,77.42634901571176,0,77.8,Nice,False,True,79.8,69.6,90.0,100.0,1.0,80.3,Nice,65.5
18-04-23,10.8,5.1,7.3,8.6,2.7,4.1,4.1,0.0,10.2,6.5,55,False,15,61.5,83.6,99.6,8.212854699728844,0,48.0,Average,False,False,47.3,54.4,75.0,100.0,1.0,55.9,Average,26.9
19-04-23,12.3,2.3,8.0,10.1,-0.3,0.3,0.3,0.0,8.1,4.9,51,False,15,65.0,98.8,100.0,89.84296048109479,0,80.3,Nice,False,True,83.5,60.4,90.0,100.0,1.0,79.1,Nice,65.0
20-04-23,10.5,6.1,8.2,8.7,4.0,4.9,4.9,0.0,12.8,6.6,53,False,15,66.0,80.4,94.4,5.973256874440077,0,48.1,Average,False,False,47.0,54.8,75.0,100.0,1.0,55.6,Average,26.5
21-04-23,12.2,5.8,8.0,8.3,3.1,3.6,3.6,0.0,16.9,10.4,55,False,15,65.0,85.6,86.2,66.96818060922382,0,69.2,Pleasant,False,False,71.0,53.2,75.0,100.0,1.0,67.2,Pleasant,44.0
22-04-23,13.6,2.6,8.4,13.1,-0.6,0.2,0.2,0.0,13.3,4.6,51,False,15,67.0,99.2,93.4,95.0702412698934,0,82.4,Nice,False,True,85.7,72.4,90.0,100.0,1.0,85.0,Nice,73.3
23-04-23,15.6,2.4,9.0,14.2,0.1,0.6,0.6,0.0,8.7,4.0,51,False,15,70.0,97.6,100.0,94.63657533122844,0,83.8,Nice,False,True,87.0,76.8,90.0,100.0,1.0,86.6,Nice,75.5
24-04-23,15.6,3.0,9.8,14.0,-0.1,1.4,1.4,0.0,13.0,7.3,55,False,15,74.0,94.4,94.0,94.89048772119988,0,84.5,Nice,False,True,87.4,76.0,90.0,100.0,1.0,86.4,Nice,75.2
25-04-23,15.8,6.6,11.1,14.2,4.1,3.1,3.1,0.0,15.7,6.6,61,False,15,80.5,87.6,88.6,72.64908343249634,0,77.9,Nice,False,True,79.2,76.8,75.0,100.0,1.0,77.7,Nice,56.4
26-04-23,8.1,5.7,6.9,6.1,2.2,4.5,4.5,0.0,20.8,13.4,53,False,15,59.5,82.0,78.4,7.1104580023760775,0,44.9,Average,False,False,43.8,44.4,75.0,100.0,1.0,51.7,Average,22.1
27-04-23,8.9,3.0,5.7,3.7,-0.7,0.8,0.8,0.0,20.5,13.8,51,False,15,53.5,96.8,79.0,77.96775652100654,0,69.5,Pleasant,False,True,72.3,34.8,90.0,100.0,1.0,66.5,Pleasant,46.9
28-04-23,10.1,-0.6,5.0,6.1,-3.9,0.9,0.4,0.35,15.8,9.9,73,False,15,50.0,96.4,88.4,82.46053427948391,-20,70.0,Pleasant,False,True,73.8,44.4,90.0,100.0,1.0,71.3,Pleasant,53.7
29-04-23,14.1,1.1,7.6,12.6,-2.4,0.0,0.0,0.0,8.5,4.9,3,False,15,63.0,100.0,100.0,94.22553101790638,0,81.2,Nice,False,True,84.7,70.4,100.0,100.0,1.0,87.0,Nice,79.9
30-04-23,15.7,1.7,9.1,14.1,-1.1,7.6,7.6,0.0,15.5,7.2,63,False,15,70.5,69.6,89.0,95.7615125805733,0,79.3,Nice,False,True,82.3,76.4,55.0,100.0,1.0,76.2,Nice,46.3
01-05-23,16.4,5.6,11.0,15.4,3.2,0.3,0.3,0.0,10.4,6.5,51,False,20,55.0,98.8,99.2,95.48213525659169,0,78.2,Nice,False,True,82.2,81.6,90.0,100.0,1.0,88.7,Nice,78.4
02-05-23,19.6,5.0,11.8,18.1,1.6,0.0,0.0,0.0,16.1,9.4,2,False,20,59.0,100.0,87.8,96.48103568864279,0,79.4,Nice,False,True,83.0,92.4,100.0,100.0,1.0,96.3,Excellent,94.0
03-05-23,19.2,3.2,11.6,16.4,0.3,0.0,0.0,0.0,14.6,8.0,3,False,20,58.0,100.0,90.8,93.14961911124091,0,78.1,Nice,False,True,81.6,85.6,100.0,100.0,1.0,92.9,Excellent,88.6
04-05-23,12.1,7.8,10.0,10.7,4.8,1.7,1.7,0.0,13.7,6.4,53,False,20,50.0,93.2,92.6,14.892336914182192,0,46.6,Average,False,False,46.7,62.8,90.0,100.0,1.0,65.1,Pleasant,39.3
05-05-23,13.7,7.3,10.4,12.4,5.6,0.7,0.7,0.0,6.4,4.1,51,False,20,52.0,97.2,100.0,45.068015011214676,0,59.2,Average,False,False,60.8,69.6,90.0,100.0,1.0,73.9,Pleasant,53.8
06-05-23,16.9,6.2,11.6,14.6,4.1,0.0,0.0,0.0,16.1,7.7,3,False,20,58.0,100.0,87.8,95.93429151828873,0,78.8,Nice,False,True,82.5,78.4,100.0,100.0,1.0,90.5,Excellent,85.4
07-05-23,18.7,7.4,12.4,18.6,4.6,5.8,5.8,0.0,11.0,6.1,63,False,20,62.0,76.8,98.0,70.06299951981667,0,68.7,Pleasant,False,True,71.0,94.4,75.0,100.0,1.0,84.3,Nice,63.5
08-05-23,12.2,5.4,9.1,11.1,2.0,17.7,17.7,0.0,21.2,9.6,63,False,20,45.5,29.200000000000003,77.6,20.20572196157865,0,35.9,Poor,True,False,36.1,64.4,20.0,100.0,1.0,45.8,Average,9.3
09-05-23,10.7,3.9,6.8,7.4,0.9,0.1,0.1,0.0,15.2,8.6,51,False,20,34.0,99.6,89.6,61.46627736020203,0,57.2,Average,False,False,60.4,49.6,90.0,100.0,1.0,69.1,Pleasant,48.9
10-05-23,13.1,1.2,7.6,11.0,-1.8,1.0,1.0,0.0,9.8,6.7,51,False,20,38.0,96.0,100.0,92.33377820871407,0,69.9,Pleasant,False,True,74.6,64.0,90.0,100.0,1.0,81.1,Nice,67.8
11-05-23,14.1,3.1,8.7,11.4,0.0,0.0,0.0,0.0,16.4,9.8,3,False,20,43.5,100.0,87.2,94.94940741396623,0,72.6,Pleasant,False,True,76.9,65.6,100.0,100.0,1.0,85.2,Nice,77.3
12-05-23,12.5,2.8,7.6,8.6,-0.7,0.7,0.7,0.0,13.7,8.9,53,False,20,38.0,97.2,92.6,48.232927947044104,0,54.1,Average,False,False,56.4,54.4,90.0,100.0,1.0,68.4,Pleasant,46.7
13-05-23,14.5,5.5,9.8,13.3,3.0,0.6,0.6,0.0,9.5,5.7,51,False,20,49.0,97.6,100.0,74.03589349303982,0,68.2,Pleasant,False,True,71.4,73.2,90.0,100.0,1.0,81.1,Nice,66.2
14-05-23,17.6,2.9,10.8,16.1,0.5,0.0,0.0,0.0,16.5,8.0,3,False,20,54.0,100.0,87.0,85.50328974718039,0,73.5,Pleasant,False,True,76.8,84.4,100.0,100.0,1.0,90.9,Excellent,84.8
15-05-23,20.9,7.4,14.7,18.9,4.3,0.0,0.0,0.0,17.3,10.8,3,False,20,73.5,100.0,85.4,68.5311385829668,0,75.2,Nice,False,False,76.7,95.6,100.0,100.0,1.0,91.9,Excellent,84.8
16-05-23,22.7,12.8,17.3,21.6,10.9,1.3,1.3,0.0,18.5,10.0,51,False,20,86.5,94.8,83.0,58.437083891861505,0,75.9,Nice,False,False,76.2,100.0,90.0,100.0,1.0,88.7,Nice,75.0
17-05-23,17.1,11.4,14.2,16.3,8.4,15.8,15.8,0.0,14.8,9.2,63,False,20,71.0,36.8,90.4,4.786426265700924,0,42.8,Average,True,False,41.3,85.2,20.0,100.0,1.0,51.0,Average,10.6
18-05-23,18.0,8.6,13.6,14.9,7.4,0.4,0.4,0.0,17.6,7.5,51,False,20,68.0,98.4,84.8,77.36375291573606,0,75.8,Nice,False,True,78.0,79.6,90.0,100.0,1.0,84.3,Nice,70.8
19-05-23,19.7,9.6,14.2,18.6,7.6,3.4,3.4,0.0,13.5,6.4,63,False,20,71.0,86.4,93.0,88.93943822156882,0,79.9,Nice,False,True,82.7,94.4,75.0,100.0,1.0,88.0,Nice,69.2
20-05-23,19.6,9.0,14.4,20.5,8.0,6.4,6.4,0.0,18.7,6.7,61,False,20,72.0,74.4,82.6,86.14835667407702,0,76.7,Nice,False,True,79.1,100.0,55.0,100.0,1.0,83.7,Nice,52.0
21-05-23,19.5,9.6,14.2,18.0,8.7,8.1,8.1,0.0,20.8,6.4,63,False,20,71.0,67.6,78.4,80.98555012076308,0,73.2,Pleasant,False,True,75.2,92.0,55.0,100.0,1.0,79.5,Nice,48.2
22-05-23,20.1,10.0,14.6,19.0,8.6,0.0,0.0,0.0,15.5,6.6,2,False,20,73.0,100.0,89.0,95.37715958371219,0,84.7,Nice,False,True,87.6,96.0,100.0,100.0,1.0,97.5,Excellent,95.8
23-05-23,20.2,8.4,14.5,20.4,6.5,0.0,0.0,0.0,7.0,4.2,3,False,20,72.5,100.0,100.0,95.12237265171676,0,85.3,Nice,False,True,88.4,100.0,100.0,100.0,1.0,99.0,Excellent,98.0
24-05-23,21.4,9.4,16.2,22.3,8.2,0.0,0.0,0.0,8.0,4.3,3,False,20,81.0,100.0,100.0,91.95650603227382,0,87.6,Nice,False,True,90.1,100.0,100.0,100.0,1.0,98.4,Excellent,96.8
25-05-23,20.8,11.6,16.5,21.9,10.6,0.7,0.7,0.0,11.8,6.2,51,False,20,82.5,97.2,96.4,91.43538985016016,0,87.3,Nice,False,True,89.7,100.0,90.0,100.0,1.0,95.3,Excellent,86.9
26-05-23,20.5,9.8,15.1,21.6,8.5,4.0,4.0,0.0,10.1,5.4,63,False,20,75.5,84.0,99.8,87.10023423791093,0,81.3,Nice,False,True,83.8,100.0,75.0,100.0,1.0,89.9,Nice,71.1
27-05-23,19.4,10.4,14.4,20.6,9.1,4.6,4.6,0.0,8.8,5.8,61,False,20,72.0,81.6,100.0,88.20756667355798,0,79.9,Nice,False,True,82.7,100.0,75.0,100.0,1.0,90.1,Excellent,71.5
28-05-23,19.6,11.0,15.0,19.3,10.1,0.8,0.8,0.0,19.2,9.0,51,False,20,75.0,96.8,81.6,91.9184803247407,0,83.2,Nice,False,True,85.7,97.2,90.0,100.0,1.0,94.3,Excellent,85.6
29-05-23,20.4,10.5,15.6,19.5,9.4,0.2,0.2,0.0,13.7,7.1,51,False,20,78.0,99.2,92.6,93.24535885482132,0,86.1,Nice,False,True,88.7,98.0,90.0,100.0,1.0,94.8,Excellent,86.5
30-05-23,21.5,10.7,16.5,21.4,9.3,0.0,0.0,0.0,8.8,4.2,3,False,20,82.5,100.0,100.0,96.24242771839229,0,89.7,Nice,False,True,92.4,100.0,100.0,100.0,1.0,99.2,Excellent,98.5
31-05-23,21.6,11.7,16.9,21.8,10.7,3.9,3.9,0.0,14.4,5.5,63,False,20,84.5,84.4,91.2,86.77380562484032,0,84.1,Nice,False,True,86.1,100.0,75.0,100.0,1.0,89.9,Nice,71.0
01-06-23,20.4,11.6,16.2,20.4,10.9,2.1,2.1,0.0,11.0,5.0,53,False,24,61.0,91.6,98.0,95.85622269454998,0,79.5,Nice,False,True,83.2,100.0,90.0,100.0,1.0,96.2,Excellent,88.5
02-06-23,21.6,11.2,16.9,22.5,10.1,0.0,0.0,0.0,6.3,3.9,3,False,24,64.5,100.0,100.0,90.9265609570225,0,80.6,Nice,False,True,83.9,100.0,100.0,100.0,1.0,98.2,Excellent,96.4
03-06-23,18.6,11.4,15.2,16.5,9.6,0.0,0.0,0.0,19.5,11.1,3,False,24,56.0,100.0,81.0,87.37773129281388,0,74.5,Pleasant,False,True,77.7,86.0,100.0,100.0,1.0,91.9,Excellent,86.6
04-06-23,20.2,8.6,15.1,20.2,7.2,0.5,0.5,0.0,9.2,5.0,51,False,24,55.5,98.0,100.0,92.46781890894799,0,77.3,Nice,False,True,81.1,100.0,90.0,100.0,1.0,95.5,Excellent,87.3
05-06-23,21.6,11.0,16.4,22.6,10.0,0.9,0.9,0.0,11.4,6.0,51,False,24,61.99999999999999,96.4,97.2,86.70700555431237,0,77.4,Nice,False,True,80.6,100.0,90.0,100.0,1.0,94.3,Excellent,85.2
06-06-23,22.1,11.8,17.0,21.0,9.5,0.0,0.0,0.0,17.3,10.9,3,False,24,65.0,100.0,85.4,89.35489923162294,0,79.1,Nice,False,True,82.0,100.0,100.0,100.0,1.0,97.9,Excellent,95.7
07-06-23,21.5,11.1,16.3,21.2,9.1,0.0,0.0,0.0,17.6,9.7,3,False,24,61.5,100.0,84.8,61.71531614164509,0,68.0,Pleasant,False,False,69.7,100.0,100.0,100.0,1.0,92.3,Excellent,84.7
08-06-23,21.6,11.0,16.6,23.3,9.3,0.5,0.5,0.0,9.0,5.4,51,False,24,63.00000000000001,98.0,100.0,83.09922776243475,0,77.0,Nice,False,True,80.0,100.0,90.0,100.0,1.0,93.6,Excellent,83.9
09-06-23,23.6,10.6,17.3,24.6,9.0,3.6,3.6,0.0,15.8,6.6,61,False,24,66.5,85.6,88.4,84.29236679662408,0,76.0,Nice,False,True,78.7,100.0,75.0,100.0,1.0,89.4,Nice,70.3
10-06-23,22.1,12.3,17.4,23.1,11.5,1.6,1.6,0.0,9.2,4.5,53,False,24,67.0,93.6,100.0,95.90721081691872,0,82.4,Nice,False,True,85.9,100.0,90.0,100.0,1.0,96.2,Excellent,88.5
11-06-23,21.4,11.3,16.7,23.1,10.1,7.1,7.1,0.0,15.7,6.0,63,False,24,63.5,71.6,88.6,89.02641282605713,0,74.4,Pleasant,False,True,77.4,100.0,55.0,100.0,1.0,84.3,Nice,52.6
12-06-23,19.0,11.2,14.9,19.2,9.7,0.6,0.6,0.0,13.9,9.1,51,False,24,54.5,97.6,92.2,70.56421754228029,0,68.5,Pleasant,False,True,71.2,96.8,90.0,100.0,1.0,89.8,Nice,77.7
13-06-23,18.4,10.1,14.1,18.9,8.5,2.0,2.0,0.0,8.2,5.3,53,False,24,50.5,92.0,100.0,65.39429764559584,0,64.9,Pleasant,False,False,67.6,95.6,90.0,100.0,1.0,88.3,Nice,75.2
14-06-23,21.0,12.1,16.4,21.7,12.2,0.1,0.1,0.0,6.3,2.7,51,False,24,61.99999999999999,99.6,100.0,61.480952069483905,0,69.3,Pleasant,False,False,71.2,100.0,90.0,100.0,1.0,89.3,Nice,76.1
15-06-23,22.3,11.7,16.9,24.3,11.8,6.6,6.6,0.0,12.7,4.1,61,False,24,64.5,73.6,94.6,71.72076023909831,0,69.5,Pleasant,False,True,71.8,100.0,55.0,100.0,1.0,80.8,Nice,48.8
16-06-23,23.4,14.6,18.5,22.5,14.3,0.4,0.4,0.0,17.1,8.3,51,False,24,72.5,98.4,85.8,75.9755289687732,0,77.2,Nice,False,True,79.1,100.0,90.0,100.0,1.0,92.2,Excellent,81.4
17-06-23,24.2,13.5,17.7,26.0,13.1,14.4,14.4,0.0,12.2,5.1,63,False,24,68.5,42.4,95.6,86.2416707320268,0,71.6,Pleasant,True,True,74.4,100.0,20.0,100.0,1.0,73.2,Pleasant,18.9
18-06-23,19.3,14.8,16.2,19.8,14.9,11.6,11.6,0.0,11.3,8.1,63,False,24,61.0,53.6,97.4,11.321060217426503,0,44.2,Average,True,False,43.7,99.2,40.0,100.0,1.0,63.9,Pleasant,25.6
19-06-23,20.7,14.2,16.9,21.0,14.1,6.9,6.9,0.0,14.6,7.8,61,False,24,64.5,72.4,90.8,89.16552216939716,0,75.1,Nice,False,True,78.2,100.0,55.0,100.0,1.0,84.3,Nice,52.6
20-06-23,22.0,12.3,17.7,23.0,11.9,0.8,0.8,0.0,9.2,5.6,51,False,24,68.5,96.8,100.0,90.95855866756031,0,81.8,Nice,False,True,84.9,100.0,90.0,100.0,1.0,95.2,Excellent,86.7
21-06-23,24.1,12.8,18.8,24.7,11.9,1.6,1.6,0.0,11.5,7.1,55,False,24,74.0,93.6,97.0,95.37916733142566,0,84.8,Nice,False,True,87.8,100.0,90.0,100.0,1.0,96.1,Excellent,88.3
22-06-23,25.4,16.3,20.3,28.7,16.6,0.9,0.9,0.0,12.1,4.5,51,False,24,81.5,96.4,95.8,84.55733893067419,0,84.3,Nice,False,True,86.4,86.9,90.0,100.0,1.0,88.7,Nice,77.4
23-06-23,27.4,15.3,21.5,30.4,16.3,0.1,0.1,0.0,7.9,4.4,51,False,24,87.5,99.6,100.0,95.52205011546671,0,91.4,Excellent,False,True,93.8,73.8,90.0,100.0,1.0,85.6,Nice,74.3
24-06-23,27.3,16.5,21.1,31.7,17.4,4.8,4.8,0.0,16.7,6.1,61,False,24,85.5,80.8,86.6,76.43044351949455,0,80.0,Nice,False,True,81.3,63.8,75.0,100.0,1.0,73.3,Pleasant,51.7
25-06-23,21.6,15.6,18.5,24.6,15.7,14.9,14.9,0.0,11.6,4.9,63,False,24,72.5,40.4,96.8,25.11811169932726,0,51.6,Average,True,False,51.2,100.0,20.0,100.0,1.0,61.0,Pleasant,14.0
26-06-23,21.6,15.0,17.9,22.1,15.7,14.7,14.7,0.0,13.2,5.9,63,False,24,69.5,41.2,93.6,90.43873040869997,0,73.1,Pleasant,True,True,76.0,100.0,20.0,100.0,1.0,74.1,Pleasant,19.2
27-06-23,23.6,13.3,19.0,24.5,12.7,0.0,0.0,0.0,14.7,7.3,3,False,24,75.0,100.0,90.6,95.63248224556403,0,85.7,Nice,False,True,88.6,100.0,100.0,100.0,1.0,99.1,Excellent,98.3
28-06-23,16.6,10.2,14.7,16.8,9.0,13.2,13.2,0.0,15.4,9.3,61,False,24,53.5,47.2,89.2,4.206198894258191,0,37.1,Poor,True,False,36.4,87.2,20.0,100.0,1.0,51.7,Average,10.8
29-06-23,18.5,8.9,13.9,17.9,7.2,0.9,0.9,0.0,17.2,10.3,51,False,24,49.5,96.4,85.6,93.67381358076192,0,73.9,Pleasant,False,True,77.8,91.6,90.0,100.0,1.0,92.4,Excellent,83.2
30-06-23,22.1,11.0,16.8,22.3,10.1,0.0,0.0,0.0,8.9,6.4,3,False,24,64.0,100.0,100.0,95.79974872080724,0,82.1,Nice,False,True,85.7,100.0,100.0,100.0,1.0,99.2,Excellent,98.3
01-07-23,24.7,11.9,19.2,25.9,11.2,0.0,0.0,0.0,12.0,5.0,1,False,26,66.0,100.0,96.0,95.8716768258095,0,82.6,Nice,False,True,86.0,100.0,100.0,100.0,1.0,99.2,Excellent,98.3
02-07-23,23.7,11.9,17.6,26.8,11.8,1.6,1.6,0.0,12.4,4.8,55,False,26,58.00000000000001,93.6,95.2,74.88710600823121,0,71.1,Pleasant,False,True,73.8,100.0,90.0,100.0,1.0,92.0,Excellent,81.0
03-07-23,24.5,15.4,19.1,27.6,15.4,3.2,3.2,0.0,7.1,5.2,53,False,26,65.5,87.2,100.0,73.9007409048896,0,73.1,Pleasant,False,True,75.6,95.4,75.0,100.0,1.0,85.4,Nice,65.1
04-07-23,25.6,15.2,20.9,29.0,15.8,6.8,6.8,0.0,7.9,4.3,63,False,26,74.5,72.8,100.0,96.1340236468335,0,82.4,Nice,False,True,85.4,84.6,55.0,100.0,1.0,79.6,Nice,49.1
05-07-23,24.1,14.5,19.8,28.5,15.2,9.2,9.2,0.0,8.0,3.6,63,False,26,69.0,63.2,100.0,93.27864364926127,0,77.7,Nice,False,True,80.9,88.5,40.0,100.0,1.0,76.0,Nice,36.2
06-07-23,23.9,15.6,19.4,27.7,16.8,8.5,8.5,0.0,8.0,3.8,63,False,26,67.0,66.0,100.0,81.50136133800078,0,73.2,Pleasant,False,True,76.0,94.6,55.0,100.0,1.0,80.6,Nice,49.2
07-07-23,22.5,15.6,18.6,24.3,15.9,15.6,15.6,0.0,13.7,8.2,65,False,26,63.00000000000001,37.6,92.6,43.56910566927207,0,53.5,Average,True,False,54.4,100.0,20.0,100.0,1.0,64.7,Pleasant,15.5
08-07-23,20.8,15.0,17.2,19.0,14.6,3.2,3.2,0.0,19.5,11.6,53,False,26,56.0,87.2,81.0,43.32146442753532,0,57.1,Average,False,False,58.1,96.0,75.0,100.0,1.0,79.6,Nice,56.2
09-07-23,23.0,11.9,17.7,21.4,11.0,0.1,0.1,0.0,18.1,11.2,51,False,26,58.5,99.6,83.8,96.71812130422596,0,78.9,Nice,False,True,82.5,100.0,90.0,100.0,1.0,96.3,Excellent,88.8
10-07-23,24.2,14.3,19.4,24.7,13.5,1.3,1.3,0.0,20.9,10.9,55,False,26,67.0,94.8,78.2,96.85570508800954,0,81.2,Nice,False,True,84.2,100.0,90.0,100.0,1.0,96.4,Excellent,88.9
11-07-23,22.4,14.6,19.0,23.1,14.5,8.6,8.6,0.0,17.8,8.6,63,False,26,65.0,65.6,84.4,96.99988342051049,0,76.5,Nice,False,True,79.8,100.0,55.0,100.0,1.0,85.9,Nice,54.3
12-07-23,27.2,16.1,21.4,29.8,16.1,5.3,5.3,0.0,14.2,5.6,63,False,26,77.0,78.8,91.6,93.44449635802354,0,82.7,Nice,False,True,85.3,78.5,75.0,100.0,1.0,82.6,Nice,63.3
13-07-23,28.8,17.4,22.9,33.1,18.4,3.3,3.3,0.0,11.1,4.5,63,False,26,84.5,86.8,97.8,97.27602016572192,0,88.7,Nice,False,True,91.3,53.1,75.0,100.0,1.0,73.2,Pleasant,53.1
14-07-23,24.2,17.4,20.5,26.0,18.2,0.7,0.7,0.0,14.1,8.4,51,False,26,72.5,97.2,91.8,85.7494061056723,0,80.9,Nice,False,True,83.4,100.0,90.0,100.0,1.0,94.1,Excellent,84.9
15-07-23,25.8,16.1,20.9,28.5,17.0,0.0,0.0,0.0,7.4,4.8,3,False,26,74.5,100.0,100.0,84.44279702198256,0,82.4,Nice,False,True,84.9,88.5,100.0,100.0,1.0,92.3,Excellent,86.9
16-07-23,28.5,15.2,22.0,31.1,16.7,0.0,0.0,0.0,8.1,3.4,1,False,26,80.0,100.0,100.0,97.55663401696403,0,89.1,Nice,False,True,92.0,68.5,100.0,100.0,1.0,86.9,Nice,80.1
17-07-23,29.8,18.1,24.3,32.2,19.6,0.0,0.0,0.0,6.2,3.4,2,False,26,91.5,100.0,100.0,97.65326375362744,0,93.8,Excellent,False,True,96.1,60.0,100.0,100.0,1.0,83.5,Nice,75.1
18-07-23,26.7,17.8,22.7,27.5,18.2,0.4,0.4,0.0,20.5,10.5,51,False,26,83.5,98.4,79.0,97.75274708690783,0,88.7,Nice,False,True,91.0,96.2,90.0,100.0,1.0,95.0,Excellent,87.1
19-07-23,27.9,15.8,21.8,29.7,15.7,3.7,3.7,0.0,16.2,6.5,63,False,26,79.0,85.2,87.6,96.89535211023833,0,85.3,Nice,False,True,87.9,79.2,75.0,100.0,1.0,83.6,Nice,64.7
20-07-23,26.0,17.1,21.5,28.6,17.9,1.5,1.5,0.0,18.4,7.7,53,False,26,77.5,94.0,83.2,84.87201100217382,0,81.5,Nice,False,True,83.5,87.7,90.0,100.0,1.0,89.1,Nice,77.9
21-07-23,26.1,14.7,20.3,28.3,14.7,1.5,1.5,0.0,10.8,5.1,53,False,26,71.5,94.0,98.4,96.69471355056206,0,84.4,Nice,False,True,87.6,90.0,90.0,100.0,1.0,92.3,Excellent,83.4
22-07-23,25.0,17.1,21.0,25.8,18.2,10.2,10.2,0.0,18.1,9.1,63,False,26,75.0,59.2,83.8,98.18076000829535,0,79.9,Nice,True,True,82.8,100.0,40.0,100.0,1.0,81.6,Nice,39.7
23-07-23,23.7,16.0,19.4,25.2,17.0,20.9,20.9,0.0,11.2,6.5,65,False,26,67.0,16.400000000000006,97.6,79.09193576102528,0,64.8,Pleasant,True,True,67.3,100.0,20.0,100.0,1.0,71.8,Pleasant,18.3
24-07-23,26.7,14.9,20.8,28.2,15.0,0.0,0.0,0.0,8.9,4.7,1,False,26,74.0,100.0,100.0,98.41084079652488,0,87.0,Nice,False,True,90.3,90.8,100.0,100.0,1.0,96.0,Excellent,93.8
25-07-23,31.6,14.7,23.0,34.4,15.1,0.2,0.2,0.0,20.0,6.3,51,False,26,85.0,99.2,80.0,80.18319553505894,0,83.3,Nice,False,True,84.7,43.1,90.0,100.0,1.0,70.3,Pleasant,52.1
26-07-23,30.3,17.6,22.5,32.2,17.9,3.0,3.0,0.0,21.1,9.1,61,False,26,82.5,88.0,77.8,76.97951073664943,0,79.4,Nice,False,True,80.6,60.0,75.0,100.0,1.0,71.9,Pleasant,50.1
27-07-23,17.7,13.3,15.3,17.4,11.2,5.9,5.9,0.0,22.9,16.0,61,False,26,46.5,76.4,74.2,49.840583219901625,0,53.4,Average,False,False,55.1,89.6,75.0,100.0,1.0,78.3,Nice,55.3
28-07-23,22.1,9.7,16.3,21.7,8.3,0.0,0.0,0.0,11.3,7.5,2,False,26,51.5,100.0,97.4,97.81559661412822,0,77.6,Nice,False,True,81.9,100.0,100.0,100.0,1.0,99.6,Excellent,99.1
29-07-23,25.5,11.9,19.3,27.5,10.7,0.0,0.0,0.0,10.9,5.6,3,False,26,66.5,100.0,98.2,94.37219311028188,0,82.5,Nice,False,True,85.8,96.2,100.0,100.0,1.0,97.3,Excellent,95.4
30-07-23,26.1,15.6,21.0,28.0,15.7,0.1,0.1,0.0,12.6,4.9,51,False,26,75.0,99.6,94.8,94.80786085168828,0,85.7,Nice,False,True,88.6,92.3,90.0,100.0,1.0,92.9,Excellent,84.0
31-07-23,20.5,16.1,18.0,21.9,16.9,7.0,7.0,0.0,11.3,6.2,61,False,26,60.0,72.0,97.4,22.851118638422623,0,50.6,Average,False,False,50.7,100.0,55.0,100.0,1.0,71.1,Pleasant,38.0
01-08-23,24.7,15.1,19.5,26.4,15.6,0.1,0.1,0.0,8.1,4.3,51,False,25,72.5,99.6,100.0,88.52128384972885,0,82.9,Nice,False,True,85.7,100.0,90.0,100.0,1.0,94.7,Excellent,85.9
02-08-23,23.2,14.9,19.0,24.3,15.3,7.2,7.2,0.0,14.0,7.2,63,False,25,70.0,71.2,92.0,77.21802517774108,0,73.1,Pleasant,False,True,75.3,100.0,55.0,100.0,1.0,81.9,Nice,50.0
03-08-23,28.0,12.2,20.4,30.5,12.1,0.0,0.0,0.0,9.1,3.9,1,False,25,77.0,100.0,100.0,94.14905094164538,0,86.8,Nice,False,True,89.6,73.1,100.0,100.0,1.0,88.1,Nice,81.5
04-08-23,31.9,15.6,23.9,35.0,16.8,0.6,0.6,0.0,10.4,4.5,51,False,25,94.5,97.6,99.2,95.80084384792835,0,93.9,Excellent,False,True,96.0,38.5,90.0,100.0,1.0,71.5,Pleasant,55.3
05-08-23,28.3,18.2,23.4,28.5,17.6,0.0,0.0,0.0,19.9,11.6,0,False,25,92.0,100.0,80.2,96.01376843609987,0,91.8,Excellent,False,True,93.6,88.5,100.0,100.0,1.0,94.6,Excellent,91.5
06-08-23,25.7,16.2,19.8,27.4,15.9,3.3,3.3,0.0,14.4,8.5,61,False,25,74.0,86.8,91.2,56.84255803728539,0,69.8,Pleasant,False,False,70.8,96.9,75.0,100.0,1.0,82.6,Nice,60.7
07-08-23,20.6,13.6,17.0,18.9,11.7,0.6,0.6,0.0,21.3,14.4,51,False,25,60.0,97.6,77.4,89.65668313497895,0,76.2,Nice,False,True,79.2,95.6,90.0,100.0,1.0,93.2,Excellent,83.9
08-08-23,17.5,12.6,14.8,15.5,11.5,0.2,0.2,0.0,14.4,9.8,51,False,25,49.0,99.2,91.2,56.27296005698469,0,61.5,Pleasant,False,False,63.7,82.0,90.0,100.0,1.0,81.1,Nice,64.5
09-08-23,21.8,9.4,15.6,21.5,7.7,0.0,0.0,0.0,9.0,5.3,3,False,25,53.0,100.0,100.0,92.20973355987573,0,76.5,Nice,False,True,80.4,100.0,100.0,100.0,1.0,98.4,Excellent,96.9
10-08-23,20.9,11.3,15.8,21.2,10.7,8.6,8.6,0.0,10.0,4.7,63,False,25,54.0,65.6,100.0,51.00496142561578,0,57.3,Average,False,False,59.1,100.0,55.0,100.0,1.0,76.7,Nice,44.2
11-08-23,21.4,11.9,16.6,21.9,11.0,1.4,1.4,0.0,10.8,7.0,51,False,25,58.00000000000001,94.4,98.4,83.73759782803032,0,74.5,Pleasant,False,True,77.8,100.0,90.0,100.0,1.0,93.7,Excellent,84.1
12-08-23,22.0,14.0,17.6,23.0,13.7,0.5,0.5,0.0,9.9,5.3,51,False,25,63.00000000000001,98.0,100.0,70.90628759696385,0,72.7,Pleasant,False,True,75.1,100.0,90.0,100.0,1.0,91.2,Excellent,79.5
13-08-23,24.5,14.1,18.9,25.5,14.0,0.0,0.0,0.0,6.3,3.3,3,False,25,69.5,100.0,100.0,93.63294850543356,0,83.6,Nice,False,True,86.8,100.0,100.0,100.0,1.0,98.7,Excellent,97.5
14-08-23,26.6,12.8,19.7,27.2,11.9,0.0,0.0,0.0,9.8,5.5,1,False,25,73.5,100.0,100.0,93.32570172609037,0,85.1,Nice,False,True,88.1,98.5,100.0,100.0,1.0,98.0,Excellent,96.4
15-08-23,26.5,13.4,19.5,27.5,12.5,1.6,1.6,0.0,13.3,5.9,61,False,25,72.5,93.6,93.4,63.63661879057688,0,72.8,Pleasant,False,False,74.2,96.2,90.0,100.0,1.0,88.2,Nice,74.8
16-08-23,27.4,14.6,20.2,28.4,14.6,0.8,0.8,0.0,15.6,7.7,53,False,25,76.0,96.8,88.8,68.4613846976445,0,76.0,Nice,False,False,77.4,89.2,90.0,100.0,1.0,86.4,Nice,72.8
17-08-23,27.5,15.5,21.4,29.0,16.5,0.0,0.0,0.0,17.3,7.5,1,False,25,82.0,100.0,85.4,93.10702918647257,0,87.2,Nice,False,True,89.5,84.6,100.0,100.0,1.0,92.5,Excellent,88.0
18-08-23,29.9,14.9,22.1,31.2,15.8,0.0,0.0,0.0,15.4,6.3,3,False,25,85.5,100.0,89.2,93.495671045031,0,89.1,Nice,False,True,91.2,67.7,100.0,100.0,1.0,85.8,Nice,78.0
19-08-23,29.8,16.0,22.9,31.4,16.8,0.0,0.0,0.0,12.4,6.8,1,False,25,89.5,100.0,95.2,93.20709767632707,0,91.0,Excellent,False,True,93.1,66.2,100.0,100.0,1.0,85.1,Nice,77.0
20-08-23,30.7,15.3,23.0,30.9,15.7,0.0,0.0,0.0,13.9,4.8,1,False,25,90.0,100.0,92.2,93.6035357988047,0,91.1,Excellent,False,True,93.2,70.0,100.0,100.0,1.0,86.7,Nice,79.4
21-08-23,29.4,20.2,24.3,31.6,20.5,0.0,0.0,0.0,7.1,4.5,1,False,25,96.5,100.0,100.0,94.00390494663313,0,94.5,Excellent,False,True,96.4,64.6,100.0,100.0,1.0,84.6,Nice,76.4
22-08-23,29.8,19.5,24.8,31.5,21.1,0.0,0.0,0.0,7.7,4.3,1,False,25,99.0,100.0,100.0,94.1201834297797,0,95.5,Excellent,False,True,97.3,65.4,100.0,100.0,1.0,85.0,Nice,76.9
23-08-23,30.5,20.2,24.7,32.6,21.5,0.0,0.0,0.0,9.4,4.6,3,False,25,98.5,100.0,100.0,93.37807811256525,0,95.1,Excellent,False,True,96.8,56.9,100.0,100.0,1.0,81.4,Nice,71.5
24-08-23,27.5,18.0,22.3,29.5,18.5,4.7,4.7,0.0,12.1,5.4,63,False,25,86.5,81.2,95.8,78.4346539930008,0,81.9,Nice,False,True,83.4,80.8,75.0,100.0,1.0,80.5,Nice,59.9
25-08-23,27.9,18.1,22.4,29.7,19.4,0.1,0.1,0.0,8.2,3.9,51,False,25,87.0,99.6,100.0,95.13981894160611,0,91.0,Excellent,False,True,93.4,79.2,90.0,100.0,1.0,87.7,Nice,77.0
26-08-23,30.5,18.6,24.1,31.9,19.0,0.0,0.0,0.0,7.1,4.0,2,False,25,95.5,100.0,100.0,95.4850466948402,0,94.6,Excellent,False,True,96.6,62.3,100.0,100.0,1.0,84.0,Nice,75.6
27-08-23,32.2,15.5,23.5,34.1,16.5,0.0,0.0,0.0,9.4,5.2,1,False,25,92.5,100.0,100.0,95.835340141738,0,93.5,Excellent,False,True,95.7,45.4,100.0,100.0,1.0,77.3,Nice,65.6
28-08-23,32.9,15.6,23.9,34.8,16.6,0.0,0.0,0.0,9.7,4.8,1,False,25,94.5,100.0,100.0,96.02917062153952,0,94.4,Excellent,False,True,96.5,40.0,100.0,100.0,1.0,75.2,Nice,62.4
29-08-23,30.0,16.3,23.2,28.9,16.0,0.0,0.0,0.0,24.7,12.6,3,False,25,91.0,100.0,70.6,91.80761354525944,0,89.2,Nice,False,True,90.6,85.4,100.0,100.0,1.0,92.5,Excellent,88.0
30-08-23,25.7,16.0,20.8,26.3,17.1,5.0,5.0,0.0,18.7,6.1,61,False,25,79.0,80.0,82.6,80.14723850658264,0,78.3,Nice,False,True,80.0,100.0,75.0,100.0,1.0,88.5,Nice,69.0
31-08-23,22.4,13.3,17.3,23.0,13.8,3.0,3.0,0.0,12.2,4.7,61,False,25,61.5,88.0,95.6,90.34589411589592,0,77.1,Nice,False,True,80.4,100.0,75.0,100.0,1.0,90.6,Excellent,72.1
01-09-23,22.1,13.7,17.4,21.4,13.7,1.3,1.3,0.0,12.4,8.5,51,False,21,82.0,94.8,95.2,84.29114592126624,0,84.1,Nice,False,True,86.2,100.0,90.0,100.0,1.0,93.9,Excellent,84.3
02-09-23,25.3,13.2,18.7,25.1,11.8,0.0,0.0,0.0,8.7,4.9,1,False,21,88.5,100.0,100.0,96.72504480284863,0,92.3,Excellent,False,True,94.7,100.0,100.0,100.0,1.0,99.3,Excellent,98.7
03-09-23,25.9,13.5,18.3,24.8,11.8,3.6,3.6,0.0,24.6,7.2,61,False,21,86.5,85.6,70.8,87.99675838755651,0,83.9,Nice,False,True,85.4,100.0,75.0,100.0,1.0,90.1,Excellent,71.4
04-09-23,18.2,13.9,15.6,17.8,14.2,4.0,4.0,0.0,14.2,6.0,61,False,21,73.0,84.0,91.6,23.6596143466623,0,57.4,Average,False,False,56.8,91.2,75.0,100.0,1.0,73.7,Pleasant,48.1
05-09-23,21.1,12.8,16.5,18.5,11.9,0.1,0.1,0.0,17.9,8.9,51,False,21,77.5,99.6,84.2,89.65730783484155,0,84.1,Nice,False,True,86.3,94.0,90.0,100.0,1.0,92.5,Excellent,83.0
06-09-23,21.8,11.0,16.1,21.1,9.7,0.0,0.0,0.0,7.7,4.8,0,False,21,75.5,100.0,100.0,97.02413831344495,0,87.2,Nice,False,True,90.2,100.0,100.0,100.0,1.0,99.4,Excellent,98.8
07-09-23,23.2,11.8,16.8,22.6,10.1,0.0,0.0,0.0,13.2,5.4,1,False,21,79.0,100.0,93.6,96.82490731075964,0,88.0,Nice,False,True,90.7,100.0,100.0,100.0,1.0,99.4,Excellent,98.7
08-09-23,23.6,11.6,16.7,22.2,10.6,0.0,0.0,0.0,11.5,5.9,3,False,21,78.5,100.0,97.0,96.62630405622455,0,88.0,Nice,False,True,90.8,100.0,100.0,100.0,1.0,99.3,Excellent,98.7
09-09-23,24.4,11.1,17.7,24.0,9.4,0.0,0.0,0.0,10.3,4.4,2,False,21,83.5,100.0,99.4,95.00685158771542,0,89.6,Nice,False,True,92.2,100.0,100.0,100.0,1.0,99.0,Excellent,98.0
10-09-23,23.2,13.5,18.4,23.0,12.5,0.0,0.0,0.0,9.1,4.6,3,False,21,87.0,100.0,100.0,92.72267058674636,0,90.3,Excellent,False,True,92.5,100.0,100.0,100.0,1.0,98.5,Excellent,97.1
11-09-23,24.1,10.7,17.5,24.5,10.4,0.0,0.0,0.0,6.9,3.4,2,False,21,82.5,100.0,100.0,94.59952800801481,0,89.1,Nice,False,True,91.7,100.0,100.0,100.0,1.0,98.9,Excellent,97.8
12-09-23,25.6,13.5,19.2,26.4,12.8,0.0,0.0,0.0,6.9,3.7,0,False,21,91.0,100.0,100.0,95.11179581765768,0,92.7,Excellent,False,True,94.9,100.0,100.0,100.0,1.0,99.0,Excellent,98.0
13-09-23,26.4,11.3,18.6,25.8,11.2,0.0,0.0,0.0,6.5,4.1,3,False,21,88.0,100.0,100.0,95.62728178077514,0,91.7,Excellent,False,True,94.1,100.0,100.0,100.0,1.0,99.1,Excellent,98.3
14-09-23,27.3,13.7,20.4,26.7,13.3,0.0,0.0,0.0,15.0,4.3,3,False,21,97.0,100.0,90.0,93.91594399491886,0,93.9,Excellent,False,True,95.5,100.0,100.0,100.0,1.0,98.8,Excellent,97.6
15-09-23,21.0,15.3,17.8,22.3,15.9,14.8,14.8,0.0,8.0,4.7,63,False,21,84.0,40.8,100.0,53.33046102150657,0,66.4,Pleasant,True,False,66.9,100.0,20.0,100.0,1.0,66.7,Pleasant,16.3
16-09-23,22.6,14.0,17.4,22.3,14.0,0.4,0.4,0.0,11.9,8.3,51,False,21,82.0,98.4,96.2,75.55587192526343,0,81.7,Nice,False,True,83.3,100.0,90.0,100.0,1.0,92.1,Excellent,81.2
17-09-23,23.2,13.2,18.0,23.5,12.7,0.5,0.5,0.0,11.5,6.5,51,False,21,85.0,98.0,97.0,92.10794478768055,0,88.7,Nice,False,True,91.0,100.0,90.0,100.0,1.0,95.4,Excellent,87.2
18-09-23,24.3,9.4,16.1,24.2,8.7,0.0,0.0,0.0,13.0,6.2,3,False,21,75.5,100.0,94.0,96.12233104720363,0,86.4,Nice,False,True,89.3,100.0,100.0,100.0,1.0,99.2,Excellent,98.4
19-09-23,22.0,8.0,14.7,21.7,6.3,1.4,1.4,0.0,12.7,5.4,55,False,21,68.5,94.4,94.6,41.32377054979193,0,63.6,Pleasant,False,False,64.1,100.0,90.0,100.0,1.0,85.3,Nice,68.9
20-09-23,21.8,12.6,16.3,21.1,12.4,0.2,0.2,0.0,8.5,5.8,51,False,21,76.5,99.2,100.0,79.6186682485942,0,81.3,Nice,False,True,83.5,100.0,90.0,100.0,1.0,92.9,Excellent,82.7
21-09-23,24.7,11.2,17.0,24.4,10.7,0.1,0.1,0.0,10.7,4.3,51,False,21,80.0,99.6,98.6,92.6647422833619,0,87.3,Nice,False,True,89.9,100.0,90.0,100.0,1.0,95.5,Excellent,87.4
22-09-23,26.5,13.3,19.1,26.6,12.9,0.3,0.3,0.0,12.9,5.5,51,False,21,90.5,98.8,94.2,97.12389274819608,0,92.5,Excellent,False,True,94.8,100.0,90.0,100.0,1.0,96.4,Excellent,89.0
23-09-23,29.4,12.5,20.1,30.1,12.2,0.0,0.0,0.0,11.1,5.3,3,False,21,95.5,100.0,97.8,97.38108835767316,0,95.1,Excellent,False,True,97.2,76.2,100.0,100.0,1.0,89.9,Nice,84.6
24-09-23,28.9,14.1,20.7,29.1,13.7,0.0,0.0,0.0,17.1,8.4,3,False,21,98.5,100.0,85.8,97.64057003871936,0,95.4,Excellent,False,True,97.1,83.8,100.0,100.0,1.0,93.1,Excellent,89.4
25-09-23,24.7,13.0,17.9,23.1,13.0,0.0,0.0,0.0,20.0,8.6,3,False,21,84.5,100.0,80.0,91.8018692261083,0,87.3,Nice,False,True,89.3,100.0,100.0,100.0,1.0,98.4,Excellent,96.7
26-09-23,24.2,11.6,16.9,21.6,10.2,0.0,0.0,0.0,18.1,7.6,3,False,21,79.5,100.0,83.8,98.16541255174077,0,87.9,Nice,False,True,90.5,100.0,100.0,100.0,1.0,99.6,Excellent,99.3
27-09-23,23.5,12.3,16.8,21.5,10.7,0.0,0.0,0.0,17.7,6.2,1,False,21,79.0,100.0,84.6,98.4303008055072,0,87.8,Nice,False,True,90.5,100.0,100.0,100.0,1.0,99.7,Excellent,99.4
28-09-23,22.8,10.4,15.9,20.8,8.6,0.0,0.0,0.0,16.4,6.3,3,False,21,74.5,100.0,87.2,98.61123801035792,0,86.3,Nice,False,True,89.2,100.0,100.0,100.0,1.0,99.7,Excellent,99.4
29-09-23,22.7,10.1,15.5,20.8,8.1,0.0,0.0,0.0,10.9,5.6,3,False,21,72.5,100.0,98.2,93.46443122970472,0,84.6,Nice,False,True,87.6,100.0,100.0,100.0,1.0,98.7,Excellent,97.4
30-09-23,22.0,12.9,16.4,21.1,11.1,0.0,0.0,0.0,7.8,3.9,3,False,21,77.0,100.0,100.0,98.59837522441228,0,88.3,Nice,False,True,91.4,100.0,100.0,100.0,1.0,99.7,Excellent,99.4
01-10-23,20.9,9.7,15.0,19.2,7.6,0.7,0.7,0.0,13.1,7.7,53,False,15,100.0,97.2,93.8,88.68306445939842,0,93.1,Excellent,False,True,94.4,96.8,90.0,100.0,1.0,93.5,Excellent,84.2
02-10-23,16.3,9.4,13.0,13.7,7.6,2.7,2.7,0.0,16.2,9.9,61,False,15,90.0,89.2,87.6,70.19919452331051,0,81.0,Nice,False,True,81.7,74.8,90.0,100.0,1.0,81.0,Nice,65.7
03-10-23,18.8,8.7,12.9,18.1,7.0,0.0,0.0,0.0,6.9,3.4,3,False,15,89.5,100.0,100.0,97.61852579571884,0,93.0,Excellent,False,True,95.4,92.4,100.0,100.0,1.0,96.5,Excellent,94.5
04-10-23,20.6,7.4,14.1,19.5,6.2,0.0,0.0,0.0,7.2,3.6,3,False,15,95.5,100.0,100.0,97.09421823085637,0,95.2,Excellent,False,True,97.3,98.0,100.0,100.0,1.0,98.6,Excellent,97.6
05-10-23,21.1,11.5,15.3,20.9,10.3,0.3,0.3,0.0,9.4,5.2,51,False,15,98.5,98.8,100.0,92.99040582432208,0,94.8,Excellent,False,True,96.5,100.0,90.0,100.0,1.0,95.6,Excellent,87.5
06-10-23,16.8,8.9,13.0,14.3,6.6,0.1,0.1,0.0,11.0,7.6,51,False,15,90.0,99.6,98.0,81.20148925768237,0,87.2,Nice,False,True,88.7,77.2,90.0,100.0,1.0,84.1,Nice,70.9
07-10-23,17.8,5.0,11.5,15.0,3.0,0.0,0.0,0.0,13.7,6.7,3,False,15,82.5,100.0,92.6,96.29847767623544,0,89.1,Nice,False,True,91.7,80.0,100.0,100.0,1.0,91.3,Excellent,86.5
08-10-23,18.7,8.7,13.1,14.2,5.4,1.7,1.7,0.0,27.6,14.4,53,False,15,90.5,93.2,64.8,56.198410152490794,0,75.0,Nice,False,False,74.6,76.8,90.0,100.0,1.0,79.0,Nice,61.7
09-10-23,11.9,2.2,7.8,8.4,-0.7,0.0,0.0,0.0,18.0,7.7,3,False,15,64.0,100.0,84.0,63.80171436319581,0,69.7,Pleasant,False,False,71.3,53.6,100.0,100.0,1.0,74.2,Pleasant,57.7
10-10-23,13.1,7.1,9.5,9.4,5.0,0.0,0.0,0.0,16.6,6.9,3,False,15,72.5,100.0,86.8,30.55042235390859,0,61.6,Pleasant,False,False,61.3,57.6,100.0,100.0,1.0,69.2,Pleasant,46.8
11-10-23,15.7,3.0,9.6,14.1,0.3,0.0,0.0,0.0,5.9,3.0,3,False,15,73.0,100.0,100.0,92.95867471875066,0,84.7,Nice,False,True,87.7,76.4,100.0,100.0,1.0,89.2,Nice,83.0
12-10-23,20.2,5.8,12.7,19.1,3.8,0.0,0.0,0.0,7.2,3.1,0,False,15,88.5,100.0,100.0,93.64866187904185,0,91.2,Excellent,False,True,93.4,96.4,100.0,100.0,1.0,97.3,Excellent,95.3
13-10-23,19.3,7.8,14.0,18.1,5.1,0.1,0.1,0.0,8.2,4.6,51,False,15,95.0,99.6,100.0,51.50513023836986,0,79.0,Nice,False,False,78.8,92.4,90.0,100.0,1.0,84.3,Nice,68.4
14-10-23,22.7,10.5,15.1,22.0,9.2,0.0,0.0,0.0,8.5,4.3,3,False,15,99.5,100.0,100.0,92.56222208082538,0,95.2,Excellent,False,True,96.8,100.0,100.0,100.0,1.0,98.5,Excellent,97.0
15-10-23,20.4,7.9,14.1,19.8,6.1,1.9,1.9,0.0,19.8,5.5,61,False,15,95.5,92.4,80.4,91.01701789475413,0,90.3,Excellent,False,True,91.7,99.2,90.0,100.0,1.0,94.9,Excellent,86.3
16-10-23,10.3,2.7,7.2,7.2,-0.2,5.7,5.7,0.0,23.1,15.9,61,False,15,61.0,77.2,73.8,80.72248959937437,0,70.1,Pleasant,False,True,72.6,48.8,75.0,100.0,1.0,68.2,Pleasant,46.2
17-10-23,11.4,-1.7,5.0,8.2,-4.5,0.0,0.0,0.0,9.8,4.9,3,False,15,50.0,100.0,100.0,86.45864027685829,0,73.3,Pleasant,False,True,77.1,52.8,100.0,100.0,1.0,78.4,Nice,66.3
18-10-23,12.2,-0.4,5.8,9.7,-3.7,0.0,0.0,0.0,8.2,3.7,3,False,15,54.0,100.0,100.0,92.31526825887053,0,76.9,Nice,False,True,80.8,58.8,100.0,100.0,1.0,82.0,Nice,72.2
19-10-23,17.1,-1.8,6.7,15.0,-4.6,0.0,0.0,0.0,9.0,3.7,3,False,15,58.5,100.0,100.0,92.7256711020446,0,78.9,Nice,False,True,82.6,80.0,100.0,100.0,1.0,90.5,Excellent,85.1
20-10-23,23.1,5.1,13.6,21.8,3.3,0.0,0.0,0.0,18.6,7.2,3,False,15,93.0,100.0,82.8,93.16902802705526,0,91.4,Excellent,False,True,93.1,100.0,100.0,100.0,1.0,98.6,Excellent,97.3
21-10-23,27.0,11.5,19.5,24.9,9.4,0.0,0.0,0.0,19.2,10.9,3,False,15,77.5,100.0,81.6,93.61348034116914,0,85.3,Nice,False,True,87.7,100.0,100.0,100.0,1.0,98.7,Excellent,97.4
22-10-23,23.0,10.1,15.2,20.2,7.7,0.0,0.0,0.0,17.4,7.6,3,False,15,99.0,100.0,85.2,67.95693367741383,0,85.2,Nice,False,False,85.4,100.0,100.0,100.0,1.0,93.6,Excellent,87.2
23-10-23,19.4,9.8,13.5,18.0,8.0,0.0,0.0,0.0,9.2,6.1,3,False,15,92.5,100.0,100.0,94.50408848312802,0,93.1,Excellent,False,True,95.2,92.0,100.0,100.0,1.0,95.7,Excellent,93.0
24-10-23,19.8,9.9,13.6,18.3,8.4,0.0,0.0,0.0,8.6,4.8,3,False,15,93.0,100.0,100.0,94.94935375096104,0,93.4,Excellent,False,True,95.5,93.2,100.0,100.0,1.0,96.3,Excellent,93.9
25-10-23,21.7,8.8,14.5,18.9,6.8,0.3,0.3,0.0,18.2,9.8,51,False,15,97.5,98.8,83.6,84.57699248239842,0,90.1,Excellent,False,True,91.1,95.6,90.0,100.0,1.0,92.2,Excellent,82.1
26-10-23,19.5,7.1,12.7,17.5,5.9,0.1,0.1,0.0,11.2,4.8,51,False,15,88.5,99.6,97.6,95.84271571399896,0,91.7,Excellent,False,True,94.0,90.0,90.0,100.0,1.0,92.2,Excellent,83.1
27-10-23,20.3,7.0,13.7,18.4,5.3,1.4,1.4,0.0,26.9,9.3,61,False,15,93.5,94.4,66.2,64.35558763022271,0,79.4,Nice,False,False,79.2,93.6,90.0,100.0,1.0,87.3,Nice,73.7
28-10-23,16.7,7.6,12.6,14.1,5.1,1.2,1.2,0.0,18.3,10.1,55,False,15,88.0,95.2,83.4,96.75180018818224,0,90.0,Excellent,False,True,92.1,76.4,90.0,100.0,1.0,86.9,Nice,76.1
29-10-23,17.5,5.0,10.3,15.4,2.3,0.0,0.0,0.0,7.1,4.7,3,False,15,76.5,100.0,100.0,97.21172470611681,0,87.6,Nice,False,True,90.7,81.6,100.0,100.0,1.0,92.1,Excellent,87.8
30-10-23,20.9,3.3,10.0,19.8,1.3,0.0,0.0,0.0,6.6,3.4,3,False,15,75.0,100.0,100.0,97.67477068812688,0,87.2,Nice,False,True,90.3,99.2,100.0,100.0,1.0,99.2,Excellent,98.6
31-10-23,22.6,2.0,11.3,20.1,-0.8,0.0,0.0,0.0,11.5,5.4,3,False,15,81.5,100.0,97.0,98.09637501867394,0,89.7,Nice,False,True,92.5,100.0,100.0,100.0,1.0,99.6,Excellent,99.2
01-11-23,13.9,5.2,10.6,11.9,3.0,6.2,6.2,0.0,24.2,11.2,61,False,8,87.0,75.2,71.6,96.55311731162926,0,85.6,Nice,False,True,87.5,67.6,55.0,100.0,1.0,72.9,Pleasant,43.5
02-11-23,16.1,2.8,8.8,13.8,0.4,0.0,0.0,0.0,8.2,4.5,3,False,8,96.0,100.0,100.0,83.1304802531994,0,90.5,Excellent,False,True,91.9,75.2,100.0,100.0,1.0,86.7,Nice,78.4
03-11-23,17.8,9.1,12.7,15.8,7.6,1.5,1.5,0.0,18.2,8.8,55,False,8,76.5,94.0,83.6,70.93060554509677,0,76.2,Nice,False,True,77.6,83.2,90.0,100.0,1.0,84.5,Nice,70.5
04-11-23,16.1,9.2,12.0,15.7,5.4,16.9,16.9,0.0,20.9,6.6,63,False,8,80.0,32.400000000000006,78.2,1.5793519836433092,0,43.7,Average,True,False,41.3,82.8,20.0,100.0,1.0,49.4,Average,10.1
05-11-23,16.4,4.3,10.1,14.7,1.9,1.5,1.5,0.0,10.9,5.7,53,False,8,89.5,94.0,98.2,93.04730060931831,0,90.3,Excellent,False,True,92.5,78.8,90.0,100.0,1.0,87.1,Nice,76.0
06-11-23,14.9,5.6,10.0,11.0,2.9,0.0,0.0,0.0,18.6,11.3,3,False,8,90.0,100.0,82.8,98.23291289478865,0,92.0,Excellent,False,True,94.1,64.0,100.0,100.0,1.0,85.2,Nice,77.7
07-11-23,15.3,3.4,8.7,13.7,0.7,0.0,0.0,0.0,7.9,4.5,3,False,8,96.5,100.0,100.0,68.134508012145,0,85.4,Nice,False,False,86.0,74.8,100.0,100.0,1.0,83.5,Nice,72.1
08-11-23,11.3,4.4,7.7,10.4,2.3,1.3,1.3,0.0,20.4,8.4,51,False,8,98.5,94.8,79.2,0.0,0,60.0,Pleasant,False,False,56.6,61.6,90.0,100.0,1.0,61.6,Pleasant,33.3
09-11-23,8.9,0.5,5.3,6.4,-2.6,1.2,1.2,0.0,17.2,8.7,51,False,8,86.5,95.2,85.6,95.66876673438142,0,89.2,Nice,False,True,91.4,45.6,90.0,100.0,1.0,74.4,Pleasant,59.1
10-11-23,12.1,-2.0,4.6,9.3,-5.6,0.0,0.0,0.0,16.9,7.0,3,False,8,83.0,100.0,86.2,76.13182160043624,0,81.7,Nice,False,True,83.1,57.2,100.0,100.0,1.0,78.1,Nice,64.8
11-11-23,12.7,4.9,8.3,11.7,2.5,12.3,12.3,0.0,9.0,4.5,63,False,8,98.5,50.8,100.0,31.037557716932895,0,65.9,Pleasant,True,False,64.5,66.8,20.0,100.0,1.0,48.9,Average,10.5
12-11-23,7.5,-0.6,4.7,4.1,-4.2,6.9,6.9,0.0,29.1,18.3,63,False,8,83.5,72.4,61.8,80.41619321333772,0,77.3,Nice,False,True,78.4,36.4,55.0,100.0,1.0,57.1,Average,29.7
13-11-23,7.5,-2.8,1.5,4.6,-6.7,0.0,0.0,0.0,7.6,4.0,3,False,8,67.5,100.0,100.0,93.90324482443945,0,82.9,Nice,False,True,86.2,38.4,100.0,100.0,1.0,74.1,Pleasant,60.6
14-11-23,14.7,1.4,7.9,12.8,-1.9,0.6,0.6,0.0,21.1,7.3,51,False,8,99.5,97.6,77.8,71.93505632869451,0,85.8,Nice,False,True,86.0,71.2,90.0,100.0,1.0,79.9,Nice,64.3
15-11-23,8.9,5.4,7.1,7.0,2.3,6.5,6.5,0.0,16.8,8.4,63,False,8,95.5,74.0,86.4,3.509370024386435,0,57.4,Average,False,False,54.6,48.0,55.0,100.0,1.0,46.4,Average,16.6
16-11-23,7.5,2.4,5.7,3.2,-0.3,5.8,5.8,0.0,20.5,14.0,55,False,8,88.5,76.8,79.0,81.95331968267794,0,81.9,Nice,False,True,83.2,32.8,75.0,100.0,1.0,62.0,Pleasant,39.3
17-11-23,10.8,-0.3,4.4,8.3,-3.6,0.4,0.4,0.0,7.5,3.9,51,False,8,82.0,98.4,100.0,31.786311225070925,0,66.7,Pleasant,False,False,66.2,53.2,90.0,100.0,1.0,64.6,Pleasant,40.2
18-11-23,4.1,0.2,2.2,1.9,-4.3,17.0,8.1,6.23,16.0,8.6,75,False,8,71.0,32.0,88.0,0.0,-20,39.8,Poor,True,False,38.4,27.6,55.0,100.0,1.0,37.5,Poor,9.1
19-11-23,2.0,-1.1,0.2,-2.4,-4.8,1.5,0.0,1.05,16.4,10.5,73,False,8,61.0,94.0,87.2,28.74946810688782,-20,55.1,Average,False,False,55.7,10.4,100.0,100.0,1.0,49.9,Average,17.7
20-11-23,5.5,-0.5,2.7,2.8,-3.7,0.7,0.7,0.0,11.2,6.4,51,False,8,73.5,97.2,97.6,0.0,0,51.8,Average,False,False,50.1,31.2,90.0,100.0,1.0,49.5,Average,16.8
21-11-23,10.9,1.4,5.9,9.0,-1.4,0.4,0.4,0.0,8.2,4.3,51,False,8,89.5,98.4,100.0,86.14302673694104,0,88.7,Nice,False,True,90.5,56.0,90.0,100.0,1.0,76.6,Nice,61.3
22-11-23,6.6,3.5,4.7,4.0,0.9,3.0,3.0,0.0,7.9,4.1,51,False,8,83.5,88.0,100.0,0.0,0,54.6,Average,False,False,52.4,36.0,75.0,100.0,1.0,46.9,Average,16.2
23-11-23,7.9,0.4,4.1,3.8,-3.1,0.0,0.0,0.0,16.0,6.8,3,False,8,80.5,100.0,88.0,61.64215464637222,0,75.8,Nice,False,False,76.6,35.2,100.0,100.0,1.0,66.4,Pleasant,45.8
24-11-23,6.5,-2.3,2.5,3.5,-5.9,0.0,0.0,0.0,11.2,4.9,3,False,8,72.5,100.0,97.6,55.49221302373822,0,71.2,Pleasant,False,False,72.3,34.0,100.0,100.0,1.0,64.7,Pleasant,42.6
25-11-23,2.3,-0.5,1.0,-0.1,-4.2,7.1,1.0,4.27,10.2,5.2,75,False,8,65.0,71.6,99.6,0.0,-20,44.3,Average,False,False,43.4,19.6,90.0,100.0,1.0,44.8,Average,10.6
26-11-23,-0.5,-4.7,-2.5,-4.0,-10.8,7.9,0.0,5.53,30.0,19.4,73,False,8,47.5,68.4,60.0,0.0,-20,33.7,Poor,False,False,32.9,4.0,100.0,100.0,1.0,41.6,Average,2.4
27-11-23,-0.7,-5.4,-3.4,-6.0,-11.1,1.5,0.0,1.05,23.4,15.5,73,False,8,43.0,94.0,73.2,54.90238114170026,-20,56.0,Average,False,False,58.4,0.0,100.0,100.0,1.0,51.0,Average,22.0
28-11-23,5.4,-5.2,0.4,2.3,-8.6,2.9,2.9,0.0,9.6,5.0,53,False,8,62.0,88.4,100.0,3.382682272248295,0,47.2,Average,False,False,46.3,29.2,90.0,100.0,1.0,49.4,Average,17.0
29-11-23,3.0,-2.1,1.1,-1.5,-6.1,0.6,0.4,0.14,20.7,12.5,71,False,8,65.5,97.6,78.6,43.921910173240136,-20,62.1,Pleasant,False,False,63.0,14.0,90.0,100.0,1.0,51.4,Average,23.4
30-11-23,4.6,-6.3,-0.9,1.0,-9.9,0.3,0.3,0.0,7.6,5.1,51,False,8,55.5,98.8,100.0,77.82572226593913,0,72.3,Pleasant,False,True,75.4,24.0,90.0,100.0,1.0,62.2,Pleasant,41.0
01-12-23,15.3,1.8,10.8,11.6,-1.2,0.8,0.8,0.0,28.3,19.2,53,False,2,56.0,96.8,63.4,82.19279031968783,0,70.8,Pleasant,False,True,73.3,66.4,90.0,100.0,1.0,80.0,Nice,65.4
02-12-23,16.8,7.5,12.5,14.2,4.8,0.0,0.0,0.0,21.8,11.6,3,False,2,47.5,100.0,76.4,64.25206752394494,0,62.6,Pleasant,False,False,65.0,76.8,100.0,100.0,1.0,83.6,Nice,71.8
03-12-23,11.7,-2.0,4.5,8.3,-6.5,0.5,0.3,0.14,18.7,12.1,71,False,2,87.5,98.0,82.6,49.25883179367846,0,73.5,Pleasant,False,False,73.3,53.2,90.0,100.0,1.0,68.1,Pleasant,46.5
04-12-23,-1.0,-5.0,-2.2,-3.9,-9.0,1.0,0.1,0.63,10.4,5.9,71,False,2,79.0,96.0,99.2,0.0,0,53.9,Average,False,False,52.0,4.4,90.0,100.0,1.0,38.8,Poor,2.4
05-12-23,3.4,-4.3,-0.8,-0.5,-8.0,0.0,0.0,0.0,7.8,4.3,3,False,2,86.0,100.0,100.0,4.615599447448079,0,59.0,Average,False,False,56.9,18.0,100.0,100.0,1.0,48.1,Average,12.6
06-12-23,7.0,-3.4,0.9,3.7,-6.8,0.2,0.2,0.0,8.5,4.9,51,False,2,94.5,99.2,100.0,61.38506566707759,0,82.2,Nice,False,False,82.5,34.8,90.0,100.0,1.0,63.2,Pleasant,40.9
07-12-23,1.8,0.2,0.8,-0.9,-2.8,3.4,2.8,0.42,7.8,4.5,71,False,2,94.0,86.4,100.0,0.0,0,58.6,Average,False,False,55.9,16.4,90.0,100.0,1.0,43.6,Average,8.9
08-12-23,2.3,-0.1,0.7,-0.7,-3.1,0.8,0.6,0.14,5.9,2.9,71,False,2,93.5,96.8,100.0,0.0,0,59.9,Average,False,False,57.2,17.2,90.0,100.0,1.0,43.9,Average,9.3
09-12-23,2.2,-2.2,-0.3,-0.6,-5.5,0.0,0.0,0.0,4.5,2.8,3,False,2,88.5,100.0,100.0,84.10643046894963,0,87.8,Nice,False,True,89.6,17.6,100.0,100.0,1.0,63.9,Pleasant,44.2
10-12-23,3.1,-4.4,-1.9,0.1,-7.8,0.0,0.0,0.0,7.3,4.3,3,False,2,80.5,100.0,100.0,92.33889239072377,0,87.5,Nice,False,True,90.1,20.4,100.0,100.0,1.0,66.6,Pleasant,49.2
11-12-23,2.4,-3.9,-0.8,-0.4,-7.1,0.0,0.0,0.0,7.6,3.1,3,False,2,86.0,100.0,100.0,18.257599699248406,0,63.8,Pleasant,False,False,62.4,18.4,100.0,100.0,1.0,51.0,Average,18.3
12-12-23,4.8,-3.4,1.0,1.6,-6.2,1.1,0.4,0.49,10.1,3.8,73,False,2,95.0,95.6,99.8,25.452779060962655,0,69.2,Pleasant,False,False,67.8,26.4,90.0,100.0,1.0,52.7,Average,23.4
13-12-23,6.4,-2.7,2.4,4.1,-6.1,0.5,0.5,0.0,7.8,5.1,51,False,2,98.0,98.0,100.0,7.0254051204503245,0,64.4,Pleasant,False,False,61.8,36.4,90.0,100.0,1.0,53.0,Average,22.2
14-12-23,9.8,4.5,7.0,6.8,2.3,2.5,2.5,0.0,15.1,9.7,53,False,2,75.0,90.0,89.8,0.0,0,50.7,Average,False,False,48.7,47.2,90.0,100.0,1.0,55.9,Average,25.5
15-12-23,4.3,1.6,2.6,2.0,-1.6,4.0,4.0,0.0,12.5,8.9,53,False,2,97.0,84.0,95.0,0.0,0,59.0,Average,False,False,56.0,28.0,75.0,100.0,1.0,43.7,Average,12.6
16-12-23,2.1,-2.8,-0.1,-1.6,-6.4,1.1,0.5,0.42,12.1,6.1,71,False,2,89.5,95.6,95.8,35.882804336207656,0,70.4,Pleasant,False,False,69.6,13.6,90.0,100.0,1.0,49.6,Average,20.3
17-12-23,3.0,-3.3,-1.1,-0.7,-6.7,0.0,0.0,0.0,8.0,5.4,3,False,2,84.5,100.0,100.0,91.9732574979761,0,89.0,Nice,False,True,91.4,17.2,100.0,100.0,1.0,65.3,Pleasant,47.1
18-12-23,4.8,-2.7,-0.1,1.8,-6.2,0.0,0.0,0.0,8.2,4.8,3,False,2,89.5,100.0,100.0,94.4726988939965,0,91.9,Excellent,False,True,94.1,27.2,100.0,100.0,1.0,69.8,Pleasant,54.1
19-12-23,6.8,-2.2,2.1,3.8,-5.9,0.0,0.0,0.0,7.4,3.8,0,False,2,99.5,100.0,100.0,94.49564312891484,0,95.9,Excellent,False,True,97.6,35.2,100.0,100.0,1.0,73.0,Pleasant,58.9
20-12-23,7.1,-0.5,2.6,4.1,-4.2,0.1,0.1,0.0,7.6,3.1,51,False,2,97.0,99.6,100.0,76.67612035118316,0,88.6,Nice,False,True,89.6,36.4,90.0,100.0,1.0,66.9,Pleasant,47.3
21-12-23,2.8,-4.4,-0.6,-0.6,-7.4,0.4,0.0,0.28,9.4,5.6,71,False,2,87.0,98.4,100.0,39.86483589547019,0,71.5,Pleasant,False,False,71.2,17.6,100.0,100.0,1.0,55.0,Average,26.5
22-12-23,4.0,-3.6,0.0,-1.2,-6.7,0.7,0.4,0.21,24.1,11.4,71,False,2,90.0,97.2,71.8,64.95269221895876,0,79.1,Nice,False,False,79.2,15.2,90.0,100.0,1.0,56.1,Average,31.6
23-12-23,1.4,-1.8,-0.4,-4.1,-6.9,9.8,0.0,6.86,26.9,17.4,75,False,2,88.0,60.8,66.2,5.329892800637341,20,51.9,Average,False,False,48.7,3.6,100.0,100.0,1.0,42.5,Average,4.3
24-12-23,3.2,-2.0,0.7,-0.3,-6.0,7.0,0.8,4.34,15.1,10.6,75,False,2,93.5,72.0,89.8,0.0,10,55.6,Average,False,False,52.5,18.8,90.0,100.0,1.0,44.5,Average,10.2
25-12-23,9.2,2.4,5.6,5.9,-0.3,0.3,0.3,0.0,19.2,10.6,51,False,2,82.0,98.8,81.6,23.02004438392446,0,62.2,Pleasant,False,False,60.9,43.6,90.0,100.0,1.0,59.0,Average,31.8
26-12-23,12.8,3.0,7.6,11.1,-0.5,0.0,0.0,0.0,10.8,6.4,3,False,2,72.0,100.0,98.4,92.2878889885459,0,84.0,Nice,False,True,87.0,64.4,100.0,100.0,1.0,84.2,Nice,75.6
27-12-23,8.2,-0.6,4.0,5.9,-4.2,0.0,0.0,0.0,20.1,10.3,3,False,2,90.0,100.0,79.8,91.57950358549965,0,89.4,Nice,False,True,91.1,43.6,100.0,100.0,1.0,75.8,Nice,62.8
28-12-23,7.1,-3.4,1.7,4.3,-6.5,0.0,0.0,0.0,7.6,2.6,3,False,2,98.5,100.0,100.0,95.79682361459773,0,95.9,Excellent,False,True,97.8,37.2,100.0,100.0,1.0,74.0,Pleasant,60.6
29-12-23,6.9,-1.8,3.1,4.0,-5.8,0.0,0.0,0.0,8.0,3.8,3,False,2,94.5,100.0,100.0,96.87420542392367,0,94.7,Excellent,False,True,96.8,36.0,100.0,100.0,1.0,73.8,Pleasant,60.3
30-12-23,5.2,0.1,1.8,3.0,-2.6,0.0,0.0,0.0,6.6,3.2,3,False,2,99.0,100.0,100.0,91.44670307604281,0,94.6,Excellent,False,True,96.2,32.0,100.0,100.0,1.0,71.1,Pleasant,55.8
31-12-23,7.1,-2.3,1.6,5.1,-5.4,0.0,0.0,0.0,6.9,4.6,3,False,2,98.0,100.0,100.0,97.68412636521572,0,96.4,Excellent,False,True,98.4,40.4,100.0,100.0,1.0,75.7,Nice,63.3
01-01-24,5.5,-3.2,0.4,3.0,-6.0,0.0,0.0,0.0,11.3,3.7,3,False,0,98.0,100.0,97.4,97.42232338638213,0,96.1,Excellent,False,True,98.0,32.0,100.0,100.0,1.0,72.3,Pleasant,58.2
02-01-24,5.5,-1.7,1.3,1.5,-5.0,0.0,0.0,0.0,15.9,6.3,3,False,0,93.5,100.0,88.2,64.80260667702842,0,82.1,Nice,False,False,82.5,26.0,100.0,100.0,1.0,63.4,Pleasant,41.5
03-01-24,7.3,-3.9,2.0,3.8,-7.2,0.3,0.3,0.0,11.5,6.7,51,False,0,90.0,98.8,97.0,4.974986903020382,0,60.3,Pleasant,False,False,58.0,35.2,90.0,100.0,1.0,52.1,Average,20.8
04-01-24,6.9,-1.0,3.1,4.2,-4.5,0.2,0.2,0.0,15.3,7.7,51,False,0,84.5,99.2,89.4,41.650116780038914,0,70.4,Pleasant,False,False,70.1,36.8,90.0,100.0,1.0,60.1,Pleasant,34.9
05-01-24,8.8,-2.8,3.6,5.2,-6.0,0.0,0.0,0.0,17.7,9.8,3,False,0,82.0,100.0,84.6,97.90150691237565,0,88.8,Nice,False,True,91.3,40.8,100.0,100.0,1.0,75.9,Nice,63.6
06-01-24,9.1,-2.7,2.6,7.6,-6.2,0.0,0.0,0.0,5.4,3.8,3,False,0,87.0,100.0,100.0,37.26533603894931,0,70.8,Pleasant,False,False,70.4,50.4,100.0,100.0,1.0,67.6,Pleasant,45.1
07-01-24,6.9,-0.7,2.2,4.0,-3.9,4.0,4.0,0.0,15.0,8.4,55,False,0,89.0,84.0,90.0,0.0,0,55.4,Average,False,False,52.8,36.0,75.0,100.0,1.0,46.9,Average,16.2
08-01-24,-0.5,-6.5,-2.5,-3.9,-11.8,2.3,0.1,1.54,13.3,8.5,73,False,0,87.5,90.8,93.4,0.0,10,56.3,Average,False,False,53.6,4.4,90.0,100.0,1.0,38.8,Poor,2.4
09-01-24,-5.4,-7.6,-6.6,-10.6,-12.8,0.9,0.0,0.63,13.9,8.9,71,False,0,67.0,96.4,92.2,71.68840783311914,0,73.7,Pleasant,False,True,75.8,0.0,100.0,100.0,1.0,54.3,Average,28.7
10-01-24,-1.1,-8.9,-5.7,-5.2,-12.8,0.0,0.0,0.0,5.8,2.4,3,False,0,71.5,100.0,100.0,97.9519614557112,0,85.9,Nice,False,True,89.2,0.0,100.0,100.0,1.0,59.6,Average,39.2
11-01-24,0.5,-9.3,-5.0,-4.3,-13.5,0.0,0.0,0.0,8.4,4.2,3,False,0,75.0,100.0,100.0,97.96287991703402,0,87.3,Nice,False,True,90.4,2.8,100.0,100.0,1.0,60.7,Pleasant,40.9
12-01-24,-2.8,-5.6,-4.2,-8.4,-10.4,1.6,0.0,1.12,18.8,13.3,73,False,0,79.0,93.6,82.4,5.811506619214352,10,54.5,Average,False,False,52.3,0.0,100.0,100.0,1.0,41.2,Average,2.3
13-01-24,-0.4,-6.4,-4.1,-6.6,-11.3,0.1,0.0,0.07,20.0,11.7,71,False,0,79.5,99.6,80.0,66.38307082013934,0,76.4,Nice,False,False,77.3,0.0,100.0,100.0,1.0,53.3,Average,26.6
14-01-24,2.7,-7.6,-3.1,-2.4,-11.4,0.0,0.0,0.0,18.1,6.6,3,False,0,84.5,100.0,83.8,93.40170914953737,0,88.2,Nice,False,True,90.3,10.4,100.0,100.0,1.0,62.8,Pleasant,43.6
15-01-24,6.7,-7.1,-1.8,2.3,-10.8,0.0,0.0,0.0,17.8,5.7,3,False,0,91.0,100.0,84.4,69.4917154523073,0,82.5,Nice,False,False,83.1,29.2,100.0,100.0,1.0,65.6,Pleasant,45.3
16-01-24,0.9,-5.0,-1.5,-2.8,-9.0,3.1,0.1,2.17,23.6,12.8,73,False,0,92.5,87.6,72.8,76.99997496615852,10,83.1,Nice,False,True,83.6,8.8,90.0,100.0,1.0,55.9,Average,32.5
17-01-24,7.4,-9.3,-2.6,3.5,-13.3,0.0,0.0,0.0,8.1,5.1,3,False,0,87.0,100.0,100.0,92.14804516436195,0,90.1,Excellent,False,True,92.3,34.0,100.0,100.0,1.0,72.0,Pleasant,57.3
18-01-24,12.5,0.5,5.2,10.0,-2.7,0.1,0.1,0.0,13.6,7.9,51,False,0,74.0,99.6,92.8,57.27217587382053,0,72.0,Pleasant,False,False,73.0,60.0,90.0,100.0,1.0,72.5,Pleasant,53.0
19-01-24,11.4,0.7,4.9,10.5,-2.3,4.8,4.4,0.28,20.3,6.9,73,False,0,75.5,80.8,79.4,70.22261789610278,0,73.2,Pleasant,False,True,74.6,62.0,75.0,100.0,1.0,71.3,Pleasant,49.0
20-01-24,-0.1,-9.0,-3.0,-3.3,-13.1,10.8,0.0,7.63,15.0,7.5,75,False,0,85.0,56.8,90.0,24.532024328146587,20,58.7,Average,True,False,57.1,6.8,100.0,100.0,1.0,47.6,Average,13.9
21-01-24,-2.7,-12.4,-6.8,-6.4,-17.3,0.3,0.0,0.21,8.7,4.4,71,False,0,66.0,98.8,100.0,86.51532227832267,0,79.5,Nice,False,True,82.5,0.0,100.0,100.0,1.0,57.3,Average,34.6
22-01-24,-2.5,-12.3,-6.6,-6.0,-16.1,0.0,0.0,0.0,4.1,2.4,2,False,0,67.0,100.0,100.0,96.70475560559264,0,83.6,Nice,False,True,87.1,0.0,100.0,100.0,1.0,59.3,Average,38.7
23-01-24,1.2,-9.5,-4.6,-2.5,-13.3,0.0,0.0,0.0,11.7,5.1,3,False,0,77.0,100.0,96.6,96.31290994297028,0,87.2,Nice,False,True,90.1,10.0,100.0,100.0,1.0,63.3,Pleasant,44.5
24-01-24,0.5,-4.1,-2.1,-2.6,-7.6,0.9,0.0,0.63,6.6,3.9,73,False,0,89.5,96.4,100.0,56.826675429403714,0,78.1,Nice,False,False,78.5,9.6,100.0,100.0,1.0,55.2,Average,28.5
25-01-24,3.4,-0.8,1.1,-1.2,-4.1,5.7,1.4,3.01,19.6,11.2,75,False,0,94.5,77.2,80.8,52.84053958283095,10,74.5,Pleasant,False,False,73.9,15.2,90.0,100.0,1.0,53.6,Average,27.2
26-01-24,1.5,-4.6,0.2,-2.7,-8.6,4.5,1.0,2.45,24.2,17.1,73,False,0,99.0,82.0,71.6,30.274680757375606,10,68.4,Pleasant,False,False,66.2,9.2,90.0,100.0,1.0,46.7,Average,15.9
27-01-24,0.7,-5.0,-1.7,-3.9,-8.9,5.5,0.0,3.85,21.3,11.3,73,False,0,91.5,78.0,77.4,0.0,10,54.7,Average,False,False,51.5,4.4,100.0,100.0,1.0,41.8,Average,2.6
28-01-24,0.5,-6.9,-1.3,-3.7,-11.0,2.6,0.0,1.82,20.0,12.9,73,False,0,93.5,89.6,80.0,0.0,10,57.4,Average,False,False,54.2,5.2,100.0,100.0,1.0,42.1,Average,3.1
29-01-24,-0.9,-8.4,-4.9,-4.3,-12.5,0.0,0.0,0.0,5.5,3.3,3,False,0,75.5,100.0,100.0,85.07455117739686,0,83.0,Nice,False,True,85.5,2.8,100.0,100.0,1.0,58.1,Average,35.7
30-01-24,-0.3,-13.3,-7.1,-3.3,-17.6,0.0,0.0,0.0,5.8,3.0,3,False,0,64.5,100.0,100.0,93.47760042999697,0,81.5,Nice,False,True,85.0,6.8,100.0,100.0,1.0,61.4,Pleasant,41.5
31-01-24,2.9,-6.1,-2.7,-0.8,-10.2,0.0,0.0,0.0,2.9,2.1,0,False,0,86.5,100.0,100.0,93.06686337095073,0,90.2,Excellent,False,True,92.5,16.8,100.0,100.0,1.0,65.3,Pleasant,47.3
01-02-24,2.2,-3.8,-1.5,-1.2,-7.6,0.0,0.0,0.0,8.5,3.3,3,False,2,82.5,100.0,100.0,92.6563547388578,0,88.4,Nice,False,True,90.9,15.2,100.0,100.0,1.0,64.6,Pleasant,46.2
02-02-24,1.3,-2.7,-0.5,-3.0,-6.5,2.6,0.0,1.82,18.5,11.3,73,False,2,87.5,89.6,83.0,46.02633969765464,10,71.4,Pleasant,False,False,70.8,8.0,100.0,100.0,1.0,52.4,Average,23.2
03-02-24,3.0,-4.8,-0.5,-0.7,-8.8,0.0,0.0,0.0,11.2,6.5,3,False,2,87.5,100.0,97.6,0.0,0,57.8,Average,False,False,55.4,17.2,100.0,100.0,1.0,46.9,Average,10.3
04-02-24,5.9,1.4,3.1,2.5,-2.1,2.2,2.2,0.0,19.1,10.2,51,False,2,94.5,91.2,81.8,9.604951278067272,0,61.4,Pleasant,False,False,58.8,30.0,90.0,100.0,1.0,50.9,Average,19.7
05-02-24,9.9,2.6,6.4,4.3,-0.8,0.6,0.6,0.0,37.2,23.5,51,False,2,78.0,97.6,45.599999999999994,68.96500300783048,0,73.6,Pleasant,False,False,74.1,37.2,90.0,88.3,1.0,64.5,Pleasant,39.7
06-02-24,14.6,2.1,7.7,10.1,-1.6,0.4,0.4,0.0,21.6,13.1,51,False,2,71.5,98.4,76.8,91.7233400039638,0,81.6,Nice,False,True,84.2,60.4,90.0,100.0,1.0,79.5,Nice,65.6
07-02-24,11.4,0.2,4.4,8.2,-3.7,0.0,0.0,0.0,12.7,7.4,3,False,2,88.0,100.0,94.6,92.03775891507527,0,90.0,Excellent,False,True,92.1,52.8,100.0,100.0,1.0,79.5,Nice,68.5
08-02-24,11.2,0.5,4.4,7.8,-2.7,0.1,0.1,0.0,17.9,6.6,51,False,2,88.0,99.6,84.2,92.3347945407276,0,89.2,Nice,False,True,91.1,51.2,90.0,100.0,1.0,75.9,Nice,60.9
09-02-24,12.4,0.5,4.9,9.9,-3.0,0.0,0.0,0.0,7.4,5.0,3,False,2,85.5,100.0,100.0,89.2878303443038,0,88.5,Nice,False,True,90.6,59.6,100.0,100.0,1.0,81.7,Nice,71.5
10-02-24,14.3,1.5,6.1,12.2,-0.9,0.0,0.0,0.0,10.9,5.2,3,False,2,79.5,100.0,98.2,70.48714719511338,0,79.3,Nice,False,True,80.8,68.8,100.0,100.0,1.0,81.6,Nice,69.5
11-02-24,15.7,3.3,7.7,12.8,0.1,0.0,0.0,0.0,11.2,6.8,3,False,2,71.5,100.0,97.6,75.25795199598238,0,77.7,Nice,False,True,79.9,71.2,100.0,100.0,1.0,83.5,Nice,72.8
12-02-24,13.2,1.9,7.0,11.4,-1.2,5.1,5.1,0.0,9.4,5.3,61,False,2,75.0,79.6,100.0,43.67484687572148,0,65.2,Pleasant,False,False,65.7,65.6,75.0,100.0,1.0,67.5,Pleasant,42.6
13-02-24,5.8,3.5,4.9,3.5,0.9,13.5,13.5,0.0,12.4,6.4,61,False,2,85.5,46.0,95.2,0.0,0,48.7,Average,True,False,46.3,34.0,20.0,100.0,1.0,29.6,Poor,4.1
14-02-24,3.7,1.9,2.6,0.4,-1.6,3.7,3.7,0.0,15.1,12.0,53,False,2,97.0,85.2,89.8,0.0,0,58.8,Average,False,False,55.7,21.6,75.0,100.0,1.0,41.1,Average,9.7
15-02-24,5.3,-0.2,2.6,2.2,-3.3,0.0,0.0,0.0,9.8,7.3,3,False,2,97.0,100.0,100.0,7.299485982984597,0,64.4,Pleasant,False,False,61.9,28.8,100.0,100.0,1.0,53.0,Average,20.2
16-02-24,8.4,-1.3,3.0,6.1,-4.2,0.0,0.0,0.0,6.0,3.7,3,False,2,95.0,100.0,100.0,97.2091511625429,0,95.0,Excellent,False,True,97.1,44.4,100.0,100.0,1.0,77.2,Nice,65.5
17-02-24,9.0,-2.6,2.1,6.5,-5.7,0.0,0.0,0.0,8.0,3.7,3,False,2,99.5,100.0,100.0,94.97878876729892,0,96.0,Excellent,False,True,97.8,46.0,100.0,100.0,1.0,77.4,Nice,65.6
18-02-24,4.3,-1.3,1.8,1.8,-5.1,1.6,1.6,0.0,8.4,5.3,51,False,2,99.0,93.6,100.0,4.776363938569669,0,63.3,Pleasant,False,False,60.6,27.2,90.0,100.0,1.0,48.8,Average,16.4
19-02-24,7.7,-0.8,2.8,4.1,-3.7,0.3,0.3,0.0,9.7,4.2,51,False,2,96.0,98.8,100.0,85.93625814968883,0,91.3,Excellent,False,True,92.8,36.4,90.0,100.0,1.0,68.7,Pleasant,50.6
20-02-24,6.3,-2.2,2.1,3.3,-5.4,1.1,1.1,0.0,9.8,4.5,51,False,2,99.5,95.6,100.0,16.09201709811767,0,67.8,Pleasant,False,False,65.6,33.2,90.0,100.0,1.0,53.5,Average,23.7
21-02-24,7.0,0.4,3.0,4.8,-2.8,0.5,0.5,0.0,6.5,3.6,51,False,2,95.0,98.0,100.0,68.2803682803683,0,84.6,Nice,False,False,85.3,39.2,90.0,100.0,1.0,66.3,Pleasant,45.7
22-02-24,9.8,-2.3,2.8,7.5,-5.2,0.0,0.0,0.0,8.1,4.6,3,False,2,96.0,100.0,100.0,86.54956486086472,0,91.7,Excellent,False,True,93.2,50.0,100.0,100.0,1.0,77.3,Nice,64.6
23-02-24,13.6,-0.6,5.6,9.6,-4.0,0.0,0.0,0.0,14.7,7.0,3,False,2,82.0,100.0,90.6,93.87002968765617,0,87.9,Nice,False,True,90.3,58.4,100.0,100.0,1.0,82.1,Nice,72.6
24-02-24,16.0,1.4,8.0,12.9,-2.0,0.0,0.0,0.0,16.9,8.3,3,False,2,70.0,100.0,86.2,93.74784311573822,0,82.7,Nice,False,True,85.6,71.6,100.0,100.0,1.0,87.4,Nice,80.5
25-02-24,13.6,4.6,8.1,12.7,2.0,0.7,0.7,0.0,7.1,4.0,51,False,2,69.5,97.2,100.0,0.0,0,50.4,Average,False,False,48.9,70.8,90.0,100.0,1.0,65.3,Pleasant,38.2
26-02-24,15.4,2.2,8.3,13.2,-0.4,0.0,0.0,0.0,12.9,6.8,3,False,2,68.5,100.0,94.2,81.9690648371738,0,78.6,Nice,False,True,81.2,72.8,100.0,100.0,1.0,85.5,Nice,76.5
27-02-24,16.4,-0.3,7.0,14.6,-3.3,0.0,0.0,0.0,8.4,5.2,3,False,2,75.0,100.0,100.0,98.55171247754822,0,87.5,Nice,False,True,90.7,78.4,100.0,100.0,1.0,91.1,Excellent,86.5
28-02-24,14.6,-1.0,5.7,12.0,-4.1,0.0,0.0,0.0,8.4,4.7,3,False,2,81.5,100.0,100.0,98.56102188271922,0,90.1,Excellent,False,True,92.9,68.0,100.0,100.0,1.0,86.9,Nice,80.2
29-02-24,16.3,-0.1,6.4,14.7,-2.4,0.0,0.0,0.0,10.5,3.4,3,False,2,78.0,100.0,99.0,89.89943514873715,0,85.6,Nice,False,True,88.2,78.8,100.0,100.0,1.0,89.5,Nice,83.2
01-03-24,14.6,4.9,8.9,11.3,2.3,3.2,3.2,0.0,13.9,7.6,63,False,8,95.5,87.2,92.2,66.92399882718315,0,82.1,Nice,False,False,82.5,65.2,75.0,100.0,1.0,72.0,Pleasant,49.4
02-03-24,13.3,5.5,8.3,9.8,1.8,0.1,0.1,0.0,10.5,7.5,51,False,8,98.5,99.6,99.0,37.01044808793024,0,75.2,Nice,False,False,74.1,59.2,90.0,100.0,1.0,68.1,Pleasant,45.3
03-03-24,10.8,3.0,6.7,9.0,0.1,0.3,0.3,0.0,8.1,3.5,51,False,8,93.5,98.8,100.0,58.383499033532026,0,80.7,Nice,False,False,80.9,56.0,90.0,100.0,1.0,71.1,Pleasant,51.3
04-03-24,14.6,-2.0,5.2,12.7,-4.9,0.1,0.1,0.0,9.8,5.2,51,False,8,86.0,99.6,100.0,97.24289384047304,0,91.4,Excellent,False,True,93.9,70.8,90.0,100.0,1.0,84.8,Nice,73.2
05-03-24,13.1,1.4,6.2,11.1,-1.5,0.1,0.1,0.0,9.2,5.9,51,False,8,91.0,99.6,100.0,96.78197489485348,0,93.2,Excellent,False,True,95.5,64.4,90.0,100.0,1.0,82.1,Nice,69.6
06-03-24,9.4,0.0,4.6,5.8,-2.9,0.0,0.0,0.0,12.6,6.7,3,False,8,83.0,100.0,94.8,95.2366438729363,0,89.1,Nice,False,True,91.6,43.2,100.0,100.0,1.0,76.3,Nice,64.0
07-03-24,8.2,0.2,4.4,4.2,-3.4,1.2,1.2,0.0,13.5,9.4,53,False,8,82.0,95.2,93.0,91.75702778186665,0,86.6,Nice,False,True,89.0,36.8,90.0,100.0,1.0,70.1,Pleasant,52.9
08-03-24,5.4,-2.3,1.9,2.7,-5.8,0.0,0.0,0.0,7.5,4.6,3,False,8,69.5,100.0,100.0,66.72473321837296,0,74.2,Pleasant,False,False,76.0,30.8,100.0,100.0,1.0,65.7,Pleasant,45.2
09-03-24,7.7,0.4,3.9,4.8,-3.0,1.6,1.6,0.0,8.1,3.9,51,False,8,79.5,93.6,100.0,81.0845939950201,0,82.2,Nice,False,True,84.3,39.2,90.0,100.0,1.0,68.9,Pleasant,50.4
10-03-24,12.7,-3.9,3.4,10.7,-6.8,0.0,0.0,0.0,8.4,4.7,3,False,8,77.0,100.0,100.0,86.30032066655477,0,84.0,Nice,False,True,86.5,62.8,100.0,100.0,1.0,82.4,Nice,72.2
11-03-24,13.6,-0.2,6.7,11.1,-3.5,1.0,1.0,0.0,22.5,11.0,51,False,8,93.5,96.0,75.0,24.258976179815445,0,66.3,Pleasant,False,False,64.3,64.4,90.0,100.0,1.0,67.6,Pleasant,43.5
12-03-24,8.1,3.8,6.4,5.7,0.5,16.6,16.6,0.0,17.3,8.0,61,False,8,92.0,33.599999999999994,85.4,0.0,0,48.7,Average,True,False,45.8,42.8,20.0,100.0,1.0,33.1,Poor,5.1
13-03-24,5.5,2.0,3.8,2.6,-0.8,23.3,22.3,0.7,12.2,6.6,73,False,8,79.0,6.799999999999997,95.6,0.0,-20,39.9,Poor,True,False,38.2,30.4,20.0,100.0,1.0,28.2,Poor,3.6
14-03-24,5.9,2.2,3.9,3.5,-0.0,6.5,6.5,0.0,6.2,3.4,55,False,8,79.5,74.0,100.0,0.0,0,50.9,Average,False,False,48.9,34.0,55.0,100.0,1.0,40.1,Average,11.2
15-03-24,7.4,2.3,4.2,5.5,-0.3,6.0,6.0,0.0,6.1,3.3,53,False,8,81.0,76.0,100.0,31.399513294764763,0,62.8,Pleasant,False,False,62.3,42.0,55.0,100.0,1.0,49.6,Average,20.8
16-03-24,10.2,1.4,5.7,8.3,-1.3,0.0,0.0,0.0,6.3,3.2,3,False,8,88.5,100.0,100.0,85.99392607188334,0,88.5,Nice,False,True,90.4,53.2,100.0,100.0,1.0,78.5,Nice,66.3
17-03-24,11.8,-0.1,6.0,9.1,-2.9,2.4,2.4,0.0,12.5,5.8,61,False,8,90.0,90.4,95.0,90.76807239366832,0,88.9,Nice,False,True,90.9,56.4,90.0,100.0,1.0,77.7,Nice,63.1
18-03-24,8.9,1.4,5.0,4.1,-1.8,0.6,0.6,0.0,18.7,9.8,51,False,8,85.0,97.6,82.6,82.9019744026337,0,84.3,Nice,False,True,85.8,36.4,90.0,100.0,1.0,68.1,Pleasant,49.5
19-03-24,5.2,0.6,2.7,-0.5,-2.9,0.8,0.6,0.14,19.8,12.1,71,False,8,73.5,96.8,80.4,59.36535556182184,-20,70.7,Pleasant,False,False,72.0,18.0,90.0,100.0,1.0,56.1,Average,31.1
20-03-24,6.4,0.2,2.7,1.3,-4.5,2.5,1.0,1.12,18.0,13.8,71,False,8,73.5,90.0,84.0,72.52789914677544,-20,74.6,Pleasant,False,True,76.6,25.2,90.0,100.0,1.0,61.6,Pleasant,39.7
21-03-24,8.1,1.6,4.0,3.9,-1.5,4.3,2.4,1.33,16.7,9.1,75,False,8,80.0,82.8,86.6,34.23808856218855,-20,62.9,Pleasant,False,False,62.8,35.6,90.0,100.0,1.0,58.1,Average,31.5
22-03-24,10.7,0.1,4.7,8.0,-2.5,0.0,0.0,0.0,7.7,4.2,3,False,8,83.5,100.0,100.0,89.89487852327738,0,87.9,Nice,False,True,90.2,52.0,100.0,100.0,1.0,78.8,Nice,67.2
23-03-24,13.9,-0.1,6.0,11.6,-3.7,0.0,0.0,0.0,9.5,5.7,2,False,8,90.0,100.0,100.0,94.771714050523,0,92.2,Excellent,False,True,94.4,66.4,100.0,100.0,1.0,85.5,Nice,77.7
24-03-24,14.0,-0.7,5.2,13.1,-3.7,7.0,6.7,0.21,24.8,7.0,71,False,8,86.0,72.0,70.4,64.57839278731107,-20,73.0,Pleasant,False,False,73.8,72.4,55.0,100.0,1.0,68.4,Pleasant,38.1
25-03-24,6.5,1.2,3.2,1.0,-2.6,8.9,3.1,4.06,24.9,14.7,75,False,8,76.0,64.4,70.2,52.6213997557605,-20,63.7,Pleasant,False,False,64.3,24.0,75.0,100.0,1.0,52.6,Average,26.6
26-03-24,10.6,0.1,4.8,8.5,-3.3,1.3,0.6,0.49,12.1,7.1,73,False,8,84.0,94.8,95.8,92.16391360412494,-20,87.3,Nice,False,True,90.1,54.0,90.0,100.0,1.0,77.0,Nice,62.3
27-03-24,12.5,2.2,7.1,9.4,-1.2,0.0,0.0,0.0,18.7,9.0,3,False,8,95.5,100.0,82.6,71.7113538328944,0,84.9,Nice,False,True,85.4,57.6,100.0,100.0,1.0,77.4,Nice,63.2
28-03-24,17.7,4.8,10.7,15.3,2.2,0.1,0.1,0.0,22.6,10.6,51,False,8,86.5,99.6,74.8,89.23674985019208,0,86.8,Nice,False,True,88.4,81.2,90.0,100.0,1.0,87.3,Nice,76.0
29-03-24,17.0,3.8,10.4,13.7,0.9,0.0,0.0,0.0,25.0,11.9,3,False,8,88.0,100.0,70.0,89.25104136331747,0,87.0,Nice,False,True,88.5,74.8,100.0,100.0,1.0,87.8,Nice,80.6
30-03-24,24.0,4.9,13.6,23.1,2.5,0.0,0.0,0.0,10.2,4.5,3,False,8,72.0,100.0,99.6,79.76592056587808,0,79.7,Nice,False,True,82.1,100.0,100.0,100.0,1.0,96.0,Excellent,91.9
31-03-24,25.1,5.8,14.3,25.4,3.9,0.0,0.0,0.0,17.1,6.8,3,False,8,68.5,100.0,85.8,95.2438602145647,0,82.6,Nice,False,True,85.7,100.0,100.0,100.0,1.0,99.0,Excellent,98.1
01-04-24,25.0,9.6,16.5,24.3,6.9,0.0,0.0,0.0,15.4,8.7,3,False,15,92.5,100.0,89.2,92.92616327619565,0,91.7,Excellent,False,True,93.5,100.0,100.0,100.0,1.0,98.6,Excellent,97.2
02-04-24,18.2,7.2,11.5,16.7,4.3,0.9,0.9,0.0,33.5,15.0,53,False,15,82.5,96.4,53.0,96.89885569298944,0,85.6,Nice,False,True,87.4,86.8,90.0,100.0,1.0,91.1,Excellent,81.8
03-04-24,14.8,5.2,9.7,10.3,1.9,0.1,0.1,0.0,22.1,13.3,51,False,15,73.5,99.6,75.8,98.51811007710943,0,84.9,Nice,False,True,87.7,61.2,90.0,100.0,1.0,81.2,Nice,68.5
04-04-24,14.3,6.0,10.0,13.2,3.5,0.9,0.9,0.0,9.5,5.9,53,False,15,75.0,96.4,100.0,69.95893822149553,0,76.9,Nice,False,False,78.7,72.8,90.0,100.0,1.0,80.1,Nice,64.5
05-04-24,15.9,4.1,9.7,13.7,1.4,0.2,0.2,0.0,13.2,8.1,51,False,15,73.5,99.2,93.6,96.20006490767715,0,85.4,Nice,False,True,88.4,74.8,90.0,100.0,1.0,86.2,Nice,75.0
06-04-24,17.2,5.3,11.2,14.9,2.6,5.9,5.9,0.0,14.7,7.3,61,False,15,81.0,76.4,90.6,46.4737185923672,0,67.4,Pleasant,False,False,67.5,79.6,75.0,100.0,1.0,73.6,Pleasant,49.8
07-04-24,17.0,6.6,11.1,15.2,4.7,2.0,2.0,0.0,8.0,4.4,61,False,15,80.5,92.0,100.0,73.13544687850062,0,79.6,Nice,False,True,81.2,80.8,90.0,100.0,1.0,83.9,Nice,70.0
08-04-24,19.8,2.9,11.1,19.7,0.9,0.0,0.0,0.0,7.6,3.8,3,False,15,80.5,100.0,100.0,97.36725792357004,0,89.3,Nice,False,True,92.1,98.8,100.0,100.0,1.0,99.0,Excellent,98.2
09-04-24,22.9,4.5,12.9,22.9,2.6,0.0,0.0,0.0,9.8,5.5,3,False,15,89.5,100.0,100.0,97.14268987637928,0,92.8,Excellent,False,True,95.2,100.0,100.0,100.0,1.0,99.4,Excellent,98.9
10-04-24,23.9,6.0,14.5,23.6,4.6,0.0,0.0,0.0,10.1,5.3,2,False,15,97.5,100.0,99.8,96.92044993792662,0,95.9,Excellent,False,True,97.9,100.0,100.0,100.0,1.0,99.4,Excellent,98.8
11-04-24,22.7,6.8,14.4,21.6,5.0,0.0,0.0,0.0,9.4,5.4,1,False,15,97.0,100.0,100.0,96.70074754771085,0,95.6,Excellent,False,True,97.6,100.0,100.0,100.0,1.0,99.3,Excellent,98.7
12-04-24,20.7,8.5,15.2,20.0,6.5,0.1,0.1,0.0,12.0,6.2,51,False,15,99.0,99.6,96.0,96.48370584569828,0,96.0,Excellent,False,True,97.8,100.0,90.0,100.0,1.0,96.3,Excellent,88.7
13-04-24,19.8,9.2,13.9,16.9,7.8,0.0,0.0,0.0,20.0,9.8,3,False,15,94.5,100.0,80.0,96.2695438412255,0,92.9,Excellent,False,True,94.6,87.6,100.0,100.0,1.0,94.3,Excellent,91.1
14-04-24,21.9,8.5,15.0,20.1,6.5,0.0,0.0,0.0,18.2,8.8,3,False,15,100.0,100.0,83.6,96.05843519313375,0,95.3,Excellent,False,True,96.8,100.0,100.0,100.0,1.0,99.2,Excellent,98.4
15-04-24,26.2,10.4,18.2,24.4,8.1,0.0,0.0,0.0,19.7,9.3,3,False,15,84.0,100.0,80.6,92.40089263807263,0,87.4,Nice,False,True,89.4,100.0,100.0,100.0,1.0,98.5,Excellent,97.0
16-04-24,24.2,10.3,17.1,22.7,8.1,0.0,0.0,0.0,23.5,9.3,3,False,15,89.5,100.0,73.0,88.21561857526875,0,87.5,Nice,False,True,88.9,100.0,100.0,100.0,1.0,97.6,Excellent,95.3
17-04-24,14.9,5.5,9.9,13.1,2.5,14.5,14.5,0.0,15.6,8.9,61,False,15,74.5,42.0,88.8,7.548971201452713,0,45.8,Average,True,False,44.3,72.4,20.0,100.0,1.0,46.5,Average,9.3
18-04-24,6.8,3.5,4.8,4.0,-0.7,8.3,8.1,0.14,19.3,10.7,71,False,15,49.0,66.8,81.4,8.843406289935354,-20,38.8,Poor,False,False,38.8,36.0,55.0,100.0,1.0,42.7,Average,13.8
19-04-24,10.7,1.5,5.3,8.8,-1.2,1.7,1.7,0.0,14.8,8.4,53,False,15,51.5,93.2,90.4,81.9421551858187,0,70.5,Pleasant,False,True,73.8,55.2,90.0,100.0,1.0,75.5,Nice,59.3
20-04-24,12.2,-1.4,5.9,10.1,-4.1,0.5,0.5,0.0,8.0,3.6,51,False,15,54.5,98.0,100.0,76.59151104234941,0,71.3,Pleasant,False,True,74.4,60.4,90.0,100.0,1.0,76.5,Nice,60.2
21-04-24,13.2,3.1,7.6,11.2,-0.1,0.0,0.0,0.0,14.0,7.4,3,False,15,63.0,100.0,92.0,88.50822200372444,0,78.5,Nice,False,True,81.7,64.8,100.0,100.0,1.0,83.6,Nice,74.3
22-04-24,9.1,3.1,6.1,7.1,0.3,8.3,8.3,0.0,11.6,5.9,61,False,15,55.5,66.8,96.8,28.846509247118142,0,50.1,Average,False,False,50.7,48.4,55.0,100.0,1.0,51.6,Average,22.3
23-04-24,13.0,1.1,7.0,9.6,-1.7,3.4,3.4,0.0,15.3,10.1,53,False,15,60.0,86.4,89.4,43.004629966064165,0,59.2,Average,False,False,60.1,58.4,75.0,100.0,1.0,64.5,Pleasant,39.2
24-04-24,17.6,7.9,12.2,16.4,5.4,3.1,3.1,0.0,13.3,8.8,61,False,15,86.0,87.6,93.4,87.68350648394703,0,85.7,Nice,False,True,87.7,85.6,75.0,100.0,1.0,84.3,Nice,64.8
25-04-24,10.6,5.0,7.4,8.1,2.0,6.8,6.8,0.0,18.5,8.4,63,False,15,62.0,72.8,83.0,21.773498341926214,0,50.0,Average,False,False,49.6,52.4,55.0,100.0,1.0,51.8,Average,22.1
26-04-24,12.6,4.8,8.0,11.0,2.4,6.3,6.3,0.0,13.4,7.5,61,False,15,65.0,74.8,93.2,46.28581989987541,0,60.9,Pleasant,False,False,61.8,64.0,55.0,100.0,1.0,61.4,Pleasant,31.3
27-04-24,16.1,3.2,9.5,15.0,0.9,0.0,0.0,0.0,8.6,5.0,3,False,15,72.5,100.0,100.0,70.62067112860382,0,76.7,Nice,False,True,78.6,80.0,100.0,100.0,1.0,86.1,Nice,76.2
28-04-24,19.5,3.8,11.5,18.2,1.5,0.0,0.0,0.0,11.0,5.1,1,False,15,82.5,100.0,98.0,93.65234782087943,0,88.6,Nice,False,True,91.1,92.8,100.0,100.0,1.0,95.9,Excellent,93.1
29-04-24,18.7,5.3,12.1,16.6,3.5,0.0,0.0,0.0,15.8,7.8,3,False,15,85.5,100.0,88.4,95.96026840128961,0,89.9,Nice,False,True,92.1,86.4,100.0,100.0,1.0,93.8,Excellent,90.2
30-04-24,19.4,7.0,12.6,17.6,4.5,0.0,0.0,0.0,15.8,7.8,3,False,15,88.0,100.0,88.4,92.1967978378786,0,89.5,Nice,False,True,91.5,90.4,100.0,100.0,1.0,94.6,Excellent,91.1
01-05-24,19.3,3.5,11.7,17.1,1.2,0.0,0.0,0.0,15.6,8.4,3,False,20,58.5,100.0,88.8,91.29414117308302,0,77.5,Nice,False,True,80.9,88.4,100.0,100.0,1.0,93.6,Excellent,89.6
02-05-24,19.8,5.2,12.4,18.2,2.8,0.1,0.1,0.0,14.9,6.2,51,False,20,62.0,99.6,90.2,53.283288656104176,0,65.6,Pleasant,False,False,67.0,92.8,90.0,100.0,1.0,84.8,Nice,69.3
03-05-24,20.9,10.0,14.5,16.9,8.2,0.0,0.0,0.0,23.4,9.2,3,False,20,72.5,100.0,73.2,61.04883760689026,0,71.2,Pleasant,False,False,72.1,87.6,100.0,100.0,1.0,87.2,Nice,77.0
04-05-24,18.6,8.7,13.2,15.5,6.4,0.2,0.2,0.0,20.1,9.8,51,False,20,66.0,99.2,79.8,92.05687544333182,0,79.9,Nice,False,True,82.8,82.0,90.0,100.0,1.0,88.2,Nice,77.4
05-05-24,19.8,4.2,12.4,19.8,2.4,0.3,0.3,0.0,9.6,4.2,51,False,20,62.0,98.8,100.0,95.96241206830052,0,81.2,Nice,False,True,84.9,99.2,90.0,100.0,1.0,95.9,Excellent,88.1
06-05-24,21.3,8.8,14.9,21.4,6.6,0.0,0.0,0.0,10.5,5.3,3,False,20,74.5,100.0,99.0,95.82939858476846,0,86.3,Nice,False,True,89.3,100.0,100.0,100.0,1.0,99.2,Excellent,98.3
07-05-24,19.8,9.1,14.7,18.5,7.0,2.6,2.6,0.0,18.2,8.5,53,False,20,73.5,89.6,83.6,95.03984406570159,0,82.8,Nice,False,True,85.5,94.0,90.0,100.0,1.0,93.6,Excellent,85.0
08-05-24,17.2,9.2,13.5,16.3,8.4,6.2,6.2,0.0,12.0,7.3,61,False,20,67.5,75.2,96.0,57.43686567285864,0,66.1,Pleasant,False,False,67.5,85.2,55.0,100.0,1.0,72.1,Pleasant,40.8
09-05-24,15.1,8.3,10.7,12.9,6.1,5.4,5.4,0.0,16.5,8.6,55,False,20,53.5,78.4,87.0,33.389009694303695,0,51.8,Average,False,False,52.5,71.6,75.0,100.0,1.0,67.8,Pleasant,42.2
10-05-24,17.9,3.7,11.5,16.6,1.4,0.1,0.1,0.0,9.4,5.7,51,False,20,57.5,99.6,100.0,95.01318402187415,0,79.2,Nice,False,True,83.1,86.4,90.0,100.0,1.0,90.6,Excellent,80.9
11-05-24,17.3,5.6,11.3,17.1,2.8,3.4,3.4,0.0,12.9,6.1,61,False,20,56.5,86.4,94.2,94.75005724482625,0,76.3,Nice,False,True,80.1,88.4,75.0,100.0,1.0,86.8,Nice,68.2
12-05-24,11.6,5.8,9.2,9.7,3.8,7.6,7.6,0.0,17.7,6.1,63,False,20,46.0,69.6,84.6,11.649914965013881,0,39.7,Poor,False,False,39.7,58.8,55.0,100.0,1.0,52.3,Average,22.0
13-05-24,13.6,3.9,8.6,10.9,1.2,0.0,0.0,0.0,8.8,5.0,3,False,20,43.0,100.0,100.0,81.55933031209868,0,68.7,Pleasant,False,True,72.7,63.6,100.0,100.0,1.0,81.8,Nice,70.8
14-05-24,15.8,2.7,9.4,14.5,0.4,0.0,0.0,0.0,15.5,6.4,3,False,20,47.0,100.0,89.0,92.00117866687555,0,73.1,Pleasant,False,True,77.2,78.0,100.0,100.0,1.0,89.6,Nice,83.6
15-05-24,15.4,3.2,10.1,13.8,0.1,0.0,0.0,0.0,12.4,7.0,3,False,20,50.5,100.0,95.2,91.14575602032339,0,74.7,Pleasant,False,True,78.7,75.2,100.0,100.0,1.0,88.3,Nice,81.6
16-05-24,15.6,5.0,10.7,12.1,2.0,0.0,0.0,0.0,14.6,9.1,3,False,20,53.5,100.0,90.8,87.24203357677939,0,74.2,Pleasant,False,True,77.7,68.4,100.0,100.0,1.0,84.8,Nice,75.9
17-05-24,16.4,5.2,11.1,13.6,2.0,0.0,0.0,0.0,20.3,12.0,3,False,20,55.5,100.0,79.4,86.6180482769764,0,73.9,Pleasant,False,True,77.0,74.4,100.0,100.0,1.0,87.1,Nice,79.3
18-05-24,17.9,8.0,12.9,17.9,6.1,0.4,0.4,0.0,9.2,5.1,51,False,20,64.5,98.4,100.0,79.10407831800332,0,76.2,Nice,False,True,79.0,91.6,90.0,100.0,1.0,89.5,Nice,77.9
19-05-24,21.1,6.5,13.7,21.9,5.2,0.3,0.3,0.0,11.6,5.0,51,False,20,68.5,98.8,96.8,90.75288578620786,0,81.7,Nice,False,True,84.8,100.0,90.0,100.0,1.0,95.2,Excellent,86.7
20-05-24,21.6,8.8,15.2,21.9,7.8,0.1,0.1,0.0,10.1,5.7,51,False,20,76.0,99.6,99.8,64.15499501748702,0,75.8,Nice,False,False,77.2,100.0,90.0,100.0,1.0,89.8,Nice,77.1
21-05-24,21.8,7.6,15.7,20.4,5.6,0.0,0.0,0.0,18.6,10.9,3,False,20,78.5,100.0,82.8,95.43214781306702,0,86.4,Nice,False,True,88.9,100.0,100.0,100.0,1.0,99.1,Excellent,98.2
22-05-24,22.5,9.5,16.5,22.2,7.6,0.2,0.2,0.0,11.8,6.4,51,False,20,82.5,99.2,96.4,85.87584036011461,0,85.6,Nice,False,True,87.7,100.0,90.0,100.0,1.0,94.2,Excellent,84.9
23-05-24,21.7,9.0,15.3,19.9,7.6,0.0,0.0,0.0,14.7,7.4,3,False,20,76.5,100.0,90.6,94.2425019553371,0,85.8,Nice,False,True,88.5,99.6,100.0,100.0,1.0,98.7,Excellent,97.5
24-05-24,24.1,9.9,16.6,22.6,8.4,0.0,0.0,0.0,19.2,7.0,3,False,20,83.0,100.0,81.6,91.96374318600087,0,86.9,Nice,False,True,89.0,100.0,100.0,100.0,1.0,98.4,Excellent,96.8
25-05-24,21.8,8.2,15.3,20.2,6.8,2.3,2.3,0.0,14.6,7.1,61,False,20,76.5,90.8,90.8,96.47237579906816,0,85.2,Nice,False,True,88.1,100.0,90.0,100.0,1.0,96.3,Excellent,88.7
26-05-24,22.3,7.1,15.4,21.6,5.7,0.0,0.0,0.0,13.7,7.1,2,False,20,77.0,100.0,92.6,96.24323648685176,0,86.9,Nice,False,True,89.7,100.0,100.0,100.0,1.0,99.2,Excellent,98.5
27-05-24,17.1,7.1,12.4,14.7,4.6,2.5,2.5,0.0,11.2,5.6,61,False,20,62.0,90.0,97.6,60.862888573993516,0,67.4,Pleasant,False,False,69.3,78.8,90.0,100.0,1.0,80.7,Nice,64.5
28-05-24,17.0,9.8,13.3,15.9,8.0,8.2,8.2,0.0,10.0,5.2,63,False,20,66.5,67.2,100.0,64.91085606588297,0,67.4,Pleasant,False,False,69.3,83.6,55.0,100.0,1.0,72.9,Pleasant,41.9
29-05-24,16.3,9.7,12.2,16.0,8.5,5.7,5.7,0.0,11.1,7.2,55,False,20,61.0,77.2,97.8,31.368173368088936,0,54.8,Average,False,False,55.3,84.0,75.0,100.0,1.0,72.4,Pleasant,47.2
30-05-24,19.7,8.8,14.0,19.1,7.5,4.3,4.3,0.0,10.8,5.3,63,False,20,70.0,82.8,98.4,95.06679449981259,0,81.6,Nice,False,True,84.8,96.4,75.0,100.0,1.0,90.1,Excellent,71.9
31-05-24,23.9,7.9,16.3,24.3,6.9,0.3,0.3,0.0,11.9,4.9,51,False,20,81.5,98.8,96.2,95.90388068741119,0,88.7,Nice,False,True,91.3,100.0,90.0,100.0,1.0,96.2,Excellent,88.5
01-06-24,26.4,11.6,19.4,27.2,10.9,0.0,0.0,0.0,16.6,7.9,3,False,24,77.0,100.0,86.8,96.31245743461606,0,86.5,Nice,False,True,89.2,98.5,100.0,100.0,1.0,98.6,Excellent,97.6
02-06-24,22.8,11.8,17.8,23.4,11.8,0.2,0.2,0.0,12.8,6.9,51,False,24,69.0,99.2,94.4,95.55829197183158,0,83.5,Nice,False,True,86.7,100.0,90.0,100.0,1.0,96.1,Excellent,88.4
03-06-24,27.6,11.6,18.9,28.4,11.0,8.5,8.5,0.0,18.4,6.3,63,False,24,74.5,66.0,83.2,69.08458389322428,0,70.5,Pleasant,False,False,71.9,89.2,55.0,100.0,1.0,76.0,Nice,44.6
04-06-24,25.4,13.2,18.6,26.5,13.8,0.5,0.5,0.0,18.4,6.0,51,False,24,73.0,98.0,83.2,91.72475772519438,0,82.7,Nice,False,True,85.3,100.0,90.0,100.0,1.0,95.3,Excellent,87.0
05-06-24,22.4,12.5,17.5,22.8,12.3,0.1,0.1,0.0,12.8,6.9,51,False,24,67.5,99.6,94.4,91.33800697742738,0,81.5,Nice,False,True,84.5,100.0,90.0,100.0,1.0,95.3,Excellent,86.9
06-06-24,23.7,13.0,18.3,25.7,12.3,4.3,4.3,0.0,9.7,6.6,63,False,24,71.5,82.8,100.0,91.53780346103173,0,81.1,Nice,False,True,84.1,100.0,75.0,100.0,1.0,90.8,Excellent,72.5
07-06-24,25.9,13.9,20.2,27.3,13.5,0.4,0.4,0.0,11.4,5.3,51,False,24,81.0,98.4,97.2,96.05674849686544,0,88.6,Nice,False,True,91.3,97.7,90.0,100.0,1.0,95.3,Excellent,87.3
08-06-24,25.8,14.4,20.2,27.0,14.6,0.2,0.2,0.0,12.1,6.1,51,False,24,81.0,99.2,95.8,96.02865396835568,0,88.6,Nice,False,True,91.2,100.0,90.0,100.0,1.0,96.2,Excellent,88.6
09-06-24,27.5,12.5,21.2,27.6,11.9,0.5,0.5,0.0,16.1,7.1,51,False,24,86.0,98.0,87.8,92.54345720004609,0,88.5,Nice,False,True,90.6,95.4,90.0,100.0,1.0,93.7,Excellent,84.8
10-06-24,29.0,16.6,22.7,30.8,17.1,1.7,1.7,0.0,15.9,5.2,61,False,24,93.5,93.2,88.2,68.80343839256462,0,82.5,Nice,False,False,83.0,70.8,90.0,100.0,1.0,79.1,Nice,63.0
11-06-24,27.5,14.1,20.2,27.8,14.9,1.2,1.2,0.0,19.7,6.8,53,False,24,81.0,95.2,80.6,95.8635924987804,0,86.7,Nice,False,True,89.0,93.8,90.0,100.0,1.0,93.7,Excellent,85.2
12-06-24,24.4,15.3,19.4,25.6,16.0,6.3,6.3,0.0,9.5,6.0,63,False,24,77.0,74.8,100.0,86.2878975621845,0,80.2,Nice,False,True,82.7,100.0,55.0,100.0,1.0,83.8,Nice,52.0
13-06-24,22.9,15.1,19.1,25.5,16.0,0.9,0.9,0.0,8.2,4.4,51,False,24,75.5,96.4,100.0,82.66056662523073,0,81.6,Nice,False,True,83.9,100.0,90.0,100.0,1.0,93.5,Excellent,83.8
14-06-24,18.1,13.5,16.0,17.2,13.1,4.3,4.3,0.0,17.4,11.9,53,False,24,60.0,82.8,85.2,31.740045435104374,0,54.3,Average,False,False,54.6,88.8,75.0,100.0,1.0,74.4,Pleasant,49.5
15-06-24,21.4,13.2,16.7,19.9,12.1,0.8,0.8,0.0,14.9,10.1,51,False,24,63.5,96.8,90.2,78.18368533429008,0,74.5,Pleasant,False,True,77.0,99.6,90.0,100.0,1.0,92.5,Excellent,81.9
16-06-24,24.5,10.6,18.2,24.9,9.4,0.0,0.0,0.0,12.3,5.6,1,False,24,71.0,100.0,95.4,95.58762225258604,0,84.5,Nice,False,True,87.6,100.0,100.0,100.0,1.0,99.1,Excellent,98.2
17-06-24,24.8,13.8,19.7,24.8,13.2,0.4,0.4,0.0,12.9,8.4,51,False,24,78.5,98.4,94.2,95.55546747150323,0,87.1,Nice,False,True,89.9,100.0,90.0,100.0,1.0,96.1,Excellent,88.4
18-06-24,26.1,15.9,21.0,28.6,15.8,2.3,2.3,0.0,9.4,3.8,61,False,24,85.0,90.8,100.0,95.53117544919554,0,89.1,Nice,False,True,91.6,87.7,90.0,100.0,1.0,91.2,Excellent,81.7
19-06-24,29.1,14.5,22.2,31.7,15.1,0.0,0.0,0.0,7.0,3.9,3,False,24,91.0,100.0,100.0,95.51481868192026,0,92.8,Excellent,False,True,95.1,63.8,100.0,100.0,1.0,84.6,Nice,76.5
20-06-24,29.9,15.5,23.3,32.2,16.2,0.0,0.0,0.0,17.8,8.9,2,False,24,96.5,100.0,84.4,95.50650726512696,0,93.8,Excellent,False,True,95.4,60.0,100.0,100.0,1.0,83.1,Nice,74.2
21-06-24,29.1,15.9,22.5,31.4,16.9,0.0,0.0,0.0,8.9,5.1,3,False,24,92.5,100.0,100.0,95.50627078256247,0,93.4,Excellent,False,True,95.6,66.2,100.0,100.0,1.0,85.6,Nice,77.9
22-06-24,31.4,17.2,24.1,34.7,18.4,0.7,0.7,0.0,11.5,4.4,53,False,24,99.5,97.2,97.0,95.51426116358303,0,95.6,Excellent,False,True,97.3,40.8,90.0,100.0,1.0,72.4,Pleasant,56.4
23-06-24,29.4,17.6,22.5,31.8,17.6,2.7,2.7,0.0,14.4,5.9,61,False,24,92.5,89.2,91.2,79.20072220955363,0,85.4,Nice,False,True,86.6,63.1,90.0,100.0,1.0,78.1,Nice,62.6
24-06-24,26.2,16.2,21.3,28.6,17.5,1.4,1.4,0.0,8.4,4.1,53,False,24,86.5,94.4,100.0,87.2615914711574,0,87.3,Nice,False,True,89.3,87.7,90.0,100.0,1.0,89.5,Nice,78.8
25-06-24,25.8,16.7,20.8,29.1,18.0,0.3,0.3,0.0,10.4,5.5,51,False,24,84.0,98.8,99.2,87.79594670374954,0,87.1,Nice,False,True,89.3,83.8,90.0,100.0,1.0,88.1,Nice,76.9
26-06-24,27.8,16.2,22.0,30.4,17.6,0.1,0.1,0.0,11.6,5.2,51,False,24,90.0,99.6,96.8,90.0948986969824,0,90.2,Excellent,False,True,92.2,73.8,90.0,100.0,1.0,84.6,Nice,72.3
27-06-24,27.5,16.0,22.2,29.1,16.2,1.1,1.1,0.0,14.5,6.4,53,False,24,91.0,95.6,91.0,93.65192728617964,0,90.8,Excellent,False,True,92.8,83.8,90.0,100.0,1.0,89.3,Nice,79.0
28-06-24,28.0,14.0,21.8,28.3,13.8,0.0,0.0,0.0,10.2,6.4,2,False,24,89.0,100.0,99.6,95.72954064711752,0,92.1,Excellent,False,True,94.4,90.0,100.0,100.0,1.0,95.1,Excellent,92.3
29-06-24,27.8,16.2,22.4,29.8,15.5,0.0,0.0,0.0,8.5,5.4,2,False,24,92.0,100.0,100.0,95.79242420291389,0,93.3,Excellent,False,True,95.5,78.5,100.0,100.0,1.0,90.5,Excellent,85.4
30-06-24,29.3,15.7,23.0,31.3,16.4,0.0,0.0,0.0,9.4,4.2,3,False,24,95.0,100.0,100.0,95.86275861420086,0,94.6,Excellent,False,True,96.6,66.9,100.0,100.0,1.0,85.9,Nice,78.5
01-07-24,30.9,17.3,24.8,31.1,16.4,0.0,0.0,0.0,16.9,8.4,3,False,26,94.0,100.0,86.2,95.94044017473952,0,93.1,Excellent,False,True,94.9,68.5,100.0,100.0,1.0,86.6,Nice,79.5
02-07-24,31.1,16.5,22.8,32.7,16.5,3.1,3.1,0.0,13.7,5.1,61,False,26,84.0,87.6,92.6,67.97957077719924,0,77.9,Nice,False,False,79.0,56.2,75.0,100.0,1.0,68.6,Pleasant,45.7
03-07-24,17.9,14.7,16.2,19.5,14.7,13.2,13.2,0.0,12.9,9.1,61,False,26,51.0,47.2,94.2,0.0,0,35.0,Poor,True,False,34.4,98.0,20.0,100.0,1.0,55.2,Average,11.8
04-07-24,19.6,14.0,16.4,18.3,14.0,4.1,4.1,0.0,13.7,9.1,55,False,26,51.99999999999999,83.6,92.6,43.891677884516874,0,56.1,Average,False,False,57.6,93.2,75.0,100.0,1.0,78.6,Nice,55.1
05-07-24,23.6,13.0,18.0,22.7,12.5,0.5,0.5,0.0,15.5,9.2,51,False,26,60.0,98.0,89.0,95.63820323847743,0,79.3,Nice,False,True,82.9,100.0,90.0,100.0,1.0,96.1,Excellent,88.4
06-07-24,26.8,12.9,20.3,28.2,12.0,0.0,0.0,0.0,8.8,6.2,3,False,26,71.5,100.0,100.0,96.43570078216497,0,85.4,Nice,False,True,88.6,90.8,100.0,100.0,1.0,95.6,Excellent,93.0
07-07-24,29.5,13.1,22.3,31.9,12.8,0.0,0.0,0.0,12.1,6.0,1,False,26,81.5,100.0,95.8,96.5554383777828,0,89.1,Nice,False,True,91.7,62.3,100.0,100.0,1.0,84.2,Nice,76.0
08-07-24,30.7,15.5,23.4,31.6,16.0,0.0,0.0,0.0,10.8,5.0,3,False,26,87.0,100.0,98.4,94.5823622628632,0,90.8,Excellent,False,True,93.1,64.6,100.0,100.0,1.0,84.8,Nice,76.6
09-07-24,30.1,16.4,23.7,30.8,17.1,0.0,0.0,0.0,11.2,5.8,3,False,26,88.5,100.0,97.6,96.814758585228,0,92.1,Excellent,False,True,94.5,70.8,100.0,100.0,1.0,87.7,Nice,81.2
10-07-24,29.8,17.8,24.2,31.5,18.6,0.0,0.0,0.0,10.6,5.2,2,False,26,91.0,100.0,98.8,96.95416689259382,0,93.2,Excellent,False,True,95.5,65.4,100.0,100.0,1.0,85.5,Nice,78.0
11-07-24,29.9,17.5,24.0,32.7,18.3,2.5,2.5,0.0,19.2,5.9,61,False,26,90.0,90.0,81.6,97.10007043351405,0,90.0,Excellent,False,True,92.0,56.2,90.0,100.0,1.0,78.9,Nice,65.3
12-07-24,32.4,16.2,24.9,33.4,16.9,0.0,0.0,0.0,7.9,3.8,1,False,26,94.5,100.0,100.0,97.2413758325562,0,94.8,Excellent,False,True,97.0,50.8,100.0,100.0,1.0,79.8,Nice,69.4
13-07-24,32.8,17.3,25.6,35.1,16.9,0.0,0.0,0.0,10.1,5.5,2,False,26,98.0,100.0,99.8,97.3313494193209,0,96.2,Excellent,False,True,98.2,37.7,100.0,100.0,1.0,74.5,Pleasant,61.5
14-07-24,33.7,17.5,25.8,34.3,18.0,0.0,0.0,0.0,13.0,5.5,1,False,26,99.0,100.0,94.0,97.42471772932194,0,96.2,Excellent,False,True,98.0,43.8,100.0,100.0,1.0,77.0,Nice,65.3
15-07-24,34.4,17.7,26.4,34.3,17.9,0.0,0.0,0.0,11.3,7.1,1,False,26,98.0,100.0,97.4,97.52122134120941,0,96.1,Excellent,False,True,98.0,43.8,100.0,100.0,1.0,77.0,Nice,65.3
16-07-24,32.5,18.1,25.9,34.6,18.8,0.0,0.0,0.0,9.7,5.3,1,False,26,99.5,100.0,100.0,97.62081309684638,0,97.0,Excellent,False,True,98.9,41.5,100.0,100.0,1.0,76.1,Nice,64.0
17-07-24,33.3,18.5,25.4,35.6,20.0,1.4,1.4,0.0,10.5,4.4,61,False,26,97.0,94.4,99.0,97.7232492463687,0,95.1,Excellent,False,True,97.1,33.8,90.0,100.0,1.0,70.1,Pleasant,53.5
18-07-24,29.9,18.5,24.8,33.1,19.6,1.4,1.4,0.0,11.7,4.3,53,False,26,94.0,94.4,96.6,90.30762540373513,0,91.1,Excellent,False,True,92.8,53.1,90.0,100.0,1.0,76.3,Nice,61.2
19-07-24,29.1,18.0,23.8,32.3,19.6,1.1,1.1,0.0,14.1,5.5,55,False,26,89.0,95.6,91.8,90.60973473290801,0,89.0,Nice,False,True,90.9,59.2,90.0,100.0,1.0,78.8,Nice,64.6
20-07-24,29.1,16.8,23.1,32.2,18.2,1.0,1.0,0.0,11.5,4.4,53,False,26,85.5,96.0,97.0,73.74891641886035,0,82.2,Nice,False,True,83.5,60.0,90.0,100.0,1.0,75.7,Nice,58.9
21-07-24,25.3,18.6,21.2,27.0,19.9,12.6,12.6,0.0,12.0,5.1,63,False,26,76.0,49.6,96.0,70.50964799044263,0,70.2,Pleasant,True,True,71.8,100.0,20.0,100.0,1.0,70.1,Pleasant,17.6
22-07-24,25.0,17.4,20.5,27.5,18.4,13.8,13.8,0.0,14.1,7.1,63,False,26,72.5,44.8,91.8,86.62990016426805,0,73.4,Pleasant,True,True,75.9,96.2,20.0,100.0,1.0,71.8,Pleasant,18.5
23-07-24,27.2,15.7,21.8,28.9,16.3,0.0,0.0,0.0,6.9,4.3,3,False,26,79.0,100.0,100.0,91.61249991944267,0,86.7,Nice,False,True,89.3,85.4,100.0,100.0,1.0,92.5,Excellent,87.9
24-07-24,26.8,16.6,21.6,29.9,17.2,1.3,1.3,0.0,13.2,5.1,55,False,26,78.0,94.8,93.6,73.36817744138699,0,78.6,Nice,False,True,80.2,77.7,90.0,100.0,1.0,82.8,Nice,68.4
25-07-24,22.3,14.9,18.1,22.9,15.4,6.6,6.6,0.0,16.1,8.9,61,False,26,60.50000000000001,73.6,87.8,66.68210938104195,0,65.6,Pleasant,False,False,67.7,100.0,55.0,100.0,1.0,79.8,Nice,47.7
26-07-24,22.1,14.4,17.9,21.8,14.3,2.3,2.3,0.0,17.3,11.1,51,False,26,59.49999999999999,90.8,85.4,89.62555730354667,0,75.6,Nice,False,True,78.8,100.0,90.0,100.0,1.0,94.9,Excellent,86.3
27-07-24,25.3,12.9,19.3,25.9,12.5,0.0,0.0,0.0,7.9,5.3,2,False,26,66.5,100.0,100.0,95.9459788625714,0,83.2,Nice,False,True,86.7,100.0,100.0,100.0,1.0,99.2,Excellent,98.4
28-07-24,29.7,13.6,21.9,31.4,14.0,0.0,0.0,0.0,7.7,4.3,0,False,26,79.5,100.0,100.0,97.9461279900647,0,89.1,Nice,False,True,92.0,66.2,100.0,100.0,1.0,86.1,Nice,78.9
29-07-24,25.7,16.9,21.2,25.2,14.7,0.0,0.0,0.0,19.2,10.9,3,False,26,76.0,100.0,81.6,97.45179513882529,0,86.0,Nice,False,True,88.7,100.0,100.0,100.0,1.0,99.5,Excellent,99.0
30-07-24,23.5,14.3,18.4,20.6,12.6,0.0,0.0,0.0,21.6,12.8,2,False,26,61.99999999999999,100.0,76.8,97.63668418436988,0,80.1,Nice,False,True,83.4,100.0,100.0,100.0,1.0,99.5,Excellent,99.1
31-07-24,25.5,11.4,18.7,24.8,9.8,0.0,0.0,0.0,10.1,6.5,0,False,26,63.5,100.0,99.8,97.15251986349683,0,82.4,Nice,False,True,86.1,100.0,100.0,100.0,1.0,99.4,Excellent,98.9
01-08-24,27.9,15.5,21.8,28.4,13.9,0.0,0.0,0.0,7.8,4.7,3,False,25,84.0,100.0,100.0,94.22393282331831,0,89.6,Nice,False,True,92.1,89.2,100.0,100.0,1.0,94.5,Excellent,91.2
02-08-24,31.2,15.6,23.4,31.1,15.3,0.0,0.0,0.0,14.5,4.9,3,False,25,92.0,100.0,91.0,94.35852284589565,0,92.1,Excellent,False,True,94.0,68.5,100.0,100.0,1.0,86.3,Nice,78.8
03-08-24,26.2,17.4,21.7,26.5,17.7,0.4,0.4,0.0,18.7,10.2,51,False,25,83.5,98.4,82.6,93.20437466604517,0,87.4,Nice,False,True,89.5,100.0,90.0,100.0,1.0,95.6,Excellent,87.6
04-08-24,22.5,15.6,18.8,21.3,15.4,3.8,3.8,0.0,14.7,8.9,53,False,25,69.0,84.8,90.6,78.32183459836521,0,75.0,Nice,False,True,77.3,100.0,75.0,100.0,1.0,88.2,Nice,68.5
05-08-24,23.6,15.0,19.0,24.8,15.3,0.9,0.9,0.0,9.8,3.8,51,False,25,70.0,96.4,100.0,83.06930574183535,0,79.5,Nice,False,True,82.2,100.0,90.0,100.0,1.0,93.6,Excellent,83.9
06-08-24,19.3,15.6,17.0,17.8,13.5,6.5,6.5,0.0,20.3,11.0,61,False,25,60.0,74.0,79.4,49.53719546069594,0,58.8,Average,False,False,59.9,91.2,55.0,100.0,1.0,72.9,Pleasant,41.0
07-08-24,22.6,13.8,17.9,22.8,13.2,0.0,0.0,0.0,10.0,5.6,3,False,25,64.5,100.0,100.0,76.23544418463464,0,75.5,Nice,False,True,78.1,100.0,100.0,100.0,1.0,95.2,Excellent,90.5
08-08-24,27.9,12.2,20.5,28.5,12.5,0.0,0.0,0.0,7.2,3.9,3,False,25,77.5,100.0,100.0,94.15726533210996,0,87.0,Nice,False,True,89.8,88.5,100.0,100.0,1.0,94.2,Excellent,90.7
09-08-24,25.1,15.9,20.1,25.8,16.3,2.9,2.9,0.0,10.3,3.9,55,False,25,75.5,88.4,99.4,54.47150439732006,0,70.5,Pleasant,False,False,71.4,100.0,90.0,100.0,1.0,87.9,Nice,73.6
10-08-24,24.7,14.3,19.4,24.9,14.4,0.7,0.7,0.0,14.2,7.9,51,False,25,72.0,97.2,91.6,81.42766851825505,0,79.2,Nice,False,True,81.5,100.0,90.0,100.0,1.0,93.3,Excellent,83.3
11-08-24,27.9,15.4,21.7,28.6,14.6,0.0,0.0,0.0,9.7,5.9,0,False,25,83.5,100.0,100.0,93.87114459484418,0,89.3,Nice,False,True,91.8,87.7,100.0,100.0,1.0,93.9,Excellent,90.2
12-08-24,29.8,18.5,23.7,30.2,18.3,0.0,0.0,0.0,13.4,6.0,1,False,25,93.5,100.0,93.2,93.55888591885274,0,92.6,Excellent,False,True,94.5,75.4,100.0,100.0,1.0,88.9,Nice,82.7
13-08-24,31.4,16.9,24.0,32.2,16.7,0.0,0.0,0.0,10.5,5.5,3,False,25,95.0,100.0,99.0,93.92790412447272,0,93.8,Excellent,False,True,95.7,60.0,100.0,100.0,1.0,82.8,Nice,73.6
14-08-24,30.8,16.9,24.0,33.1,17.2,1.9,1.9,0.0,14.9,7.4,61,False,25,95.0,92.4,90.2,89.82801087857474,0,90.5,Excellent,False,True,92.1,53.1,90.0,100.0,1.0,76.2,Nice,61.0
15-08-24,33.0,16.3,24.6,33.9,16.8,0.3,0.3,0.0,16.4,6.9,51,False,25,98.0,98.8,87.2,93.32097971926491,0,93.7,Excellent,False,True,95.2,46.9,90.0,100.0,1.0,74.4,Pleasant,58.9
16-08-24,31.6,19.3,24.9,32.2,19.4,0.7,0.7,0.0,15.5,5.2,53,False,25,99.5,97.2,89.0,93.70125478479882,0,94.3,Excellent,False,True,95.8,60.0,90.0,100.0,1.0,79.7,Nice,66.1
17-08-24,29.1,17.6,22.6,31.0,19.1,5.0,5.0,0.0,14.1,4.1,61,False,25,88.0,80.0,91.8,87.75339805825243,0,85.3,Nice,False,True,87.1,69.2,75.0,100.0,1.0,77.7,Nice,57.5
18-08-24,30.0,15.0,22.3,32.2,14.3,0.0,0.0,0.0,10.0,6.2,3,False,25,86.5,100.0,100.0,93.046540567397,0,90.2,Excellent,False,True,92.5,60.0,100.0,100.0,1.0,82.6,Nice,73.2
19-08-24,30.3,14.6,22.7,30.6,14.2,0.0,0.0,0.0,13.8,6.4,0,False,25,88.5,100.0,92.4,94.18117005034064,0,90.8,Excellent,False,True,92.9,72.3,100.0,100.0,1.0,87.8,Nice,81.1
20-08-24,30.4,14.1,22.3,30.2,13.8,0.1,0.1,0.0,13.5,5.0,51,False,25,86.5,99.6,93.0,88.48566042752059,0,87.9,Nice,False,True,89.9,75.4,90.0,100.0,1.0,84.9,Nice,72.6
21-08-24,29.4,15.4,22.2,28.7,15.3,0.0,0.0,0.0,10.2,4.9,2,False,25,86.0,100.0,99.6,94.02025172114317,0,90.3,Excellent,False,True,92.7,86.9,100.0,100.0,1.0,93.6,Excellent,89.8
22-08-24,27.1,16.5,22.1,27.7,17.0,0.6,0.6,0.0,11.4,8.1,53,False,25,85.5,97.6,97.2,94.35485773283423,0,89.6,Nice,False,True,92.0,94.6,90.0,100.0,1.0,93.7,Excellent,85.1
23-08-24,27.3,15.9,21.7,28.2,16.7,0.0,0.0,0.0,10.7,5.3,3,False,25,83.5,100.0,98.6,94.69491947593241,0,89.4,Nice,False,True,92.0,90.8,100.0,100.0,1.0,95.2,Excellent,92.3
24-08-24,28.7,17.0,23.0,27.8,16.8,0.0,0.0,0.0,6.6,3.6,3,False,25,90.0,100.0,100.0,95.0402783949078,0,92.3,Excellent,False,True,94.5,93.8,100.0,100.0,1.0,96.5,Excellent,94.3
25-08-24,30.2,17.3,22.9,29.2,15.8,0.0,0.0,0.0,10.1,5.1,3,False,25,89.5,100.0,99.8,95.39075149975459,0,92.2,Excellent,False,True,94.5,83.1,100.0,100.0,1.0,92.3,Excellent,88.0
26-08-24,30.5,15.4,23.0,31.0,15.6,0.2,0.2,0.0,12.9,5.1,51,False,25,90.0,99.2,94.2,95.74611077456763,0,91.9,Excellent,False,True,94.1,69.2,90.0,100.0,1.0,83.8,Nice,71.9
27-08-24,23.0,17.0,20.0,24.4,17.2,9.1,9.1,0.0,9.4,5.5,63,False,25,75.0,63.6,100.0,58.376642738682264,0,68.0,Pleasant,False,False,69.1,100.0,40.0,100.0,1.0,73.7,Pleasant,33.3
28-08-24,23.3,16.8,18.8,24.0,17.6,27.3,27.3,0.0,14.5,7.8,63,False,25,69.0,0.0,91.0,48.662796150647104,0,51.9,Average,True,False,52.7,100.0,0.0,100.0,1.0,59.7,Average,0.0
29-08-24,21.7,15.7,18.0,22.7,16.1,17.8,17.8,0.0,12.9,5.6,65,False,25,65.0,28.799999999999997,94.2,42.688618974122015,0,52.8,Average,True,False,53.6,100.0,20.0,100.0,1.0,64.5,Pleasant,15.4
30-08-24,22.6,14.5,18.3,23.6,14.9,8.6,8.6,0.0,13.3,5.6,63,False,25,66.5,65.6,93.4,94.70386050172334,0,77.1,Nice,False,True,80.3,100.0,55.0,100.0,1.0,85.4,Nice,53.8
31-08-24,24.6,15.6,20.0,25.0,16.0,0.0,0.0,0.0,9.8,5.5,3,False,25,75.0,100.0,100.0,88.15308573908244,0,83.9,Nice,False,True,86.5,100.0,100.0,100.0,1.0,97.6,Excellent,95.3
01-09-24,26.3,14.0,20.3,25.6,12.6,0.0,0.0,0.0,18.4,7.8,3,False,21,96.5,100.0,83.2,91.05615047706532,0,92.1,Excellent,False,True,93.5,100.0,100.0,100.0,1.0,98.2,Excellent,96.4
02-09-24,24.8,15.2,19.9,25.7,14.4,0.0,0.0,0.0,8.4,4.6,3,False,21,94.5,100.0,100.0,96.13810664288194,0,94.4,Excellent,False,True,96.5,100.0,100.0,100.0,1.0,99.2,Excellent,98.5
03-09-24,26.7,17.0,21.1,27.3,16.2,0.0,0.0,0.0,7.6,4.3,0,False,21,99.5,100.0,100.0,96.97808162355031,0,96.7,Excellent,False,True,98.6,97.7,100.0,100.0,1.0,98.5,Excellent,97.4
04-09-24,24.7,15.3,19.8,25.0,14.1,0.0,0.0,0.0,15.9,6.4,1,False,21,94.0,100.0,88.2,97.11934557367687,0,93.6,Excellent,False,True,95.6,100.0,100.0,100.0,1.0,99.4,Excellent,98.8
05-09-24,23.5,11.9,17.3,23.9,11.6,0.0,0.0,0.0,18.1,5.2,3,False,21,81.5,100.0,83.8,96.91319206003907,0,88.2,Nice,False,True,90.7,100.0,100.0,100.0,1.0,99.4,Excellent,98.8
06-09-24,23.2,11.9,17.1,21.9,11.0,0.0,0.0,0.0,19.7,8.8,3,False,21,80.5,100.0,80.6,93.88466551196383,0,86.5,Nice,False,True,88.8,100.0,100.0,100.0,1.0,98.8,Excellent,97.6
07-09-24,23.9,11.0,17.3,22.2,10.3,0.0,0.0,0.0,15.3,7.6,1,False,21,81.5,100.0,89.4,96.50006506172502,0,88.5,Nice,False,True,91.1,100.0,100.0,100.0,1.0,99.3,Excellent,98.6
08-09-24,22.9,8.4,15.4,21.2,6.7,0.0,0.0,0.0,11.6,6.5,0,False,21,72.0,100.0,96.8,96.29211763720886,0,85.2,Nice,False,True,88.4,100.0,100.0,100.0,1.0,99.3,Excellent,98.5
09-09-24,25.2,7.5,16.7,23.5,4.8,0.0,0.0,0.0,10.9,7.3,3,False,21,78.5,100.0,98.2,90.62549026472027,0,86.0,Nice,False,True,88.5,100.0,100.0,100.0,1.0,98.1,Excellent,96.3
10-09-24,23.9,12.8,17.7,23.5,10.7,2.5,2.5,0.0,11.0,5.8,61,False,21,83.5,90.0,98.0,33.37257595791131,0,66.4,Pleasant,False,False,65.9,100.0,90.0,100.0,1.0,83.7,Nice,66.0
11-09-24,17.6,13.5,15.0,18.5,13.5,20.7,20.7,0.0,8.7,3.6,63,False,21,70.0,17.200000000000003,100.0,0.0,0,38.6,Poor,True,False,37.1,94.0,20.0,100.0,1.0,53.6,Average,11.3
12-09-24,20.6,13.3,16.8,21.2,13.6,10.1,10.1,0.0,12.1,7.2,61,False,21,79.0,59.6,95.8,67.7593732519936,0,71.9,Pleasant,True,False,73.3,100.0,40.0,100.0,1.0,75.6,Nice,34.8
13-09-24,24.4,11.3,17.3,23.2,11.0,3.3,3.3,0.0,19.1,6.2,61,False,21,81.5,86.8,81.8,68.7073568706566,0,76.2,Nice,False,False,77.2,100.0,75.0,100.0,1.0,86.2,Nice,65.6
14-09-24,16.9,9.4,13.3,17.7,7.0,4.9,4.9,0.0,15.1,7.8,63,False,21,61.5,80.4,89.8,45.94537419823487,0,59.9,Average,False,False,60.9,90.8,75.0,100.0,1.0,78.0,Nice,54.6
15-09-24,19.1,5.6,12.5,17.9,3.8,0.6,0.6,0.0,11.4,4.6,53,False,21,57.5,97.6,97.2,68.6261374717612,0,69.4,Pleasant,False,False,71.9,91.6,90.0,100.0,1.0,87.4,Nice,74.2
16-09-24,18.3,7.7,12.0,17.4,5.4,1.1,1.1,0.0,10.5,5.9,53,False,21,55.0,95.6,99.0,95.82491847655609,0,77.8,Nice,False,True,81.8,89.6,90.0,100.0,1.0,92.0,Excellent,82.9
17-09-24,17.0,7.2,11.8,16.3,4.8,0.5,0.5,0.0,13.0,6.0,51,False,21,54.0,98.0,94.0,24.145260046449437,0,52.3,Average,False,False,52.7,85.2,90.0,100.0,1.0,75.9,Nice,54.7
18-09-24,19.8,10.4,14.7,18.0,10.0,4.5,4.5,0.0,14.5,5.3,61,False,21,68.5,82.0,91.0,91.03101793625879,0,78.8,Nice,False,True,81.8,92.0,75.0,100.0,1.0,87.5,Nice,68.7
19-09-24,14.8,9.0,12.2,12.6,7.4,0.6,0.6,0.0,15.5,6.2,51,False,21,56.0,97.6,89.0,18.86799341142301,0,50.8,Average,False,False,50.7,70.4,90.0,100.0,1.0,68.9,Pleasant,44.8
20-09-24,18.2,5.8,11.5,15.3,4.0,0.0,0.0,0.0,13.8,5.7,3,False,21,52.5,100.0,92.4,96.82368095301793,0,77.3,Nice,False,True,81.3,81.2,100.0,100.0,1.0,91.8,Excellent,87.4
21-09-24,19.3,5.3,12.3,18.6,2.7,0.0,0.0,0.0,7.8,4.2,2,False,21,56.5,100.0,100.0,97.0784240489596,0,79.6,Nice,False,True,83.6,94.4,100.0,100.0,1.0,97.2,Excellent,95.5
22-09-24,19.8,10.7,15.0,18.9,8.8,0.0,0.0,0.0,6.8,4.0,2,False,21,70.0,100.0,100.0,97.3347300903333,0,85.1,Nice,False,True,88.4,95.6,100.0,100.0,1.0,97.7,Excellent,96.3
23-09-24,21.7,8.9,14.3,21.3,7.3,0.0,0.0,0.0,10.2,5.1,0,False,21,66.5,100.0,99.6,97.59234780088028,0,83.7,Nice,False,True,87.3,100.0,100.0,100.0,1.0,99.5,Excellent,99.0
24-09-24,22.9,7.2,14.9,21.3,5.3,0.0,0.0,0.0,13.4,7.0,3,False,21,69.5,100.0,93.2,97.85106487369144,0,84.5,Nice,False,True,87.8,100.0,100.0,100.0,1.0,99.6,Excellent,99.1
25-09-24,24.5,12.4,17.6,24.3,9.8,0.1,0.1,0.0,10.9,5.6,51,False,21,83.0,99.6,98.2,94.47503841791753,0,89.1,Nice,False,True,91.6,100.0,90.0,100.0,1.0,95.9,Excellent,88.0
26-09-24,23.9,10.6,16.3,22.7,10.3,0.0,0.0,0.0,12.9,5.5,3,False,21,76.5,100.0,94.2,98.37065946078596,0,87.6,Nice,False,True,90.5,100.0,100.0,100.0,1.0,99.7,Excellent,99.3
27-09-24,26.7,9.6,17.1,26.2,8.7,0.0,0.0,0.0,8.3,5.3,1,False,21,80.5,100.0,100.0,98.61457508835427,0,89.7,Nice,False,True,92.6,100.0,100.0,100.0,1.0,99.7,Excellent,99.4
28-09-24,27.9,10.0,17.9,28.4,9.3,0.0,0.0,0.0,9.6,5.4,1,False,21,84.5,100.0,100.0,98.60862462358824,0,91.3,Excellent,False,True,94.0,89.2,100.0,100.0,1.0,95.4,Excellent,93.0
29-09-24,14.5,9.7,12.8,14.6,7.5,20.0,20.0,0.0,17.2,9.6,63,False,21,59.0,20.0,85.6,0.0,0,33.4,Poor,True,False,32.2,78.4,20.0,100.0,1.0,47.4,Average,9.4
30-09-24,9.0,6.9,7.6,6.5,3.6,14.9,14.9,0.0,16.7,13.7,61,False,21,33.0,40.4,86.6,0.0,0,26.2,Poor,True,False,26.3,46.0,20.0,100.0,1.0,34.4,Poor,5.5
01-10-24,10.2,5.5,7.5,6.5,3.0,1.0,1.0,0.0,16.9,11.1,51,False,15,62.5,96.0,86.2,17.85016573010348,0,52.5,Average,False,False,52.0,46.0,90.0,100.0,1.0,59.0,Average,31.3
02-10-24,16.4,3.1,9.2,15.0,0.8,0.0,0.0,0.0,8.0,4.8,3,False,15,71.0,100.0,100.0,90.6913592917777,0,83.1,Nice,False,True,86.1,80.0,100.0,100.0,1.0,90.1,Excellent,84.3
03-10-24,21.3,3.8,11.7,21.2,1.6,0.0,0.0,0.0,8.9,5.3,3,False,15,83.5,100.0,100.0,95.43496243936708,0,89.8,Nice,False,True,92.4,100.0,100.0,100.0,1.0,99.1,Excellent,98.2
04-10-24,22.6,10.5,15.9,22.7,8.6,0.0,0.0,0.0,9.1,6.0,3,False,15,95.5,100.0,100.0,30.817165273836096,0,72.0,Pleasant,False,False,70.8,100.0,100.0,100.0,1.0,86.2,Nice,72.3
05-10-24,20.8,11.4,15.2,21.2,10.7,7.2,7.2,0.0,12.4,5.5,61,False,15,99.0,71.2,95.2,61.88039338105402,0,79.6,Nice,False,False,79.6,100.0,55.0,100.0,1.0,78.9,Nice,46.6
06-10-24,15.0,10.8,12.7,14.5,8.8,4.7,4.7,0.0,13.3,7.5,63,False,15,88.5,81.2,93.4,24.787680006729477,0,63.7,Pleasant,False,False,62.4,78.0,75.0,100.0,1.0,68.7,Pleasant,42.5
07-10-24,14.1,7.2,10.7,11.4,5.0,12.0,12.0,0.0,16.4,11.4,63,False,15,78.5,52.0,87.2,46.8229298715865,0,62.6,Pleasant,True,False,62.7,65.6,20.0,100.0,1.0,51.6,Average,11.6
08-10-24,17.7,5.5,10.8,16.3,3.1,0.0,0.0,0.0,6.4,4.1,3,False,15,79.0,100.0,100.0,92.27624350337264,0,86.9,Nice,False,True,89.6,85.2,100.0,100.0,1.0,92.5,Excellent,88.0
09-10-24,22.6,5.3,12.9,22.1,3.4,0.0,0.0,0.0,10.5,5.0,3,False,15,89.5,100.0,99.0,79.52344063200675,0,86.6,Nice,False,True,88.0,100.0,100.0,100.0,1.0,95.9,Excellent,91.8
10-10-24,20.8,9.4,14.5,20.5,7.7,0.0,0.0,0.0,7.1,4.6,3,False,15,97.5,100.0,100.0,93.65441190313642,0,94.8,Excellent,False,True,96.6,100.0,100.0,100.0,1.0,98.7,Excellent,97.5
11-10-24,21.6,8.6,14.0,22.1,7.4,2.1,2.1,0.0,14.1,6.2,53,False,15,95.0,91.6,91.8,74.3626502638601,0,85.1,Nice,False,True,85.9,100.0,90.0,100.0,1.0,91.9,Excellent,80.8
12-10-24,12.9,9.7,11.7,12.3,8.2,5.1,5.1,0.0,12.8,6.5,53,False,15,83.5,79.6,94.4,16.871343223192515,0,58.8,Average,False,False,57.4,69.2,75.0,100.0,1.0,63.6,Pleasant,36.2
13-10-24,15.2,6.9,10.2,14.0,5.0,0.0,0.0,0.0,6.4,3.6,3,False,15,76.0,100.0,100.0,83.7320175042983,0,82.7,Nice,False,True,85.1,76.0,100.0,100.0,1.0,87.1,Nice,79.1
14-10-24,14.1,7.7,11.1,10.2,4.6,0.0,0.0,0.0,18.1,10.1,3,False,15,80.5,100.0,83.8,91.9500071062835,0,86.1,Nice,False,True,88.3,60.8,100.0,100.0,1.0,82.7,Nice,73.3
15-10-24,14.1,4.6,9.8,12.3,1.3,1.5,1.5,0.0,7.9,4.0,53,False,15,74.0,94.0,100.0,85.23183677465482,0,81.5,Nice,False,True,84.1,69.2,90.0,100.0,1.0,81.7,Nice,68.1
16-10-24,10.7,3.0,7.9,8.8,0.5,5.7,5.7,0.0,11.8,4.8,61,False,15,64.5,77.2,96.4,45.87058938355789,0,61.1,Pleasant,False,False,62.1,55.2,75.0,100.0,1.0,63.8,Pleasant,38.6
17-10-24,9.9,1.9,5.2,6.6,-1.3,0.0,0.0,0.0,11.2,6.1,3,False,15,51.0,100.0,97.6,93.04133444726742,0,75.8,Nice,False,True,79.8,46.4,100.0,100.0,1.0,77.2,Nice,65.1
18-10-24,11.8,-1.7,4.1,8.7,-5.0,0.0,0.0,0.0,9.4,6.1,0,False,15,45.5,100.0,100.0,92.7388639566273,0,73.7,Pleasant,False,True,78.0,54.8,100.0,100.0,1.0,80.5,Nice,70.0
19-10-24,12.5,-2.6,3.5,9.5,-5.7,0.0,0.0,0.0,10.7,6.1,1,False,15,42.5,100.0,98.6,93.30667402024699,0,72.5,Pleasant,False,True,77.1,58.0,100.0,100.0,1.0,81.9,Nice,72.1
20-10-24,11.3,-1.3,3.7,9.0,-4.5,0.0,0.0,0.0,9.9,3.8,0,False,15,43.5,100.0,100.0,93.47696935201763,0,73.1,Pleasant,False,True,77.6,56.0,100.0,100.0,1.0,81.1,Nice,71.0
21-10-24,12.4,2.7,7.0,10.2,-0.9,0.0,0.0,0.0,6.5,3.4,0,False,15,60.0,100.0,100.0,93.91893178694073,0,79.9,Nice,False,True,83.6,60.8,100.0,100.0,1.0,83.1,Nice,74.0
22-10-24,13.8,4.3,8.5,11.8,1.2,0.0,0.0,0.0,7.1,3.4,0,False,15,67.5,100.0,100.0,94.36531592328204,0,83.0,Nice,False,True,86.4,67.2,100.0,100.0,1.0,85.8,Nice,78.1
23-10-24,13.8,5.7,9.0,11.3,3.0,0.0,0.0,0.0,5.5,2.7,1,False,15,70.0,100.0,100.0,94.815763752829,0,84.2,Nice,False,True,87.4,65.2,100.0,100.0,1.0,85.0,Nice,77.0
24-10-24,11.6,2.7,6.5,10.3,-0.6,0.0,0.0,0.0,8.3,5.1,3,False,15,57.5,100.0,100.0,94.69788310165093,0,79.1,Nice,False,True,83.0,61.2,100.0,100.0,1.0,83.4,Nice,74.6
25-10-24,12.0,1.9,6.8,10.3,-0.7,0.0,0.0,0.0,5.6,2.7,3,False,15,59.0,100.0,100.0,95.72752118370272,0,80.1,Nice,False,True,83.9,61.2,100.0,100.0,1.0,83.6,Nice,75.0
26-10-24,14.6,-0.6,7.1,11.7,-3.2,0.0,0.0,0.0,4.9,2.7,0,False,15,60.5,100.0,100.0,96.18814400968294,0,80.9,Nice,False,True,84.7,66.8,100.0,100.0,1.0,86.0,Nice,78.6
27-10-24,15.2,-1.7,7.8,12.1,-4.7,0.0,0.0,0.0,4.9,2.4,3,False,15,64.0,100.0,100.0,96.6513787453416,0,82.4,Nice,False,True,86.1,68.4,100.0,100.0,1.0,86.7,Nice,79.7
28-10-24,16.7,5.7,11.1,16.2,2.9,0.0,0.0,0.0,8.5,4.8,3,False,15,80.5,100.0,100.0,97.11679130437832,0,89.2,Nice,False,True,92.0,84.8,100.0,100.0,1.0,93.3,Excellent,89.7
29-10-24,13.3,4.4,8.2,11.9,1.6,0.5,0.5,0.0,9.4,5.6,51,False,15,66.0,98.0,100.0,30.933482456035733,0,59.9,Average,False,False,60.2,67.6,90.0,100.0,1.0,70.2,Pleasant,47.6
30-10-24,14.3,6.1,9.1,13.0,3.6,0.0,0.0,0.0,8.9,4.2,3,False,15,70.5,100.0,100.0,96.06880985447674,0,84.8,Nice,False,True,88.1,72.0,100.0,100.0,1.0,88.0,Nice,81.6
31-10-24,13.7,6.7,9.7,12.4,4.6,0.3,0.3,0.0,9.8,5.6,51,False,15,73.5,98.8,100.0,71.11142613654089,0,77.1,Nice,False,True,79.0,69.6,90.0,100.0,1.0,79.1,Nice,63.2
01-11-24,13.5,7.4,9.9,11.3,5.4,0.0,0.0,0.0,11.3,7.0,3,False,8,90.5,100.0,97.4,77.67632743971183,0,86.2,Nice,False,True,87.5,65.2,100.0,100.0,1.0,81.6,Nice,70.2
02-11-24,12.2,4.6,8.3,10.3,2.9,0.0,0.0,0.0,11.8,5.6,3,False,8,98.5,100.0,96.4,86.57159410103628,0,92.4,Excellent,False,True,93.7,61.2,100.0,100.0,1.0,81.8,Nice,71.3
03-11-24,8.3,1.6,5.1,6.7,-1.4,1.3,1.3,0.0,15.7,7.0,53,False,8,85.5,94.8,88.6,93.78212612120474,0,88.3,Nice,False,True,90.5,46.8,90.0,100.0,1.0,74.5,Pleasant,59.0
04-11-24,8.2,-1.1,2.2,3.9,-4.6,0.0,0.0,0.0,12.4,7.1,3,False,8,71.0,100.0,95.2,98.24878829625251,0,85.4,Nice,False,True,88.7,35.6,100.0,100.0,1.0,73.9,Pleasant,60.7
05-11-24,7.3,-3.3,1.8,4.1,-7.4,0.0,0.0,0.0,9.1,5.3,1,False,8,69.0,100.0,100.0,98.23651661532222,0,85.0,Nice,False,True,88.4,36.4,100.0,100.0,1.0,74.2,Pleasant,61.1
06-11-24,9.4,-0.5,3.2,5.9,-4.2,0.0,0.0,0.0,4.6,2.3,0,False,8,76.0,100.0,100.0,98.22423122960767,0,87.8,Nice,False,True,90.9,43.6,100.0,100.0,1.0,77.1,Nice,65.4
07-11-24,11.4,-4.6,3.7,7.8,-7.8,0.0,0.0,0.0,8.0,2.6,0,False,8,78.5,100.0,100.0,98.21205681317969,0,88.8,Nice,False,True,91.8,51.2,100.0,100.0,1.0,80.1,Nice,70.0
08-11-24,10.6,2.7,5.7,7.5,-0.3,0.0,0.0,0.0,7.1,3.2,3,False,8,88.5,100.0,100.0,98.19966053727345,0,92.8,Excellent,False,True,95.3,50.0,100.0,100.0,1.0,79.6,Nice,69.3
09-11-24,5.3,-3.7,0.5,1.2,-7.8,0.0,0.0,0.0,11.3,7.8,3,False,8,62.5,100.0,97.4,96.9763135481302,0,81.7,Nice,False,True,85.4,24.8,100.0,100.0,1.0,69.3,Pleasant,53.7
10-11-24,4.3,-3.7,0.3,1.3,-7.3,1.8,1.3,0.35,7.7,4.6,73,False,8,61.5,92.8,100.0,12.4163283127456,-20,50.5,Average,False,False,50.4,25.2,90.0,100.0,1.0,49.6,Average,18.1
11-11-24,3.5,-0.7,1.3,1.2,-4.2,0.3,0.2,0.07,7.6,3.4,71,False,8,66.5,98.8,100.0,13.54154856420985,-20,53.8,Average,False,False,53.5,24.8,90.0,100.0,1.0,49.6,Average,18.3
12-11-24,2.7,-1.7,-0.1,0.1,-4.9,1.6,1.3,0.21,6.5,3.6,71,False,8,59.5,93.6,100.0,34.29060874496263,-20,57.4,Average,False,False,58.6,20.4,90.0,100.0,1.0,52.0,Average,23.4
13-11-24,3.9,-0.5,1.6,1.2,-3.2,0.0,0.0,0.0,5.2,3.2,3,False,8,68.0,100.0,100.0,7.206772558284949,0,52.7,Average,False,False,51.7,24.8,100.0,100.0,1.0,51.4,Average,17.8
14-11-24,3.0,-0.6,1.2,0.4,-3.3,0.0,0.0,0.0,5.6,3.2,3,False,8,66.0,100.0,100.0,16.444274180663864,0,55.2,Average,False,False,54.7,21.6,100.0,100.0,1.0,51.9,Average,19.5
15-11-24,2.0,-0.3,0.5,-2.3,-3.6,0.7,0.1,0.42,12.5,7.9,71,False,8,62.5,97.2,95.0,0.0,-20,46.8,Average,False,False,46.0,10.8,90.0,100.0,1.0,41.3,Average,5.8
16-11-24,3.7,-1.6,0.5,0.8,-4.4,0.0,0.0,0.0,4.3,2.4,3,False,8,62.5,100.0,100.0,67.13591554990333,0,71.5,Pleasant,False,False,73.7,23.2,100.0,100.0,1.0,62.7,Pleasant,40.8
17-11-24,5.7,-3.7,-0.3,3.2,-6.6,0.0,0.0,0.0,3.6,1.7,2,False,8,58.5,100.0,100.0,94.4958186541089,0,79.5,Nice,False,True,83.3,32.8,100.0,100.0,1.0,72.0,Pleasant,57.5
18-11-24,6.5,-2.9,0.6,3.3,-6.1,0.0,0.0,0.0,4.3,2.2,3,False,8,63.0,100.0,100.0,93.74444791027942,0,81.0,Nice,False,True,84.5,33.2,100.0,100.0,1.0,72.0,Pleasant,57.4
19-11-24,9.9,-1.7,1.7,6.6,-4.7,0.0,0.0,0.0,7.5,3.1,3,False,8,68.5,100.0,100.0,89.82690710323945,0,81.8,Nice,False,True,84.9,46.4,100.0,100.0,1.0,76.5,Nice,63.8
20-11-24,12.7,-0.1,5.8,10.3,-3.3,0.0,0.0,0.0,9.7,4.3,3,False,8,89.0,100.0,100.0,60.450101181597816,0,79.8,Nice,False,False,80.3,61.2,100.0,100.0,1.0,76.6,Nice,60.9
21-11-24,4.4,-9.2,-1.0,2.6,-13.5,27.9,6.3,15.12,21.5,12.7,75,False,8,55.0,0.0,77.0,36.15954689196432,-20,40.4,Average,True,False,41.4,30.4,55.0,100.0,1.0,45.9,Average,18.0
22-11-24,4.9,-10.6,-0.6,2.2,-15.0,9.8,8.2,1.12,17.5,6.0,73,False,8,57.0,60.8,85.0,4.823969225115149,-20,40.0,Average,False,False,39.5,28.8,55.0,100.0,1.0,39.0,Poor,10.6
23-11-24,0.5,-2.7,-1.5,-3.3,-7.5,2.2,0.3,1.33,20.9,15.6,71,False,8,52.5,91.2,78.2,33.70832620237097,-20,52.3,Average,False,False,53.4,6.8,90.0,100.0,1.0,46.5,Average,15.8
24-11-24,1.5,-7.4,-1.8,-1.8,-11.5,0.0,0.0,0.0,14.8,4.5,3,False,8,51.0,100.0,90.4,87.46407205527417,0,73.2,Pleasant,False,True,76.9,12.8,100.0,100.0,1.0,62.6,Pleasant,42.7
25-11-24,6.1,-0.7,1.3,3.0,-3.8,0.0,0.0,0.0,4.1,2.2,3,False,8,66.5,100.0,100.0,89.49788975307462,0,80.9,Nice,False,True,84.1,32.0,100.0,100.0,1.0,70.7,Pleasant,55.0
26-11-24,8.9,-0.4,2.4,6.9,-2.8,0.0,0.0,0.0,6.3,2.4,3,False,8,72.0,100.0,100.0,91.07108204684855,0,83.7,Nice,False,True,86.6,47.6,100.0,100.0,1.0,77.3,Nice,65.0
27-11-24,4.6,2.4,3.5,2.0,-0.4,0.6,0.6,0.0,15.9,6.1,51,False,8,77.5,97.6,88.2,0.0,0,52.7,Average,False,False,50.6,28.0,90.0,100.0,1.0,48.2,Average,15.1
28-11-24,6.8,-0.9,1.4,4.3,-3.6,0.0,0.0,0.0,5.2,2.8,3,False,8,67.0,100.0,100.0,56.77054369811173,0,69.7,Pleasant,False,False,71.2,37.2,100.0,100.0,1.0,66.2,Pleasant,45.0
29-11-24,3.9,-1.2,1.4,1.0,-3.7,11.6,7.0,3.22,12.8,5.6,75,False,8,67.0,53.6,94.4,0.0,-20,42.0,Average,True,False,40.9,24.0,55.0,100.0,1.0,36.1,Poor,7.9
30-11-24,5.5,0.7,2.7,2.2,-1.6,1.5,1.0,0.35,11.6,5.7,73,False,8,73.5,94.0,96.8,2.961038221588481,-20,51.9,Average,False,False,50.7,28.8,90.0,100.0,1.0,49.1,Average,16.6
01-12-24,6.1,0.8,2.9,1.9,-2.4,0.0,0.0,0.0,13.9,8.5,3,False,2,95.5,100.0,92.2,59.22432779927561,0,81.3,Nice,False,False,81.3,27.6,100.0,100.0,1.0,62.9,Pleasant,40.2
02-12-24,4.1,-3.2,0.3,0.8,-6.3,0.0,0.0,0.0,6.6,3.8,2,False,2,91.5,100.0,100.0,90.6306872642625,0,91.3,Excellent,False,True,93.3,23.2,100.0,100.0,1.0,67.4,Pleasant,50.2
03-12-24,1.3,-4.7,-2.1,-1.5,-7.7,0.0,0.0,0.0,4.9,1.9,3,False,2,79.5,100.0,100.0,89.86775398327897,0,86.3,Nice,False,True,88.8,14.0,100.0,100.0,1.0,63.6,Pleasant,44.3
04-12-24,1.6,-2.6,-0.4,-1.2,-5.8,0.0,0.0,0.0,3.3,2.2,3,False,2,88.0,100.0,100.0,0.0,0,58.2,Average,False,False,55.8,15.2,100.0,100.0,1.0,46.1,Average,9.1
05-12-24,3.1,-0.8,0.4,0.0,-3.4,0.0,0.0,0.0,5.1,2.1,3,False,2,92.0,100.0,100.0,21.43224521234291,0,67.3,Pleasant,False,False,65.8,20.0,100.0,100.0,1.0,52.3,Average,20.6
06-12-24,5.7,-0.6,1.7,3.1,-3.3,2.2,0.0,1.54,4.4,2.2,73,False,2,98.5,91.2,100.0,16.340145211226474,10,67.0,Pleasant,False,False,64.7,32.4,100.0,100.0,1.0,56.2,Average,26.0
07-12-24,3.0,-0.3,1.4,0.9,-3.0,11.7,4.3,5.18,8.5,4.0,73,False,2,97.0,53.2,100.0,0.0,20,55.2,Average,True,False,51.9,23.6,75.0,100.0,1.0,41.9,Average,10.6
08-12-24,4.9,-1.3,0.7,2.4,-4.1,8.8,0.1,6.09,5.1,3.0,75,False,2,93.5,64.8,100.0,56.82731221651458,20,75.4,Nice,False,False,75.2,29.6,90.0,100.0,1.0,60.2,Pleasant,36.4
09-12-24,4.5,-0.3,3.0,1.5,-3.1,11.6,11.0,0.42,11.6,7.4,73,False,2,95.0,53.6,96.8,0.0,0,53.8,Average,True,False,51.0,26.0,40.0,100.0,1.0,32.4,Poor,6.2
10-12-24,4.8,-1.0,1.8,2.6,-4.0,0.5,0.5,0.0,6.8,2.8,51,False,2,99.0,98.0,100.0,0.0,0,62.3,Pleasant,False,False,59.4,30.4,90.0,100.0,1.0,49.2,Average,16.4
11-12-24,2.3,0.0,1.5,-0.4,-4.2,1.4,0.9,0.35,12.8,7.8,71,False,2,97.5,94.4,94.4,0.0,0,60.7,Pleasant,False,False,57.7,18.4,90.0,100.0,1.0,44.4,Average,9.9
12-12-24,0.1,-1.1,-0.6,-4.1,-5.4,1.5,0.3,0.84,14.2,10.6,71,False,2,87.0,94.0,91.6,0.0,0,56.2,Average,False,False,53.7,3.6,90.0,100.0,1.0,38.4,Poor,1.9
13-12-24,0.6,-1.9,-0.7,-3.1,-6.3,0.5,0.0,0.35,14.8,8.7,71,False,2,86.5,98.0,90.4,0.0,0,56.5,Average,False,False,54.0,7.6,100.0,100.0,1.0,43.0,Average,4.6
14-12-24,4.9,-2.6,-0.3,1.3,-5.5,0.0,0.0,0.0,7.4,3.1,3,False,2,88.5,100.0,100.0,84.55907359732618,0,88.0,Nice,False,True,89.8,25.2,100.0,100.0,1.0,67.0,Pleasant,48.9
15-12-24,1.1,-0.8,0.0,-2.6,-5.3,1.7,0.1,1.12,19.0,10.3,73,False,2,90.0,93.2,82.0,2.303701940533859,10,57.5,Average,False,False,54.6,9.6,90.0,100.0,1.0,41.3,Average,6.0
16-12-24,3.9,-1.6,1.4,0.3,-5.4,0.2,0.0,0.21,23.2,11.0,71,False,2,97.0,99.2,73.6,34.49031301236477,0,71.6,Pleasant,False,False,70.0,21.2,100.0,100.0,1.0,55.4,Average,26.5
17-12-24,8.7,2.0,5.1,4.3,-0.4,0.3,0.3,0.0,24.2,11.8,51,False,2,84.5,98.8,71.6,50.557209042794405,0,72.0,Pleasant,False,False,71.8,37.2,90.0,100.0,1.0,62.0,Pleasant,38.3
18-12-24,6.7,-0.1,3.5,4.4,-3.0,0.0,0.0,0.0,13.8,6.3,3,False,2,92.5,100.0,92.4,55.67694553854242,0,78.9,Nice,False,False,78.9,37.6,100.0,100.0,1.0,66.2,Pleasant,44.8
19-12-24,7.4,-1.9,1.5,5.1,-4.8,0.0,0.0,0.0,4.5,1.9,1,False,2,97.5,100.0,100.0,94.51781498213336,0,95.1,Excellent,False,True,96.9,40.4,100.0,100.0,1.0,75.1,Nice,62.0
20-12-24,4.9,-3.4,0.7,2.1,-6.3,0.0,0.0,0.0,4.2,1.6,3,False,2,93.5,100.0,100.0,54.63397107525405,0,79.5,Nice,False,False,79.6,28.4,100.0,100.0,1.0,62.3,Pleasant,38.9
21-12-24,1.7,-0.4,0.7,-1.0,-3.0,0.9,0.5,0.35,8.9,3.6,71,False,2,93.5,96.4,100.0,0.0,0,59.9,Average,False,False,57.2,16.0,90.0,100.0,1.0,43.4,Average,8.6
22-12-24,1.2,-5.1,-0.8,-1.6,-8.1,0.1,0.1,0.0,7.7,4.6,51,False,2,86.0,99.6,100.0,44.7238675972122,0,73.0,Pleasant,False,False,72.9,13.6,90.0,100.0,1.0,51.4,Average,23.4
23-12-24,6.1,-6.6,-2.4,2.5,-9.9,0.0,0.0,0.0,6.5,3.3,3,False,2,78.0,100.0,100.0,93.26643468026174,0,86.8,Nice,False,True,89.6,30.0,100.0,100.0,1.0,70.7,Pleasant,55.3
24-12-24,3.6,1.0,2.1,-0.4,-2.3,10.9,10.9,0.0,17.0,12.3,61,False,2,99.5,56.4,86.0,0.0,0,55.1,Average,True,False,51.9,18.4,40.0,100.0,1.0,29.4,Poor,4.4
25-12-24,1.5,-0.1,0.9,-0.8,-2.9,10.4,4.9,3.85,7.5,3.2,73,False,2,94.5,58.4,100.0,0.0,10,54.8,Average,True,False,51.8,16.8,75.0,100.0,1.0,39.2,Poor,7.6
26-12-24,2.0,-3.4,-0.5,-1.4,-6.5,0.8,0.1,0.49,8.5,4.1,73,False,2,87.5,96.8,100.0,76.16684098882168,0,84.2,Nice,False,True,85.6,14.4,90.0,100.0,1.0,58.0,Average,35.2
27-12-24,1.8,-2.7,-0.1,-1.4,-5.6,3.6,0.5,2.17,6.1,3.2,73,False,2,89.5,85.6,100.0,0.0,10,56.8,Average,False,False,54.2,14.4,90.0,100.0,1.0,42.8,Average,7.8
28-12-24,2.6,0.1,0.9,0.1,-2.3,0.0,0.0,0.0,2.2,0.9,3,False,2,94.5,100.0,100.0,0.0,0,60.8,Pleasant,False,False,58.1,20.4,100.0,100.0,1.0,48.2,Average,12.2
29-12-24,5.3,-2.0,0.9,2.5,-4.9,0.0,0.0,0.0,5.3,1.8,3,False,2,94.5,100.0,100.0,92.39430442515281,0,93.1,Excellent,False,True,95.0,30.0,100.0,100.0,1.0,70.5,Pleasant,55.0
30-12-24,4.1,-2.1,-0.1,1.4,-5.0,0.0,0.0,0.0,2.9,1.3,3,False,2,89.5,100.0,100.0,84.09038608482501,0,88.2,Nice,False,True,90.0,25.6,100.0,100.0,1.0,67.1,Pleasant,49.0
31-12-24,3.8,-2.7,-0.7,0.9,-5.9,0.0,0.0,0.0,3.8,1.4,1,False,2,86.5,100.0,100.0,97.45569540707415,0,91.7,Excellent,False,True,94.3,23.6,100.0,100.0,1.0,68.9,Pleasant,53.1
01-01-25,6.2,-2.7,0.5,3.3,-5.8,0.0,0.0,0.0,2.8,1.1,0,False,0,97.5,100.0,100.0,97.87258987364314,0,96.3,Excellent,False,True,98.3,33.2,100.0,100.0,1.0,72.9,Pleasant,59.1
02-01-25,7.6,-2.1,1.2,4.3,-5.4,0.0,0.0,0.0,6.9,2.2,0,False,0,94.0,100.0,100.0,97.88027243247073,0,94.9,Excellent,False,True,97.1,37.2,100.0,100.0,1.0,74.5,Pleasant,61.5
03-01-25,5.5,-2.3,0.4,2.4,-5.7,2.2,1.8,0.28,12.0,5.4,71,False,0,98.0,91.2,96.0,7.9568594988094405,0,63.3,Pleasant,False,False,60.8,29.6,90.0,100.0,1.0,50.4,Average,18.8
04-01-25,-0.2,-3.2,-1.6,-4.7,-7.8,0.4,0.0,0.28,22.3,13.8,71,False,0,92.0,98.4,75.4,53.994259908495046,0,76.5,Nice,False,False,76.1,1.2,100.0,100.0,1.0,51.3,Average,22.3
05-01-25,3.3,-6.5,-2.4,-0.2,-10.3,0.0,0.0,0.0,7.6,3.3,3,False,0,88.0,100.0,100.0,97.90563833951397,0,92.5,Excellent,False,True,95.0,19.2,100.0,100.0,1.0,67.3,Pleasant,50.7
06-01-25,11.5,-0.9,2.7,8.4,-4.2,0.0,0.0,0.0,8.2,3.5,3,False,0,86.5,100.0,100.0,92.63628726714018,0,90.0,Excellent,False,True,92.3,53.6,100.0,100.0,1.0,80.0,Nice,69.2
07-01-25,9.7,-0.8,3.4,7.2,-3.5,0.0,0.0,0.0,5.3,2.2,3,False,0,83.0,100.0,100.0,78.28291141736102,0,83.6,Nice,False,True,85.4,48.8,100.0,100.0,1.0,75.2,Nice,60.6
08-01-25,11.8,-0.3,4.3,10.1,-3.4,0.0,0.0,0.0,16.0,6.3,3,False,0,78.5,100.0,88.0,97.9361289033724,0,87.7,Nice,False,True,90.4,60.4,100.0,100.0,1.0,83.7,Nice,75.4
09-01-25,10.5,-1.2,3.5,8.4,-4.1,0.0,0.0,0.0,5.9,3.5,3,False,0,82.5,100.0,100.0,97.9477822768307,0,90.3,Excellent,False,True,93.1,53.6,100.0,100.0,1.0,81.0,Nice,71.3
10-01-25,11.2,-1.8,2.6,9.2,-5.6,2.2,0.1,1.47,23.7,7.2,73,False,0,87.0,91.2,72.6,74.71569867318803,10,80.6,Nice,False,True,81.3,56.8,90.0,100.0,1.0,74.7,Pleasant,57.6
11-01-25,0.4,-7.1,-2.4,-3.8,-10.7,0.5,0.0,0.35,17.8,8.7,71,False,0,88.0,98.0,84.4,85.3273327031867,0,86.5,Nice,False,True,88.1,4.8,100.0,100.0,1.0,59.0,Average,37.0
12-01-25,-1.8,-9.7,-5.4,-6.9,-13.5,0.0,0.0,0.0,16.5,7.0,3,False,0,73.0,100.0,87.0,56.44873348670048,0,70.9,Pleasant,False,False,71.8,0.0,100.0,100.0,1.0,51.3,Average,22.6
13-01-25,-1.1,-6.8,-3.7,-4.5,-10.7,0.4,0.0,0.28,5.4,3.8,71,False,0,81.5,98.4,100.0,25.24404301308083,0,64.2,Pleasant,False,False,63.4,2.0,100.0,100.0,1.0,45.8,Average,11.3
14-01-25,-2.7,-11.1,-7.3,-6.3,-15.1,0.0,0.0,0.0,5.2,3.0,2,False,0,63.5,100.0,100.0,98.01065496133133,0,82.7,Nice,False,True,86.4,0.0,100.0,100.0,1.0,59.6,Average,39.2
15-01-25,-3.1,-12.5,-8.7,-6.9,-16.5,0.0,0.0,0.0,6.0,2.5,0,False,0,56.5,100.0,100.0,97.93882267838802,0,79.9,Nice,False,True,84.0,0.0,100.0,100.0,1.0,59.6,Average,39.2
16-01-25,-1.0,-11.6,-7.0,-4.8,-15.5,0.0,0.0,0.0,4.6,2.3,1,False,0,65.0,100.0,100.0,97.8372762630043,0,83.2,Nice,False,True,86.9,0.8,100.0,100.0,1.0,59.9,Average,39.6
17-01-25,0.3,-8.3,-5.3,-3.5,-12.3,0.0,0.0,0.0,6.2,2.8,3,False,0,73.5,100.0,100.0,97.72961362456265,0,86.6,Nice,False,True,89.8,6.0,100.0,100.0,1.0,61.9,Pleasant,42.7
18-01-25,1.6,-6.4,-3.1,-1.7,-9.7,0.0,0.0,0.0,6.6,2.7,3,False,0,84.5,100.0,100.0,78.81996768566314,0,84.4,Nice,False,True,86.1,13.2,100.0,100.0,1.0,61.0,Pleasant,39.4
19-01-25,3.6,-5.4,-2.3,0.4,-8.6,0.0,0.0,0.0,3.6,1.6,3,False,0,88.5,100.0,100.0,97.49697089196509,0,92.5,Excellent,False,True,95.0,21.6,100.0,100.0,1.0,68.1,Pleasant,52.0
20-01-25,7.1,-3.0,0.3,3.8,-6.0,0.0,0.0,0.0,4.1,1.2,3,False,0,98.5,100.0,100.0,97.15760042317534,0,96.4,Excellent,False,True,98.3,35.2,100.0,100.0,1.0,73.5,Pleasant,60.0
21-01-25,10.5,-3.9,0.8,7.1,-7.2,0.0,0.0,0.0,5.7,3.7,3,False,0,96.0,100.0,100.0,45.77497350584305,0,77.4,Nice,False,False,76.9,48.4,100.0,100.0,1.0,68.5,Pleasant,47.3
22-01-25,2.1,-5.3,-0.4,-1.0,-8.5,0.5,0.0,0.35,7.9,3.4,71,False,0,98.0,98.0,100.0,0.0,0,61.9,Pleasant,False,False,59.0,16.0,100.0,100.0,1.0,46.4,Average,9.6
23-01-25,5.0,-3.5,-0.1,2.2,-6.6,0.0,0.0,0.0,5.4,2.0,3,False,0,99.5,100.0,100.0,96.00349879417828,0,96.4,Excellent,False,True,98.2,28.8,100.0,100.0,1.0,70.7,Pleasant,55.7
24-01-25,7.2,0.3,3.0,5.2,-2.1,7.5,7.2,0.21,12.1,3.0,71,False,0,85.0,70.0,95.8,51.60384939199236,0,70.2,Pleasant,False,False,70.5,40.8,55.0,100.0,1.0,53.1,Average,24.8
25-01-25,5.4,-2.9,1.1,2.3,-5.8,0.2,0.2,0.0,14.1,6.7,51,False,0,94.5,99.2,91.8,66.99219237893661,0,83.5,Nice,False,False,83.9,29.2,90.0,100.0,1.0,62.1,Pleasant,39.9
26-01-25,9.8,-4.6,0.6,6.6,-7.7,0.0,0.0,0.0,7.1,2.9,3,False,0,97.0,100.0,100.0,94.8230701017592,0,95.0,Excellent,False,True,96.9,46.4,100.0,100.0,1.0,77.5,Nice,65.8
27-01-25,10.7,-2.1,2.8,8.0,-4.8,0.0,0.0,0.0,4.7,2.2,3,False,0,86.0,100.0,100.0,94.42600935283794,0,90.4,Excellent,False,True,92.9,52.0,100.0,100.0,1.0,79.7,Nice,69.0
28-01-25,14.9,-1.1,4.1,12.2,-3.9,0.0,0.0,0.0,12.4,4.2,3,False,0,79.5,100.0,95.2,94.02339151079049,0,87.3,Nice,False,True,90.0,68.8,100.0,100.0,1.0,86.3,Nice,78.9
29-01-25,12.3,-0.4,4.4,10.2,-3.0,0.0,0.0,0.0,8.5,4.4,3,False,0,78.0,100.0,100.0,93.61485979874539,0,87.0,Nice,False,True,89.7,60.8,100.0,100.0,1.0,83.0,Nice,73.9
30-01-25,10.9,-0.2,3.5,8.5,-2.6,0.4,0.4,0.0,5.2,2.7,51,False,0,82.5,98.4,100.0,93.2012292206565,0,88.4,Nice,False,True,90.9,54.0,90.0,100.0,1.0,77.2,Nice,62.7
31-01-25,10.5,-0.4,3.5,8.6,-2.6,0.0,0.0,0.0,4.0,1.8,3,False,0,82.5,100.0,100.0,85.32507066130968,0,85.9,Nice,False,True,88.0,54.4,100.0,100.0,1.0,78.8,Nice,66.8
01-02-25,6.3,-1.0,3.7,3.2,-4.0,2.3,2.3,0.0,14.7,7.4,55,False,2,91.5,90.8,90.6,36.988376110478264,0,70.4,Pleasant,False,False,69.5,32.8,90.0,100.0,1.0,57.5,Average,31.0
02-02-25,7.9,-1.5,1.6,5.2,-4.1,0.0,0.0,0.0,6.7,3.3,3,False,2,98.0,100.0,100.0,65.72209632869505,0,85.2,Nice,False,False,85.6,40.8,100.0,100.0,1.0,69.5,Pleasant,50.8
03-02-25,1.1,-2.3,-0.3,-2.4,-6.1,1.1,0.6,0.35,17.5,9.8,71,False,2,88.5,95.6,85.0,21.058976080411888,0,63.9,Pleasant,False,False,62.2,10.4,90.0,100.0,1.0,45.4,Average,13.2
04-02-25,2.2,-5.8,-2.5,-2.4,-9.4,0.0,0.0,0.0,11.0,5.7,3,False,2,77.5,100.0,98.0,91.17925118386152,0,85.8,Nice,False,True,88.4,10.4,100.0,100.0,1.0,62.4,Pleasant,42.7
05-02-25,0.2,-4.8,-2.1,-5.3,-8.6,0.0,0.0,0.0,21.0,12.3,3,False,2,79.5,100.0,78.0,0.0,0,53.0,Average,False,False,50.6,0.0,100.0,100.0,1.0,40.0,Average,0.0
06-02-25,1.6,-4.9,-1.2,-2.9,-9.1,0.3,0.1,0.14,11.5,9.4,71,False,2,84.0,98.8,97.0,39.300842118336554,0,69.9,Pleasant,False,False,69.6,8.4,90.0,100.0,1.0,48.2,Average,18.7
07-02-25,0.5,-7.4,-4.3,-4.1,-11.3,0.0,0.0,0.0,9.3,5.8,2,False,2,68.5,100.0,100.0,92.46364352151706,0,82.8,Nice,False,True,86.0,3.6,100.0,100.0,1.0,59.9,Average,39.1
08-02-25,5.1,-8.5,-3.8,0.0,-12.4,0.0,0.0,0.0,13.0,6.5,1,False,2,71.0,100.0,94.0,92.74591977122255,0,83.4,Nice,False,True,86.3,20.0,100.0,100.0,1.0,66.5,Pleasant,49.1
09-02-25,5.7,-9.0,-3.6,0.2,-12.8,0.0,0.0,0.0,11.8,5.1,0,False,2,72.0,100.0,96.4,93.99209596835092,0,84.4,Nice,False,True,87.4,20.8,100.0,100.0,1.0,67.1,Pleasant,50.1
10-02-25,3.2,-9.9,-4.6,-1.3,-13.3,0.0,0.0,0.0,5.8,2.5,0,False,2,67.0,100.0,100.0,95.2120356129131,0,83.1,Nice,False,True,86.5,14.8,100.0,100.0,1.0,65.0,Pleasant,47.0
11-02-25,3.6,-8.4,-4.0,-1.5,-12.1,0.0,0.0,0.0,13.3,4.0,0,False,2,70.0,100.0,93.4,96.40713743892859,0,84.2,Nice,False,True,87.4,14.0,100.0,100.0,1.0,64.9,Pleasant,47.0
12-02-25,4.9,-10.1,-4.2,0.7,-14.0,0.0,0.0,0.0,7.8,4.3,0,False,2,69.0,100.0,100.0,96.52374967361027,0,84.4,Nice,False,True,87.8,22.8,100.0,100.0,1.0,68.4,Pleasant,52.3
13-02-25,5.4,-11.2,-3.3,1.5,-15.0,0.0,0.0,0.0,7.2,3.0,3,False,2,73.5,100.0,100.0,85.62626196799414,0,82.4,Nice,False,True,85.0,26.0,100.0,100.0,1.0,67.5,Pleasant,49.9
14-02-25,9.8,-2.7,2.8,6.4,-5.6,0.0,0.0,0.0,8.0,3.5,3,False,2,96.0,100.0,100.0,91.38904284640711,0,93.4,Excellent,False,True,95.2,45.6,100.0,100.0,1.0,76.5,Nice,63.9
15-02-25,2.4,-2.5,-0.1,-0.4,-5.5,6.0,1.0,3.5,12.1,5.1,75,False,2,89.5,76.0,95.8,0.0,10,55.1,Average,False,False,52.3,18.4,90.0,100.0,1.0,44.4,Average,9.9
16-02-25,-0.2,-3.9,-2.5,-3.9,-7.2,1.2,0.1,0.77,6.6,3.5,71,False,2,77.5,95.2,100.0,29.875573311075215,0,63.7,Pleasant,False,False,63.4,4.4,90.0,100.0,1.0,44.7,Average,13.1
17-02-25,-2.1,-6.5,-4.5,-6.6,-10.1,3.6,0.0,2.52,10.0,6.9,73,False,2,67.5,85.6,100.0,2.999083668370388,10,49.1,Average,False,False,47.7,0.0,100.0,100.0,1.0,40.6,Average,1.2
18-02-25,-2.9,-8.0,-5.5,-6.3,-11.4,3.0,0.0,2.1,6.3,3.0,73,False,2,62.5,88.0,100.0,60.97889104140035,10,67.7,Pleasant,False,False,69.5,0.0,100.0,100.0,1.0,52.2,Average,24.4
19-02-25,-3.0,-9.3,-5.6,-7.0,-14.0,3.2,0.0,2.24,9.2,5.7,73,False,2,62.0,87.2,100.0,62.06320261034234,10,67.8,Pleasant,False,False,69.6,0.0,100.0,100.0,1.0,52.4,Average,24.8
20-02-25,-2.6,-11.7,-8.0,-6.0,-16.1,0.0,0.0,0.0,10.2,5.1,3,False,2,50.0,100.0,99.6,96.5949974814993,0,76.8,Nice,False,True,81.1,0.0,100.0,100.0,1.0,59.3,Average,38.6
21-02-25,-3.8,-15.5,-9.2,-7.6,-20.0,0.0,0.0,0.0,7.3,5.6,3,False,2,44.0,100.0,100.0,98.49995127271521,0,75.1,Nice,False,True,79.8,0.0,100.0,100.0,1.0,59.7,Average,39.4
22-02-25,-2.9,-18.7,-11.4,-6.5,-22.6,0.0,0.0,0.0,5.6,2.9,3,False,2,33.0,100.0,100.0,98.51030150176983,0,70.7,Pleasant,False,True,76.0,0.0,100.0,100.0,1.0,59.7,Average,39.4
23-02-25,-1.1,-16.8,-9.6,-4.7,-20.8,0.0,0.0,0.0,5.1,2.6,1,False,2,42.0,100.0,100.0,98.52044061561334,0,74.3,Pleasant,False,True,79.1,1.2,100.0,100.0,1.0,60.2,Pleasant,40.1
24-02-25,2.2,-11.0,-5.6,-1.1,-15.0,0.0,0.0,0.0,6.1,2.5,0,False,2,62.0,100.0,100.0,98.5304162530634,0,82.3,Nice,False,True,86.1,15.6,100.0,100.0,1.0,65.9,Pleasant,48.8
25-02-25,2.6,-7.9,-3.3,-0.0,-11.6,0.0,0.0,0.0,6.8,3.3,3,False,2,73.5,100.0,100.0,96.12885382205904,0,86.0,Nice,False,True,89.2,20.0,100.0,100.0,1.0,67.2,Pleasant,50.5
26-02-25,8.3,-6.2,-0.7,5.2,-9.8,0.0,0.0,0.0,3.9,1.9,3,False,2,86.5,100.0,100.0,97.22013727036331,0,91.6,Excellent,False,True,94.2,40.8,100.0,100.0,1.0,75.8,Nice,63.4
27-02-25,12.7,-2.8,3.2,8.9,-5.8,0.0,0.0,0.0,9.0,3.9,3,False,2,94.0,100.0,100.0,98.55934603614979,0,95.1,Excellent,False,True,97.3,55.6,100.0,100.0,1.0,82.0,Nice,72.8
28-02-25,12.7,0.1,4.9,10.1,-2.8,0.4,0.4,0.0,10.6,3.7,51,False,2,85.5,98.4,98.8,77.0237502875019,0,83.8,Nice,False,True,85.4,60.4,90.0,100.0,1.0,76.6,Nice,60.3
01-03-25,3.3,0.8,2.3,0.9,-2.0,4.3,4.2,0.07,8.1,3.9,71,False,8,71.5,82.8,100.0,0.0,-20,48.6,Average,False,False,47.4,23.6,75.0,100.0,1.0,41.9,Average,10.6
02-03-25,4.1,-1.1,1.5,0.1,-4.7,13.3,2.4,7.63,13.8,7.9,75,False,8,67.5,46.8,92.4,58.55379775184982,-20,61.5,Pleasant,True,False,63.3,20.4,90.0,100.0,1.0,56.9,Average,32.1
03-03-25,3.3,-3.5,-0.4,-1.3,-7.2,0.4,0.0,0.28,15.0,8.9,73,False,8,58.0,98.4,90.0,78.12185256040736,-20,72.1,Pleasant,False,True,75.3,14.8,100.0,100.0,1.0,61.5,Pleasant,40.1
04-03-25,8.9,-4.8,0.5,5.8,-8.4,0.0,0.0,0.0,7.6,4.3,0,False,8,62.5,100.0,100.0,97.34230914639153,0,82.1,Nice,False,True,85.8,43.2,100.0,100.0,1.0,76.7,Nice,64.9
05-03-25,13.0,-1.2,3.8,9.5,-4.8,0.0,0.0,0.0,7.8,3.6,0,False,8,79.0,100.0,100.0,96.8860434186485,0,88.5,Nice,False,True,91.4,58.0,100.0,100.0,1.0,82.6,Nice,73.6
06-03-25,15.4,-1.5,5.4,12.9,-4.9,0.0,0.0,0.0,5.3,2.7,2,False,8,87.0,100.0,100.0,96.43523266095734,0,91.6,Excellent,False,True,94.0,71.6,100.0,100.0,1.0,87.9,Nice,81.5
07-03-25,18.0,-1.0,6.3,14.8,-4.2,0.0,0.0,0.0,10.1,3.4,3,False,8,91.5,100.0,99.8,95.85742376306168,0,93.1,Excellent,False,True,95.3,79.2,100.0,100.0,1.0,90.9,Excellent,85.9
08-03-25,17.6,-3.5,4.5,14.7,-6.6,0.0,0.0,0.0,8.6,3.8,3,False,8,82.5,100.0,100.0,95.55036891852666,0,89.4,Nice,False,True,92.1,78.8,100.0,100.0,1.0,90.6,Excellent,85.5
09-03-25,17.9,-4.7,3.9,15.1,-7.6,0.0,0.0,0.0,9.5,3.6,3,False,8,79.5,100.0,100.0,91.69768042320418,0,86.9,Nice,False,True,89.5,80.4,100.0,100.0,1.0,90.5,Excellent,84.9
10-03-25,17.3,-3.2,5.0,13.5,-6.0,0.0,0.0,0.0,9.0,3.9,3,False,8,85.0,100.0,100.0,94.67688762642412,0,90.1,Excellent,False,True,92.6,74.0,100.0,100.0,1.0,88.5,Nice,82.3
11-03-25,18.0,0.5,7.1,16.0,-2.4,0.1,0.1,0.0,13.2,4.3,51,False,8,95.5,99.6,93.6,68.54019382595645,0,84.6,Nice,False,False,85.1,84.0,90.0,100.0,1.0,84.3,Nice,70.0
12-03-25,17.4,2.1,8.0,15.5,-0.5,0.0,0.0,0.0,12.0,6.1,3,False,8,100.0,100.0,96.0,61.338760143881075,0,84.1,Nice,False,False,84.1,82.0,100.0,100.0,1.0,85.1,Nice,73.7
13-03-25,16.9,4.3,9.7,14.2,1.7,0.9,0.9,0.0,22.4,9.1,51,False,8,91.5,96.4,75.2,53.42942317795904,0,75.8,Nice,False,False,75.4,76.8,90.0,100.0,1.0,78.4,Nice,60.7
14-03-25,17.9,3.3,9.7,15.8,0.9,0.1,0.1,0.0,18.3,7.3,51,False,8,91.5,99.6,83.4,70.63435615828693,0,82.9,Nice,False,True,83.6,83.2,90.0,100.0,1.0,84.4,Nice,70.4
15-03-25,22.4,7.4,13.8,18.2,4.9,3.5,3.5,0.0,23.2,9.8,63,False,8,71.0,86.0,73.6,50.80212679204193,0,65.0,Pleasant,False,False,65.4,92.8,75.0,100.0,1.0,79.8,Nice,57.0
16-03-25,13.5,7.2,9.4,12.3,4.8,17.7,17.7,0.0,11.2,4.6,63,False,8,93.0,29.200000000000003,97.6,45.463642195531214,0,65.3,Pleasant,True,False,64.9,69.2,20.0,100.0,1.0,52.8,Average,11.9
17-03-25,7.2,-0.8,4.2,4.7,-4.7,7.9,3.5,3.08,14.9,9.9,75,False,8,81.0,68.4,90.2,0.0,-20,49.5,Average,False,False,47.6,38.8,75.0,100.0,1.0,48.0,Average,17.5
18-03-25,-0.4,-6.4,-3.2,-4.4,-10.9,0.9,0.0,0.63,12.9,7.7,73,False,8,44.0,96.4,94.2,91.277764229535,-20,71.1,Pleasant,False,True,75.8,2.4,100.0,100.0,1.0,59.2,Average,38.0
19-03-25,4.6,-7.0,-1.3,-0.0,-11.3,0.0,0.0,0.0,13.7,9.7,2,False,8,53.5,100.0,92.6,91.6117751532243,0,75.9,Nice,False,True,79.6,20.0,100.0,100.0,1.0,66.3,Pleasant,48.6
20-03-25,8.5,-3.6,1.5,5.6,-7.2,0.0,0.0,0.0,7.4,4.4,0,False,8,67.5,100.0,100.0,93.84085830501844,0,82.8,Nice,False,True,86.2,42.4,100.0,100.0,1.0,75.7,Nice,63.0
21-03-25,12.3,-2.4,3.7,9.9,-5.6,0.0,0.0,0.0,5.8,2.8,0,False,8,78.5,100.0,100.0,94.69518425671109,0,87.5,Nice,False,True,90.4,59.6,100.0,100.0,1.0,82.8,Nice,73.6
22-03-25,15.9,-4.1,4.6,13.2,-6.9,0.0,0.0,0.0,10.1,4.9,3,False,8,83.0,100.0,99.8,86.94919464085616,0,86.6,Nice,False,True,88.8,72.8,100.0,100.0,1.0,86.5,Nice,78.5
23-03-25,17.6,1.8,8.0,15.8,-0.9,0.7,0.7,0.0,13.1,6.0,51,False,8,100.0,97.2,93.8,81.65433211979125,0,90.7,Excellent,False,True,91.6,83.2,90.0,100.0,1.0,86.6,Nice,74.3
24-03-25,20.2,3.0,10.6,17.9,0.6,0.0,0.0,0.0,15.7,7.1,3,False,8,87.0,100.0,88.6,83.85450578899703,0,86.2,Nice,False,True,87.9,91.6,100.0,100.0,1.0,93.4,Excellent,88.5
25-03-25,14.6,5.4,9.9,13.8,3.6,0.9,0.9,0.0,9.5,5.2,51,False,8,90.5,96.4,100.0,26.525070484479112,0,67.9,Pleasant,False,False,66.7,75.2,90.0,100.0,1.0,72.4,Pleasant,50.2
26-03-25,16.1,5.1,9.9,14.8,3.2,1.6,1.6,0.0,6.2,4.2,53,False,8,90.5,93.6,100.0,33.89203829848214,0,70.1,Pleasant,False,False,69.3,79.2,90.0,100.0,1.0,75.5,Nice,55.0
27-03-25,17.1,8.0,11.1,15.1,5.5,4.3,4.3,0.0,11.8,8.6,55,False,8,84.5,82.8,96.4,36.92188619661686,0,66.9,Pleasant,False,False,66.4,80.4,75.0,100.0,1.0,72.0,Pleasant,47.3
28-03-25,11.3,5.8,8.2,7.5,3.7,6.7,6.7,0.0,17.5,12.9,63,False,8,99.0,73.2,85.0,11.61801628781719,0,61.4,Pleasant,False,False,58.8,50.0,55.0,100.0,1.0,48.8,Average,19.1
29-03-25,8.3,5.0,6.1,5.5,2.3,7.8,7.6,0.14,12.3,8.3,71,False,8,90.5,68.8,95.4,3.6234837606800046,-20,55.0,Average,False,False,53.0,42.0,55.0,100.0,1.0,44.0,Average,14.7
30-03-25,12.4,5.3,8.2,10.3,3.6,0.1,0.1,0.0,5.1,2.5,51,False,8,99.0,99.6,100.0,24.248241178981715,0,71.0,Pleasant,False,False,69.3,61.2,90.0,100.0,1.0,66.3,Pleasant,41.8
31-03-25,12.5,4.4,8.3,10.5,2.4,4.1,4.1,0.0,9.3,3.4,61,False,8,98.5,83.6,100.0,84.24368511948626,0,89.4,Nice,False,True,90.7,62.0,75.0,100.0,1.0,74.1,Pleasant,53.2
01-04-25,14.3,5.1,9.3,11.2,3.2,0.2,0.2,0.0,13.8,7.6,51,False,15,71.5,99.2,92.4,72.92671495341297,0,76.4,Nice,False,True,78.3,64.8,90.0,100.0,1.0,77.5,Nice,61.2
02-04-25,12.2,5.0,8.0,8.9,3.0,2.2,2.2,0.0,12.1,5.7,53,False,15,65.0,91.2,95.8,60.553418103909316,0,68.5,Pleasant,False,False,70.2,55.6,90.0,100.0,1.0,71.4,Pleasant,51.8
03-04-25,9.9,6.2,7.6,7.7,4.0,6.8,6.8,0.0,8.9,5.6,55,False,15,63.0,72.8,100.0,13.260251073757031,0,48.8,Average,False,False,48.3,50.8,55.0,100.0,1.0,49.5,Average,19.7
04-04-25,12.2,6.1,8.6,10.4,4.1,1.8,1.8,0.0,8.3,4.1,53,False,15,68.0,92.8,100.0,64.76043217039935,0,71.8,Pleasant,False,False,73.6,61.6,90.0,100.0,1.0,74.6,Pleasant,56.6
05-04-25,14.9,5.2,9.1,12.7,2.5,5.9,5.9,0.0,17.5,7.6,63,False,15,70.5,76.4,85.0,91.07731690107478,0,78.3,Nice,False,True,81.1,70.8,75.0,100.0,1.0,79.0,Nice,59.2
06-04-25,5.7,-1.7,1.7,4.0,-6.3,13.3,5.0,5.81,23.9,14.5,75,False,15,33.5,46.8,72.2,57.69663488568092,-20,46.0,Average,True,False,49.0,36.0,75.0,100.0,1.0,58.4,Average,33.5
07-04-25,1.6,-4.1,-1.4,-3.7,-8.5,0.0,0.0,0.0,19.1,13.2,3,False,15,18.0,100.0,81.8,68.91978487362226,0,52.9,Average,False,False,57.0,5.2,100.0,100.0,1.0,55.9,Average,30.7
08-04-25,5.1,-3.7,0.3,0.2,-8.3,0.1,0.0,0.07,16.8,11.1,71,False,15,26.5,99.6,86.4,83.42353272078714,-20,61.3,Pleasant,False,True,66.2,20.8,100.0,100.0,1.0,65.0,Pleasant,45.8
09-04-25,5.4,-2.9,1.0,-0.2,-6.5,3.6,0.1,2.45,21.8,11.9,75,False,15,30.0,85.6,76.4,88.89703930568248,-20,61.7,Pleasant,False,True,66.5,19.2,90.0,100.0,1.0,62.5,Pleasant,42.4
10-04-25,5.2,-2.9,0.9,0.5,-7.8,4.4,2.3,1.54,26.9,12.6,73,False,15,29.5,82.4,66.2,22.761707744085207,-20,37.0,Poor,False,False,38.4,22.0,90.0,100.0,1.0,50.4,Average,20.1
11-04-25,2.3,-3.7,-0.5,-1.0,-9.2,2.8,0.3,1.82,19.4,12.6,73,False,15,22.5,88.8,81.2,0.0,-20,28.4,Poor,False,False,29.3,16.0,90.0,100.0,1.0,43.4,Average,8.6
12-04-25,7.5,0.7,3.2,4.1,-3.0,2.8,2.7,0.07,17.2,11.2,71,False,15,41.0,88.8,85.6,8.027947622903834,-20,39.0,Poor,False,False,39.4,36.4,90.0,100.0,1.0,53.2,Average,22.5
13-04-25,14.5,0.8,7.2,13.9,-2.2,0.0,0.0,0.0,11.6,4.5,1,False,15,61.0,100.0,96.8,96.31030455688986,0,80.9,Nice,False,True,84.6,75.6,100.0,100.0,1.0,89.5,Nice,83.9
14-04-25,13.6,1.4,7.8,11.1,-1.4,0.0,0.0,0.0,13.9,6.5,3,False,15,64.0,100.0,92.2,26.675179148264434,0,57.3,Average,False,False,57.3,64.4,100.0,100.0,1.0,71.1,Pleasant,49.3
15-04-25,14.8,5.0,10.0,13.2,2.7,0.1,0.1,0.0,7.6,4.0,51,False,15,75.0,99.6,100.0,12.984851235998395,0,57.5,Average,False,False,56.4,72.8,90.0,100.0,1.0,68.7,Pleasant,44.0
16-04-25,23.7,4.0,13.0,23.9,2.2,0.0,0.0,0.0,10.7,5.9,1,False,15,90.0,100.0,98.6,95.66213116422858,0,92.4,Excellent,False,True,94.6,100.0,100.0,100.0,1.0,99.1,Excellent,98.3
17-04-25,25.2,6.9,14.9,25.3,5.2,0.0,0.0,0.0,17.7,6.5,3,False,15,99.5,100.0,84.6,95.31020825280503,0,94.9,Excellent,False,True,96.4,100.0,100.0,100.0,1.0,99.1,Excellent,98.1
18-04-25,21.2,8.9,14.4,19.4,7.5,0.0,0.0,0.0,14.0,7.0,3,False,15,97.0,100.0,92.0,58.4378230693452,0,81.6,Nice,False,False,81.5,97.6,100.0,100.0,1.0,90.7,Excellent,81.9
19-04-25,17.0,6.9,11.9,15.5,5.3,1.1,1.1,0.0,10.8,5.1,51,False,15,84.5,95.6,98.4,56.18566205086506,0,75.7,Nice,False,False,76.2,82.0,90.0,100.0,1.0,81.0,Nice,64.5
20-04-25,19.3,7.9,13.2,18.8,6.5,0.1,0.1,0.0,7.5,3.8,51,False,15,91.0,99.6,100.0,94.27216050439634,0,92.3,Excellent,False,True,94.5,95.2,90.0,100.0,1.0,93.9,Excellent,85.3
21-04-25,21.9,7.3,13.8,20.8,5.8,0.0,0.0,0.0,8.5,3.2,2,False,15,94.0,100.0,100.0,94.63030133704565,0,93.7,Excellent,False,True,95.8,100.0,100.0,100.0,1.0,98.9,Excellent,97.9
22-04-25,20.4,5.8,13.4,20.6,4.6,0.6,0.6,0.0,12.5,4.1,51,False,15,92.0,97.6,95.0,94.87754739202614,0,92.2,Excellent,False,True,94.3,100.0,90.0,100.0,1.0,96.0,Excellent,88.2
23-04-25,20.3,6.6,13.2,19.2,5.4,0.1,0.1,0.0,10.9,5.3,51,False,15,91.0,99.6,98.2,93.26170250035022,0,91.8,Excellent,False,True,93.9,96.8,90.0,100.0,1.0,94.4,Excellent,85.8
24-04-25,20.7,4.5,12.9,19.0,2.7,0.2,0.2,0.0,13.0,6.5,51,False,15,89.5,99.2,94.0,95.38114219742802,0,91.6,Excellent,False,True,93.8,96.0,90.0,100.0,1.0,94.5,Excellent,86.2
25-04-25,20.8,5.9,13.3,20.6,4.2,0.1,0.1,0.0,7.5,4.0,51,False,15,91.5,99.6,100.0,94.95961442605669,0,92.8,Excellent,False,True,94.9,100.0,90.0,100.0,1.0,96.0,Excellent,88.2
26-04-25,17.3,7.5,11.8,16.7,6.0,8.4,8.4,0.0,16.6,6.7,63,False,15,84.0,66.4,86.8,59.39407431888032,0,71.3,Pleasant,False,False,71.8,86.8,55.0,100.0,1.0,73.1,Pleasant,41.7
27-04-25,11.4,4.8,8.4,9.3,2.3,0.2,0.2,0.0,8.7,5.4,51,False,15,67.0,99.2,100.0,13.079005633756873,0,54.3,Average,False,False,53.6,57.2,90.0,100.0,1.0,62.5,Pleasant,35.6
28-04-25,16.3,0.7,9.0,14.3,-2.0,0.0,0.0,0.0,14.6,6.4,1,False,15,70.0,100.0,90.8,95.7599514939579,0,83.8,Nice,False,True,86.9,77.2,100.0,100.0,1.0,90.0,Excellent,84.6
29-04-25,19.0,3.0,11.4,17.5,1.0,0.0,0.0,0.0,10.0,4.6,1,False,15,82.0,100.0,100.0,96.03685284956113,0,89.4,Nice,False,True,92.1,90.0,100.0,100.0,1.0,95.2,Excellent,92.4
30-04-25,20.4,7.3,13.7,19.7,5.0,0.0,0.0,0.0,8.1,4.7,2,False,15,93.5,100.0,100.0,95.64449064853503,0,93.9,Excellent,False,True,96.0,98.8,100.0,100.0,1.0,98.6,Excellent,97.5
01-05-25,20.1,8.0,13.5,19.5,5.9,2.5,2.5,0.0,16.2,6.1,61,False,20,67.5,90.0,87.6,96.54240905793779,0,81.3,Nice,False,True,84.5,98.0,90.0,100.0,1.0,95.5,Excellent,87.7
02-05-25,20.1,7.6,14.2,19.3,5.9,0.0,0.0,0.0,8.6,4.8,1,False,20,71.0,100.0,100.0,96.40434975459429,0,85.1,Nice,False,True,88.4,97.2,100.0,100.0,1.0,98.2,Excellent,96.9
03-05-25,22.3,8.9,15.5,21.5,7.5,0.0,0.0,0.0,8.6,5.0,2,False,20,77.5,100.0,100.0,96.26791513247835,0,87.7,Nice,False,True,90.6,100.0,100.0,100.0,1.0,99.3,Excellent,98.5
04-05-25,24.5,7.6,16.3,23.8,6.1,0.0,0.0,0.0,16.7,5.5,3,False,20,81.5,100.0,86.6,87.23834743300998,0,85.1,Nice,False,True,87.1,100.0,100.0,100.0,1.0,97.4,Excellent,94.9
05-05-25,22.5,11.3,16.4,22.8,10.3,0.6,0.6,0.0,14.8,4.2,51,False,20,82.0,97.6,90.4,77.64157594096443,0,81.8,Nice,False,True,83.4,100.0,90.0,100.0,1.0,92.5,Excellent,82.0
06-05-25,21.6,8.8,15.0,21.6,8.2,3.2,3.2,0.0,13.6,5.3,53,False,20,75.0,87.2,92.8,75.5887103824761,0,77.0,Nice,False,True,78.8,100.0,75.0,100.0,1.0,87.6,Nice,67.7
07-05-25,16.1,9.6,12.6,15.1,9.1,4.5,4.5,0.0,15.7,6.6,61,False,20,63.0,82.0,88.6,55.72018716615707,0,64.1,Pleasant,False,False,65.5,80.4,75.0,100.0,1.0,75.8,Nice,52.9
08-05-25,17.4,8.9,12.5,15.8,7.7,1.6,1.6,0.0,16.4,7.2,51,False,20,62.5,93.6,87.2,61.621001736974634,0,67.6,Pleasant,False,False,69.3,83.2,90.0,100.0,1.0,82.6,Nice,67.1
09-05-25,12.3,7.5,9.9,9.4,4.1,10.7,10.7,0.0,20.7,10.8,63,False,20,49.5,57.2,78.6,31.61182660006725,0,45.7,Average,True,False,46.4,57.6,40.0,100.0,1.0,51.4,Average,18.9
10-05-25,13.1,6.7,9.5,9.5,3.9,2.3,2.3,0.0,11.9,6.5,51,False,20,47.5,90.8,96.2,79.74831579058593,0,68.2,Pleasant,False,True,71.8,58.0,90.0,100.0,1.0,76.1,Nice,60.0
11-05-25,14.3,3.9,9.0,11.9,1.4,3.9,3.9,0.0,20.5,7.2,61,False,20,45.0,84.4,79.0,87.81206100912442,0,67.7,Pleasant,False,True,71.4,67.6,75.0,100.0,1.0,77.1,Nice,56.8
12-05-25,10.7,4.7,7.2,8.5,2.3,5.3,5.3,0.0,7.2,4.9,61,False,20,36.0,78.8,100.0,70.38742983168987,0,58.9,Average,False,True,62.6,54.0,75.0,100.0,1.0,68.2,Pleasant,45.4
13-05-25,12.4,2.3,7.0,10.5,0.0,0.5,0.5,0.0,7.7,3.7,51,False,20,35.0,98.0,100.0,84.35517024897621,0,66.2,Pleasant,False,True,70.7,62.0,90.0,100.0,1.0,78.7,Nice,63.8
14-05-25,13.7,2.6,8.7,11.6,-0.3,1.0,1.0,0.0,13.7,8.0,51,False,20,43.5,96.0,92.6,94.79035410147385,0,72.4,Pleasant,False,True,76.8,66.4,90.0,100.0,1.0,82.5,Nice,70.0
15-05-25,19.1,2.8,11.6,17.5,0.5,0.0,0.0,0.0,16.8,7.6,3,False,20,58.0,100.0,86.4,95.1598184054771,0,78.4,Nice,False,True,82.0,90.0,100.0,100.0,1.0,95.0,Excellent,92.1
16-05-25,11.1,4.8,8.0,9.4,3.1,13.2,13.2,0.0,13.7,6.6,61,False,20,40.0,47.2,92.6,6.817925709612712,0,32.9,Poor,True,False,33.1,57.6,20.0,100.0,1.0,40.4,Average,7.5
17-05-25,8.9,4.3,5.7,6.2,1.0,4.9,4.9,0.0,17.6,10.0,53,False,20,28.5,80.4,84.8,16.996083148650733,0,36.2,Poor,False,False,37.3,44.8,75.0,100.0,1.0,53.8,Average,25.3
18-05-25,15.4,2.7,8.9,13.0,0.2,2.4,2.4,0.0,15.8,8.6,61,False,20,44.5,90.4,88.4,86.44758607122506,0,68.7,Pleasant,False,True,72.6,72.0,90.0,100.0,1.0,83.1,Nice,70.0
19-05-25,15.2,4.6,9.1,14.4,2.5,9.5,9.5,0.0,25.2,9.8,63,False,20,45.5,62.0,69.6,79.60438096814036,0,60.9,Pleasant,False,True,64.0,77.6,40.0,100.0,1.0,69.0,Pleasant,31.4
20-05-25,14.3,5.0,9.2,11.8,1.3,0.7,0.7,0.0,17.2,12.5,51,False,20,46.0,97.2,85.6,87.31522164945706,0,70.4,Pleasant,False,True,74.2,67.2,90.0,100.0,1.0,81.3,Nice,67.7
21-05-25,19.5,4.6,12.3,18.5,2.7,0.0,0.0,0.0,11.3,5.5,3,False,20,61.5,100.0,97.4,94.12562327616659,0,80.3,Nice,False,True,83.9,94.0,100.0,100.0,1.0,96.4,Excellent,94.1
22-05-25,22.1,8.0,15.1,22.1,6.5,0.3,0.3,0.0,12.1,5.5,51,False,20,75.5,98.8,95.8,93.86608433340275,0,85.5,Nice,False,True,88.4,100.0,90.0,100.0,1.0,95.8,Excellent,87.8
23-05-25,21.9,7.6,14.8,22.7,6.7,1.1,1.1,0.0,8.5,3.1,53,False,20,74.0,95.6,100.0,91.44759931939723,0,83.9,Nice,False,True,86.8,100.0,90.0,100.0,1.0,95.3,Excellent,86.9
24-05-25,17.1,9.5,12.8,17.5,8.8,1.5,1.5,0.0,13.5,7.0,51,False,20,64.0,94.0,93.0,65.61711949010055,0,70.1,Pleasant,False,False,72.0,90.0,90.0,100.0,1.0,86.1,Nice,72.2
25-05-25,11.9,9.2,10.2,10.2,8.0,22.9,22.9,0.0,11.9,6.7,63,False,20,51.0,8.400000000000006,96.2,0.0,0,29.4,Poor,True,False,28.7,60.8,20.0,100.0,1.0,40.3,Average,7.3
26-05-25,11.4,8.8,9.7,9.0,7.0,18.9,18.9,0.0,16.4,9.0,61,False,20,48.5,24.400000000000006,87.2,0.6939617073254842,0,30.3,Poor,True,False,29.6,56.0,20.0,100.0,1.0,38.5,Poor,6.8
27-05-25,11.6,8.9,10.0,8.9,6.2,31.7,31.7,0.0,20.8,16.1,63,False,20,50.0,0.0,78.4,0.0,0,26.3,Poor,True,False,25.3,55.6,0.0,100.0,1.0,32.2,Poor,0.0
28-05-25,12.8,9.8,11.1,11.0,7.0,10.5,10.5,0.0,20.1,15.9,61,False,20,55.5,58.0,79.8,2.7013733359976055,0,38.2,Poor,True,False,37.2,64.0,40.0,100.0,1.0,48.1,Average,15.8
29-05-25,16.5,8.9,12.7,14.3,7.4,4.0,4.0,0.0,16.3,10.6,55,False,20,63.5,84.0,87.4,76.83670780050689,0,71.9,Pleasant,False,True,74.3,77.2,75.0,100.0,1.0,78.7,Nice,57.8
30-05-25,15.6,10.7,12.6,14.4,9.0,5.6,5.6,0.0,15.5,12.0,55,False,20,63.0,77.6,89.0,36.41343573509644,0,56.7,Average,False,False,57.2,77.6,75.0,100.0,1.0,70.8,Pleasant,45.8
31-05-25,18.9,8.7,13.8,17.1,6.6,0.1,0.1,0.0,14.4,8.9,51,False,20,69.0,99.6,91.2,94.60874071048747,0,82.9,Nice,False,True,86.1,88.4,90.0,100.0,1.0,91.3,Excellent,81.8
01-06-25,21.5,10.8,16.3,23.2,9.5,0.2,0.2,0.0,8.3,5.6,51,False,24,61.5,99.2,100.0,89.34189664457935,0,78.7,Nice,False,True,82.1,100.0,90.0,100.0,1.0,94.9,Excellent,86.2
02-06-25,24.4,12.5,18.2,25.7,11.8,0.0,0.0,0.0,6.8,3.7,2,False,24,71.0,100.0,100.0,96.27793397048478,0,85.1,Nice,False,True,88.4,100.0,100.0,100.0,1.0,99.3,Excellent,98.5
03-06-25,26.0,12.0,19.5,27.0,11.6,0.0,0.0,0.0,12.6,5.0,2,False,24,77.5,100.0,94.8,94.7611556322807,0,86.8,Nice,False,True,89.5,100.0,100.0,100.0,1.0,99.0,Excellent,97.9
04-06-25,25.2,15.7,20.2,27.1,15.9,1.7,1.7,0.0,11.4,5.0,61,False,24,81.0,93.2,97.2,96.18247122838775,0,87.8,Nice,False,True,90.5,99.2,90.0,100.0,1.0,95.9,Excellent,88.2
05-06-25,28.6,12.0,20.3,29.9,12.5,0.0,0.0,0.0,8.5,3.2,3,False,24,81.5,100.0,100.0,91.73345195157374,0,87.7,Nice,False,True,90.2,77.7,100.0,100.0,1.0,89.4,Nice,83.3
06-06-25,27.2,13.9,20.5,30.1,14.1,0.2,0.2,0.0,9.2,3.1,51,False,24,82.5,99.2,100.0,76.60742731695062,0,82.7,Nice,False,True,84.4,76.2,90.0,100.0,1.0,82.8,Nice,68.7
07-06-25,28.9,14.2,21.2,30.8,14.1,0.0,0.0,0.0,10.5,3.9,1,False,24,86.0,100.0,99.0,96.06843389108684,0,90.9,Excellent,False,True,93.4,70.8,100.0,100.0,1.0,87.5,Nice,80.9
08-06-25,29.6,13.6,22.1,31.4,14.4,0.0,0.0,0.0,10.6,5.4,1,False,24,90.5,100.0,98.8,96.03807783520838,0,92.7,Excellent,False,True,95.0,66.2,100.0,100.0,1.0,85.7,Nice,78.1
09-06-25,21.4,16.8,19.0,21.8,16.9,0.7,0.7,0.0,18.0,7.5,53,False,24,75.0,97.2,84.0,66.63928312143247,0,74.6,Pleasant,False,False,75.9,100.0,90.0,100.0,1.0,90.3,Excellent,78.0
10-06-25,21.8,13.6,17.6,21.4,12.2,0.2,0.2,0.0,11.2,6.0,51,False,24,68.0,99.2,97.6,81.83907506776252,0,78.5,Nice,False,True,81.2,100.0,90.0,100.0,1.0,93.4,Excellent,83.5
11-06-25,24.9,11.2,18.5,25.1,11.0,0.6,0.6,0.0,14.0,6.9,53,False,24,72.5,97.6,92.0,95.51070468001186,0,84.4,Nice,False,True,87.4,100.0,90.0,100.0,1.0,96.1,Excellent,88.4
12-06-25,22.1,13.3,17.9,20.3,12.5,0.0,0.0,0.0,14.3,8.9,3,False,24,69.5,100.0,91.4,95.80088743555393,0,83.6,Nice,False,True,86.8,100.0,100.0,100.0,1.0,99.2,Excellent,98.3
13-06-25,21.3,11.8,16.9,19.4,10.2,0.0,0.0,0.0,17.3,9.8,0,False,24,64.5,100.0,85.4,95.73656700726428,0,81.1,Nice,False,True,84.4,97.6,100.0,100.0,1.0,98.2,Excellent,96.9
14-06-25,20.7,9.7,15.4,18.7,8.3,0.0,0.0,0.0,15.0,6.9,2,False,24,57.0,100.0,90.0,95.68033412990164,0,78.5,Nice,False,True,82.2,94.8,100.0,100.0,1.0,97.1,Excellent,95.2
15-06-25,22.0,9.1,15.9,20.8,7.7,0.0,0.0,0.0,13.1,6.0,2,False,24,59.5,100.0,93.8,95.63229594724497,0,79.8,Nice,False,True,83.5,100.0,100.0,100.0,1.0,99.1,Excellent,98.3
16-06-25,25.3,11.4,18.9,24.5,9.6,0.0,0.0,0.0,13.4,7.0,3,False,24,74.5,100.0,93.2,95.59254633052079,0,85.7,Nice,False,True,88.6,100.0,100.0,100.0,1.0,99.1,Excellent,98.2
17-06-25,27.8,13.9,21.3,28.1,12.3,0.1,0.1,0.0,10.7,6.1,51,False,24,86.5,99.6,98.6,94.51019164717256,0,90.5,Excellent,False,True,92.9,91.5,90.0,100.0,1.0,92.5,Excellent,83.5
18-06-25,25.8,16.0,20.9,25.9,17.3,1.6,1.6,0.0,11.4,6.0,51,False,24,84.5,93.6,97.2,90.43282817899936,0,87.3,Nice,False,True,89.5,100.0,90.0,100.0,1.0,95.1,Excellent,86.6
19-06-25,28.0,15.5,22.4,27.8,15.1,0.0,0.0,0.0,13.9,8.7,1,False,24,92.0,100.0,92.2,95.52086732947535,0,92.6,Excellent,False,True,94.6,93.8,100.0,100.0,1.0,96.6,Excellent,94.5
20-06-25,23.6,14.7,19.4,21.9,13.2,3.7,3.7,0.0,17.5,10.3,55,False,24,77.0,85.2,85.0,82.77757682793849,0,79.4,Nice,False,True,81.3,100.0,75.0,100.0,1.0,89.1,Nice,69.8
21-06-25,21.2,10.5,16.6,18.5,8.1,0.0,0.0,0.0,13.4,7.5,3,False,24,63.00000000000001,100.0,93.2,95.51206494254419,0,81.1,Nice,False,True,84.6,94.0,100.0,100.0,1.0,96.7,Excellent,94.6
22-06-25,23.9,11.0,18.3,21.8,8.9,0.0,0.0,0.0,16.8,8.6,0,False,24,71.5,100.0,86.4,95.519211478296,0,83.9,Nice,False,True,86.9,100.0,100.0,100.0,1.0,99.1,Excellent,98.2
23-06-25,28.0,12.9,21.4,26.7,10.9,0.0,0.0,0.0,15.7,8.2,3,False,24,87.0,100.0,88.6,95.31547355044432,0,90.2,Excellent,False,True,92.4,100.0,100.0,100.0,1.0,99.1,Excellent,98.1
24-06-25,29.4,13.6,22.4,27.5,12.6,0.0,0.0,0.0,24.7,11.3,2,False,24,92.0,100.0,70.6,95.55632983709239,0,90.9,Excellent,False,True,92.5,96.2,100.0,100.0,1.0,97.6,Excellent,95.9
25-06-25,29.9,16.8,24.1,29.2,15.0,0.0,0.0,0.0,18.3,11.5,1,False,24,99.5,100.0,83.4,95.58621788347332,0,94.9,Excellent,False,True,96.4,83.1,100.0,100.0,1.0,92.3,Excellent,88.1
26-06-25,31.2,18.9,25.7,30.1,18.9,0.4,0.4,0.0,18.3,9.5,51,False,24,91.5,98.4,83.4,95.62355767800503,0,91.5,Excellent,False,True,93.4,76.2,90.0,100.0,1.0,86.6,Nice,75.5
27-06-25,31.6,18.7,24.1,32.1,19.2,0.8,0.8,0.0,15.0,5.6,51,False,24,99.5,96.8,90.0,89.00019682873649,0,92.7,Excellent,False,True,93.9,60.8,90.0,100.0,1.0,79.1,Nice,64.9
28-06-25,23.2,16.4,19.7,23.2,16.6,9.9,9.9,0.0,19.7,12.6,63,False,24,78.5,60.4,80.6,58.51638246847828,0,67.4,Pleasant,False,False,68.0,100.0,40.0,100.0,1.0,73.7,Pleasant,33.4
29-06-25,23.4,13.9,18.8,21.4,12.4,0.1,0.1,0.0,19.5,13.2,51,False,24,74.0,99.6,81.0,67.47940643421002,0,74.6,Pleasant,False,False,75.9,100.0,90.0,100.0,1.0,90.5,Excellent,78.3
30-06-25,26.4,17.4,21.9,25.5,17.3,0.2,0.2,0.0,20.9,12.2,51,False,24,89.5,99.2,78.2,94.43528774040195,0,90.0,Excellent,False,True,91.8,100.0,90.0,100.0,1.0,95.9,Excellent,88.0
01-07-25,25.9,12.9,19.7,24.3,11.3,0.0,0.0,0.0,14.5,6.8,2,False,26,68.5,100.0,91.0,95.92050108869769,0,83.3,Nice,False,True,86.4,100.0,100.0,100.0,1.0,99.2,Excellent,98.4
02-07-25,26.5,11.3,19.7,25.7,10.2,0.0,0.0,0.0,12.6,5.1,0,False,26,68.5,100.0,94.8,96.00155309179225,0,83.6,Nice,False,True,86.9,100.0,100.0,100.0,1.0,99.2,Excellent,98.4
03-07-25,30.5,14.3,23.2,29.4,13.4,0.0,0.0,0.0,9.0,4.1,0,False,26,86.0,100.0,100.0,96.08966660622508,0,91.0,Excellent,False,True,93.5,81.5,100.0,100.0,1.0,91.8,Excellent,87.4
04-07-25,33.4,16.8,25.4,32.7,15.7,0.0,0.0,0.0,14.8,5.0,1,False,26,97.0,100.0,90.4,96.18482876695859,0,94.7,Excellent,False,True,96.5,56.2,100.0,100.0,1.0,81.7,Nice,72.2
05-07-25,30.8,18.7,23.2,31.8,18.3,3.3,3.3,0.0,11.9,5.0,63,False,26,86.0,86.8,96.2,79.29673430290737,0,82.9,Nice,False,True,84.5,63.1,75.0,100.0,1.0,73.6,Pleasant,52.2
06-07-25,31.1,16.7,23.8,30.4,18.0,0.0,0.0,0.0,9.1,4.8,2,False,26,89.0,100.0,100.0,96.396123804755,0,92.3,Excellent,False,True,94.7,73.8,100.0,100.0,1.0,88.8,Nice,82.9
07-07-25,33.2,17.6,26.0,34.9,17.8,0.0,0.0,0.0,15.1,7.6,3,False,26,100.0,100.0,89.8,96.51339981319296,0,96.0,Excellent,False,True,97.6,39.2,100.0,100.0,1.0,75.0,Nice,62.1
08-07-25,33.2,16.2,24.9,33.3,18.1,0.0,0.0,0.0,17.9,8.5,3,False,26,94.5,100.0,84.2,95.14938768497855,0,92.8,Excellent,False,True,94.6,51.5,100.0,100.0,1.0,79.6,Nice,69.0
09-07-25,23.7,13.9,18.7,24.1,12.6,11.3,11.3,0.0,20.2,8.4,63,False,26,63.5,54.8,79.6,69.77438389074887,0,64.4,Pleasant,True,False,66.3,100.0,40.0,100.0,1.0,76.0,Nice,35.2
10-07-25,18.7,12.2,15.0,16.8,10.7,2.4,2.4,0.0,21.8,15.2,51,False,26,45.0,90.4,76.4,82.24171507425488,0,66.5,Pleasant,False,True,69.8,87.2,90.0,100.0,1.0,88.3,Nice,76.7
11-07-25,19.7,12.3,15.9,19.5,12.1,0.6,0.6,0.0,8.4,5.2,51,False,26,49.5,97.6,100.0,86.75592739837963,0,72.8,Pleasant,False,True,76.7,98.0,90.0,100.0,1.0,93.6,Excellent,84.2
12-07-25,22.9,9.5,16.5,23.4,8.8,0.2,0.2,0.0,7.1,3.6,51,False,26,52.5,99.2,100.0,97.21752728623979,0,77.9,Nice,False,True,82.1,100.0,90.0,100.0,1.0,96.4,Excellent,89.0
13-07-25,27.6,11.0,19.7,27.3,10.4,0.0,0.0,0.0,7.5,3.5,1,False,26,68.5,100.0,100.0,97.31022468445171,0,84.5,Nice,False,True,87.9,97.7,100.0,100.0,1.0,98.5,Excellent,97.5
14-07-25,30.4,12.8,21.4,31.1,12.6,0.0,0.0,0.0,10.7,4.2,3,False,26,77.0,100.0,98.6,97.4057724773526,0,87.8,Nice,False,True,90.8,68.5,100.0,100.0,1.0,86.9,Nice,80.0
15-07-25,27.5,15.9,21.6,28.7,15.9,1.5,1.5,0.0,13.9,5.3,55,False,26,78.0,94.0,92.2,94.14223109285825,0,85.6,Nice,False,True,88.3,86.9,90.0,100.0,1.0,90.6,Excellent,80.8
16-07-25,26.6,15.7,20.1,27.7,16.0,7.0,7.0,0.0,15.6,5.9,63,False,26,70.5,72.0,88.8,66.80269086755092,0,69.5,Pleasant,False,False,71.1,94.6,55.0,100.0,1.0,77.7,Nice,45.9
17-07-25,22.7,14.2,17.7,23.8,13.2,17.7,17.7,0.0,14.0,5.0,63,False,26,58.5,29.200000000000003,92.0,58.60234764898996,0,55.7,Average,True,False,57.5,100.0,20.0,100.0,1.0,67.7,Pleasant,16.7
18-07-25,20.1,11.7,15.6,18.5,10.7,1.1,1.1,0.0,19.9,13.6,51,False,26,48.0,95.6,80.2,97.81346107425142,0,74.2,Pleasant,False,True,78.3,94.0,90.0,100.0,1.0,94.2,Excellent,86.0
19-07-25,22.2,12.2,17.3,21.6,11.8,1.3,1.3,0.0,13.4,7.9,53,False,26,56.5,94.8,93.2,97.92093223492671,0,78.5,Nice,False,True,82.5,100.0,90.0,100.0,1.0,96.6,Excellent,89.3
20-07-25,26.2,13.2,20.0,26.0,12.6,0.0,0.0,0.0,10.9,5.5,1,False,26,70.0,100.0,98.2,98.03030156231519,0,85.2,Nice,False,True,88.5,100.0,100.0,100.0,1.0,99.6,Excellent,99.2
21-07-25,29.5,16.6,23.0,30.7,16.9,0.0,0.0,0.0,7.0,4.2,1,False,26,85.0,100.0,100.0,98.14141915267663,0,91.3,Excellent,False,True,94.0,71.5,100.0,100.0,1.0,88.2,Nice,82.2
22-07-25,28.8,15.1,22.2,30.4,15.6,10.9,10.9,0.0,16.8,6.8,63,False,26,81.0,56.4,86.4,96.49187135325414,0,81.5,Nice,True,True,84.0,73.8,40.0,100.0,1.0,70.8,Pleasant,33.2
23-07-25,28.5,15.8,22.6,29.6,15.8,0.0,0.0,0.0,6.8,3.7,1,False,26,83.0,100.0,100.0,98.02732419337059,0,90.5,Excellent,False,True,93.3,80.0,100.0,100.0,1.0,91.6,Excellent,87.2
24-07-25,30.2,17.0,23.9,32.4,18.6,1.1,1.1,0.0,8.1,3.6,53,False,26,89.5,95.6,100.0,92.9897664054776,0,90.7,Excellent,False,True,92.9,58.5,90.0,100.0,1.0,79.0,Nice,65.0
25-07-25,31.1,16.3,24.6,32.4,17.2,0.3,0.3,0.0,18.9,5.8,51,False,26,93.0,98.8,82.2,97.8903850740584,0,92.9,Excellent,False,True,94.7,58.5,90.0,100.0,1.0,80.0,Nice,66.8
26-07-25,34.8,19.2,26.5,37.0,20.1,0.2,0.2,0.0,10.5,4.5,51,False,26,97.5,99.2,99.0,97.49509412533092,0,95.9,Excellent,False,True,97.9,23.1,90.0,100.0,1.0,65.7,Pleasant,47.6
27-07-25,31.8,16.9,25.2,31.4,18.5,0.0,0.0,0.0,17.5,9.5,3,False,26,96.0,100.0,85.0,93.14566361286724,0,92.8,Excellent,False,True,94.4,66.2,100.0,100.0,1.0,85.1,Nice,77.0
28-07-25,26.8,17.0,21.0,28.5,18.8,2.4,2.4,0.0,13.3,6.3,61,False,26,75.0,90.4,93.4,83.33444473171092,0,80.2,Nice,False,True,82.5,88.5,90.0,100.0,1.0,89.1,Nice,77.8
29-07-25,21.2,16.2,18.4,23.3,17.5,23.8,23.8,0.0,10.9,5.2,63,False,26,61.99999999999999,4.799999999999997,98.2,21.502109565955312,0,40.9,Average,True,False,40.8,100.0,20.0,100.0,1.0,60.3,Pleasant,13.7
30-07-25,21.3,15.9,18.0,21.9,16.4,4.8,4.8,0.0,9.4,6.3,55,False,26,60.0,80.8,100.0,62.709220984322165,0,66.1,Pleasant,False,False,68.2,100.0,75.0,100.0,1.0,85.0,Nice,63.8
31-07-25,20.2,15.4,17.5,20.8,16.0,0.9,0.9,0.0,7.0,3.9,51,False,26,57.5,96.4,100.0,46.772910102026295,0,61.8,Pleasant,False,False,63.3,100.0,90.0,100.0,1.0,86.4,Nice,70.8
01-08-25,23.7,12.1,18.4,24.2,11.5,0.1,0.1,0.0,7.1,3.8,51,False,25,67.0,99.6,100.0,96.63045383621966,0,83.6,Nice,False,True,87.0,100.0,90.0,100.0,1.0,96.3,Excellent,88.8
02-08-25,25.7,12.7,19.3,27.6,12.6,0.2,0.2,0.0,6.3,2.9,51,False,25,71.5,99.2,100.0,94.81170979290343,0,84.7,Nice,False,True,87.8,95.4,90.0,100.0,1.0,94.1,Excellent,85.6
03-08-25,27.5,12.3,19.9,28.0,11.9,0.0,0.0,0.0,8.3,3.6,2,False,25,74.5,100.0,100.0,94.33059462554793,0,85.8,Nice,False,True,88.8,92.3,100.0,100.0,1.0,95.8,Excellent,93.1
04-08-25,27.7,12.8,20.0,29.1,12.8,0.3,0.3,0.0,8.8,4.0,51,False,25,75.0,98.8,100.0,92.0778062762742,0,85.0,Nice,False,True,87.9,83.8,90.0,100.0,1.0,89.0,Nice,78.4
05-08-25,26.9,14.5,20.9,29.7,15.2,0.5,0.5,0.0,6.4,3.5,51,False,25,79.5,98.0,100.0,91.75552336351575,0,86.6,Nice,False,True,89.2,79.2,90.0,100.0,1.0,87.0,Nice,75.8
06-08-25,25.2,15.4,20.1,27.4,15.9,4.8,4.8,0.0,8.8,4.6,63,False,25,75.5,80.8,100.0,92.16376753915938,0,82.6,Nice,False,True,85.4,96.9,75.0,100.0,1.0,89.7,Nice,71.3
07-08-25,24.7,16.5,19.8,25.9,17.5,0.7,0.7,0.0,8.2,4.7,51,False,25,74.0,97.2,100.0,54.447716903815625,0,71.2,Pleasant,False,False,72.3,100.0,90.0,100.0,1.0,87.9,Nice,73.6
08-08-25,26.6,12.8,19.8,27.6,13.3,0.0,0.0,0.0,8.2,3.8,2,False,25,74.0,100.0,100.0,92.32581311116583,0,84.9,Nice,False,True,87.8,95.4,100.0,100.0,1.0,96.6,Excellent,94.2
09-08-25,28.7,14.4,21.7,29.6,14.3,0.0,0.0,0.0,5.8,3.6,0,False,25,83.5,100.0,100.0,94.77969359741869,0,89.6,Nice,False,True,92.1,80.0,100.0,100.0,1.0,91.0,Excellent,85.9
10-08-25,30.8,14.7,23.1,31.5,14.8,0.0,0.0,0.0,9.6,4.7,0,False,25,90.5,100.0,100.0,93.4392832056259,0,91.9,Excellent,False,True,94.1,65.4,100.0,100.0,1.0,84.8,Nice,76.6
11-08-25,28.7,18.0,22.8,29.7,18.2,0.2,0.2,0.0,15.7,5.9,51,False,25,89.0,99.2,88.6,93.79462883904566,0,90.4,Excellent,False,True,92.4,79.2,90.0,100.0,1.0,87.5,Nice,76.6
12-08-25,27.6,15.0,21.3,28.0,14.8,0.0,0.0,0.0,7.8,5.5,1,False,25,81.5,100.0,100.0,92.12304036830105,0,87.8,Nice,False,True,90.4,92.3,100.0,100.0,1.0,95.3,Excellent,92.2
13-08-25,28.4,13.7,21.7,28.0,14.0,0.0,0.0,0.0,9.5,6.2,0,False,25,83.5,100.0,100.0,93.83951843263245,0,89.2,Nice,False,True,91.8,92.3,100.0,100.0,1.0,95.7,Excellent,92.9
14-08-25,30.3,13.4,22.2,30.0,13.7,0.0,0.0,0.0,14.2,6.4,0,False,25,86.0,100.0,91.6,93.52731827678127,0,89.5,Nice,False,True,91.7,76.9,100.0,100.0,1.0,89.5,Nice,83.6
15-08-25,30.1,14.8,22.3,28.6,14.5,0.0,0.0,0.0,16.2,6.2,2,False,25,86.5,100.0,87.6,93.8962903950728,0,89.5,Nice,False,True,91.6,87.7,100.0,100.0,1.0,93.9,Excellent,90.2
16-08-25,28.7,14.8,22.1,29.6,14.9,0.0,0.0,0.0,7.8,4.3,1,False,25,85.5,100.0,100.0,93.59158145576743,0,90.0,Excellent,False,True,92.4,80.0,100.0,100.0,1.0,90.7,Excellent,85.4
17-08-25,29.1,14.4,21.8,28.2,14.9,1.2,1.2,0.0,12.6,5.1,53,False,25,84.0,95.2,94.8,93.97234770195595,0,88.4,Nice,False,True,90.7,90.8,90.0,100.0,1.0,92.1,Excellent,82.8
18-08-25,21.7,14.8,17.8,22.2,15.4,20.7,20.7,0.0,8.7,3.5,65,False,25,64.0,17.200000000000003,100.0,44.319804594445685,0,51.7,Average,True,False,52.7,100.0,20.0,100.0,1.0,64.9,Pleasant,15.5
19-08-25,22.4,12.6,17.3,22.2,13.0,0.7,0.7,0.0,6.1,3.2,51,False,25,61.5,97.2,100.0,79.67354322080398,0,75.1,Nice,False,True,78.0,100.0,90.0,100.0,1.0,92.9,Excellent,82.7
20-08-25,23.8,12.2,17.9,23.6,11.9,0.0,0.0,0.0,11.0,5.4,1,False,25,64.5,100.0,98.0,93.78651926753254,0,81.5,Nice,False,True,84.9,100.0,100.0,100.0,1.0,98.8,Excellent,97.5
21-08-25,28.1,13.4,20.5,28.5,13.3,0.0,0.0,0.0,9.2,5.0,3,False,25,77.5,100.0,100.0,94.18986958619732,0,87.0,Nice,False,True,89.8,88.5,100.0,100.0,1.0,94.2,Excellent,90.8
22-08-25,25.1,15.8,19.5,27.4,16.2,3.0,3.0,0.0,13.6,5.6,61,False,25,72.5,88.0,92.8,69.83784748550188,0,74.1,Pleasant,False,False,75.8,96.9,75.0,100.0,1.0,85.2,Nice,64.6
23-08-25,17.3,13.4,15.1,17.1,11.6,1.0,1.0,0.0,17.5,11.1,51,False,25,50.5,96.0,85.0,17.833950623149672,0,47.6,Average,False,False,47.7,88.4,90.0,100.0,1.0,75.9,Nice,54.2
24-08-25,18.2,10.2,14.2,14.8,8.6,0.2,0.2,0.0,26.0,11.9,51,False,25,46.0,99.2,68.0,94.96797570280869,0,72.0,Pleasant,False,True,75.8,79.2,90.0,100.0,1.0,87.7,Nice,77.0
25-08-25,19.1,6.2,12.4,17.0,4.3,0.0,0.0,0.0,11.8,5.6,3,False,25,37.0,100.0,96.4,94.26262046097742,0,70.5,Pleasant,False,True,75.3,88.0,100.0,100.0,1.0,94.1,Excellent,90.5
26-08-25,22.3,8.4,15.0,20.0,6.4,0.0,0.0,0.0,11.2,5.0,3,False,25,50.0,100.0,97.6,95.67574264206519,0,76.3,Nice,False,True,80.5,100.0,100.0,100.0,1.0,99.1,Excellent,98.3
27-08-25,24.5,8.1,16.0,23.5,6.8,0.0,0.0,0.0,6.6,3.6,3,False,25,55.0,100.0,100.0,95.96320609931998,0,78.6,Nice,False,True,82.6,100.0,100.0,100.0,1.0,99.2,Excellent,98.4
28-08-25,27.3,7.7,17.6,26.6,6.2,0.0,0.0,0.0,11.1,5.5,0,False,25,63.00000000000001,100.0,97.8,96.10144948432799,0,81.7,Nice,False,True,85.3,100.0,100.0,100.0,1.0,99.2,Excellent,98.4
29-08-25,28.8,9.7,19.2,27.1,8.4,0.0,0.0,0.0,12.1,5.0,0,False,25,71.0,100.0,95.8,96.24057181055355,0,84.7,Nice,False,True,87.9,99.2,100.0,100.0,1.0,98.9,Excellent,98.0
30-08-25,30.0,11.4,20.8,29.9,10.6,0.0,0.0,0.0,9.0,5.0,0,False,25,79.0,100.0,100.0,96.38059510975712,0,88.3,Nice,False,True,91.2,77.7,100.0,100.0,1.0,90.4,Excellent,85.2
31-08-25,22.1,13.8,17.5,21.4,13.0,6.7,6.7,0.0,10.5,5.7,61,False,25,62.5,73.2,99.0,34.11756396307499,0,55.8,Average,False,False,56.4,100.0,55.0,100.0,1.0,73.3,Pleasant,40.5
01-09-25,21.3,14.3,17.5,21.0,14.7,1.6,1.6,0.0,15.6,9.7,53,False,21,82.5,93.6,88.8,58.9307092964595,0,74.8,Pleasant,False,False,75.4,100.0,90.0,100.0,1.0,88.8,Nice,75.2
02-09-25,26.8,16.0,20.3,27.5,16.3,0.0,0.0,0.0,6.9,4.8,3,False,21,96.5,100.0,100.0,82.93856167212329,0,90.6,Excellent,False,True,92.0,96.2,100.0,100.0,1.0,95.0,Excellent,90.9
03-09-25,29.4,13.7,21.3,29.6,13.7,0.0,0.0,0.0,9.7,4.8,1,False,21,98.5,100.0,100.0,96.49738613422298,0,96.2,Excellent,False,True,98.1,80.0,100.0,100.0,1.0,91.3,Excellent,86.6
04-09-25,28.5,14.4,21.0,28.0,14.4,0.0,0.0,0.0,14.4,5.7,3,False,21,100.0,100.0,91.2,96.27887785287159,0,96.0,Excellent,False,True,97.6,92.3,100.0,100.0,1.0,96.2,Excellent,93.9
05-09-25,27.7,12.1,19.2,25.6,11.6,0.0,0.0,0.0,13.8,6.3,3,False,21,91.0,100.0,92.4,96.06393333483449,0,92.4,Excellent,False,True,94.5,100.0,100.0,100.0,1.0,99.2,Excellent,98.4
06-09-25,27.1,10.9,18.9,26.0,9.8,0.0,0.0,0.0,5.7,2.2,3,False,21,89.5,100.0,100.0,93.73814612357315,0,91.6,Excellent,False,True,93.8,100.0,100.0,100.0,1.0,98.7,Excellent,97.5
07-09-25,26.0,12.8,19.5,25.4,11.8,0.0,0.0,0.0,11.0,3.8,3,False,21,92.5,100.0,98.0,94.93833079344837,0,93.1,Excellent,False,True,95.2,100.0,100.0,100.0,1.0,99.0,Excellent,98.0
08-09-25,25.1,12.5,18.7,24.1,11.8,0.0,0.0,0.0,7.9,3.4,3,False,21,88.5,100.0,100.0,95.44081044805672,0,91.8,Excellent,False,True,94.2,100.0,100.0,100.0,1.0,99.1,Excellent,98.2
09-09-25,25.2,10.5,16.4,25.6,9.9,16.4,16.4,0.0,15.2,4.4,65,False,21,77.0,34.400000000000006,89.6,64.81310146229,0,65.8,Pleasant,True,False,67.0,100.0,20.0,100.0,1.0,69.0,Pleasant,17.2
10-09-25,25.7,12.3,18.2,25.0,11.9,0.0,0.0,0.0,13.5,6.7,3,False,21,86.0,100.0,93.0,72.3460450348673,0,82.2,Nice,False,True,83.3,100.0,100.0,100.0,1.0,94.5,Excellent,88.9
11-09-25,26.0,15.6,18.6,25.4,15.1,5.0,5.0,0.0,9.7,5.8,61,False,21,88.0,80.0,100.0,21.19860362353555,0,62.6,Pleasant,False,False,61.3,100.0,75.0,100.0,1.0,76.7,Nice,51.4
12-09-25,20.6,14.9,17.0,21.9,15.9,9.4,9.4,0.0,5.8,2.7,61,False,21,80.0,62.4,100.0,40.66376519736162,0,63.6,Pleasant,False,False,63.6,100.0,40.0,100.0,1.0,70.1,Pleasant,30.5
13-09-25,22.8,13.7,17.5,22.0,14.3,0.4,0.4,0.0,13.8,6.7,51,False,21,82.5,98.4,92.4,75.45898908820672,0,81.6,Nice,False,True,83.1,100.0,90.0,100.0,1.0,92.1,Excellent,81.2
14-09-25,21.9,12.7,16.7,20.3,12.5,0.0,0.0,0.0,15.7,7.3,3,False,21,78.5,100.0,88.6,95.21469039246305,0,86.8,Nice,False,True,89.4,100.0,100.0,100.0,1.0,99.0,Excellent,98.1
15-09-25,21.1,10.8,15.7,18.8,10.0,0.0,0.0,0.0,17.7,8.5,3,False,21,73.5,100.0,84.6,93.17821286685047,0,83.8,Nice,False,True,86.5,95.2,100.0,100.0,1.0,96.7,Excellent,94.4
16-09-25,22.6,10.2,15.7,23.0,8.8,0.0,0.0,0.0,5.4,3.4,2,False,21,73.5,100.0,100.0,95.77938907881692,0,85.9,Nice,False,True,89.0,100.0,100.0,100.0,1.0,99.2,Excellent,98.3
17-09-25,15.5,10.3,12.8,12.8,8.5,16.3,16.3,0.0,18.3,11.2,63,False,21,59.0,34.8,83.4,44.0716123882047,0,50.9,Average,True,False,51.8,71.2,20.0,100.0,1.0,53.3,Average,12.1
18-09-25,15.9,8.9,12.0,11.9,6.1,0.0,0.0,0.0,20.6,14.0,3,False,21,55.0,100.0,78.8,96.2712872889767,0,77.0,Nice,False,True,80.6,67.6,100.0,100.0,1.0,86.3,Nice,79.1
19-09-25,18.6,6.9,12.9,16.1,4.8,0.0,0.0,0.0,15.0,8.7,3,False,21,59.5,100.0,90.0,80.68130697315634,0,74.2,Pleasant,False,True,77.1,84.4,100.0,100.0,1.0,89.9,Nice,82.9
20-09-25,22.7,11.5,16.0,22.2,11.1,0.3,0.3,0.0,6.2,4.1,51,False,21,75.0,98.8,100.0,96.76850896667814,0,86.7,Nice,False,True,89.8,100.0,90.0,100.0,1.0,96.4,Excellent,88.8
21-09-25,26.4,9.0,16.4,26.3,8.6,0.0,0.0,0.0,11.9,5.3,3,False,21,77.0,100.0,96.2,97.01850551459066,0,87.5,Nice,False,True,90.4,100.0,100.0,100.0,1.0,99.4,Excellent,98.8
22-09-25,25.3,9.4,16.3,23.0,8.0,0.0,0.0,0.0,11.2,5.7,0,False,21,76.5,100.0,97.6,97.2691128910672,0,87.5,Nice,False,True,90.4,100.0,100.0,100.0,1.0,99.5,Excellent,98.9
23-09-25,23.6,7.3,14.9,22.4,6.0,0.0,0.0,0.0,4.4,2.1,0,False,21,69.5,100.0,100.0,97.52008373213688,0,84.9,Nice,False,True,88.3,100.0,100.0,100.0,1.0,99.5,Excellent,99.0
24-09-25,23.4,10.1,16.0,21.7,9.2,0.0,0.0,0.0,14.8,7.5,3,False,21,75.0,100.0,90.4,97.62722494394357,0,86.4,Nice,False,True,89.3,100.0,100.0,100.0,1.0,99.5,Excellent,99.1
25-09-25,16.5,9.8,12.2,13.0,6.5,0.0,0.0,0.0,17.5,13.3,3,False,21,56.0,100.0,85.0,63.803568705200554,0,66.5,Pleasant,False,False,68.6,72.0,100.0,100.0,1.0,81.6,Nice,68.7
26-09-25,11.2,8.1,10.0,7.9,5.3,1.6,1.6,0.0,14.3,10.4,53,False,21,45.0,93.6,91.4,0.0,0,39.4,Poor,False,False,38.9,51.6,90.0,100.0,1.0,57.6,Average,27.9
27-09-25,14.8,5.7,10.9,11.3,3.5,0.2,0.2,0.0,10.1,7.6,51,False,21,49.5,99.2,99.8,47.82751001609943,0,59.4,Average,False,False,61.3,65.2,90.0,100.0,1.0,72.6,Pleasant,52.4
28-09-25,15.8,2.4,8.9,13.9,0.1,0.0,0.0,0.0,8.6,3.6,3,False,21,39.5,100.0,100.0,83.68483500827891,0,68.1,Pleasant,False,True,72.3,75.6,100.0,100.0,1.0,87.0,Nice,78.8
29-09-25,11.6,6.5,8.8,9.7,4.4,5.9,5.9,0.0,6.7,3.5,55,False,21,39.0,76.4,100.0,4.004675241706656,0,36.5,Poor,False,False,36.7,58.8,75.0,100.0,1.0,56.8,Average,27.7
30-09-25,11.8,5.9,8.2,8.3,3.4,2.4,2.4,0.0,12.3,8.0,53,False,21,36.0,90.4,95.4,91.9003407495166,0,67.8,Pleasant,False,True,72.5,53.2,90.0,100.0,1.0,76.7,Nice,61.8
01-10-25,11.2,4.6,7.2,9.2,1.8,3.5,3.5,0.0,9.0,5.3,63,False,15,61.0,86.0,100.0,59.023040043902974,0,66.0,Pleasant,False,False,67.9,56.8,75.0,100.0,1.0,67.0,Pleasant,43.3
02-10-25,7.2,2.8,5.0,4.1,-0.5,8.1,8.1,0.0,11.9,8.3,53,False,15,50.0,67.6,96.2,0.0,0,37.8,Poor,False,False,37.3,36.4,55.0,100.0,1.0,41.1,Average,12.0
03-10-25,3.9,1.9,2.8,1.6,-1.4,17.9,15.4,1.75,14.9,7.8,73,False,15,39.0,28.400000000000006,90.2,0.0,-20,26.7,Poor,True,False,26.9,26.4,20.0,100.0,1.0,26.6,Poor,3.2
04-10-25,9.5,2.8,5.8,7.5,-0.5,10.1,10.1,0.0,11.0,5.3,63,False,15,54.0,59.6,98.0,19.92850994028537,0,45.4,Average,True,False,45.6,50.0,40.0,100.0,1.0,46.0,Average,15.2
05-10-25,11.9,4.4,8.0,9.6,2.3,0.0,0.0,0.0,9.6,4.3,3,False,15,65.0,100.0,100.0,61.49750669414844,0,70.5,Pleasant,False,False,72.3,58.4,100.0,100.0,1.0,75.7,Nice,59.6
06-10-25,9.1,6.9,7.7,7.0,4.7,6.1,6.1,0.0,9.5,5.3,61,False,15,63.5,75.6,100.0,0.9277317064224907,0,45.1,Average,False,False,43.9,48.0,55.0,100.0,1.0,45.9,Average,16.0
07-10-25,7.6,6.4,7.0,5.5,4.2,26.0,26.0,0.0,13.7,9.7,63,False,15,60.0,0.0,92.6,0.0,0,31.4,Poor,True,False,30.3,42.0,0.0,100.0,1.0,26.8,Poor,0.0
08-10-25,8.8,7.0,7.8,5.9,4.3,47.3,47.3,0.0,19.0,13.8,63,False,15,64.0,0.0,82.0,0.0,0,32.2,Poor,True,False,30.6,43.6,0.0,100.0,1.0,27.4,Poor,0.0
09-10-25,10.8,7.2,8.7,7.5,4.6,3.0,3.0,0.0,16.9,13.3,53,False,15,68.5,88.0,86.2,0.0,0,47.5,Average,False,False,45.8,50.0,75.0,100.0,1.0,52.5,Average,22.5
10-10-25,13.6,7.6,9.7,10.5,4.7,3.4,3.4,0.0,19.1,13.5,61,False,15,73.5,86.4,81.8,44.54409122629883,0,64.5,Pleasant,False,False,64.7,62.0,75.0,100.0,1.0,66.2,Pleasant,41.3
11-10-25,11.6,6.8,8.8,6.9,3.1,6.3,6.3,0.0,25.0,16.6,61,False,15,69.0,74.8,70.0,84.70417534048224,0,74.1,Pleasant,False,True,76.3,47.6,55.0,100.0,1.0,62.5,Pleasant,34.3
12-10-25,12.5,8.4,9.9,9.1,5.6,3.7,3.7,0.0,17.5,14.2,53,False,15,74.5,85.2,85.0,39.9617334832022,0,63.4,Pleasant,False,False,63.3,56.4,75.0,100.0,1.0,63.1,Pleasant,37.4
13-10-25,12.5,6.9,9.5,9.6,4.9,4.4,4.4,0.0,15.2,8.3,61,False,15,72.5,82.4,89.6,47.32908503063014,0,65.1,Pleasant,False,False,65.6,58.4,75.0,100.0,1.0,65.3,Pleasant,40.5
14-10-25,11.0,6.4,8.5,8.1,4.7,0.3,0.3,0.0,10.1,5.3,51,False,15,67.5,98.8,99.8,48.199331661857705,0,66.7,Pleasant,False,False,67.7,52.4,90.0,100.0,1.0,67.6,Pleasant,45.6
15-10-25,8.1,6.0,7.0,6.3,4.2,3.0,3.0,0.0,4.8,2.2,53,False,15,60.0,88.0,100.0,0.0,0,45.2,Average,False,False,44.2,45.2,75.0,100.0,1.0,50.6,Average,20.3
16-10-25,10.8,3.0,6.2,9.1,0.8,0.0,0.0,0.0,5.9,2.6,2,False,15,56.0,100.0,100.0,89.18478334169284,0,76.6,Nice,False,True,80.3,56.4,100.0,100.0,1.0,80.4,Nice,69.5
17-10-25,13.5,-0.1,5.6,11.2,-2.5,0.0,0.0,0.0,8.5,3.9,3,False,15,53.0,100.0,100.0,92.04397452018243,0,76.4,Nice,False,True,80.4,64.8,100.0,100.0,1.0,84.3,Nice,75.7
18-10-25,11.2,5.2,7.7,9.2,3.2,0.3,0.3,0.0,10.7,4.1,51,False,15,63.5,98.8,98.6,14.30224352494394,0,53.1,Average,False,False,52.6,56.8,90.0,100.0,1.0,62.6,Pleasant,35.8
19-10-25,7.7,2.1,4.8,3.4,-1.2,1.4,1.4,0.0,19.8,12.7,51,False,15,49.0,94.4,80.4,51.45115103482917,0,58.2,Average,False,False,59.9,33.6,90.0,100.0,1.0,60.7,Pleasant,36.7
20-10-25,9.0,-2.1,2.0,6.2,-5.3,0.0,0.0,0.0,5.3,3.4,0,False,15,35.0,100.0,100.0,93.36876851003416,0,69.7,Pleasant,False,True,74.6,44.8,100.0,100.0,1.0,76.6,Nice,64.2
21-10-25,13.7,-2.3,3.5,10.6,-5.4,0.0,0.0,0.0,6.5,3.8,3,False,15,42.5,100.0,100.0,92.19823815295591,0,72.3,Pleasant,False,True,76.8,62.4,100.0,100.0,1.0,83.4,Nice,74.3
22-10-25,14.6,-0.6,5.3,12.5,-3.0,0.0,0.0,0.0,7.7,3.1,3,False,15,51.5,100.0,100.0,94.2701058496172,0,76.6,Nice,False,True,80.7,70.0,100.0,100.0,1.0,86.9,Nice,79.7
23-10-25,18.3,2.6,8.7,17.4,0.6,0.0,0.0,0.0,8.1,3.5,3,False,15,68.5,100.0,100.0,94.72517595201433,0,83.6,Nice,False,True,86.9,89.6,100.0,100.0,1.0,94.8,Excellent,91.7
24-10-25,15.4,6.5,9.3,14.4,3.6,3.7,3.7,0.0,20.4,10.2,63,False,15,71.5,85.2,79.2,12.578740568648028,0,52.1,Average,False,False,50.8,77.6,75.0,100.0,1.0,66.1,Pleasant,38.7
25-10-25,11.9,1.9,6.6,7.6,-1.7,0.0,0.0,0.0,13.5,9.0,1,False,15,58.0,100.0,93.0,95.64232321579247,0,79.1,Nice,False,True,82.9,50.4,100.0,100.0,1.0,79.3,Nice,68.5
26-10-25,16.0,0.2,7.5,13.2,-2.8,0.3,0.3,0.0,11.2,4.8,51,False,15,62.5,98.8,97.6,71.81152494954564,0,72.8,Pleasant,False,True,75.2,72.8,90.0,100.0,1.0,80.5,Nice,65.2
27-10-25,10.7,2.2,7.0,6.7,-0.4,1.2,1.2,0.0,15.1,7.6,51,False,15,60.0,95.2,89.8,49.15233914803124,0,62.7,Pleasant,False,False,63.9,46.8,90.0,100.0,1.0,65.6,Pleasant,43.0
28-10-25,10.6,2.4,6.0,5.5,-0.3,0.3,0.3,0.0,24.2,10.6,51,False,15,55.0,98.8,71.6,90.31839518391304,0,74.2,Pleasant,False,True,77.4,42.0,90.0,100.0,1.0,71.9,Pleasant,55.2
29-10-25,15.4,3.0,7.9,11.6,0.4,0.0,0.0,0.0,12.8,5.2,3,False,15,64.5,100.0,94.4,97.49222905690893,0,82.5,Nice,False,True,86.0,66.4,100.0,100.0,1.0,86.1,Nice,78.8
30-10-25,17.0,0.1,7.7,15.7,-2.5,0.0,0.0,0.0,7.3,3.5,3,False,15,63.5,100.0,100.0,97.95513219589286,0,82.7,Nice,False,True,86.4,82.8,100.0,100.0,1.0,92.7,Excellent,88.9
31-10-25,18.0,5.7,10.5,16.1,3.6,0.0,0.0,0.0,10.8,4.8,3,False,15,77.5,100.0,98.4,98.24177903071214,0,88.3,Nice,False,True,91.3,84.4,100.0,100.0,1.0,93.4,Excellent,89.9
01-11-25,15.3,5.4,8.7,13.9,3.5,0.0,0.0,0.0,4.4,1.9,1,False,8,96.5,100.0,100.0,98.28985835245881,0,96.0,Excellent,False,True,98.1,75.6,100.0,100.0,1.0,89.9,Nice,84.7
02-11-25,19.0,2.1,8.7,18.3,0.1,0.0,0.0,0.0,7.8,3.6,3,False,8,96.5,100.0,100.0,98.27820702188231,0,96.0,Excellent,False,True,98.1,93.2,100.0,100.0,1.0,96.9,Excellent,95.2
03-11-25,17.8,4.9,10.1,16.8,2.7,0.0,0.0,0.0,12.4,4.1,3,False,8,89.5,100.0,95.2,98.2661744348047,0,92.8,Excellent,False,True,95.2,87.2,100.0,100.0,1.0,94.5,Excellent,91.6
04-11-25,10.3,6.8,7.8,8.3,4.5,2.5,2.5,0.0,13.9,10.1,51,False,8,99.0,90.0,92.2,0.0,0,60.5,Pleasant,False,False,57.4,53.2,90.0,100.0,1.0,58.3,Average,28.7
05-11-25,10.3,3.7,7.2,7.5,1.5,1.6,1.6,0.0,8.6,5.0,55,False,8,96.0,93.6,100.0,57.23687670576808,0,80.5,Nice,False,False,80.5,50.0,90.0,100.0,1.0,68.4,Pleasant,47.6
06-11-25,11.1,2.9,6.8,8.2,0.8,0.8,0.8,0.0,12.9,5.9,51,False,8,94.0,96.8,94.2,84.67376162176184,0,89.3,Nice,False,True,90.7,52.8,90.0,100.0,1.0,75.1,Nice,59.0
07-11-25,13.6,3.7,7.8,10.8,1.5,7.1,7.1,0.0,12.8,7.8,63,False,8,99.0,71.6,94.4,63.22540664838166,0,80.0,Nice,False,False,80.1,63.2,55.0,100.0,1.0,64.4,Pleasant,34.8
08-11-25,12.6,6.4,9.4,10.1,4.9,1.8,1.8,0.0,17.8,8.5,55,False,8,93.0,92.8,84.4,0.0,0,57.9,Average,False,False,54.9,60.4,90.0,100.0,1.0,61.2,Pleasant,32.6
09-11-25,14.0,4.9,9.0,12.4,3.1,0.0,0.0,0.0,8.2,4.1,3,False,8,95.0,100.0,100.0,84.84048592269782,0,90.7,Excellent,False,True,92.2,69.6,100.0,100.0,1.0,84.8,Nice,75.7
10-11-25,10.9,4.3,7.7,10.3,2.6,1.3,1.3,0.0,6.5,3.8,51,False,8,98.5,94.8,100.0,5.4482522359879955,0,63.5,Pleasant,False,False,60.9,61.2,90.0,100.0,1.0,62.6,Pleasant,35.0
11-11-25,8.6,5.6,7.5,7.2,3.4,2.5,2.5,0.0,12.4,8.7,53,False,8,97.5,90.0,95.2,8.830207577480758,0,63.2,Pleasant,False,False,60.7,48.8,90.0,100.0,1.0,58.3,Average,29.5
12-11-25,7.7,4.0,5.7,4.4,1.7,0.1,0.1,0.0,12.5,6.7,51,False,8,88.5,99.6,95.0,42.37741118906079,0,72.8,Pleasant,False,False,72.4,37.6,90.0,100.0,1.0,60.5,Pleasant,35.6
13-11-25,8.9,0.1,3.7,6.5,-2.4,0.0,0.0,0.0,4.1,2.1,3,False,8,78.5,100.0,100.0,95.1840539733092,0,87.7,Nice,False,True,90.5,46.0,100.0,100.0,1.0,77.4,Nice,65.7
14-11-25,10.1,0.5,3.8,7.6,-2.5,0.0,0.0,0.0,4.3,1.9,0,False,8,79.0,100.0,100.0,97.74227342327958,0,88.8,Nice,False,True,91.7,50.4,100.0,100.0,1.0,79.7,Nice,69.3
15-11-25,11.0,1.0,4.5,8.2,-1.9,0.0,0.0,0.0,5.1,1.7,3,False,8,82.5,100.0,100.0,94.82303441879245,0,89.2,Nice,False,True,91.8,52.8,100.0,100.0,1.0,80.1,Nice,69.6
16-11-25,10.9,1.7,4.9,8.9,-0.6,0.0,0.0,0.0,3.6,1.2,3,False,8,84.5,100.0,100.0,86.94502747260013,0,87.2,Nice,False,True,89.4,55.6,100.0,100.0,1.0,79.6,Nice,68.1
17-11-25,16.8,0.4,8.2,15.8,-2.0,0.0,0.0,0.0,24.4,7.1,3,False,8,99.0,100.0,71.2,83.40118614805222,0,89.5,Nice,False,True,90.1,83.2,100.0,100.0,1.0,90.0,Excellent,83.3
18-11-25,11.2,3.4,7.2,10.0,1.5,5.8,5.8,0.0,16.7,5.2,55,False,8,96.0,76.8,86.6,31.461525424532326,0,67.9,Pleasant,False,False,66.4,60.0,75.0,100.0,1.0,62.8,Pleasant,36.4
19-11-25,7.3,0.2,3.3,4.1,-2.6,7.3,4.5,1.96,12.0,5.3,75,False,8,76.5,70.8,96.0,78.87833540638015,-20,76.1,Nice,False,True,78.5,36.4,75.0,100.0,1.0,62.8,Pleasant,40.0
20-11-25,13.0,2.9,7.2,11.4,0.6,0.6,0.6,0.0,6.1,2.7,51,False,8,96.0,97.6,100.0,61.54301055839013,0,82.6,Nice,False,False,82.9,65.6,90.0,100.0,1.0,75.5,Nice,57.6
21-11-25,15.8,5.3,9.1,15.0,3.3,0.8,0.8,0.0,6.0,3.9,53,False,8,94.5,96.8,100.0,73.82006483437013,0,86.2,Nice,False,True,87.1,80.0,90.0,100.0,1.0,83.8,Nice,69.8
22-11-25,13.1,7.5,10.0,12.0,6.1,0.0,0.0,0.0,12.1,4.5,3,False,8,90.0,100.0,95.8,89.34541553120191,0,89.9,Nice,False,True,91.8,68.0,100.0,100.0,1.0,85.1,Nice,76.5
23-11-25,9.2,1.3,5.1,7.9,-2.1,5.5,5.5,0.0,12.2,8.3,53,False,8,85.5,78.0,95.6,0.09520544531652338,0,53.6,Average,False,False,51.2,51.6,75.0,100.0,1.0,53.2,Average,23.2
24-11-25,3.5,-3.1,0.6,1.1,-6.0,0.0,0.0,0.0,11.1,4.7,3,False,8,63.0,100.0,97.8,58.59708344094313,0,68.5,Pleasant,False,False,70.3,24.4,100.0,100.0,1.0,61.5,Pleasant,38.1
25-11-25,11.8,-3.2,2.3,8.5,-6.3,0.0,0.0,0.0,9.5,4.2,3,False,8,71.5,100.0,100.0,63.66735768159675,0,73.9,Pleasant,False,False,75.5,54.0,100.0,100.0,1.0,74.3,Pleasant,57.9
26-11-25,15.7,0.3,5.6,13.6,-3.0,0.0,0.0,0.0,9.3,5.1,3,False,8,88.0,100.0,100.0,86.69830916141794,0,88.5,Nice,False,True,90.5,74.4,100.0,100.0,1.0,87.1,Nice,79.3
27-11-25,6.7,3.5,5.1,4.9,1.7,10.1,10.1,0.0,7.5,3.8,63,False,8,85.5,59.6,100.0,1.8620468304777864,0,51.8,Average,True,False,49.6,39.6,40.0,100.0,1.0,38.2,Poor,9.8
28-11-25,9.6,3.3,5.7,8.0,1.0,0.3,0.3,0.0,7.6,5.1,51,False,8,88.5,98.8,100.0,12.13083403439967,0,62.5,Pleasant,False,False,60.6,52.0,90.0,100.0,1.0,60.2,Pleasant,32.4
29-11-25,10.2,5.8,7.0,8.1,3.5,17.1,17.1,0.0,11.6,7.4,63,False,8,95.0,31.599999999999994,96.8,0.8137223443365708,0,50.8,Average,True,False,48.0,52.4,20.0,100.0,1.0,37.1,Poor,6.4
30-11-25,5.5,4.1,4.7,3.7,1.3,9.9,9.9,0.0,9.0,4.6,63,False,8,83.5,60.4,100.0,0.0,0,50.5,Average,False,False,48.3,34.8,40.0,100.0,1.0,35.9,Poor,8.4
01-12-25,4.1,3.2,3.7,1.5,0.2,3.3,3.3,0.0,10.6,7.8,53,False,2,91.5,86.8,98.8,0.0,0,57.5,Average,False,False,54.9,26.0,75.0,100.0,1.0,42.9,Average,11.7
02-12-25,8.5,2.8,4.5,5.8,0.6,0.0,0.0,0.0,9.6,3.5,3,False,2,87.5,100.0,100.0,62.346417191633094,0,79.8,Nice,False,False,80.6,43.2,100.0,100.0,1.0,69.7,Pleasant,50.9
03-12-25,9.1,2.0,4.6,6.7,-0.2,0.0,0.0,0.0,6.2,3.3,3,False,2,87.0,100.0,100.0,73.65327223853171,0,83.6,Nice,False,True,84.9,46.8,100.0,100.0,1.0,73.5,Pleasant,57.5
04-12-25,10.7,2.4,6.2,7.7,0.1,0.0,0.0,0.0,10.0,4.2,3,False,2,79.0,100.0,100.0,66.796867426628,0,78.0,Nice,False,False,79.4,50.8,100.0,100.0,1.0,73.7,Pleasant,57.2
05-12-25,9.4,5.5,7.9,6.4,2.0,0.1,0.1,0.0,13.3,10.7,51,False,2,70.5,99.6,93.4,0.0,0,50.6,Average,False,False,49.0,45.6,90.0,100.0,1.0,55.2,Average,24.6
06-12-25,5.3,1.3,3.0,1.6,-2.4,0.0,0.0,0.0,14.5,10.6,3,False,2,95.0,100.0,91.0,56.97388301723618,0,80.2,Nice,False,False,80.1,26.4,100.0,100.0,1.0,62.0,Pleasant,38.6
07-12-25,6.7,0.5,3.6,4.7,-2.4,0.1,0.1,0.0,6.1,3.0,51,False,2,92.0,99.6,100.0,35.62940677341507,0,72.2,Pleasant,False,False,71.4,38.8,90.0,100.0,1.0,59.6,Average,33.8
08-12-25,5.7,3.8,4.8,2.8,0.9,2.3,2.3,0.0,12.1,7.8,51,False,2,86.0,90.8,95.8,0.0,0,55.7,Average,False,False,53.3,31.2,90.0,100.0,1.0,49.5,Average,16.8
09-12-25,7.0,2.4,4.5,4.1,-0.3,0.1,0.1,0.0,9.3,5.9,51,False,2,87.5,99.6,100.0,53.53242349422872,0,76.7,Nice,False,False,77.0,36.4,90.0,100.0,1.0,62.3,Pleasant,38.9
10-12-25,9.8,2.8,5.3,7.9,0.2,0.0,0.0,0.0,5.6,3.1,3,False,2,83.5,100.0,100.0,79.84297548155294,0,84.3,Nice,False,True,86.2,51.6,100.0,100.0,1.0,76.6,Nice,62.9
11-12-25,8.7,1.3,3.8,6.5,-0.9,0.0,0.0,0.0,4.9,2.0,3,False,2,91.0,100.0,100.0,92.6242655398968,0,91.8,Excellent,False,True,93.9,46.0,100.0,100.0,1.0,76.9,Nice,64.6
12-12-25,4.8,2.2,3.2,1.4,-0.5,0.5,0.5,0.0,13.9,7.3,51,False,2,94.0,98.0,92.2,2.552089872212749,0,60.6,Pleasant,False,False,57.8,25.6,90.0,100.0,1.0,47.8,Average,14.7
13-12-25,4.7,0.1,2.5,2.2,-2.6,0.6,0.6,0.0,10.0,4.1,51,False,2,97.5,97.6,100.0,74.78545228869457,0,87.8,Nice,False,True,88.7,28.8,90.0,100.0,1.0,63.5,Pleasant,42.5
14-12-25,2.5,-2.4,-0.1,-1.2,-5.4,0.0,0.0,0.0,9.9,5.6,3,False,2,89.5,100.0,100.0,49.92492980490671,0,76.3,Nice,False,False,76.3,15.2,100.0,100.0,1.0,56.1,Average,29.1
15-12-25,4.2,-1.9,0.4,1.3,-4.7,0.0,0.0,0.0,6.3,2.1,3,False,2,92.0,100.0,100.0,94.35840154019226,0,92.8,Excellent,False,True,94.9,25.2,100.0,100.0,1.0,69.0,Pleasant,52.9
16-12-25,6.0,-3.2,0.3,2.9,-6.3,0.0,0.0,0.0,3.6,1.3,3,False,2,91.5,100.0,100.0,94.42133167840821,0,92.6,Excellent,False,True,94.8,31.6,100.0,100.0,1.0,71.5,Pleasant,56.7
17-12-25,5.1,-5.4,-0.6,1.6,-8.6,0.0,0.0,0.0,5.3,2.0,3,False,2,87.0,100.0,100.0,94.46441641021514,0,90.9,Excellent,False,True,93.2,26.4,100.0,100.0,1.0,69.5,Pleasant,53.6
18-12-25,8.5,0.6,3.8,6.4,-2.6,0.0,0.0,0.0,4.9,1.6,3,False,2,91.0,100.0,100.0,90.27282813582305,0,91.0,Excellent,False,True,93.0,45.6,100.0,100.0,1.0,76.3,Nice,63.5
19-12-25,8.6,0.3,3.6,6.5,-2.2,0.0,0.0,0.0,5.4,3.6,3,False,2,92.0,100.0,100.0,94.49181783122482,0,92.9,Excellent,False,True,95.0,46.0,100.0,100.0,1.0,77.3,Nice,65.4
20-12-25,3.1,-0.3,0.8,0.6,-2.7,0.0,0.0,0.0,4.6,1.8,3,False,2,94.0,100.0,100.0,88.77460969773465,0,91.7,Excellent,False,True,93.4,22.4,100.0,100.0,1.0,66.7,Pleasant,48.9
21-12-25,3.2,-1.8,0.1,0.7,-4.3,0.0,0.0,0.0,3.8,1.3,3,False,2,90.5,100.0,100.0,93.00391038863326,0,91.8,Excellent,False,True,93.9,22.8,100.0,100.0,1.0,67.7,Pleasant,50.9
22-12-25,1.8,-2.0,-0.6,-1.1,-4.8,0.0,0.0,0.0,5.7,2.5,3,False,2,87.0,100.0,100.0,92.85247034324586,0,90.3,Excellent,False,True,92.6,15.6,100.0,100.0,1.0,64.8,Pleasant,46.5
23-12-25,2.1,-2.9,-0.8,-0.6,-5.8,0.0,0.0,0.0,4.8,2.0,3,False,2,86.0,100.0,100.0,92.69010860241946,0,89.8,Nice,False,True,92.2,17.6,100.0,100.0,1.0,65.6,Pleasant,47.6
24-12-25,3.5,-2.0,0.3,-0.5,-5.1,2.5,0.5,1.4,14.6,9.1,73,False,2,91.5,90.0,90.8,0.0,10,57.6,Average,False,False,54.6,18.0,90.0,100.0,1.0,44.2,Average,9.7
25-12-25,0.1,-4.8,-2.5,-4.9,-8.4,0.8,0.0,0.56,14.3,9.5,71,False,2,77.5,96.8,91.4,50.30603764095226,0,70.4,Pleasant,False,False,70.9,0.4,100.0,100.0,1.0,50.2,Average,20.4
26-12-25,2.3,-4.8,-1.8,-2.6,-8.2,0.4,0.0,0.28,20.9,9.6,71,False,2,81.0,98.4,78.2,31.924247872161736,0,64.6,Pleasant,False,False,63.7,9.6,100.0,100.0,1.0,50.2,Average,18.5
27-12-25,0.3,-2.7,-1.6,-4.7,-7.2,0.1,0.0,0.07,20.3,13.9,71,False,2,82.0,99.6,79.4,57.866878783556864,0,74.3,Pleasant,False,False,74.7,1.2,100.0,100.0,1.0,52.1,Average,23.9
28-12-25,-0.1,-3.2,-1.7,-5.7,-9.0,2.9,0.2,1.89,32.2,21.9,73,False,2,81.5,88.4,55.599999999999994,8.427187635075603,10,53.5,Average,False,False,50.7,0.0,90.0,93.7,1.0,38.1,Poor,2.8
29-12-25,1.0,-4.8,-2.0,-4.1,-9.3,0.0,0.0,0.0,27.6,17.7,3,False,2,80.0,100.0,64.8,92.25139025318289,0,84.5,Nice,False,True,86.4,3.6,100.0,100.0,1.0,59.9,Average,39.1
30-12-25,-2.9,-8.7,-5.7,-8.5,-12.6,0.8,0.0,0.56,19.1,11.0,73,False,2,61.5,96.8,81.8,7.825184087465196,0,48.4,Average,False,False,47.4,0.0,100.0,100.0,1.0,41.6,Average,3.1
31-12-25,-4.6,-7.8,-6.6,-10.8,-13.1,0.3,0.0,0.21,23.4,15.5,71,False,2,57.0,98.8,73.2,26.90566469142389,0,52.9,Average,False,False,52.9,0.0,100.0,100.0,1.0,45.4,Average,10.8
01-01-26,-3.6,-11.4,-6.5,-7.0,-15.1,0.0,0.0,0.0,11.6,4.0,3,False,0,67.5,100.0,96.8,61.05693407883297,0,71.1,Pleasant,False,False,72.7,0.0,100.0,100.0,1.0,52.2,Average,24.4
02-01-26,7.5,-8.6,-0.2,2.5,-12.4,0.0,0.0,0.0,23.3,10.3,3,False,0,99.0,100.0,73.4,91.5493216324882,0,92.5,Excellent,False,True,93.6,30.0,100.0,100.0,1.0,70.3,Pleasant,54.6
03-01-26,4.5,-5.5,-0.7,-0.1,-9.1,8.1,0.5,5.32,21.1,8.7,75,False,0,96.5,67.6,77.8,0.0,20,55.4,Average,False,False,51.7,19.6,90.0,100.0,1.0,44.8,Average,10.6
04-01-26,1.4,-6.3,-1.6,-1.4,-9.8,5.0,0.3,3.29,12.5,4.1,73,False,0,92.0,80.0,95.0,1.1429092142818404,10,57.0,Average,False,False,54.2,14.4,90.0,100.0,1.0,43.0,Average,8.2
05-01-26,1.9,-2.0,0.2,-0.4,-5.4,3.3,0.3,2.1,12.7,5.9,73,False,0,99.0,86.8,94.6,0.0,10,60.4,Pleasant,False,False,57.1,18.4,90.0,100.0,1.0,44.4,Average,9.9
06-01-26,4.0,-0.4,1.8,2.0,-2.8,0.0,0.0,0.0,3.5,1.6,3,False,0,91.0,100.0,100.0,12.211224022796342,0,63.7,Pleasant,False,False,61.7,28.0,100.0,100.0,1.0,53.6,Average,21.7
07-01-26,4.3,0.2,1.7,2.5,-2.7,0.9,0.9,0.0,9.3,3.3,51,False,0,91.5,96.4,100.0,5.053186825849311,0,60.8,Pleasant,False,False,58.5,30.0,90.0,100.0,1.0,50.0,Average,18.0
08-01-26,2.0,-7.0,-2.7,-0.8,-12.3,12.6,4.7,5.53,17.4,12.4,75,False,0,86.5,49.6,85.2,0.0,20,49.3,Average,True,False,46.2,16.8,75.0,100.0,1.0,39.2,Poor,7.6
09-01-26,-3.9,-8.5,-6.2,-8.0,-12.6,1.0,0.0,0.7,14.8,9.4,71,False,0,69.0,96.0,90.4,76.01009857195405,0,75.8,Nice,False,True,78.0,0.0,100.0,100.0,1.0,55.2,Average,30.4
10-01-26,-1.1,-5.9,-3.3,-4.0,-9.1,0.4,0.0,0.28,5.1,2.4,71,False,0,83.5,98.4,100.0,4.415572315676199,0,57.7,Average,False,False,55.8,4.0,100.0,100.0,1.0,42.5,Average,4.2
11-01-26,-1.6,-9.2,-5.2,-5.2,-13.4,1.2,0.1,0.77,18.7,11.1,71,False,0,74.0,95.2,82.6,48.023822565607574,0,67.3,Pleasant,False,False,67.6,0.0,90.0,100.0,1.0,46.6,Average,17.3
12-01-26,-5.1,-11.2,-7.9,-10.2,-15.2,0.0,0.0,0.0,13.0,7.4,3,False,0,60.5,100.0,94.0,64.45457486399255,0,69.3,Pleasant,False,False,71.4,0.0,100.0,100.0,1.0,52.9,Average,25.8
13-01-26,-4.5,-12.7,-7.9,-7.9,-16.7,1.8,0.0,1.26,4.6,2.8,73,False,0,60.5,92.8,100.0,57.090762959774246,10,66.3,Pleasant,False,False,67.9,0.0,100.0,100.0,1.0,51.4,Average,22.8
14-01-26,-0.3,-4.4,-2.1,-3.0,-7.7,0.7,0.2,0.35,6.7,3.1,71,False,0,89.5,97.2,100.0,43.73472285690627,0,73.7,Pleasant,False,False,73.4,8.0,90.0,100.0,1.0,48.9,Average,20.1
15-01-26,1.5,-0.3,0.9,-1.3,-2.9,4.6,3.9,0.49,10.2,5.9,73,False,0,95.5,81.6,99.6,0.0,0,58.4,Average,False,False,55.6,14.8,75.0,100.0,1.0,38.4,Poor,6.7
16-01-26,1.3,-4.9,-1.0,-0.9,-8.8,1.2,0.8,0.28,11.7,5.4,71,False,0,95.0,95.2,96.6,63.20799659822918,0,82.1,Nice,False,False,82.5,16.4,90.0,100.0,1.0,56.2,Average,31.6
17-01-26,1.5,-11.7,-6.1,-2.2,-15.6,0.0,0.0,0.0,11.2,3.7,1,False,0,69.5,100.0,97.6,97.76037588097103,0,84.8,Nice,False,True,88.2,11.2,100.0,100.0,1.0,64.0,Pleasant,45.8
18-01-26,-3.7,-11.2,-8.1,-7.8,-15.1,0.0,0.0,0.0,6.4,3.6,3,False,0,59.5,100.0,100.0,94.69290300337808,0,79.9,Nice,False,True,83.7,0.0,100.0,100.0,1.0,58.9,Average,37.9
19-01-26,0.0,-11.3,-6.9,-3.7,-15.4,0.0,0.0,0.0,7.7,4.3,3,False,0,65.5,100.0,100.0,97.53557803937592,0,83.3,Nice,False,True,86.9,5.2,100.0,100.0,1.0,61.6,Pleasant,42.1
20-01-26,-2.3,-12.0,-8.1,-5.5,-15.8,0.0,0.0,0.0,4.1,1.3,2,False,0,59.5,100.0,100.0,97.25921140790513,0,80.8,Nice,False,True,84.7,0.0,100.0,100.0,1.0,59.5,Average,38.9
21-01-26,4.0,-14.8,-7.1,0.1,-18.5,0.0,0.0,0.0,8.4,2.8,3,False,0,64.5,100.0,100.0,96.88948856704033,0,82.7,Nice,False,True,86.3,20.4,100.0,100.0,1.0,67.5,Pleasant,51.0
22-01-26,3.7,-5.5,-0.8,0.9,-8.7,3.2,1.7,1.05,5.4,2.3,73,False,0,96.0,87.2,100.0,36.39350913503988,10,72.4,Pleasant,False,False,71.2,23.6,90.0,100.0,1.0,53.7,Average,25.8
23-01-26,1.2,-1.5,-0.0,-1.2,-4.0,1.2,0.1,0.77,4.0,1.5,71,False,0,100.0,95.2,100.0,11.588957138949038,0,66.3,Pleasant,False,False,63.9,15.2,90.0,100.0,1.0,45.4,Average,12.4
24-01-26,5.5,-4.2,-0.2,2.3,-7.3,0.0,0.0,0.0,7.8,3.2,3,False,0,99.0,100.0,100.0,78.74582705254937,0,90.2,Excellent,False,True,91.1,29.2,100.0,100.0,1.0,67.4,Pleasant,49.0
25-01-26,8.9,-4.1,1.4,5.8,-7.0,0.0,0.0,0.0,7.4,2.9,3,False,0,93.0,100.0,100.0,86.69236353834033,0,90.5,Excellent,False,True,92.2,43.2,100.0,100.0,1.0,74.6,Pleasant,60.6
26-01-26,8.5,1.5,4.4,5.3,-1.4,7.8,7.8,0.0,13.8,7.4,61,False,0,78.0,68.8,92.4,0.9597647240163598,0,49.2,Average,False,False,47.2,41.2,55.0,100.0,1.0,43.2,Average,13.8
27-01-26,4.6,2.1,3.4,2.1,-0.6,7.2,7.2,0.0,9.1,4.9,61,False,0,83.0,71.2,100.0,15.686604620790611,0,57.4,Average,False,False,56.0,28.4,55.0,100.0,1.0,41.0,Average,12.8
28-01-26,8.1,-0.9,2.7,5.5,-3.5,0.1,0.1,0.0,8.4,4.3,51,False,0,86.5,99.6,100.0,81.74540001522239,0,86.2,Nice,False,True,87.9,42.0,90.0,100.0,1.0,70.1,Pleasant,52.1
29-01-26,8.7,-0.6,2.9,5.3,-3.6,0.0,0.0,0.0,8.5,4.2,3,False,0,85.5,100.0,100.0,83.294385495671,0,86.4,Nice,False,True,88.2,41.2,100.0,100.0,1.0,73.1,Pleasant,58.0
30-01-26,5.0,-0.9,1.6,1.9,-3.3,0.0,0.0,0.0,8.3,4.5,3,False,0,92.0,100.0,100.0,41.49164759919763,0,74.3,Pleasant,False,False,73.8,27.6,100.0,100.0,1.0,59.3,Average,33.2
31-01-26,1.7,-0.9,0.4,-1.7,-4.4,0.7,0.0,0.49,8.7,5.8,71,False,0,98.0,97.2,100.0,1.8658614705338628,0,62.4,Pleasant,False,False,59.6,13.2,100.0,100.0,1.0,45.7,Average,8.7
01-02-26,3.4,-5.3,-1.0,-1.3,-10.2,0.0,0.0,0.0,13.9,10.2,3,False,2,85.0,100.0,92.2,67.29986125657662,0,79.9,Nice,False,False,80.9,14.8,100.0,100.0,1.0,59.4,Average,35.8
02-02-26,-1.3,-6.6,-4.2,-4.4,-11.2,1.5,0.0,1.05,10.8,6.6,73,False,2,69.0,94.0,98.4,38.36940337397135,10,63.2,Pleasant,False,False,63.4,2.4,100.0,100.0,1.0,48.6,Average,16.8
03-02-26,5.0,-6.5,-1.6,1.2,-9.9,0.0,0.0,0.0,8.1,3.6,3,False,2,82.0,100.0,100.0,91.58635193751776,0,87.9,Nice,False,True,90.3,24.8,100.0,100.0,1.0,68.2,Pleasant,51.5
04-02-26,10.1,-1.6,2.9,7.6,-4.6,0.0,0.0,0.0,5.5,2.5,3,False,2,95.5,100.0,100.0,41.8469677926888,0,75.8,Nice,False,False,75.2,50.4,100.0,100.0,1.0,68.5,Pleasant,47.0
05-02-26,6.6,1.1,4.0,2.6,-1.5,3.2,3.2,0.0,16.6,9.6,53,False,2,90.0,87.2,86.8,0.0,0,56.0,Average,False,False,53.3,30.4,75.0,100.0,1.0,44.7,Average,13.7
06-02-26,9.3,0.2,4.1,7.2,-2.2,1.6,1.6,0.0,7.9,4.4,51,False,2,89.5,93.6,100.0,80.62567435622063,0,86.1,Nice,False,True,87.6,48.8,90.0,100.0,1.0,72.6,Pleasant,55.4
07-02-26,7.8,-0.6,3.0,4.9,-3.2,2.1,2.1,0.0,11.8,3.6,53,False,2,95.0,91.6,96.4,31.11909723840532,0,70.3,Pleasant,False,False,69.1,39.6,90.0,100.0,1.0,59.1,Average,32.6
08-02-26,5.4,0.8,3.2,2.1,-2.0,1.3,1.3,0.0,14.2,6.6,51,False,2,94.0,94.8,91.6,3.488847924434941,0,60.4,Pleasant,False,False,57.7,28.4,90.0,100.0,1.0,49.1,Average,16.6
09-02-26,2.1,-1.7,-0.1,-0.2,-6.1,1.4,0.4,0.7,13.6,9.1,73,False,2,89.5,94.4,92.8,2.029040154542234,0,58.1,Average,False,False,55.6,19.2,90.0,100.0,1.0,45.1,Average,11.1
10-02-26,4.7,-3.6,-0.3,1.7,-7.0,0.5,0.0,0.35,6.0,2.9,71,False,2,88.5,98.0,100.0,56.39418182056911,0,77.8,Nice,False,False,78.2,26.8,100.0,100.0,1.0,62.0,Pleasant,38.6
11-02-26,9.4,-3.0,1.5,5.9,-6.0,0.0,0.0,0.0,7.8,4.2,2,False,2,97.5,100.0,100.0,92.77097215003354,0,94.5,Excellent,False,True,96.2,43.6,100.0,100.0,1.0,76.0,Nice,63.3
12-02-26,11.4,-1.3,3.7,9.6,-3.9,0.0,0.0,0.0,8.0,4.5,3,False,2,91.5,100.0,100.0,79.67519970429836,0,87.5,Nice,False,True,88.9,58.4,100.0,100.0,1.0,79.3,Nice,66.9
13-02-26,9.4,-1.6,2.8,6.7,-4.3,0.0,0.0,0.0,8.0,3.9,3,False,2,96.0,100.0,100.0,82.57843498974051,0,90.3,Excellent,False,True,91.6,46.8,100.0,100.0,1.0,75.2,Nice,61.1
14-02-26,10.5,4.0,6.1,8.1,1.2,0.8,0.8,0.0,12.3,7.2,51,False,2,79.5,96.8,95.4,79.38681630632827,0,81.7,Nice,False,True,83.6,52.4,90.0,100.0,1.0,73.8,Pleasant,56.9
15-02-26,9.8,3.4,5.6,8.5,1.0,12.0,12.0,0.0,18.6,4.3,63,False,2,82.0,52.0,82.8,0.6971988101140308,0,47.5,Average,True,False,45.1,54.0,20.0,100.0,1.0,37.7,Poor,6.5
16-02-26,4.4,-1.0,0.8,0.1,-5.1,3.0,3.0,0.0,18.8,8.8,61,False,2,94.0,88.0,82.4,14.929316645160467,0,62.6,Pleasant,False,False,60.3,20.4,75.0,100.0,1.0,43.6,Average,13.7
17-02-26,4.2,-2.6,-0.2,0.6,-5.9,6.6,0.1,4.55,12.3,5.6,75,False,2,89.0,73.6,95.4,10.492921324386279,10,58.1,Average,False,False,55.9,22.4,90.0,100.0,1.0,48.1,Average,15.9
18-02-26,-0.8,-4.1,-2.3,-4.9,-7.0,18.2,0.0,12.74,17.3,7.2,75,False,2,78.5,27.200000000000003,85.4,0.0,20,42.7,Average,True,False,40.1,0.4,100.0,100.0,1.0,40.2,Average,0.2
19-02-26,1.1,-4.8,-2.1,-2.6,-8.9,0.1,0.0,0.07,15.7,7.3,71,False,2,79.5,99.6,88.6,95.20564543489431,0,87.1,Nice,False,True,89.7,9.6,100.0,100.0,1.0,62.9,Pleasant,43.8
20-02-26,3.5,-5.6,-1.9,-0.0,-8.9,0.9,0.0,0.63,16.2,7.6,73,False,2,80.5,96.4,87.6,50.803281693082084,0,71.4,Pleasant,False,False,71.7,20.0,100.0,100.0,1.0,58.2,Average,32.3
21-02-26,-3.3,-5.4,-4.4,-6.6,-9.6,6.5,0.0,4.55,12.0,7.2,73,False,2,68.0,74.0,96.0,0.0,10,46.2,Average,False,False,44.5,0.0,100.0,100.0,1.0,40.0,Average,0.0
22-02-26,0.6,-2.6,-0.9,-2.8,-5.8,1.4,0.0,0.98,9.5,5.4,71,False,2,85.5,94.4,100.0,0.0,0,56.4,Average,False,False,54.1,8.8,100.0,100.0,1.0,43.5,Average,5.3
23-02-26,3.2,-6.1,-0.3,1.1,-10.0,1.6,1.5,0.07,14.9,4.3,71,False,2,88.5,93.6,90.2,1.5364642412753973,0,57.2,Average,False,False,54.6,24.4,90.0,100.0,1.0,47.1,Average,13.7
24-02-26,6.7,0.7,3.0,2.2,-3.4,10.7,4.6,4.27,21.2,10.9,75,False,2,95.0,57.2,77.6,36.818182864152924,10,65.9,Pleasant,True,False,64.3,28.8,75.0,100.0,1.0,51.4,Average,24.0
25-02-26,4.0,-0.1,1.6,-1.6,-3.8,3.7,0.4,2.31,22.0,15.3,73,False,2,98.0,85.2,76.0,51.71749155166216,10,76.4,Nice,False,False,75.4,13.6,90.0,100.0,1.0,52.8,Average,26.0
26-02-26,2.3,-6.5,-0.9,-1.0,-10.4,0.3,0.0,0.21,13.0,5.2,71,False,2,85.5,98.8,94.0,97.53318919652592,0,90.7,Excellent,False,True,93.2,16.0,100.0,100.0,1.0,65.9,Pleasant,48.6
27-02-26,5.4,-6.5,-1.8,1.9,-10.4,0.0,0.0,0.0,5.6,2.9,1,False,2,81.0,100.0,100.0,98.55768031264246,0,89.9,Nice,False,True,92.8,27.6,100.0,100.0,1.0,70.8,Pleasant,56.0
28-02-26,9.5,-6.9,-0.2,5.5,-10.4,0.0,0.0,0.0,5.4,2.8,1,False,2,89.0,100.0,100.0,98.56686436303494,0,93.1,Excellent,False,True,95.6,42.0,100.0,100.0,1.0,76.5,Nice,64.6
01-03-26,10.7,-6.0,1.5,7.4,-9.1,0.0,0.0,0.0,4.0,2.1,3,False,8,67.5,100.0,100.0,98.57582431188973,0,84.5,Nice,False,True,88.1,49.6,100.0,100.0,1.0,79.6,Nice,69.2
02-03-26,10.8,-0.7,4.3,7.4,-4.2,0.0,0.0,0.0,6.6,2.6,3,False,8,81.5,100.0,100.0,89.44806074119644,0,86.9,Nice,False,True,89.3,49.6,100.0,100.0,1.0,77.7,Nice,65.5
03-03-26,11.0,-1.4,3.9,7.1,-4.5,0.0,0.0,0.0,14.1,5.9,3,False,8,79.5,100.0,91.8,97.93519954296906,0,88.4,Nice,False,True,91.2,48.4,100.0,100.0,1.0,78.9,Nice,68.2
04-03-26,12.7,-1.0,4.5,9.5,-3.9,0.0,0.0,0.0,8.0,3.6,2,False,8,82.5,100.0,100.0,97.47939455449578,0,90.1,Excellent,False,True,92.9,58.0,100.0,100.0,1.0,82.7,Nice,73.8
05-03-26,11.2,1.6,5.8,6.8,-1.7,0.2,0.2,0.0,15.8,8.9,51,False,8,89.0,99.2,88.4,97.02479350992337,0,91.5,Excellent,False,True,93.7,47.2,90.0,100.0,1.0,75.3,Nice,60.4
06-03-26,11.1,-0.8,4.8,6.5,-4.3,0.0,0.0,0.0,13.2,7.8,3,False,8,84.0,100.0,93.6,96.57175159209262,0,89.9,Nice,False,True,92.4,46.0,100.0,100.0,1.0,77.7,Nice,66.2
07-03-26,11.7,-1.2,3.8,8.8,-4.2,0.0,0.0,0.0,6.7,2.6,2,False,8,79.0,100.0,100.0,96.12061097755632,0,88.2,Nice,False,True,91.1,55.2,100.0,100.0,1.0,81.3,Nice,71.6
08-03-26,12.6,-2.5,4.2,8.9,-5.4,0.0,0.0,0.0,10.4,5.0,3,False,8,81.0,100.0,99.2,95.6717011080764,0,88.8,Nice,False,True,91.5,55.6,100.0,100.0,1.0,81.4,Nice,71.6
09-03-26,12.7,-3.0,3.7,9.0,-6.3,0.0,0.0,0.0,12.0,7.0,0,False,8,78.5,100.0,96.0,95.22527028586819,0,87.4,Nice,False,True,90.2,56.0,100.0,100.0,1.0,81.4,Nice,71.7
10-03-26,13.6,-2.5,4.2,9.3,-5.9,0.0,0.0,0.0,13.2,5.2,0,False,8,81.0,100.0,93.6,94.78167066098008,0,88.1,Nice,False,True,90.6,57.2,100.0,100.0,1.0,81.8,Nice,72.2
11-03-26,15.2,-2.1,5.0,12.4,-5.5,0.0,0.0,0.0,11.6,5.4,0,False,8,85.0,100.0,96.8,94.34112846760227,0,89.8,Nice,False,True,92.2,69.6,100.0,100.0,1.0,86.7,Nice,79.5
12-03-26,12.8,-2.9,3.9,9.6,-5.9,0.0,0.0,0.0,10.3,3.2,3,False,8,79.5,100.0,99.4,93.90388321012796,0,87.6,Nice,False,True,90.3,58.4,100.0,100.0,1.0,82.1,Nice,72.6
13-03-26,14.5,-3.4,4.3,11.3,-6.2,0.0,0.0,0.0,12.8,5.4,2,False,8,81.5,100.0,94.4,93.47023102961472,0,87.9,Nice,False,True,90.4,65.2,100.0,100.0,1.0,84.8,Nice,76.5
14-03-26,12.6,-3.8,3.1,8.6,-7.2,0.0,0.0,0.0,15.6,7.2,0,False,8,75.5,100.0,88.8,93.04036894735395,0,84.9,Nice,False,True,87.5,54.4,100.0,100.0,1.0,80.4,Nice,69.9
15-03-26,8.6,-2.9,2.7,4.7,-6.0,0.0,0.0,0.0,16.6,8.1,3,False,8,73.5,100.0,86.8,92.61455086854207,0,83.8,Nice,False,True,86.5,38.8,100.0,100.0,1.0,74.0,Pleasant,60.3
16-03-26,9.8,-3.1,2.5,6.3,-6.1,0.0,0.0,0.0,8.3,5.1,3,False,8,72.5,100.0,100.0,92.61406375608537,0,84.4,Nice,False,True,87.4,45.2,100.0,100.0,1.0,76.6,Nice,64.2
17-03-26,11.8,-3.6,3.1,7.9,-6.5,0.0,0.0,0.0,14.1,5.9,3,False,8,75.5,100.0,91.8,92.0605803847261,0,84.8,Nice,False,True,87.4,51.6,100.0,100.0,1.0,79.1,Nice,67.8
18-03-26,10.1,-2.2,3.2,5.5,-5.5,0.0,0.0,0.0,17.3,9.6,3,False,8,76.0,100.0,85.4,88.3061427519366,0,83.1,Nice,False,True,85.5,42.0,100.0,100.0,1.0,74.5,Pleasant,60.5
19-03-26,4.3,-0.9,1.7,0.5,-3.7,0.3,0.2,0.07,12.3,6.4,71,False,8,68.5,98.8,95.4,16.434925033953327,-20,55.2,Average,False,False,54.9,22.0,90.0,100.0,1.0,49.1,Average,17.8
20-03-26,5.8,0.2,2.6,2.3,-2.7,0.4,0.1,0.21,9.0,5.1,71,False,8,73.0,98.4,100.0,0.0,-20,51.6,Average,False,False,50.3,29.2,90.0,100.0,1.0,48.7,Average,15.8
21-03-26,9.5,0.8,4.4,4.4,-2.5,0.2,0.2,0.0,17.0,8.3,51,False,8,82.0,99.2,86.0,62.72970295136248,0,76.5,Nice,False,False,77.3,37.6,90.0,100.0,1.0,64.6,Pleasant,42.9
22-03-26,8.3,2.6,4.8,4.0,0.6,1.7,1.7,0.0,15.3,6.8,51,False,8,84.0,93.2,89.4,35.78157584549823,0,67.3,Pleasant,False,False,66.6,36.0,90.0,100.0,1.0,58.6,Average,32.3
23-03-26,10.0,2.4,5.6,7.3,0.3,0.5,0.5,0.0,6.5,2.8,51,False,8,88.0,98.0,100.0,53.145227489038405,0,76.5,Nice,False,False,76.8,49.2,90.0,100.0,1.0,67.3,Pleasant,45.7
24-03-26,12.9,1.5,6.6,9.9,-1.1,0.0,0.0,0.0,7.0,3.5,3,False,8,93.0,100.0,100.0,88.85277768726255,0,91.3,Excellent,False,True,93.1,59.6,100.0,100.0,1.0,81.6,Nice,71.3
25-03-26,12.1,3.9,7.5,9.4,1.4,0.1,0.1,0.0,8.3,3.2,51,False,8,97.5,99.6,100.0,69.36180058276472,0,86.2,Nice,False,False,86.8,57.6,90.0,100.0,1.0,73.9,Pleasant,56.1
26-03-26,13.6,1.8,7.5,9.6,-1.2,0.0,0.0,0.0,18.1,10.4,3,False,8,97.5,100.0,83.8,90.29464784828669,0,92.3,Excellent,False,True,93.6,58.4,100.0,100.0,1.0,81.4,Nice,71.2
27-03-26,11.0,1.8,6.7,6.3,-1.3,0.0,0.0,0.0,20.4,13.1,3,False,8,93.5,100.0,79.2,91.9672412274601,0,90.9,Excellent,False,True,92.4,45.2,100.0,100.0,1.0,76.5,Nice,63.9
28-03-26,6.6,3.2,4.7,3.8,0.4,30.4,24.1,4.41,16.5,9.5,75,False,8,83.5,0.0,87.0,0.0,-20,40.0,Average,True,False,37.9,35.2,20.0,100.0,1.0,30.1,Poor,4.2
29-03-26,6.3,3.9,4.8,4.0,0.7,24.3,24.3,0.0,13.0,6.3,61,False,8,84.0,2.799999999999997,94.0,0.0,0,41.5,Average,True,False,39.2,36.0,20.0,100.0,1.0,30.4,Poor,4.3
30-03-26,9.9,5.8,7.3,6.8,3.0,13.8,13.8,0.0,16.3,11.1,61,False,8,96.5,44.8,87.4,0.0,0,52.3,Average,True,False,49.2,47.2,20.0,100.0,1.0,34.9,Poor,5.7
31-03-26,6.5,4.9,5.5,3.5,1.8,7.9,7.9,0.0,14.9,11.3,61,False,8,87.5,68.4,90.2,0.0,0,52.5,Average,False,False,49.9,34.0,55.0,100.0,1.0,40.1,Average,11.2
01-04-26,9.9,4.6,6.6,7.8,2.1,0.2,0.2,0.0,9.6,5.5,51,False,15,58.0,99.2,100.0,37.62286999995656,0,59.2,Average,False,False,60.2,51.2,90.0,100.0,1.0,65.0,Pleasant,41.2
02-04-26,8.8,2.9,5.6,5.7,0.7,5.8,5.8,0.0,12.1,5.6,61,False,15,53.0,76.8,95.8,0.0,0,40.4,Average,False,False,39.6,42.8,75.0,100.0,1.0,49.6,Average,19.3
03-04-26,13.0,5.5,8.3,10.5,4.0,3.7,3.7,0.0,11.9,3.1,55,False,15,66.5,85.2,96.2,58.83821909998744,0,67.7,Pleasant,False,False,69.2,62.0,75.0,100.0,1.0,69.1,Pleasant,45.6
04-04-26,13.4,6.3,9.1,10.2,4.6,3.1,3.1,0.0,14.7,6.9,53,False,15,70.5,87.6,90.6,70.39501764551707,0,73.2,Pleasant,False,True,75.0,60.8,75.0,100.0,1.0,70.9,Pleasant,48.5
05-04-26,16.7,2.8,9.8,14.1,0.1,0.0,0.0,0.0,12.6,6.7,1,False,15,74.0,100.0,94.8,97.81622637680695,0,86.4,Nice,False,True,89.5,76.4,100.0,100.0,1.0,90.1,Excellent,85.0
06-04-26,18.8,5.3,11.9,16.3,2.9,0.1,0.1,0.0,23.4,11.4,51,False,15,84.5,99.6,73.2,94.52845670105089,0,87.7,Nice,False,True,89.6,85.2,90.0,100.0,1.0,90.0,Excellent,80.0
07-04-26,11.6,5.6,8.6,7.9,0.5,1.5,1.5,0.0,27.5,16.4,55,False,15,68.0,94.0,65.0,87.24124137188738,0,77.0,Nice,False,True,79.3,51.6,90.0,100.0,1.0,75.1,Nice,59.3
08-04-26,7.5,2.4,4.8,3.2,-3.0,1.3,0.3,0.7,26.2,18.1,73,False,15,49.0,94.8,67.6,96.42015062809539,-20,72.6,Pleasant,False,True,76.7,32.8,90.0,100.0,1.0,69.4,Pleasant,52.4
09-04-26,5.2,0.1,2.1,0.6,-4.2,2.9,0.7,1.54,16.9,12.3,73,False,15,35.5,88.4,86.2,47.41447441988732,-20,50.6,Average,False,False,53.3,22.4,90.0,100.0,1.0,55.4,Average,29.2
10-04-26,6.7,0.0,2.4,3.6,-3.2,2.4,0.3,1.47,8.3,4.2,73,False,15,37.0,90.4,100.0,58.94324228806306,-20,56.6,Average,False,False,60.1,34.4,90.0,100.0,1.0,62.5,Pleasant,39.8
11-04-26,8.7,-2.6,2.7,6.0,-5.8,0.5,0.5,0.0,8.0,4.0,51,False,15,38.5,98.0,100.0,93.76408035201453,0,70.9,Pleasant,False,True,75.7,44.0,90.0,100.0,1.0,73.4,Pleasant,57.5
12-04-26,11.0,-0.6,4.6,7.6,-3.8,0.0,0.0,0.0,11.4,5.6,3,False,15,48.0,100.0,97.2,96.58452021749207,0,75.8,Nice,False,True,80.2,50.4,100.0,100.0,1.0,79.5,Nice,68.9
13-04-26,13.8,-2.1,5.7,11.4,-5.4,0.0,0.0,0.0,16.1,7.6,3,False,15,53.5,100.0,87.8,91.45735070682878,0,75.4,Nice,False,True,79.1,65.6,100.0,100.0,1.0,84.5,Nice,75.9
14-04-26,14.5,2.7,8.6,11.7,-0.3,0.0,0.0,0.0,15.0,9.5,3,False,15,68.0,100.0,90.0,96.16882924089563,0,83.1,Nice,False,True,86.3,66.8,100.0,100.0,1.0,86.0,Nice,78.5
15-04-26,18.7,1.7,9.6,16.5,-0.7,0.0,0.0,0.0,13.9,5.3,2,False,15,73.0,100.0,92.2,95.96351663339166,0,85.2,Nice,False,True,88.2,86.0,100.0,100.0,1.0,93.6,Excellent,90.0
16-04-26,18.8,4.8,11.6,18.2,3.2,0.9,0.9,0.0,10.0,4.1,53,False,15,83.0,96.4,100.0,95.5876933339745,0,89.1,Nice,False,True,91.7,92.8,90.0,100.0,1.0,93.2,Excellent,84.5
17-04-26,15.1,7.2,10.8,14.4,5.7,8.2,8.2,0.0,10.8,4.0,63,False,15,79.0,67.2,98.4,69.96728876320293,0,74.0,Pleasant,False,False,75.6,77.6,55.0,100.0,1.0,71.5,Pleasant,41.0
18-04-26,14.5,5.5,9.6,10.9,3.9,3.9,3.9,0.0,13.3,6.0,61,False,15,73.0,84.4,93.4,89.69845133228642,0,80.7,Nice,False,True,83.4,63.6,75.0,100.0,1.0,75.9,Nice,55.5
19-04-26,16.9,5.1,10.5,13.8,2.8,0.0,0.0,0.0,11.4,5.2,3,False,15,77.5,100.0,97.2,94.66462810064516,0,86.9,Nice,False,True,89.7,75.2,100.0,100.0,1.0,89.0,Nice,83.0
20-04-26,16.0,3.6,9.1,13.0,1.5,2.8,2.8,0.0,19.2,8.7,53,False,15,70.5,88.8,81.6,59.22332426263443,0,68.8,Pleasant,False,False,69.8,72.0,90.0,100.0,1.0,77.6,Nice,60.2
21-04-26,7.7,4.0,5.8,5.6,2.2,11.0,11.0,0.0,10.1,5.8,61,False,15,54.0,56.0,99.8,4.330640810303872,0,39.5,Poor,True,False,39.0,42.4,40.0,100.0,1.0,39.8,Poor,10.9
22-04-26,9.1,3.1,5.2,5.5,-0.0,3.5,3.5,0.0,10.1,4.9,53,False,15,51.0,86.0,99.8,48.567047854599544,0,58.3,Average,False,False,60.2,42.0,75.0,100.0,1.0,59.0,Average,33.5
23-04-26,12.2,1.4,7.0,6.5,-2.4,0.2,0.2,0.0,28.5,14.6,51,False,15,60.0,99.2,63.0,80.01906446521284,0,71.9,Pleasant,False,True,74.2,46.0,90.0,100.0,1.0,71.4,Pleasant,53.6
24-04-26,15.5,5.8,10.2,11.1,2.2,0.0,0.0,0.0,23.3,13.8,3,False,15,76.0,100.0,73.4,94.78366359062403,0,84.4,Nice,False,True,86.9,64.4,100.0,100.0,1.0,84.7,Nice,76.6
25-04-26,17.6,3.5,11.0,15.0,0.9,0.0,0.0,0.0,14.0,7.3,3,False,15,80.0,100.0,92.0,95.04031834093932,0,87.6,Nice,False,True,90.2,80.0,100.0,100.0,1.0,91.0,Excellent,86.0
26-04-26,19.8,5.8,12.3,14.7,2.5,0.2,0.2,0.0,29.0,14.8,51,False,15,86.5,99.2,62.0,95.30220240464314,0,87.8,Nice,False,True,89.5,78.8,90.0,100.0,1.0,87.6,Nice,76.9
27-04-26,12.9,1.8,7.6,10.2,-1.6,0.0,0.0,0.0,18.0,7.2,3,False,15,63.0,100.0,84.0,96.24698119823103,0,80.6,Nice,False,True,83.9,60.8,100.0,100.0,1.0,83.6,Nice,75.0
28-04-26,14.9,2.3,8.7,12.7,-0.7,0.0,0.0,0.0,11.6,5.0,3,False,15,68.5,100.0,96.8,93.13824077647148,0,82.7,Nice,False,True,85.9,70.8,100.0,100.0,1.0,86.9,Nice,79.7
29-04-26,13.4,3.5,8.4,11.5,1.2,3.3,3.3,0.0,13.1,4.3,63,False,15,67.0,86.8,93.8,86.70914324702264,0,77.7,Nice,False,True,80.5,66.0,75.0,100.0,1.0,76.2,Nice,55.7
30-04-26,5.3,0.6,3.6,1.5,-2.2,5.4,5.4,0.0,15.8,9.1,53,False,15,43.0,78.4,88.4,0.0,0,36.0,Poor,False,False,35.6,26.0,75.0,100.0,1.0,42.9,Average,11.7
01-05-26,8.6,-2.2,3.6,4.5,-5.4,0.0,0.0,0.0,13.7,5.2,3,False,20,18.0,100.0,92.6,60.50961829181249,0,50.8,Average,False,False,54.8,38.0,100.0,100.0,1.0,67.3,Pleasant,47.0
02-05-26,9.7,1.5,5.8,7.6,-1.5,6.1,5.2,0.63,12.8,5.4,73,False,20,29.0,75.6,94.4,82.45207355620984,-20,59.0,Average,False,True,63.9,50.4,75.0,100.0,1.0,69.2,Pleasant,47.4
03-05-26,12.4,-1.5,5.3,10.0,-4.3,0.0,0.0,0.0,7.8,4.5,1,False,20,26.5,100.0,100.0,95.29577266516958,0,67.0,Pleasant,False,True,72.4,60.0,100.0,100.0,1.0,83.1,Nice,74.1
04-05-26,19.0,3.2,11.3,17.0,0.4,0.5,0.5,0.0,12.4,7.2,51,False,20,56.5,98.0,95.2,95.60847953311932,0,78.4,Nice,False,True,82.2,88.0,90.0,100.0,1.0,91.3,Excellent,81.9
05-05-26,21.8,6.6,14.0,21.3,4.5,0.0,0.0,0.0,9.6,4.3,2,False,20,70.0,100.0,100.0,96.03998137192335,0,84.6,Nice,False,True,87.9,100.0,100.0,100.0,1.0,99.2,Excellent,98.4
06-05-26,23.4,5.0,14.5,22.7,3.2,0.0,0.0,0.0,13.5,4.6,2,False,20,72.5,100.0,93.0,95.90615107163853,0,85.0,Nice,False,True,88.0,100.0,100.0,100.0,1.0,99.2,Excellent,98.4
07-05-26,23.6,6.3,15.6,23.7,4.9,0.0,0.0,0.0,11.1,5.5,3,False,20,78.0,100.0,97.8,91.14046154259361,0,85.9,Nice,False,True,88.5,100.0,100.0,100.0,1.0,98.2,Excellent,96.5
08-05-26,18.6,12.3,15.3,19.0,11.9,2.5,2.5,0.0,10.3,4.4,61,False,20,76.5,90.0,99.4,88.86446548351789,0,83.2,Nice,False,True,85.8,96.0,90.0,100.0,1.0,93.2,Excellent,83.8
09-05-26,16.7,11.4,13.4,16.4,11.3,21.0,21.0,0.0,9.7,4.1,63,False,20,67.0,16.0,100.0,9.70760924911489,0,40.6,Average,True,False,39.7,85.6,20.0,100.0,1.0,52.2,Average,11.0
10-05-26,18.3,10.6,13.6,17.4,9.4,8.8,8.8,0.0,12.3,7.1,61,False,20,68.0,64.8,95.4,74.76852909534234,0,70.7,Pleasant,False,True,73.0,89.6,55.0,100.0,1.0,77.3,Nice,46.0
11-05-26,20.9,4.9,13.5,21.8,3.3,0.2,0.2,0.0,8.5,4.9,51,False,20,67.5,99.2,100.0,91.62669224126196,0,81.9,Nice,False,True,85.2,100.0,90.0,100.0,1.0,95.3,Excellent,87.0
12-05-26,16.6,10.4,13.2,17.2,9.7,12.0,12.0,0.0,11.2,5.0,63,False,20,66.0,52.0,97.6,90.49815347477353,0,73.7,Pleasant,True,True,76.9,88.8,20.0,100.0,1.0,69.6,Pleasant,17.9
13-05-26,10.5,5.4,7.6,9.2,1.1,5.5,5.5,0.0,21.0,12.4,55,False,20,38.0,78.0,78.0,0.0,0,33.1,Poor,False,False,32.8,56.8,75.0,100.0,1.0,55.2,Average,25.6
14-05-26,14.7,5.9,9.5,12.5,3.2,0.0,0.0,0.0,8.9,4.8,3,False,20,47.5,100.0,100.0,76.81997988702228,0,68.9,Pleasant,False,True,72.4,70.0,100.0,100.0,1.0,83.4,Nice,72.7
15-05-26,19.2,1.8,10.7,18.8,-0.5,0.0,0.0,0.0,9.1,4.8,3,False,20,53.5,100.0,100.0,95.89506441248872,0,78.0,Nice,False,True,82.1,95.2,100.0,100.0,1.0,97.3,Excellent,95.5
16-05-26,20.3,6.0,14.0,19.0,4.1,0.4,0.4,0.0,18.7,9.3,51,False,20,70.0,98.4,82.6,93.61108087737358,0,82.1,Nice,False,True,85.0,96.0,90.0,100.0,1.0,94.1,Excellent,85.5
17-05-26,16.1,10.7,12.8,13.7,8.2,4.3,4.3,0.0,16.1,11.7,61,False,20,64.0,82.8,87.8,51.386766057773855,0,63.0,Pleasant,False,False,64.2,74.8,75.0,100.0,1.0,72.7,Pleasant,49.1
18-05-26,18.7,7.8,13.2,18.5,5.2,0.3,0.3,0.0,12.8,8.5,51,False,20,66.0,98.8,94.4,95.68619449917816,0,82.3,Nice,False,True,85.6,94.0,90.0,100.0,1.0,93.7,Excellent,85.2
19-05-26,18.5,10.8,13.4,18.6,9.3,3.3,3.3,0.0,10.8,4.2,63,False,20,67.0,86.8,98.4,38.806975612714886,0,61.3,Pleasant,False,False,61.8,94.4,75.0,100.0,1.0,78.0,Nice,54.1
20-05-26,19.1,10.0,13.7,18.4,9.1,8.0,8.0,0.0,14.4,8.8,61,False,20,68.5,68.0,91.2,72.80046748061315,0,70.4,Pleasant,False,True,72.4,93.6,55.0,100.0,1.0,78.5,Nice,46.9
21-05-26,14.1,11.3,12.7,12.1,9.7,12.9,12.9,0.0,17.8,13.9,63,False,20,63.5,48.4,84.4,8.938963624378435,0,42.5,Average,True,False,41.5,68.4,20.0,100.0,1.0,45.1,Average,8.9
22-05-26,17.0,12.2,13.9,17.6,11.2,13.1,13.1,0.0,12.5,9.4,61,False,20,69.5,47.6,95.0,50.278139374936714,0,60.1,Pleasant,True,False,61.1,90.4,20.0,100.0,1.0,62.2,Pleasant,14.9
23-05-26,20.9,11.8,15.2,21.7,11.3,5.2,5.2,0.0,10.4,5.3,63,False,20,76.0,79.2,99.2,69.07857603446571,0,74.4,Pleasant,False,False,76.0,100.0,75.0,100.0,1.0,86.3,Nice,65.7
24-05-26,21.4,11.0,16.1,20.8,10.0,0.0,0.0,0.0,9.7,3.9,2,False,20,80.5,100.0,100.0,96.16110262313896,0,88.9,Nice,False,True,91.6,100.0,100.0,100.0,1.0,99.2,Excellent,98.5
25-05-26,22.7,10.6,17.2,21.6,9.2,0.3,0.3,0.0,16.5,7.8,51,False,20,86.0,98.8,87.0,93.89111489650686,0,89.0,Nice,False,True,91.2,100.0,90.0,100.0,1.0,95.8,Excellent,87.8
26-05-26,23.6,14.5,19.0,23.8,14.2,0.0,0.0,0.0,14.4,8.0,3,False,20,95.0,100.0,91.2,96.76644577275006,0,94.2,Excellent,False,True,96.1,100.0,100.0,100.0,1.0,99.4,Excellent,98.7
27-05-26,25.1,13.6,19.8,25.1,12.8,0.2,0.2,0.0,14.2,8.8,51,False,20,99.0,99.2,91.6,96.68739713314143,0,95.6,Excellent,False,True,97.4,100.0,90.0,100.0,1.0,96.3,Excellent,88.8
28-05-26,20.9,10.7,16.4,20.3,8.3,3.4,3.4,0.0,20.0,9.2,55,False,20,82.0,86.4,80.0,87.35946995807936,0,82.7,Nice,False,True,84.6,100.0,75.0,100.0,1.0,90.0,Excellent,71.2
29-05-26,17.6,7.7,12.5,13.6,5.6,1.0,1.0,0.0,25.4,13.8,51,False,20,62.5,96.0,69.2,95.04621586184727,0,78.2,Nice,False,True,81.2,74.4,90.0,100.0,1.0,85.8,Nice,74.4
30-05-26,19.3,9.4,14.5,15.7,6.3,0.3,0.3,0.0,26.4,12.7,51,False,20,72.5,98.8,67.2,86.88194042051147,0,79.6,Nice,False,True,81.7,82.8,90.0,100.0,1.0,87.5,Nice,76.0
31-05-26,19.3,12.5,15.5,17.6,10.5,2.3,2.3,0.0,17.2,12.2,53,False,20,77.5,90.8,85.6,92.8144884109703,0,84.0,Nice,False,True,86.4,90.4,90.0,100.0,1.0,91.7,Excellent,82.2
01-06-26,20.1,12.2,15.8,20.9,11.1,2.5,2.5,0.0,12.9,4.9,53,False,24,59.0,90.0,94.2,50.44793628008929,0,62.3,Pleasant,False,False,63.7,100.0,90.0,100.0,1.0,87.1,Nice,72.2
02-06-26,17.9,13.5,14.8,18.6,13.5,20.8,20.8,0.0,10.1,6.1,63,False,24,54.0,16.799999999999997,99.8,47.07839551239254,0,48.6,Average,True,False,50.2,94.4,20.0,100.0,1.0,63.2,Pleasant,15.1
03-06-26,21.8,11.3,16.3,22.6,10.7,0.0,0.0,0.0,9.5,4.1,3,False,24,61.5,100.0,100.0,86.65071051973395,0,77.9,Nice,False,True,81.2,100.0,100.0,100.0,1.0,97.3,Excellent,94.7
04-06-26,21.9,11.9,17.0,24.8,11.5,10.6,10.6,0.0,7.9,4.5,65,False,24,65.0,57.6,100.0,90.44450070268128,0,74.3,Pleasant,True,True,77.6,100.0,40.0,100.0,1.0,80.1,Nice,38.5
05-06-26,24.2,10.6,18.2,26.1,10.4,1.0,1.0,0.0,7.6,4.1,51,False,24,71.0,96.0,100.0,94.98343027520198,0,84.0,Nice,False,True,87.2,100.0,90.0,100.0,1.0,96.0,Excellent,88.2
06-06-26,23.3,14.7,18.0,27.1,15.1,16.3,16.3,0.0,9.3,5.2,63,False,24,70.0,34.8,100.0,89.30356639989664,0,72.5,Pleasant,True,True,75.4,99.2,20.0,100.0,1.0,73.6,Pleasant,19.1
07-06-26,21.4,13.7,17.1,22.1,14.4,3.8,3.8,0.0,15.6,9.1,55,False,24,65.5,84.8,88.8,73.98553814320967,0,71.9,Pleasant,False,True,74.1,100.0,75.0,100.0,1.0,87.3,Nice,67.2
08-06-26,23.3,13.1,18.5,23.2,12.5,1.2,1.2,0.0,12.6,7.8,51,False,24,72.5,95.2,94.8,96.03925066269193,0,84.5,Nice,False,True,87.6,100.0,90.0,100.0,1.0,96.2,Excellent,88.6
09-06-26,24.2,13.0,18.7,25.3,12.5,0.0,0.0,0.0,6.8,3.9,1,False,24,73.5,100.0,100.0,96.01032785514676,0,86.0,Nice,False,True,89.1,100.0,100.0,100.0,1.0,99.2,Excellent,98.4
10-06-26,26.0,14.4,19.8,26.6,13.4,0.0,0.0,0.0,11.3,3.3,1,False,24,79.0,100.0,97.4,95.96930688300756,0,88.0,Nice,False,True,90.8,100.0,100.0,100.0,1.0,99.2,Excellent,98.4
11-06-26,24.1,11.5,18.4,25.7,11.5,2.5,2.5,0.0,14.0,6.0,55,False,24,72.0,90.0,92.0,94.92590421575208,0,82.9,Nice,False,True,85.9,100.0,90.0,100.0,1.0,96.0,Excellent,88.2
12-06-26,17.2,12.7,14.1,17.4,10.9,14.0,14.0,0.0,15.3,10.0,63,False,24,50.5,44.0,89.4,5.257692646881642,0,35.8,Poor,True,False,35.3,89.6,20.0,100.0,1.0,52.9,Average,11.2
13-06-26,19.7,10.2,14.9,18.0,8.6,1.2,1.2,0.0,11.9,9.7,51,False,24,54.5,95.2,96.2,95.75561464819742,0,77.3,Nice,False,True,81.3,92.0,90.0,100.0,1.0,93.0,Excellent,84.2
14-06-26,22.5,12.3,16.8,22.3,11.7,1.7,1.7,0.0,18.0,8.1,53,False,24,64.0,93.2,84.0,95.69947811884599,0,79.8,Nice,False,True,83.1,100.0,90.0,100.0,1.0,96.1,Excellent,88.5
15-06-26,18.9,12.4,15.3,16.5,12.0,0.9,0.9,0.0,18.3,10.3,51,False,24,56.5,96.4,83.4,94.82803483745468,0,76.9,Nice,False,True,80.5,86.0,90.0,100.0,1.0,90.4,Excellent,80.6
16-06-26,21.2,10.7,16.2,20.4,9.4,0.1,0.1,0.0,11.9,7.5,51,False,24,61.0,99.6,96.2,95.60972535044063,0,80.5,Nice,False,True,84.2,100.0,90.0,100.0,1.0,96.1,Excellent,88.4
17-06-26,22.1,11.9,17.2,22.3,10.8,0.1,0.1,0.0,15.5,6.7,51,False,24,66.0,99.6,89.0,95.57611779367133,0,81.9,Nice,False,True,85.2,100.0,90.0,100.0,1.0,96.1,Excellent,88.4
18-06-26,22.2,13.0,17.4,22.3,13.0,2.5,2.5,0.0,10.0,6.4,53,False,24,67.0,90.0,100.0,89.73762853024095,0,79.7,Nice,False,True,82.8,100.0,90.0,100.0,1.0,94.9,Excellent,86.3
19-06-26,23.4,11.9,18.2,23.7,10.5,0.3,0.3,0.0,8.6,4.2,51,False,24,71.0,98.8,100.0,95.53141205510887,0,84.7,Nice,False,True,87.9,100.0,90.0,100.0,1.0,96.1,Excellent,88.4
20-06-26,25.9,15.0,20.8,26.9,14.6,1.0,1.0,0.0,7.4,3.7,51,False,24,84.0,96.0,100.0,95.52030974052438,0,89.4,Nice,False,True,92.0,100.0,90.0,100.0,1.0,96.1,Excellent,88.4
21-06-26,27.1,16.3,21.8,29.7,16.9,1.4,1.4,0.0,6.7,2.7,51,False,24,89.0,94.4,100.0,95.51671091389858,0,91.2,Excellent,False,True,93.5,79.2,90.0,100.0,1.0,87.8,Nice,77.2
22-06-26,25.9,15.5,20.0,29.3,16.6,3.2,3.2,0.0,6.9,2.8,55,False,24,80.0,87.2,100.0,90.2236084108362,0,84.7,Nice,False,True,87.2,82.3,75.0,100.0,1.0,83.5,Nice,64.1
23-06-26,25.3,15.7,20.0,28.1,16.7,6.0,6.0,0.0,6.8,3.9,63,False,24,80.0,76.0,100.0,85.03790408482392,0,81.2,Nice,False,True,83.4,91.5,55.0,100.0,1.0,80.1,Nice,48.9
24-06-26,25.5,15.0,19.7,28.3,15.9,2.0,2.0,0.0,10.8,3.0,53,False,24,78.5,92.0,98.4,95.55083463654054,0,86.5,Nice,False,True,89.3,90.0,90.0,100.0,1.0,92.1,Excellent,83.0
25-06-26,25.9,15.4,20.8,29.1,16.3,4.7,4.7,0.0,8.5,3.3,61,False,24,84.0,81.2,100.0,95.5771666148957,0,87.2,Nice,False,True,89.8,83.8,75.0,100.0,1.0,85.2,Nice,66.4
26-06-26,27.9,16.7,22.6,29.2,17.2,0.1,0.1,0.0,9.3,3.1,51,False,24,93.0,99.6,100.0,95.61097805249999,0,93.6,Excellent,False,True,95.7,83.1,90.0,100.0,1.0,89.4,Nice,79.3
27-06-26,28.7,19.3,23.8,30.1,20.2,0.0,0.0,0.0,9.1,4.8,3,False,24,99.0,100.0,100.0,95.65221704125729,0,96.1,Excellent,False,True,97.9,76.2,100.0,100.0,1.0,89.6,Nice,84.0
28-06-26,31.4,17.4,24.3,33.3,18.6,0.0,0.0,0.0,7.4,3.1,3,False,24,98.5,100.0,100.0,95.70093669950154,0,95.9,Excellent,False,True,97.8,51.5,100.0,100.0,1.0,79.8,Nice,69.2
29-06-26,32.1,19.7,25.5,34.3,20.8,0.4,0.4,0.0,7.6,3.9,51,False,24,92.5,98.4,100.0,95.75707494055082,0,93.3,Excellent,False,True,95.4,43.8,90.0,100.0,1.0,73.7,Pleasant,58.1
30-06-26,30.0,20.1,24.4,33.8,21.4,0.3,0.3,0.0,8.7,3.5,51,False,24,98.0,98.8,100.0,95.82065779816905,0,95.6,Excellent,False,True,97.4,47.7,90.0,100.0,1.0,75.2,Nice,60.2
01-07-26,28.0,17.5,22.6,30.8,19.4,0.4,0.4,0.0,8.1,4.0,51,False,26,83.0,98.4,100.0,89.49894971917041,0,87.3,Nice,False,True,89.6,70.8,90.0,100.0,1.0,83.2,Nice,70.4
02-07-26,26.2,17.0,20.9,30.8,18.8,6.1,6.1,0.0,8.5,4.0,61,False,26,74.5,75.6,100.0,95.97106365796198,0,82.7,Nice,False,True,85.8,70.8,55.0,100.0,1.0,74.0,Pleasant,44.5
03-07-26,24.6,16.2,19.3,27.3,17.4,11.4,11.4,0.0,16.1,7.8,61,False,26,66.5,54.4,87.8,57.84332577968085,0,62.0,Pleasant,True,False,63.4,97.7,40.0,100.0,1.0,72.6,Pleasant,32.7
04-07-26,21.2,14.6,17.4,19.4,14.3,7.6,7.6,0.0,21.4,12.0,63,False,26,56.99999999999999,69.6,77.2,72.26848814050658,0,64.7,Pleasant,False,True,67.0,97.6,55.0,100.0,1.0,80.0,Nice,48.1
05-07-26,21.1,11.6,16.7,19.5,10.0,0.4,0.4,0.0,14.9,9.0,51,False,26,53.5,98.4,90.2,96.25817726585065,0,77.1,Nice,False,True,81.0,98.0,90.0,100.0,1.0,95.5,Excellent,87.6
06-07-26,22.5,13.5,18.1,22.3,12.6,1.2,1.2,0.0,13.8,8.8,51,False,26,60.50000000000001,95.2,92.4,95.29635556564463,0,79.2,Nice,False,True,82.8,100.0,90.0,100.0,1.0,96.1,Excellent,88.3
07-07-26,23.3,13.4,18.3,22.8,12.8,0.3,0.3,0.0,15.1,7.2,51,False,26,61.5,98.8,89.8,94.26493651482006,0,79.6,Nice,False,True,83.0,100.0,90.0,100.0,1.0,95.9,Excellent,87.9
08-07-26,22.6,14.0,17.4,22.6,13.4,3.6,3.6,0.0,25.6,8.5,55,False,26,56.99999999999999,85.6,68.8,69.69411731869263,0,65.5,Pleasant,False,False,67.5,100.0,75.0,100.0,1.0,86.4,Nice,65.9
09-07-26,19.6,12.2,15.5,20.3,11.8,4.2,4.2,0.0,12.9,6.5,61,False,26,47.5,83.2,94.2,77.01836534869616,0,66.0,Pleasant,False,True,69.3,100.0,75.0,100.0,1.0,87.9,Nice,68.1
10-07-26,19.3,10.1,14.9,18.3,8.8,0.3,0.3,0.0,13.6,7.9,51,False,26,44.5,98.8,92.8,96.89030564046914,0,74.0,Pleasant,False,True,78.4,93.2,90.0,100.0,1.0,93.7,Excellent,85.2
11-07-26,23.9,11.0,17.7,22.7,9.9,0.1,0.1,0.0,14.0,6.3,51,False,26,58.5,99.6,92.0,97.03824888370073,0,79.7,Nice,False,True,83.4,100.0,90.0,100.0,1.0,96.4,Excellent,88.9
12-07-26,24.9,12.4,17.8,24.5,12.6,1.6,1.6,0.0,17.8,6.2,53,False,26,59.0,93.6,84.4,86.45947287578487,0,74.7,Pleasant,False,True,77.7,100.0,90.0,100.0,1.0,94.3,Excellent,85.1
13-07-26,20.2,11.7,15.9,20.7,11.5,3.0,3.0,0.0,14.1,6.2,53,False,26,49.5,88.0,91.8,96.33250167530505,0,74.1,Pleasant,False,True,78.2,100.0,75.0,100.0,1.0,91.8,Excellent,73.9
14-07-26,23.8,13.5,18.0,24.8,13.0,4.5,4.5,0.0,16.1,9.2,53,False,26,60.0,82.0,87.8,89.41065796866256,0,74.6,Pleasant,False,True,77.8,100.0,75.0,100.0,1.0,90.4,Excellent,71.8
15-07-26,26.0,14.1,19.8,28.8,14.7,0.0,0.0,0.0,8.8,4.0,3,False,26,69.0,100.0,100.0,94.77472362856373,0,83.8,Nice,False,True,87.1,86.2,100.0,100.0,1.0,93.4,Excellent,89.6
16-07-26,25.7,16.0,20.6,27.7,17.2,5.4,5.4,0.0,9.2,4.0,61,False,26,73.0,78.4,100.0,97.58867317845925,0,83.1,Nice,False,True,86.3,94.6,75.0,100.0,1.0,89.9,Nice,71.9
17-07-26,27.4,15.7,21.4,29.1,16.8,0.0,0.0,0.0,7.8,3.8,1,False,26,77.0,100.0,100.0,97.68961363052776,0,88.0,Nice,False,True,91.0,83.8,100.0,100.0,1.0,93.1,Excellent,89.4
18-07-26,29.0,14.4,22.0,30.9,15.5,0.6,0.6,0.0,8.5,3.4,51,False,26,80.0,97.6,100.0,97.7922252076578,0,88.9,Nice,False,True,91.8,70.0,90.0,100.0,1.0,84.6,Nice,73.0
19-07-26,28.9,16.3,21.0,32.1,17.4,8.5,8.5,0.0,7.1,3.0,63,False,26,75.0,66.0,100.0,92.28851943503935,0,80.2,Nice,False,True,83.1,60.8,55.0,100.0,1.0,69.3,Pleasant,40.4
20-07-26,24.6,15.5,19.8,26.9,16.8,3.2,3.2,0.0,13.0,5.2,55,False,26,69.0,87.2,94.0,90.94779054100346,0,80.0,Nice,False,True,83.0,100.0,75.0,100.0,1.0,90.7,Excellent,72.3
21-07-26,25.0,15.0,20.1,24.7,15.5,0.0,0.0,0.0,10.9,5.3,3,False,26,70.5,100.0,98.2,98.10824744721698,0,85.4,Nice,False,True,88.7,100.0,100.0,100.0,1.0,99.6,Excellent,99.2
22-07-26,17.8,13.3,14.9,17.3,12.7,13.1,13.1,0.0,9.9,5.2,63,False,26,44.5,47.6,100.0,19.719990642502307,0,39.8,Poor,True,False,40.6,89.2,20.0,100.0,1.0,55.6,Average,12.3
23-07-26,20.5,12.3,15.8,19.3,11.7,3.5,3.5,0.0,13.6,7.8,53,False,26,49.0,86.0,92.8,79.10172358719898,0,67.6,Pleasant,False,True,71.0,97.2,75.0,100.0,1.0,87.2,Nice,67.5
24-07-26,19.3,11.6,15.6,19.4,10.8,1.1,1.1,0.0,13.2,8.1,51,False,26,48.0,95.6,93.6,89.72554980081223,0,72.4,Pleasant,False,True,76.4,97.6,90.0,100.0,1.0,94.0,Excellent,85.0
25-07-26,20.0,11.8,15.7,18.9,11.0,2.8,2.8,0.0,13.1,8.2,51,False,26,48.5,88.8,93.8,94.19848752755283,0,73.2,Pleasant,False,True,77.4,95.6,90.0,100.0,1.0,94.1,Excellent,85.5
26-07-26,24.3,11.3,17.6,24.8,10.3,0.0,0.0,0.0,8.3,3.6,2,False,26,58.00000000000001,100.0,100.0,98.68056783906101,0,80.7,Nice,False,True,84.8,100.0,100.0,100.0,1.0,99.7,Excellent,99.5
27-07-26,24.5,12.0,18.9,26.2,11.9,1.7,1.7,0.0,11.7,5.6,53,False,26,64.5,93.2,96.6,91.03003172962086,0,79.4,Nice,False,True,82.6,100.0,90.0,100.0,1.0,95.2,Excellent,86.8
28-07-26,23.3,15.6,19.1,21.2,15.7,3.0,3.0,0.0,18.5,11.1,53,False,26,65.5,88.0,83.0,98.76837115926956,0,80.6,Nice,False,True,83.9,100.0,75.0,100.0,1.0,92.3,Excellent,74.6
29-07-26,26.2,13.8,19.9,26.2,13.2,0.0,0.0,0.0,11.3,3.7,0,False,26,69.5,100.0,97.4,98.76822864997166,0,85.2,Nice,False,True,88.6,100.0,100.0,100.0,1.0,99.8,Excellent,99.5
30-07-26,27.3,15.2,20.9,29.0,14.9,0.0,0.0,0.0,6.8,3.0,0,False,26,74.5,100.0,100.0,98.76808550935876,0,87.4,Nice,False,True,90.6,84.6,100.0,100.0,1.0,93.6,Excellent,90.3
31-07-26,28.7,13.8,21.5,29.4,14.4,0.0,0.0,0.0,6.7,3.2,0,False,26,77.5,100.0,100.0,98.41943377884871,0,88.4,Nice,False,True,91.5,81.5,100.0,100.0,1.0,92.3,Excellent,88.3
01-08-26,30.4,15.5,22.5,31.7,15.8,0.0,0.0,0.0,10.7,4.7,1,False,25,87.5,100.0,98.6,98.61816679065008,0,92.4,Excellent,False,True,94.9,63.8,100.0,100.0,1.0,85.3,Nice,77.8
02-08-26,30.0,13.6,21.7,30.3,13.8,0.0,0.0,0.0,11.5,5.5,0,False,25,83.5,100.0,97.0,97.91668553846526,0,90.4,Excellent,False,True,93.1,74.6,100.0,100.0,1.0,89.4,Nice,83.9
03-08-26,28.6,15.0,21.8,29.1,14.6,0.0,0.0,0.0,6.6,3.1,1,False,25,84.0,100.0,100.0,97.68140578625606,0,90.8,Excellent,False,True,93.5,83.8,100.0,100.0,1.0,93.1,Excellent,89.4
04-08-26,29.8,16.0,22.7,30.5,15.7,0.0,0.0,0.0,6.6,3.4,0,False,25,88.5,100.0,100.0,97.89522455189838,0,92.7,Excellent,False,True,95.1,73.1,100.0,100.0,1.0,88.8,Nice,83.0
05-08-26,30.5,17.0,23.2,30.7,17.1,0.0,0.0,0.0,9.7,4.3,1,False,25,91.0,100.0,100.0,96.76256513914181,0,93.3,Excellent,False,True,95.6,71.5,100.0,100.0,1.0,88.0,Nice,81.6
06-08-26,30.7,16.6,23.3,31.9,17.1,0.9,0.0,0.0,22.0,5.0,80,True,25,91.5,96.4,76.0,70.56480271202126,0,81.8,Nice,False,True,82.3,62.3,100.0,100.0,1.0,79.0,Nice,65.6
07-08-26,30.5,15.6,22.6,31.9,16.8,0.4,0.0,0.0,10.4,4.4,80,True,25,88.0,98.4,99.2,86.90291666467212,0,88.3,Nice,False,True,90.2,62.3,100.0,100.0,1.0,82.3,Nice,72.1
08-08-26,27.9,18.1,21.7,30.2,20.2,6.5,0.0,0.0,12.2,3.8,95,True,25,83.5,74.0,95.6,65.88663879124296,0,75.2,Nice,False,False,76.2,75.4,100.0,100.0,0.4,33.3,Poor,28.6
09-08-26,25.6,17.2,21.1,24.8,18.0,0.0,0.0,0.0,9.5,4.8,3,True,25,80.5,100.0,100.0,89.29153019944684,0,86.5,Nice,False,True,88.9,100.0,100.0,100.0,1.0,97.9,Excellent,95.7
10-08-26,28.5,13.8,20.8,29.2,13.8,0.0,0.0,0.0,8.4,4.3,1,True,25,79.0,100.0,100.0,98.74962945327594,0,89.2,Nice,False,True,92.1,83.1,100.0,100.0,1.0,93.0,Excellent,89.3
11-08-26,29.4,16.2,23.1,30.0,16.2,0.0,0.0,0.0,10.5,7.1,2,True,25,90.5,100.0,99.0,98.12728528188325,0,93.5,Excellent,False,True,95.8,76.9,100.0,100.0,1.0,90.4,Excellent,85.4
12-08-26,30.2,17.1,24.2,31.2,16.5,0.0,0.0,0.0,9.5,6.5,3,True,25,96.0,100.0,100.0,96.34757533462555,0,95.1,Excellent,False,True,97.1,67.7,100.0,100.0,1.0,86.3,Nice,79.2
