date,Brent_close,Brent_change_pct,EuroGas_close,EuroGas_change_pct,Wheat_close,Wheat_change_pct,Corn_close,Corn_change_pct,Gold_close,Gold_change_pct,Copper_close,Copper_change_pct
01-01-20,66.25,,12.075,,560.25,,391.5,,1524.5,,2.833,
02-01-20,66.25,0.0,12.075,0.0,560.25,0.0,391.5,0.0,1524.5,0.0,2.833,0.0
03-01-20,68.6,3.547,12.985,7.536,554.5,-1.026,386.5,-1.277,1549.2,1.62,2.7985,-1.218
04-01-20,68.6,0.0,12.985,0.0,554.5,0.0,386.5,0.0,1549.2,0.0,2.7985,0.0
05-01-20,68.6,0.0,12.985,0.0,554.5,0.0,386.5,0.0,1549.2,0.0,2.7985,0.0
06-01-20,68.91,0.452,12.28,-5.429,550.0,-0.812,384.75,-0.453,1566.2,1.097,2.8005,0.071
07-01-20,68.27,-0.929,11.93,-2.85,550.25,0.045,384.5,-0.065,1571.8,0.358,2.804,0.125
08-01-20,65.44,-4.145,11.965,0.293,552.75,0.454,384.25,-0.065,1557.4,-0.916,2.819,0.535
09-01-20,65.37,-0.107,12.18,1.797,562.25,1.719,383.25,-0.26,1551.7,-0.366,2.8105,-0.302
10-01-20,64.98,-0.597,11.94,-1.97,564.5,0.4,385.75,0.652,1557.5,0.374,2.8185,0.285
11-01-20,64.98,0.0,11.94,0.0,564.5,0.0,385.75,0.0,1557.5,0.0,2.8185,0.0
12-01-20,64.98,0.0,11.94,0.0,564.5,0.0,385.75,0.0,1557.5,0.0,2.8185,0.0
13-01-20,64.2,-1.2,12.055,0.963,562.25,-0.399,389.5,0.972,1548.4,-0.584,2.8615,1.526
14-01-20,64.49,0.452,11.305,-6.221,568.5,1.112,389.0,-0.128,1542.4,-0.387,2.876,0.507
15-01-20,64.0,-0.76,11.18,-1.106,573.25,0.836,387.5,-0.386,1552.1,0.629,2.87,-0.209
16-01-20,64.62,0.969,11.115,-0.581,565.25,-1.396,375.5,-3.097,1549.0,-0.2,2.852,-0.627
17-01-20,64.85,0.356,10.93,-1.664,570.5,0.929,389.25,3.662,1558.8,0.633,2.8495,-0.088
18-01-20,64.85,0.0,10.93,0.0,570.5,0.0,389.25,0.0,1558.8,0.0,2.8495,0.0
19-01-20,64.85,0.0,10.93,0.0,570.5,0.0,389.25,0.0,1558.8,0.0,2.8495,0.0
20-01-20,64.85,0.0,10.93,0.0,570.5,0.0,389.25,0.0,1558.8,0.0,2.8495,0.0
21-01-20,64.59,-0.401,10.775,-1.418,581.5,1.928,387.5,-0.45,1556.4,-0.154,2.7985,-1.79
22-01-20,63.21,-2.137,10.455,-2.97,577.75,-0.645,388.75,0.323,1555.3,-0.071,2.767,-1.126
23-01-20,62.04,-1.851,10.43,-0.239,580.5,0.476,393.75,1.286,1564.6,0.598,2.726,-1.482
24-01-20,60.69,-2.176,10.455,0.24,573.5,-1.206,387.25,-1.651,1571.1,0.415,2.6855,-1.486
25-01-20,60.69,0.0,10.455,0.0,573.5,0.0,387.25,0.0,1571.1,0.0,2.6855,0.0
26-01-20,60.69,0.0,10.455,0.0,573.5,0.0,387.25,0.0,1571.1,0.0,2.6855,0.0
27-01-20,59.32,-2.257,10.525,0.67,572.25,-0.218,380.5,-1.743,1576.8,0.363,2.5965,-3.314
28-01-20,59.51,0.32,10.79,2.518,569.75,-0.437,386.5,1.577,1569.2,-0.482,2.5795,-0.655
29-01-20,59.81,0.504,10.15,-5.931,562.25,-1.316,384.25,-0.582,1569.8,0.038,2.5535,-1.008
30-01-20,58.29,-2.541,9.78,-3.645,560.5,-0.311,379.5,-1.236,1583.5,0.873,2.5235,-1.175
31-01-20,58.16,-0.223,9.755,-0.256,553.75,-1.204,381.25,0.461,1582.9,-0.038,2.52,-0.139
01-02-20,58.16,0.0,9.755,0.0,553.75,0.0,381.25,0.0,1582.9,0.0,2.52,0.0
02-02-20,58.16,0.0,9.755,0.0,553.75,0.0,381.25,0.0,1582.9,0.0,2.52,0.0
03-02-20,54.45,-6.379,9.21,-5.587,555.5,0.316,378.75,-0.656,1577.2,-0.36,2.513,-0.278
04-02-20,53.96,-0.9,9.365,1.683,557.25,0.315,382.25,0.924,1550.4,-1.699,2.5475,1.373
05-02-20,55.28,2.446,9.315,-0.534,562.0,0.852,380.75,-0.392,1557.8,0.477,2.579,1.237
06-02-20,54.93,-0.633,9.15,-1.771,556.25,-1.023,379.25,-0.394,1565.1,0.469,2.5985,0.756
07-02-20,54.47,-0.837,9.07,-0.874,558.75,0.449,383.5,1.121,1568.6,0.224,2.559,-1.52
08-02-20,54.47,0.0,9.07,0.0,558.75,0.0,383.5,0.0,1568.6,0.0,2.559,0.0
09-02-20,54.47,0.0,9.07,0.0,558.75,0.0,383.5,0.0,1568.6,0.0,2.559,0.0
10-02-20,53.27,-2.203,8.645,-4.686,552.0,-1.208,381.75,-0.456,1574.7,0.389,2.5575,-0.059
11-02-20,54.01,1.389,8.555,-1.041,542.0,-1.812,379.75,-0.524,1565.6,-0.578,2.5885,1.212
12-02-20,55.79,3.296,8.72,1.929,547.5,1.015,383.0,0.856,1567.4,0.115,2.606,0.676
13-02-20,56.34,0.986,8.89,1.95,544.25,-0.594,379.5,-0.914,1575.1,0.491,2.6195,0.518
14-02-20,57.32,1.739,8.88,-0.112,542.75,-0.276,377.75,-0.461,1582.7,0.483,2.6055,-0.534
15-02-20,57.32,0.0,8.88,0.0,542.75,0.0,377.75,0.0,1582.7,0.0,2.6055,0.0
16-02-20,57.32,0.0,8.88,0.0,542.75,0.0,377.75,0.0,1582.7,0.0,2.6055,0.0
17-02-20,57.32,0.0,8.88,0.0,542.75,0.0,377.75,0.0,1582.7,0.0,2.6055,0.0
18-02-20,57.75,0.75,9.38,5.631,566.75,4.422,383.0,1.39,1600.0,1.093,2.61,0.173
19-02-20,59.12,2.372,9.57,2.026,565.25,-0.265,380.5,-0.653,1607.5,0.469,2.6125,0.096
20-02-20,59.31,0.321,9.565,-0.052,560.0,-0.929,378.5,-0.526,1616.6,0.566,2.595,-0.67
21-02-20,58.5,-1.366,9.41,-1.62,551.0,-1.607,377.0,-0.396,1644.6,1.732,2.618,0.886
22-02-20,58.5,0.0,9.41,0.0,551.0,0.0,377.0,0.0,1644.6,0.0,2.618,0.0
23-02-20,58.5,0.0,9.41,0.0,551.0,0.0,377.0,0.0,1644.6,0.0,2.618,0.0
24-02-20,56.3,-3.761,9.045,-3.879,536.25,-2.677,372.25,-1.26,1672.4,1.69,2.5925,-0.974
25-02-20,54.95,-2.398,9.005,-0.442,539.0,0.513,372.5,0.067,1646.9,-1.525,2.5965,0.154
26-02-20,53.43,-2.766,9.07,0.722,540.25,0.232,370.5,-0.537,1640.0,-0.419,2.5765,-0.77
27-02-20,52.18,-2.34,8.87,-2.205,529.25,-2.036,364.5,-1.619,1640.0,0.0,2.5715,-0.194
28-02-20,50.52,-3.181,8.875,0.056,529.0,-0.047,366.5,0.549,1564.1,-4.628,2.546,-0.992
29-02-20,50.52,0.0,8.875,0.0,529.0,0.0,366.5,0.0,1564.1,0.0,2.546,0.0
01-03-20,50.52,0.0,8.875,0.0,529.0,0.0,366.5,0.0,1564.1,0.0,2.546,0.0
02-03-20,51.9,2.732,8.885,0.113,526.25,-0.52,374.75,2.251,1592.3,1.803,2.601,2.16
03-03-20,51.86,-0.077,9.17,3.208,528.75,0.475,381.75,1.868,1642.1,3.128,2.5795,-0.827
04-03-20,51.13,-1.408,8.91,-2.835,521.5,-1.371,387.0,1.375,1641.1,-0.061,2.593,0.523
05-03-20,49.99,-2.23,8.85,-0.673,524.25,0.527,384.5,-0.646,1666.4,1.542,2.5825,-0.405
06-03-20,45.27,-9.442,8.645,-2.316,521.25,-0.572,377.25,-1.886,1670.8,0.264,2.573,-0.368
07-03-20,45.27,0.0,8.645,0.0,521.25,0.0,377.25,0.0,1670.8,0.0,2.573,0.0
08-03-20,45.27,0.0,8.645,0.0,521.25,0.0,377.25,0.0,1670.8,0.0,2.573,0.0
09-03-20,34.36,-24.1,8.625,-0.231,522.25,0.192,374.25,-0.795,1674.5,0.221,2.524,-1.904
10-03-20,37.22,8.324,8.995,4.29,526.75,0.862,380.0,1.536,1659.1,-0.92,2.534,0.396
11-03-20,35.79,-3.842,9.37,4.169,517.25,-1.804,379.25,-0.197,1641.4,-1.067,2.512,-0.868
12-03-20,33.22,-7.181,9.325,-0.48,508.25,-1.74,369.75,-2.505,1589.3,-3.174,2.481,-1.234
13-03-20,33.85,1.896,9.285,-0.429,514.75,1.279,370.75,0.27,1515.7,-4.631,2.474,-0.282
14-03-20,33.85,0.0,9.285,0.0,514.75,0.0,370.75,0.0,1515.7,0.0,2.474,0.0
15-03-20,33.85,0.0,9.285,0.0,514.75,0.0,370.75,0.0,1515.7,0.0,2.474,0.0
16-03-20,30.05,-11.226,8.74,-5.87,498.0,-3.254,354.75,-4.316,1485.9,-1.966,2.3985,-3.052
17-03-20,28.73,-4.393,8.47,-3.089,499.25,0.251,344.0,-3.03,1524.9,2.625,2.3155,-3.46
18-03-20,24.88,-13.401,8.265,-2.42,508.25,1.803,335.25,-2.544,1477.3,-3.122,2.1605,-6.694
19-03-20,28.47,14.429,8.545,3.388,535.0,5.263,345.5,3.057,1478.6,0.088,2.2,1.828
20-03-20,26.98,-5.234,8.295,-2.926,539.25,0.794,343.75,-0.507,1484.0,0.365,2.1905,-0.432
21-03-20,26.98,0.0,8.295,0.0,539.25,0.0,343.75,0.0,1484.0,0.0,2.1905,0.0
22-03-20,26.98,0.0,8.295,0.0,539.25,0.0,343.75,0.0,1484.0,0.0,2.1905,0.0
23-03-20,27.03,0.185,7.85,-5.365,562.5,4.312,343.5,-0.073,1567.0,5.593,2.1195,-3.241
24-03-20,27.15,0.444,7.91,0.764,561.5,-0.178,347.25,1.092,1660.2,5.948,2.1975,3.68
25-03-20,27.39,0.884,7.745,-2.086,580.0,3.295,348.5,0.36,1632.3,-1.681,2.234,1.661
26-03-20,26.34,-3.834,7.575,-2.195,569.0,-1.897,348.75,0.072,1650.1,1.09,2.208,-1.164
27-03-20,24.93,-5.353,7.22,-4.686,571.25,0.395,346.0,-0.789,1623.9,-1.588,2.197,-0.498
28-03-20,24.93,0.0,7.22,0.0,571.25,0.0,346.0,0.0,1623.9,0.0,2.197,0.0
29-03-20,24.93,0.0,7.22,0.0,571.25,0.0,346.0,0.0,1623.9,0.0,2.197,0.0
30-03-20,22.76,-8.704,6.895,-4.501,569.5,-0.306,341.25,-1.373,1622.0,-0.117,2.162,-1.593
31-03-20,22.74,-0.088,6.9,0.073,568.75,-0.132,340.75,-0.147,1583.4,-2.38,2.24,3.608
01-04-20,24.74,8.795,6.825,-1.087,550.25,-3.253,334.75,-1.761,1578.2,-0.328,2.192,-2.143
02-04-20,29.94,21.019,6.935,1.612,541.75,-1.545,333.5,-0.373,1625.7,3.01,2.233,1.87
03-04-20,34.11,13.928,6.92,-0.216,549.25,1.384,330.75,-0.825,1633.7,0.492,2.21,-1.03
04-04-20,34.11,0.0,6.92,0.0,549.25,0.0,330.75,0.0,1633.7,0.0,2.21,0.0
05-04-20,34.11,0.0,6.92,0.0,549.25,0.0,330.75,0.0,1633.7,0.0,2.21,0.0
06-04-20,33.05,-3.108,7.285,5.275,555.75,1.183,327.75,-0.907,1677.0,2.65,2.235,1.131
07-04-20,31.87,-3.57,7.285,0.0,549.25,-1.17,331.5,1.144,1664.8,-0.727,2.2885,2.394
08-04-20,32.84,3.044,7.26,-0.343,548.25,-0.182,330.0,-0.452,1665.4,0.036,2.278,-0.459
09-04-20,31.48,-4.141,7.28,0.275,556.5,1.505,331.75,0.53,1736.2,4.251,2.2775,-0.022
10-04-20,31.48,0.0,7.28,0.0,556.5,0.0,331.75,0.0,1736.2,0.0,2.2775,0.0
11-04-20,31.48,0.0,7.28,0.0,556.5,0.0,331.75,0.0,1736.2,0.0,2.2775,0.0
12-04-20,31.48,0.0,7.28,0.0,556.5,0.0,331.75,0.0,1736.2,0.0,2.2775,0.0
13-04-20,31.74,0.826,7.28,0.0,555.0,-0.27,331.5,-0.075,1744.8,0.495,2.3205,1.888
14-04-20,29.6,-6.742,6.875,-5.563,548.75,-1.126,326.0,-1.659,1756.7,0.682,2.347,1.142
15-04-20,27.69,-6.453,6.65,-3.273,540.25,-1.549,319.25,-2.071,1727.2,-1.679,2.3125,-1.47
16-04-20,27.82,0.469,6.905,3.835,529.75,-1.944,319.75,0.157,1720.4,-0.394,2.3045,-0.346
17-04-20,28.08,0.935,6.995,1.303,533.5,0.708,322.25,0.782,1689.2,-1.814,2.3535,2.126
18-04-20,28.08,0.0,6.995,0.0,533.5,0.0,322.25,0.0,1689.2,0.0,2.3535,0.0
19-04-20,28.08,0.0,6.995,0.0,533.5,0.0,322.25,0.0,1689.2,0.0,2.3535,0.0
20-04-20,25.57,-8.939,6.62,-5.361,548.75,2.858,314.25,-2.483,1701.6,0.734,2.3345,-0.807
21-04-20,19.33,-24.404,6.315,-4.607,546.75,-0.364,309.25,-1.591,1678.2,-1.375,2.267,-2.891
22-04-20,20.37,5.38,6.225,-1.425,543.0,-0.686,317.5,2.668,1728.7,3.009,2.3175,2.228
23-04-20,21.33,4.713,6.055,-2.731,547.0,0.737,319.25,0.551,1733.3,0.266,2.324,0.28
24-04-20,21.44,0.516,5.77,-4.707,526.75,-3.702,315.75,-1.096,1723.5,-0.565,2.348,1.033
25-04-20,21.44,0.0,5.77,0.0,526.75,0.0,315.75,0.0,1723.5,0.0,2.348,0.0
26-04-20,21.44,0.0,5.77,0.0,526.75,0.0,315.75,0.0,1723.5,0.0,2.348,0.0
27-04-20,19.99,-6.763,5.94,2.946,521.0,-1.092,305.5,-3.246,1711.9,-0.673,2.382,1.448
28-04-20,20.46,2.351,6.145,3.451,526.75,1.104,302.75,-0.9,1710.5,-0.082,2.379,-0.126
29-04-20,22.54,10.166,6.015,-2.116,519.5,-1.376,304.5,0.578,1703.4,-0.415,2.3745,-0.189
30-04-20,25.27,12.112,6.22,3.408,529.75,1.973,311.5,2.299,1684.2,-1.127,2.354,-0.863
01-05-20,26.44,4.63,5.845,-6.029,521.5,-1.557,311.5,0.0,1694.5,0.612,2.3185,-1.508
02-05-20,26.44,0.0,5.845,0.0,521.5,0.0,311.5,0.0,1694.5,0.0,2.3185,0.0
03-05-20,26.44,0.0,5.845,0.0,521.5,0.0,311.5,0.0,1694.5,0.0,2.3185,0.0
04-05-20,27.2,2.874,5.74,-1.796,524.25,0.527,310.75,-0.241,1706.9,0.732,2.324,0.237
05-05-20,30.97,13.86,5.675,-1.132,525.5,0.238,313.0,0.724,1704.4,-0.146,2.341,0.732
06-05-20,29.72,-4.036,5.765,1.586,524.75,-0.143,311.75,-0.399,1684.2,-1.185,2.3525,0.491
07-05-20,29.46,-0.875,5.845,1.388,529.0,0.81,316.0,1.363,1721.8,2.233,2.3855,1.403
08-05-20,30.97,5.126,5.83,-0.257,529.5,0.095,319.0,0.949,1709.9,-0.691,2.4085,0.964
09-05-20,30.97,0.0,5.83,0.0,529.5,0.0,319.0,0.0,1709.9,0.0,2.4085,0.0
10-05-20,30.97,0.0,5.83,0.0,529.5,0.0,319.0,0.0,1709.9,0.0,2.4085,0.0
11-05-20,29.63,-4.327,5.705,-2.144,524.75,-0.897,318.5,-0.157,1695.3,-0.854,2.382,-1.1
12-05-20,29.98,1.181,5.315,-6.836,521.75,-0.572,323.75,1.648,1704.4,0.537,2.3605,-0.903
13-05-20,29.19,-2.635,5.12,-3.669,510.5,-2.156,320.25,-1.081,1713.9,0.557,2.349,-0.487
14-05-20,31.13,6.646,5.265,2.832,510.5,0.0,320.25,0.0,1738.1,1.412,2.351,0.085
15-05-20,32.5,4.401,5.22,-0.855,500.25,-2.008,319.25,-0.312,1753.4,0.88,2.3335,-0.744
16-05-20,32.5,0.0,5.22,0.0,500.25,0.0,319.25,0.0,1753.4,0.0,2.3335,0.0
17-05-20,32.5,0.0,5.22,0.0,500.25,0.0,319.25,0.0,1753.4,0.0,2.3335,0.0
18-05-20,34.81,7.108,4.92,-5.747,497.0,-0.65,320.75,0.47,1731.8,-1.232,2.405,3.064
19-05-20,34.65,-0.46,4.61,-6.301,498.75,0.352,321.25,0.156,1744.2,0.716,2.423,0.748
20-05-20,35.75,3.175,4.46,-3.254,513.75,3.008,319.5,-0.545,1750.6,0.367,2.4675,1.837
21-05-20,36.06,0.867,3.825,-14.238,516.0,0.438,317.75,-0.548,1720.5,-1.719,2.452,-0.628
22-05-20,35.13,-2.579,3.89,1.699,508.75,-1.405,318.0,0.079,1734.6,0.82,2.409,-1.754
23-05-20,35.13,0.0,3.89,0.0,508.75,0.0,318.0,0.0,1734.6,0.0,2.409,0.0
24-05-20,35.13,0.0,3.89,0.0,508.75,0.0,318.0,0.0,1734.6,0.0,2.409,0.0
25-05-20,35.13,0.0,3.89,0.0,508.75,0.0,318.0,0.0,1734.6,0.0,2.409,0.0
26-05-20,36.17,2.96,4.125,6.041,506.75,-0.393,319.0,0.314,1704.8,-1.718,2.4385,1.225
27-05-20,34.74,-3.954,3.695,-10.424,504.5,-0.444,320.5,0.47,1710.3,0.323,2.4025,-1.476
28-05-20,35.29,1.583,3.51,-5.007,514.5,1.982,327.5,2.184,1713.3,0.175,2.413,0.437
29-05-20,35.33,0.113,4.385,24.929,520.75,1.215,325.75,-0.534,1736.9,1.377,2.4265,0.559
30-05-20,35.33,0.0,4.385,0.0,520.75,0.0,325.75,0.0,1736.9,0.0,2.4265,0.0
31-05-20,35.33,0.0,4.385,0.0,520.75,0.0,325.75,0.0,1736.9,0.0,2.4265,0.0
01-06-20,38.32,8.463,4.055,-7.526,515.25,-1.056,323.25,-0.767,1737.8,0.052,2.4745,1.978
02-06-20,39.57,3.262,4.85,19.605,508.0,-1.407,324.25,0.309,1725.2,-0.725,2.4945,0.808
03-06-20,39.79,0.556,5.33,9.897,512.0,0.787,324.0,-0.077,1697.8,-1.588,2.4965,0.08
04-06-20,39.99,0.503,5.39,1.126,523.75,2.295,329.0,1.543,1718.9,1.243,2.493,-0.14
05-06-20,42.3,5.776,5.71,5.937,515.25,-1.623,331.25,0.684,1676.2,-2.484,2.557,2.567
06-06-20,42.3,0.0,5.71,0.0,515.25,0.0,331.25,0.0,1676.2,0.0,2.557,0.0
07-06-20,42.3,0.0,5.71,0.0,515.25,0.0,331.25,0.0,1676.2,0.0,2.557,0.0
08-06-20,40.8,-3.546,5.25,-8.056,511.5,-0.728,333.75,0.755,1698.3,1.318,2.57,0.508
09-06-20,41.18,0.931,4.805,-8.476,504.5,-1.369,327.5,-1.873,1714.7,0.966,2.6005,1.187
10-06-20,41.73,1.336,4.8,-0.104,506.25,0.347,326.25,-0.382,1713.3,-0.082,2.657,2.173
11-06-20,38.55,-7.62,4.99,3.958,499.25,-1.383,329.75,1.073,1732.0,1.091,2.5865,-2.653
12-06-20,38.73,0.467,5.275,5.711,502.0,0.551,330.0,0.076,1729.3,-0.156,2.6015,0.58
13-06-20,38.73,0.0,5.275,0.0,502.0,0.0,330.0,0.0,1729.3,0.0,2.6015,0.0
14-06-20,38.73,0.0,5.275,0.0,502.0,0.0,330.0,0.0,1729.3,0.0,2.6015,0.0
15-06-20,39.72,2.556,5.515,4.55,504.75,0.548,329.25,-0.227,1720.3,-0.52,2.5685,-1.268
16-06-20,40.96,3.122,5.26,-4.624,496.0,-1.734,329.0,-0.076,1729.6,0.541,2.566,-0.097
17-06-20,40.71,-0.61,5.21,-0.951,488.75,-1.462,330.25,0.38,1729.2,-0.023,2.592,1.013
18-06-20,41.51,1.965,5.45,4.607,483.5,-1.074,331.0,0.227,1724.8,-0.254,2.591,-0.039
19-06-20,42.19,1.638,5.615,3.028,481.25,-0.465,332.5,0.453,1745.9,1.223,2.615,0.926
20-06-20,42.19,0.0,5.615,0.0,481.25,0.0,332.5,0.0,1745.9,0.0,2.615,0.0
21-06-20,42.19,0.0,5.615,0.0,481.25,0.0,332.5,0.0,1745.9,0.0,2.615,0.0
22-06-20,43.08,2.11,5.495,-2.137,485.0,0.779,328.25,-1.278,1756.7,0.619,2.6555,1.549
23-06-20,42.63,-1.045,5.83,6.096,486.0,0.206,325.0,-0.99,1772.1,0.877,2.66,0.169
24-06-20,40.31,-5.442,5.665,-2.83,481.25,-0.977,324.25,-0.231,1765.8,-0.356,2.6505,-0.357
25-06-20,41.05,1.836,5.255,-7.237,486.75,1.143,317.25,-2.159,1762.1,-0.21,2.6625,0.453
26-06-20,41.02,-0.073,5.105,-2.854,474.0,-2.619,317.0,-0.079,1772.5,0.59,2.672,0.357
27-06-20,41.02,0.0,5.105,0.0,474.0,0.0,317.0,0.0,1772.5,0.0,2.672,0.0
28-06-20,41.02,0.0,5.105,0.0,474.0,0.0,317.0,0.0,1772.5,0.0,2.672,0.0
29-06-20,41.71,1.682,5.84,14.398,485.5,2.426,326.25,2.918,1774.8,0.13,2.6795,0.281
30-06-20,41.15,-1.343,6.165,5.565,490.0,0.927,338.5,3.755,1793.0,1.025,2.7135,1.269
01-07-20,42.03,2.139,5.865,-4.866,498.75,1.786,348.25,2.88,1773.2,-1.104,2.717,0.129
02-07-20,43.14,2.641,5.945,1.364,490.0,-1.754,342.5,-1.651,1784.0,0.609,2.7335,0.607
03-07-20,43.14,0.0,5.945,0.0,490.0,0.0,342.5,0.0,1784.0,0.0,2.7335,0.0
04-07-20,43.14,0.0,5.945,0.0,490.0,0.0,342.5,0.0,1784.0,0.0,2.7335,0.0
05-07-20,43.14,0.0,5.945,0.0,490.0,0.0,342.5,0.0,1784.0,0.0,2.7335,0.0
06-07-20,43.1,-0.093,6.095,2.523,489.5,-0.102,346.5,1.168,1788.5,0.252,2.766,1.189
07-07-20,43.08,-0.046,6.125,0.492,492.25,0.562,345.0,-0.433,1804.2,0.878,2.7875,0.777
08-07-20,43.29,0.487,5.935,-3.102,517.5,5.13,348.25,0.942,1815.5,0.626,2.8145,0.969
09-07-20,42.35,-2.171,5.755,-3.033,526.25,1.691,351.25,0.861,1799.2,-0.898,2.828,0.48
10-07-20,43.24,2.102,5.475,-4.865,535.75,1.805,340.5,-3.06,1798.2,-0.056,2.887,2.086
11-07-20,43.24,0.0,5.475,0.0,535.75,0.0,340.5,0.0,1798.2,0.0,2.887,0.0
12-07-20,43.24,0.0,5.475,0.0,535.75,0.0,340.5,0.0,1798.2,0.0,2.887,0.0
13-07-20,42.72,-1.203,5.11,-6.667,524.75,-2.053,334.0,-1.909,1811.0,0.712,2.942,1.905
14-07-20,42.9,0.421,5.085,-0.489,524.75,0.0,334.75,0.225,1810.6,-0.022,2.916,-0.884
15-07-20,43.79,2.075,5.225,2.753,550.75,4.955,326.25,-2.539,1811.4,0.044,2.8705,-1.56
16-07-20,43.37,-0.959,5.06,-3.158,535.25,-2.814,330.25,1.226,1798.7,-0.701,2.886,0.54
17-07-20,43.14,-0.53,5.115,1.087,534.75,-0.093,333.0,0.833,1808.3,0.534,2.8875,0.052
18-07-20,43.14,0.0,5.115,0.0,534.75,0.0,333.0,0.0,1808.3,0.0,2.8875,0.0
19-07-20,43.14,0.0,5.115,0.0,534.75,0.0,333.0,0.0,1808.3,0.0,2.8875,0.0
20-07-20,43.28,0.325,4.73,-7.527,522.0,-2.384,328.25,-1.426,1815.9,0.42,2.8985,0.381
21-07-20,44.32,2.403,4.79,1.268,527.75,1.102,322.75,-1.676,1842.4,1.459,2.941,1.466
22-07-20,44.29,-0.068,4.83,0.835,534.5,1.279,327.5,1.472,1864.1,1.178,2.9085,-1.105
23-07-20,43.31,-2.213,4.985,3.209,529.5,-0.935,328.0,0.153,1889.1,1.341,2.9245,0.55
24-07-20,43.34,0.069,5.01,0.502,539.5,1.889,326.25,-0.534,1897.3,0.434,2.882,-1.453
25-07-20,43.34,0.0,5.01,0.0,539.5,0.0,326.25,0.0,1897.3,0.0,2.882,0.0
26-07-20,43.34,0.0,5.01,0.0,539.5,0.0,326.25,0.0,1897.3,0.0,2.882,0.0
27-07-20,43.41,0.162,4.785,-4.491,527.75,-2.178,325.0,-0.383,1931.0,1.776,2.888,0.208
28-07-20,43.22,-0.438,4.96,3.657,523.5,-0.805,320.0,-1.538,1944.7,0.709,2.905,0.589
29-07-20,43.75,1.226,5.175,4.335,532.75,1.767,315.5,-1.406,1953.5,0.453,2.9055,0.017
30-07-20,42.94,-1.851,5.225,0.966,529.5,-0.61,315.75,0.079,1942.3,-0.573,2.9045,-0.034
31-07-20,43.3,0.838,6.025,15.311,531.25,0.331,316.0,0.079,1962.8,1.055,2.859,-1.567
01-08-20,43.3,0.0,6.025,0.0,531.25,0.0,316.0,0.0,1962.8,0.0,2.859,0.0
02-08-20,43.3,0.0,6.025,0.0,531.25,0.0,316.0,0.0,1962.8,0.0,2.859,0.0
03-08-20,44.15,1.963,6.8,12.863,521.0,-1.929,317.5,0.475,1966.0,0.163,2.908,1.714
04-08-20,44.43,0.634,7.355,8.162,508.25,-2.447,308.25,-2.913,2001.2,1.79,2.8895,-0.636
05-08-20,45.17,1.666,7.32,-0.476,510.75,0.492,311.0,0.892,2031.1,1.494,2.9115,0.761
06-08-20,45.09,-0.177,7.94,8.47,501.25,-1.86,311.25,0.08,2051.5,1.004,2.9055,-0.206
07-08-20,44.4,-1.53,7.93,-0.126,495.5,-1.147,307.75,-1.124,2010.1,-2.018,2.7905,-3.958
08-08-20,44.4,0.0,7.93,0.0,495.5,0.0,307.75,0.0,2010.1,0.0,2.7905,0.0
09-08-20,44.4,0.0,7.93,0.0,495.5,0.0,307.75,0.0,2010.1,0.0,2.7905,0.0
10-08-20,44.99,1.329,7.59,-4.288,491.0,-0.908,310.5,0.894,2024.4,0.711,2.8585,2.437
11-08-20,44.5,-1.089,7.415,-2.306,495.0,0.815,311.5,0.322,1932.6,-4.535,2.872,0.472
12-08-20,45.43,2.09,7.17,-3.304,491.25,-0.758,314.5,0.963,1934.9,0.119,2.887,0.522
13-08-20,44.96,-1.035,7.31,1.953,496.75,1.12,325.25,3.418,1956.7,1.127,2.804,-2.875
14-08-20,44.8,-0.356,8.02,9.713,500.0,0.654,324.5,-0.231,1937.0,-1.007,2.856,1.854
15-08-20,44.8,0.0,8.02,0.0,500.0,0.0,324.5,0.0,1937.0,0.0,2.856,0.0
16-08-20,44.8,0.0,8.02,0.0,500.0,0.0,324.5,0.0,1937.0,0.0,2.856,0.0
17-08-20,45.37,1.272,8.18,1.995,516.5,3.3,331.0,2.003,1985.0,2.478,2.898,1.471
18-08-20,45.46,0.198,8.55,4.523,507.5,-1.742,327.0,-1.208,1999.4,0.725,2.971,2.519
19-08-20,45.37,-0.198,8.355,-2.281,512.0,0.887,325.0,-0.612,1958.7,-2.036,3.019,1.616
20-08-20,44.9,-1.036,8.15,-2.454,519.5,1.465,324.5,-0.154,1933.8,-1.271,2.97,-1.623
21-08-20,44.35,-1.225,7.62,-6.503,527.25,1.492,327.0,0.77,1934.6,0.041,2.9135,-1.902
22-08-20,44.35,0.0,7.62,0.0,527.25,0.0,327.0,0.0,1934.6,0.0,2.9135,0.0
23-08-20,44.35,0.0,7.62,0.0,527.25,0.0,327.0,0.0,1934.6,0.0,2.9135,0.0
24-08-20,45.13,1.759,8.36,9.711,520.75,-1.233,331.75,1.453,1927.7,-0.357,2.9225,0.309
25-08-20,45.86,1.618,8.865,6.041,527.25,1.248,340.75,2.713,1911.8,-0.825,2.931,0.291
26-08-20,45.64,-0.48,9.15,3.215,532.0,0.901,340.5,-0.073,1940.7,1.512,2.9595,0.972
27-08-20,45.09,-1.205,8.87,-3.06,542.5,1.974,344.25,1.101,1921.6,-0.984,2.965,0.186
28-08-20,45.05,-0.089,11.17,25.93,539.25,-0.599,346.0,0.508,1964.6,2.238,2.995,1.012
29-08-20,45.05,0.0,11.17,0.0,539.25,0.0,346.0,0.0,1964.6,0.0,2.995,0.0
30-08-20,45.05,0.0,11.17,0.0,539.25,0.0,346.0,0.0,1964.6,0.0,2.995,0.0
31-08-20,45.28,0.511,11.24,0.627,544.25,0.927,348.5,0.723,1967.6,0.153,3.041,1.536
01-09-20,45.58,0.663,11.295,0.489,555.75,2.113,349.5,0.287,1968.2,0.03,3.0095,-1.036
02-09-20,44.43,-2.523,11.11,-1.638,547.75,-1.439,349.75,0.072,1934.4,-1.717,3.003,-0.216
03-09-20,44.07,-0.81,11.735,5.626,543.25,-0.822,344.5,-1.501,1927.6,-0.352,2.958,-1.499
04-09-20,42.66,-3.199,11.68,-0.469,539.75,-0.644,347.25,0.798,1923.9,-0.192,3.0465,2.992
05-09-20,42.66,0.0,11.68,0.0,539.75,0.0,347.25,0.0,1923.9,0.0,3.0465,0.0
06-09-20,42.66,0.0,11.68,0.0,539.75,0.0,347.25,0.0,1923.9,0.0,3.0465,0.0
07-09-20,42.66,0.0,11.68,0.0,539.75,0.0,347.25,0.0,1923.9,0.0,3.0465,0.0
08-09-20,39.78,-6.751,10.8,-7.534,533.25,-1.204,351.0,1.08,1933.0,0.473,3.0125,-1.116
09-09-20,40.79,2.539,10.735,-0.602,534.0,0.141,350.0,-0.285,1944.7,0.605,3.04,0.913
10-09-20,40.06,-1.79,10.515,-2.049,540.0,1.124,357.25,2.071,1954.2,0.489,2.987,-1.743
11-09-20,39.83,-0.574,10.495,-0.19,533.75,-1.157,365.0,2.169,1937.8,-0.839,3.034,1.573
12-09-20,39.83,0.0,10.495,0.0,533.75,0.0,365.0,0.0,1937.8,0.0,3.034,0.0
13-09-20,39.83,0.0,10.495,0.0,533.75,0.0,365.0,0.0,1937.8,0.0,3.034,0.0
14-09-20,39.61,-0.552,10.705,2.001,548.5,2.763,357.5,-2.055,1953.1,0.79,3.0665,1.071
15-09-20,40.53,2.323,10.895,1.775,538.25,-1.869,366.0,2.378,1956.3,0.164,3.063,-0.114
16-09-20,42.22,4.17,11.32,3.901,542.0,0.697,371.75,1.571,1960.2,0.199,3.058,-0.163
17-09-20,43.3,2.558,11.12,-1.767,556.25,2.629,375.25,0.941,1940.0,-1.031,3.0665,0.278
18-09-20,43.15,-0.346,11.475,3.192,575.0,3.371,378.5,0.866,1952.1,0.624,3.1135,1.533
19-09-20,43.15,0.0,11.475,0.0,575.0,0.0,378.5,0.0,1952.1,0.0,3.1135,0.0
20-09-20,43.15,0.0,11.475,0.0,575.0,0.0,378.5,0.0,1952.1,0.0,3.1135,0.0
21-09-20,41.44,-3.963,11.495,0.174,554.75,-3.522,369.75,-2.312,1901.2,-2.607,3.0295,-2.698
22-09-20,41.72,0.676,11.705,1.827,558.0,0.586,369.25,-0.135,1898.6,-0.137,3.059,0.974
23-09-20,41.77,0.12,12.02,2.691,549.0,-1.613,368.5,-0.203,1859.9,-2.038,2.9935,-2.141
24-09-20,41.94,0.407,11.635,-3.203,549.75,0.137,363.5,-1.357,1868.3,0.452,2.969,-0.818
25-09-20,41.92,-0.048,11.665,0.258,544.25,-1.0,365.25,0.481,1857.7,-0.567,2.973,0.135
26-09-20,41.92,0.0,11.665,0.0,544.25,0.0,365.25,0.0,1857.7,0.0,2.973,0.0
27-09-20,41.92,0.0,11.665,0.0,544.25,0.0,365.25,0.0,1857.7,0.0,2.973,0.0
28-09-20,42.43,1.217,12.35,5.872,550.25,1.102,366.75,0.411,1872.8,0.813,2.9895,0.555
29-09-20,41.03,-3.3,12.28,-0.567,549.5,-0.136,364.75,-0.545,1894.3,1.148,2.9835,-0.201
30-09-20,40.95,-0.195,13.285,8.184,578.0,5.187,379.0,3.907,1887.5,-0.359,3.0285,1.508
01-10-20,40.93,-0.049,13.18,-0.79,570.25,-1.341,382.75,0.989,1908.4,1.107,2.8635,-5.448
02-10-20,39.27,-4.056,13.025,-1.176,573.25,0.526,379.75,-0.784,1900.2,-0.43,2.9785,4.016
03-10-20,39.27,0.0,13.025,0.0,573.25,0.0,379.75,0.0,1900.2,0.0,2.9785,0.0
04-10-20,39.27,0.0,13.025,0.0,573.25,0.0,379.75,0.0,1900.2,0.0,2.9785,0.0
05-10-20,41.29,5.144,13.42,3.033,584.25,1.919,379.5,-0.066,1912.5,0.647,2.965,-0.453
06-10-20,42.65,3.294,13.305,-0.857,592.75,1.455,385.0,1.449,1901.1,-0.596,2.9655,0.017
07-10-20,41.99,-1.547,13.71,3.044,607.5,2.488,388.75,0.974,1883.6,-0.921,3.0345,2.327
08-10-20,43.34,3.215,13.9,1.386,595.25,-2.016,387.0,-0.45,1888.6,0.265,3.042,0.247
09-10-20,42.85,-1.131,13.755,-1.043,593.75,-0.252,395.0,2.067,1919.5,1.636,3.0795,1.233
10-10-20,42.85,0.0,13.755,0.0,593.75,0.0,395.0,0.0,1919.5,0.0,3.0795,0.0
11-10-20,42.85,0.0,13.755,0.0,593.75,0.0,395.0,0.0,1919.5,0.0,3.0795,0.0
12-10-20,41.72,-2.637,13.84,0.618,594.25,0.084,389.0,-1.519,1922.5,0.156,3.061,-0.601
13-10-20,42.45,1.75,13.595,-1.77,594.0,-0.042,391.25,0.578,1888.5,-1.769,3.0425,-0.604
14-10-20,43.32,2.049,13.87,2.023,596.75,0.463,396.5,1.342,1901.3,0.678,3.0475,0.164
15-10-20,43.16,-0.369,14.24,2.668,618.25,3.603,403.75,1.828,1903.2,0.1,3.083,1.165
16-10-20,42.93,-0.533,14.5,1.826,625.25,1.132,402.0,-0.433,1900.8,-0.126,3.065,-0.584
17-10-20,42.93,0.0,14.5,0.0,625.25,0.0,402.0,0.0,1900.8,0.0,3.065,0.0
18-10-20,42.93,0.0,14.5,0.0,625.25,0.0,402.0,0.0,1900.8,0.0,3.065,0.0
19-10-20,42.62,-0.722,14.72,1.517,627.0,0.28,405.25,0.808,1906.4,0.295,3.081,0.522
20-10-20,43.16,1.267,14.895,1.189,632.0,0.797,408.75,0.864,1910.4,0.21,3.1435,2.029
21-10-20,41.73,-3.313,14.865,-0.201,629.75,-0.356,413.75,1.223,1924.6,0.743,3.1945,1.622
22-10-20,42.46,1.749,15.255,2.624,622.75,-1.112,416.25,0.604,1901.1,-1.221,3.15,-1.393
23-10-20,41.77,-1.625,15.41,1.016,632.75,1.606,419.25,0.721,1902.0,0.047,3.1255,-0.778
24-10-20,41.77,0.0,15.41,0.0,632.75,0.0,419.25,0.0,1902.0,0.0,3.1255,0.0
25-10-20,41.77,0.0,15.41,0.0,632.75,0.0,419.25,0.0,1902.0,0.0,3.1255,0.0
26-10-20,40.46,-3.136,14.865,-3.537,620.0,-2.015,417.75,-0.358,1902.7,0.037,3.0885,-1.184
27-10-20,41.2,1.829,14.745,-0.807,615.75,-0.685,416.0,-0.419,1908.8,0.321,3.09,0.049
28-10-20,39.12,-5.049,14.485,-1.763,608.75,-1.137,401.5,-3.486,1876.2,-1.708,3.057,-1.068
29-10-20,37.65,-3.758,14.215,-1.864,603.75,-0.821,398.5,-0.747,1865.6,-0.565,3.052,-0.164
30-10-20,37.46,-0.505,14.06,-1.09,598.5,-0.87,398.5,0.0,1877.4,0.633,3.0435,-0.279
31-10-20,37.46,0.0,14.06,0.0,598.5,0.0,398.5,0.0,1877.4,0.0,3.0435,0.0
01-11-20,37.46,0.0,14.06,0.0,598.5,0.0,398.5,0.0,1877.4,0.0,3.0435,0.0
02-11-20,38.97,4.031,13.655,-2.881,607.5,1.504,397.5,-0.251,1890.4,0.692,3.0735,0.986
03-11-20,39.71,1.899,13.665,0.073,608.0,0.082,401.0,0.881,1908.5,0.957,3.087,0.439
04-11-20,41.23,3.828,13.885,1.61,606.0,-0.329,405.25,1.06,1894.6,-0.728,3.101,0.454
05-11-20,40.93,-0.728,14.455,4.105,609.25,0.536,409.25,0.987,1945.3,2.676,3.1045,0.113
06-11-20,39.45,-3.616,13.9,-3.84,602.0,-1.19,406.75,-0.611,1950.3,0.257,3.149,1.433
07-11-20,39.45,0.0,13.9,0.0,602.0,0.0,406.75,0.0,1950.3,0.0,3.149,0.0
08-11-20,39.45,0.0,13.9,0.0,602.0,0.0,406.75,0.0,1950.3,0.0,3.149,0.0
09-11-20,42.4,7.478,13.855,-0.324,597.5,-0.748,407.5,0.184,1853.2,-4.979,3.1515,0.079
10-11-20,43.61,2.854,14.035,1.299,608.5,1.841,423.0,3.804,1875.4,1.198,3.1505,-0.032
11-11-20,43.8,0.436,14.095,0.428,598.0,-1.726,417.25,-1.359,1860.7,-0.784,3.129,-0.682
12-11-20,43.53,-0.616,14.0,-0.674,588.25,-1.63,408.25,-2.157,1872.6,0.64,3.143,0.447
13-11-20,42.78,-1.723,14.24,1.714,593.5,0.892,410.5,0.551,1885.7,0.7,3.1755,1.034
14-11-20,42.78,0.0,14.24,0.0,593.5,0.0,410.5,0.0,1885.7,0.0,3.1755,0.0
15-11-20,42.78,0.0,14.24,0.0,593.5,0.0,410.5,0.0,1885.7,0.0,3.1755,0.0
16-11-20,43.82,2.431,14.495,1.791,598.0,0.758,416.25,1.401,1887.3,0.085,3.22,1.401
17-11-20,43.75,-0.16,13.97,-3.622,595.25,-0.46,420.25,0.961,1884.5,-0.148,3.1965,-0.73
18-11-20,44.34,1.349,13.68,-2.076,597.75,0.42,425.75,1.309,1873.5,-0.584,3.198,0.047
19-11-20,44.2,-0.316,13.02,-4.825,591.75,-1.004,422.5,-0.763,1861.1,-0.662,3.2035,0.172
20-11-20,44.96,1.719,12.895,-0.96,593.25,0.253,423.25,0.178,1872.6,0.618,3.2935,2.809
21-11-20,44.96,0.0,12.895,0.0,593.25,0.0,423.25,0.0,1872.6,0.0,3.2935,0.0
22-11-20,44.96,0.0,12.895,0.0,593.25,0.0,423.25,0.0,1872.6,0.0,3.2935,0.0
23-11-20,46.06,2.447,13.535,4.963,598.75,0.927,426.5,0.768,1837.8,-1.858,3.2595,-1.032
24-11-20,47.86,3.908,13.9,2.697,611.25,2.088,425.75,-0.176,1804.8,-1.796,3.3,1.243
25-11-20,48.61,1.567,13.93,0.216,588.25,-3.763,420.0,-1.351,1805.7,0.05,3.312,0.364
26-11-20,48.61,0.0,13.93,0.0,588.25,0.0,420.0,0.0,1805.7,0.0,3.312,0.0
27-11-20,48.18,-0.885,14.485,3.984,596.5,1.402,425.5,1.31,1781.9,-1.318,3.3995,2.642
28-11-20,48.18,0.0,14.485,0.0,596.5,0.0,425.5,0.0,1781.9,0.0,3.3995,0.0
29-11-20,48.18,0.0,14.485,0.0,596.5,0.0,425.5,0.0,1781.9,0.0,3.3995,0.0
30-11-20,47.59,-1.225,15.14,4.522,580.25,-2.724,419.75,-1.351,1775.7,-0.348,3.4205,0.618
01-12-20,47.42,-0.357,14.91,-1.519,565.5,-2.542,414.75,-1.191,1814.1,2.163,3.468,1.389
02-12-20,48.25,1.75,14.905,-0.034,578.0,2.21,419.0,1.025,1825.7,0.639,3.475,0.202
03-12-20,48.71,0.953,14.145,-5.099,571.75,-1.081,422.5,0.835,1836.8,0.608,3.479,0.115
04-12-20,49.25,1.109,14.645,3.535,566.5,-0.918,417.0,-1.302,1835.9,-0.049,3.514,1.006
05-12-20,49.25,0.0,14.645,0.0,566.5,0.0,417.0,0.0,1835.9,0.0,3.514,0.0
06-12-20,49.25,0.0,14.645,0.0,566.5,0.0,417.0,0.0,1835.9,0.0,3.514,0.0
07-12-20,48.79,-0.934,14.355,-1.98,571.25,0.838,419.5,0.6,1861.8,1.411,3.5085,-0.157
08-12-20,48.84,0.102,14.445,0.627,563.75,-1.313,417.0,-0.596,1870.8,0.483,3.494,-0.413
09-12-20,48.86,0.041,14.735,2.008,577.0,2.35,422.0,1.199,1834.6,-1.935,3.508,0.401
10-12-20,50.25,2.845,15.54,5.463,590.25,2.296,420.25,-0.415,1833.6,-0.055,3.5705,1.782
11-12-20,49.97,-0.557,15.96,2.703,608.25,3.05,424.25,0.952,1839.8,0.338,3.524,-1.302
12-12-20,49.97,0.0,15.96,0.0,608.25,0.0,424.25,0.0,1839.8,0.0,3.524,0.0
13-12-20,49.97,0.0,15.96,0.0,608.25,0.0,424.25,0.0,1839.8,0.0,3.524,0.0
14-12-20,50.29,0.64,16.605,4.041,593.5,-2.425,419.25,-1.179,1828.7,-0.603,3.522,-0.057
15-12-20,50.76,0.935,17.225,3.734,599.75,1.053,424.75,1.312,1852.3,1.291,3.538,0.454
16-12-20,51.08,0.63,16.38,-4.906,598.5,-0.208,427.25,0.589,1856.1,0.205,3.554,0.452
17-12-20,51.5,0.822,15.94,-2.686,608.75,1.713,432.5,1.229,1887.2,1.676,3.597,1.21
18-12-20,52.26,1.476,15.885,-0.345,608.25,-0.082,437.5,1.156,1885.7,-0.079,3.6285,0.876
19-12-20,52.26,0.0,15.885,0.0,608.25,0.0,437.5,0.0,1885.7,0.0,3.6285,0.0
20-12-20,52.26,0.0,15.885,0.0,608.25,0.0,437.5,0.0,1885.7,0.0,3.6285,0.0
21-12-20,50.91,-2.583,16.795,5.729,611.25,0.493,440.0,0.571,1879.2,-0.345,3.573,-1.53
22-12-20,50.08,-1.63,17.635,5.001,617.0,0.941,443.5,0.795,1866.6,-0.67,3.518,-1.539
23-12-20,51.2,2.236,17.505,-0.737,629.75,2.066,447.25,0.846,1874.7,0.434,3.552,0.966
24-12-20,51.29,0.176,17.65,0.828,627.0,-0.437,451.0,0.838,1879.9,0.277,3.56,0.225
25-12-20,51.29,0.0,17.65,0.0,627.0,0.0,451.0,0.0,1879.9,0.0,3.56,0.0
26-12-20,51.29,0.0,17.65,0.0,627.0,0.0,451.0,0.0,1879.9,0.0,3.56,0.0
27-12-20,51.29,0.0,17.65,0.0,627.0,0.0,451.0,0.0,1879.9,0.0,3.56,0.0
28-12-20,50.86,-0.838,19.15,8.499,614.25,-2.033,456.5,1.22,1877.2,-0.144,3.57,0.281
29-12-20,51.09,0.452,18.775,-1.958,618.5,0.692,466.0,2.081,1879.7,0.133,3.553,-0.476
30-12-20,51.34,0.489,19.0,1.198,640.75,3.597,474.5,1.824,1891.0,0.601,3.543,-0.281
31-12-20,51.8,0.896,19.125,0.658,640.5,-0.039,484.0,2.002,1893.1,0.111,3.514,-0.819
01-01-21,51.8,0.0,19.125,0.0,640.5,0.0,484.0,0.0,1893.1,0.0,3.514,0.0
02-01-21,51.8,0.0,19.125,0.0,640.5,0.0,484.0,0.0,1893.1,0.0,3.514,0.0
03-01-21,51.8,0.0,19.125,0.0,640.5,0.0,484.0,0.0,1893.1,0.0,3.514,0.0
04-01-21,51.09,-1.371,19.845,3.765,642.0,0.234,483.75,-0.052,1944.7,2.726,3.553,1.11
05-01-21,53.6,4.913,18.005,-9.272,654.0,1.869,491.75,1.654,1952.7,0.411,3.6405,2.463
06-01-21,54.3,1.306,17.565,-2.444,647.5,-0.994,495.0,0.661,1906.9,-2.345,3.65,0.261
07-01-21,54.38,0.147,19.305,9.906,642.25,-0.811,494.0,-0.202,1912.3,0.283,3.6955,1.247
08-01-21,55.99,2.961,20.12,4.222,638.75,-0.545,496.25,0.455,1834.1,-4.089,3.6735,-0.595
09-01-21,55.99,0.0,20.12,0.0,638.75,0.0,496.25,0.0,1834.1,0.0,3.6735,0.0
10-01-21,55.99,0.0,20.12,0.0,638.75,0.0,496.25,0.0,1834.1,0.0,3.6735,0.0
11-01-21,55.66,-0.589,22.125,9.965,634.75,-0.626,492.25,-0.806,1849.6,0.845,3.564,-2.981
12-01-21,56.58,1.653,26.155,18.215,665.0,4.766,517.25,5.079,1842.9,-0.362,3.605,1.15
13-01-21,56.06,-0.919,21.5,-17.798,660.5,-0.677,524.5,1.402,1853.6,0.581,3.617,0.333
14-01-21,56.42,0.642,21.335,-0.767,670.0,1.438,534.25,1.859,1850.3,-0.178,3.668,1.41
15-01-21,55.1,-2.34,20.2,-5.32,675.5,0.821,531.5,-0.515,1829.3,-1.135,3.603,-1.772
16-01-21,55.1,0.0,20.2,0.0,675.5,0.0,531.5,0.0,1829.3,0.0,3.603,0.0
17-01-21,55.1,0.0,20.2,0.0,675.5,0.0,531.5,0.0,1829.3,0.0,3.603,0.0
18-01-21,55.1,0.0,20.2,0.0,675.5,0.0,531.5,0.0,1829.3,0.0,3.603,0.0
19-01-21,55.9,1.452,20.325,0.619,672.25,-0.481,526.0,-1.035,1839.5,0.558,3.636,0.916
20-01-21,56.08,0.322,20.26,-0.32,667.75,-0.669,522.0,-0.76,1865.9,1.435,3.6475,0.316
21-01-21,56.1,0.036,20.065,-0.962,660.75,-1.048,524.25,0.431,1865.3,-0.032,3.6555,0.219
22-01-21,55.41,-1.23,21.485,7.077,634.5,-3.973,500.5,-4.53,1855.7,-0.515,3.6355,-0.547
23-01-21,55.41,0.0,21.485,0.0,634.5,0.0,500.5,0.0,1855.7,0.0,3.6355,0.0
24-01-21,55.41,0.0,21.485,0.0,634.5,0.0,500.5,0.0,1855.7,0.0,3.6355,0.0
25-01-21,55.88,0.848,20.16,-6.167,648.5,2.206,511.5,2.198,1854.9,-0.043,3.6405,0.138
26-01-21,55.91,0.054,19.51,-3.224,665.25,2.583,532.25,4.057,1850.7,-0.226,3.628,-0.343
27-01-21,55.81,-0.179,19.7,0.974,658.25,-1.052,534.0,0.329,1844.9,-0.313,3.5715,-1.557
28-01-21,55.53,-0.502,20.91,6.142,647.0,-1.709,534.5,0.094,1837.9,-0.379,3.583,0.322
29-01-21,55.88,0.63,19.82,-5.213,663.0,2.473,547.0,2.339,1847.3,0.511,3.5735,-0.265
30-01-21,55.88,0.0,19.82,0.0,663.0,0.0,547.0,0.0,1847.3,0.0,3.5735,0.0
31-01-21,55.88,0.0,19.82,0.0,663.0,0.0,547.0,0.0,1847.3,0.0,3.5735,0.0
01-02-21,56.35,0.841,18.14,-8.476,651.0,-1.81,549.25,0.411,1860.8,0.731,3.562,-0.322
02-02-21,57.46,1.97,18.25,0.606,644.75,-0.96,543.0,-1.138,1830.5,-1.628,3.539,-0.646
03-02-21,58.46,1.74,17.855,-2.164,648.25,0.543,552.0,1.657,1832.2,0.093,3.5785,1.116
04-02-21,58.84,0.65,18.12,1.484,637.5,-1.658,550.0,-0.362,1788.9,-2.363,3.566,-0.349
05-02-21,59.34,0.85,18.38,1.435,641.25,0.588,548.5,-0.273,1810.9,1.23,3.639,2.047
06-02-21,59.34,0.0,18.38,0.0,641.25,0.0,548.5,0.0,1810.9,0.0,3.639,0.0
07-02-21,59.34,0.0,18.38,0.0,641.25,0.0,548.5,0.0,1810.9,0.0,3.639,0.0
08-02-21,60.56,2.056,20.18,9.793,655.75,2.261,563.75,2.78,1831.9,1.16,3.679,1.099
09-02-21,61.09,0.875,19.045,-5.624,649.5,-0.953,556.25,-1.33,1835.3,0.186,3.7335,1.481
10-02-21,61.47,0.622,18.56,-2.547,635.5,-2.156,534.5,-3.91,1840.6,0.289,3.7855,1.393
11-02-21,61.14,-0.537,17.375,-6.385,633.5,-0.315,541.0,1.216,1824.9,-0.853,3.7875,0.053
12-02-21,62.43,2.11,17.62,1.41,636.75,0.513,538.75,-0.416,1821.6,-0.181,3.802,0.383
13-02-21,62.43,0.0,17.62,0.0,636.75,0.0,538.75,0.0,1821.6,0.0,3.802,0.0
14-02-21,62.43,0.0,17.62,0.0,636.75,0.0,538.75,0.0,1821.6,0.0,3.802,0.0
15-02-21,62.43,0.0,17.62,0.0,636.75,0.0,538.75,0.0,1821.6,0.0,3.802,0.0
16-02-21,63.35,1.474,16.715,-5.136,657.5,3.259,552.25,2.506,1797.2,-1.339,3.848,1.21
17-02-21,64.34,1.563,16.54,-1.047,644.0,-2.053,553.0,0.136,1771.1,-1.452,3.836,-0.312
18-02-21,63.93,-0.637,17.33,4.776,662.5,2.873,550.25,-0.497,1773.4,0.13,3.9165,2.099
19-02-21,62.91,-1.595,16.555,-4.472,650.75,-1.774,542.75,-1.363,1775.8,0.135,4.09,4.43
20-02-21,62.91,0.0,16.555,0.0,650.75,0.0,542.75,0.0,1775.8,0.0,4.09,0.0
21-02-21,62.91,0.0,16.555,0.0,650.75,0.0,542.75,0.0,1775.8,0.0,4.09,0.0
22-02-21,65.24,3.704,15.96,-3.594,664.0,2.036,551.0,1.52,1806.7,1.74,4.1525,1.528
23-02-21,65.37,0.199,16.25,1.817,665.75,0.264,553.75,0.499,1804.4,-0.127,4.1875,0.843
24-02-21,67.04,2.555,16.38,0.8,680.25,2.178,559.25,0.993,1796.4,-0.443,4.301,2.71
25-02-21,66.88,-0.239,15.935,-2.717,671.75,-1.25,554.75,-0.805,1774.4,-1.225,4.266,-0.814
26-02-21,66.13,-1.121,15.695,-1.506,655.0,-2.493,555.5,0.135,1728.1,-2.609,4.0945,-4.02
27-02-21,66.13,0.0,15.695,0.0,655.0,0.0,555.5,0.0,1728.1,0.0,4.0945,0.0
28-02-21,66.13,0.0,15.695,0.0,655.0,0.0,555.5,0.0,1728.1,0.0,4.0945,0.0
01-03-21,63.69,-3.69,16.08,2.453,643.75,-1.718,547.5,-1.44,1722.5,-0.324,4.1195,0.611
02-03-21,62.7,-1.554,15.87,-1.306,663.25,3.029,560.75,2.42,1733.1,0.615,4.2315,2.719
03-03-21,64.07,2.185,15.525,-2.174,652.0,-1.696,550.25,-1.872,1715.3,-1.027,4.153,-1.855
04-03-21,66.74,4.167,15.93,2.609,649.75,-0.345,546.25,-0.727,1700.2,-0.88,3.991,-3.901
05-03-21,69.36,3.926,16.365,2.731,654.0,0.654,562.0,2.883,1698.0,-0.129,4.087,2.405
06-03-21,69.36,0.0,16.365,0.0,654.0,0.0,562.0,0.0,1698.0,0.0,4.087,0.0
07-03-21,69.36,0.0,16.365,0.0,654.0,0.0,562.0,0.0,1698.0,0.0,4.087,0.0
08-03-21,68.24,-1.615,16.15,-1.314,646.5,-1.147,565.0,0.534,1677.7,-1.196,4.1035,0.404
09-03-21,67.52,-1.055,16.925,4.799,656.5,1.547,562.0,-0.531,1716.6,2.319,4.0195,-2.047
10-03-21,67.9,0.563,17.63,4.165,650.75,-0.876,547.75,-2.536,1721.5,0.285,4.042,0.56
11-03-21,69.63,2.548,18.125,2.808,636.25,-2.228,555.0,1.324,1722.3,0.046,4.143,2.499
12-03-21,69.22,-0.589,18.45,1.793,631.75,-0.707,549.25,-1.036,1719.5,-0.163,4.1455,0.06
13-03-21,69.22,0.0,18.45,0.0,631.75,0.0,549.25,0.0,1719.5,0.0,4.1455,0.0
14-03-21,69.22,0.0,18.45,0.0,631.75,0.0,549.25,0.0,1719.5,0.0,4.1455,0.0
15-03-21,68.88,-0.491,17.93,-2.818,645.0,2.097,549.5,0.046,1728.9,0.547,4.1465,0.024
16-03-21,68.39,-0.711,17.66,-1.506,647.0,0.31,554.25,0.864,1730.6,0.098,4.079,-1.628
17-03-21,68.0,-0.57,17.97,1.755,640.0,-1.082,558.0,0.677,1726.8,-0.22,4.128,1.201
18-03-21,63.28,-6.941,17.76,-1.169,630.5,-1.484,546.5,-2.061,1732.2,0.313,4.117,-0.266
19-03-21,64.53,1.975,17.265,-2.787,627.0,-0.555,557.75,2.059,1741.4,0.531,4.1235,0.158
20-03-21,64.53,0.0,17.265,0.0,627.0,0.0,557.75,0.0,1741.4,0.0,4.1235,0.0
21-03-21,64.53,0.0,17.265,0.0,627.0,0.0,557.75,0.0,1741.4,0.0,4.1235,0.0
22-03-21,64.62,0.139,18.045,4.518,627.25,0.04,549.0,-1.569,1737.8,-0.207,4.149,0.618
23-03-21,60.79,-5.927,18.39,1.912,634.75,1.196,551.25,0.41,1724.7,-0.754,4.088,-1.47
24-03-21,64.41,5.955,18.59,1.088,624.75,-1.575,553.25,0.363,1732.9,0.475,4.0715,-0.404
25-03-21,61.95,-3.819,18.365,-1.21,612.5,-1.961,546.5,-1.22,1724.9,-0.462,3.985,-2.125
26-03-21,64.57,4.229,18.7,1.824,613.25,0.122,552.5,1.098,1732.2,0.423,4.0785,2.346
27-03-21,64.57,0.0,18.7,0.0,613.25,0.0,552.5,0.0,1732.2,0.0,4.0785,0.0
28-03-21,64.57,0.0,18.7,0.0,613.25,0.0,552.5,0.0,1732.2,0.0,4.0785,0.0
29-03-21,64.98,0.635,18.445,-1.364,616.75,0.571,546.75,-1.041,1712.1,-1.16,4.043,-0.87
30-03-21,64.14,-1.293,18.805,1.952,601.75,-2.432,539.25,-1.372,1683.9,-1.647,3.983,-1.484
31-03-21,63.54,-0.935,18.995,1.01,618.0,2.7,564.25,4.636,1713.8,1.776,4.003,0.502
01-04-21,64.86,2.077,19.17,0.921,611.0,-1.133,559.75,-0.798,1726.5,0.741,4.0035,0.012
02-04-21,64.86,0.0,19.17,0.0,611.0,0.0,559.75,0.0,1726.5,0.0,4.0035,0.0
03-04-21,64.86,0.0,19.17,0.0,611.0,0.0,559.75,0.0,1726.5,0.0,4.0035,0.0
04-04-21,64.86,0.0,19.17,0.0,611.0,0.0,559.75,0.0,1726.5,0.0,4.0035,0.0
05-04-21,62.15,-4.178,19.17,0.0,618.0,1.146,553.25,-1.161,1727.0,0.029,4.149,3.634
06-04-21,62.74,0.949,19.78,3.182,615.5,-0.405,554.25,0.181,1741.5,0.84,4.1265,-0.542
07-04-21,63.16,0.669,19.285,-2.503,616.25,0.122,560.5,1.128,1740.1,-0.08,4.064,-1.515
08-04-21,63.2,0.063,18.99,-1.53,628.75,2.028,579.75,3.434,1756.8,0.96,4.1035,0.972
09-04-21,62.95,-0.396,18.94,-0.263,638.75,1.59,577.25,-0.431,1743.3,-0.768,4.0505,-1.292
10-04-21,62.95,0.0,18.94,0.0,638.75,0.0,577.25,0.0,1743.3,0.0,4.0505,0.0
11-04-21,62.95,0.0,18.94,0.0,638.75,0.0,577.25,0.0,1743.3,0.0,4.0505,0.0
12-04-21,63.28,0.524,19.65,3.749,628.0,-1.683,569.0,-1.429,1731.2,-0.694,4.03,-0.506
13-04-21,63.67,0.616,19.51,-0.712,629.75,0.279,580.0,1.933,1746.2,0.866,4.043,0.323
14-04-21,66.58,4.57,19.68,0.871,648.0,2.898,594.0,2.414,1734.9,-0.647,4.14,2.399
15-04-21,66.94,0.541,20.26,2.947,653.75,0.887,590.0,-0.673,1765.4,1.758,4.2305,2.186
16-04-21,66.77,-0.254,20.54,1.382,652.5,-0.191,585.5,-0.763,1779.0,0.77,4.18,-1.194
17-04-21,66.77,0.0,20.54,0.0,652.5,0.0,585.5,0.0,1779.0,0.0,4.18,0.0
18-04-21,66.77,0.0,20.54,0.0,652.5,0.0,585.5,0.0,1779.0,0.0,4.18,0.0
19-04-21,67.05,0.419,20.94,1.947,652.25,-0.038,592.0,1.11,1769.4,-0.54,4.25,1.675
20-04-21,66.57,-0.716,21.065,0.597,659.75,1.15,606.5,2.449,1777.3,0.446,4.224,-0.612
21-04-21,65.32,-1.878,21.11,0.214,673.25,2.046,625.5,3.133,1792.3,0.844,4.2865,1.48
22-04-21,65.4,0.122,21.37,1.232,710.25,5.496,650.5,3.997,1781.2,-0.619,4.2805,-0.14
23-04-21,66.11,1.086,20.045,-6.2,710.25,0.0,655.5,0.769,1777.0,-0.236,4.343,1.46
24-04-21,66.11,0.0,20.045,0.0,710.25,0.0,655.5,0.0,1777.0,0.0,4.343,0.0
25-04-21,66.11,0.0,20.045,0.0,710.25,0.0,655.5,0.0,1777.0,0.0,4.343,0.0
26-04-21,65.65,-0.696,20.0,-0.224,739.5,4.118,680.5,3.814,1779.2,0.124,4.448,2.418
27-04-21,66.42,1.173,21.405,7.025,733.75,-0.778,695.5,2.204,1778.0,-0.067,4.743,6.632
28-04-21,67.27,1.28,21.555,0.701,725.25,-1.158,686.25,-1.33,1773.2,-0.27,4.537,-4.343
29-04-21,68.56,1.918,22.5,4.384,737.5,1.689,702.0,2.295,1768.1,-0.288,4.493,-0.97
30-04-21,67.25,-1.911,23.285,3.489,742.5,0.678,740.0,5.413,1767.3,-0.045,4.479,-0.312
01-05-21,67.25,0.0,23.285,0.0,742.5,0.0,740.0,0.0,1767.3,0.0,4.479,0.0
02-05-21,67.25,0.0,23.285,0.0,742.5,0.0,740.0,0.0,1767.3,0.0,4.479,0.0
03-05-21,67.56,0.461,23.815,2.276,725.5,-2.29,732.25,-1.047,1791.4,1.364,4.543,1.429
04-05-21,68.88,1.954,23.05,-3.212,737.0,1.585,744.75,1.707,1775.8,-0.871,4.536,-0.154
05-05-21,68.96,0.116,23.96,3.948,755.75,2.544,753.25,1.141,1784.1,0.467,4.539,0.066
06-05-21,68.09,-1.262,24.33,1.544,764.25,1.125,759.5,0.83,1815.5,1.76,4.619,1.763
07-05-21,68.28,0.279,23.94,-1.603,773.5,1.21,772.75,1.745,1831.1,0.859,4.766,3.183
08-05-21,68.28,0.0,23.94,0.0,773.5,0.0,772.75,0.0,1831.1,0.0,4.766,0.0
09-05-21,68.28,0.0,23.94,0.0,773.5,0.0,772.75,0.0,1831.1,0.0,4.766,0.0
10-05-21,68.32,0.059,25.19,5.221,742.5,-4.008,748.0,-3.203,1837.5,0.35,4.7335,-0.682
11-05-21,68.55,0.337,25.805,2.441,759.75,2.323,759.5,1.537,1835.9,-0.087,4.7785,0.951
12-05-21,69.32,1.123,26.42,2.383,754.75,-0.658,757.5,-0.263,1822.6,-0.724,4.7525,-0.544
13-05-21,67.05,-3.275,26.25,-0.643,726.5,-3.743,719.0,-5.083,1823.8,0.066,4.7055,-0.989
14-05-21,68.71,2.476,26.83,2.21,727.25,0.103,685.0,-4.729,1837.9,0.773,4.664,-0.882
15-05-21,68.71,0.0,26.83,0.0,727.25,0.0,685.0,0.0,1837.9,0.0,4.664,0.0
16-05-21,68.71,0.0,26.83,0.0,727.25,0.0,685.0,0.0,1837.9,0.0,4.664,0.0
17-05-21,69.46,1.092,26.31,-1.938,699.75,-3.781,652.5,-4.745,1867.5,1.611,4.7215,1.233
18-05-21,68.71,-1.08,24.81,-5.701,698.0,-0.25,658.25,0.881,1867.8,0.016,4.7355,0.297
19-05-21,66.66,-2.984,22.665,-8.646,679.25,-2.686,658.25,0.0,1881.3,0.723,4.5895,-3.083
20-05-21,65.11,-2.325,24.685,8.912,675.25,-0.589,664.5,0.949,1881.8,0.027,4.582,-0.163
21-05-21,66.44,2.043,24.795,0.446,674.25,-0.148,659.5,-0.752,1876.7,-0.271,4.496,-1.877
22-05-21,66.44,0.0,24.795,0.0,674.25,0.0,659.5,0.0,1876.7,0.0,4.496,0.0
23-05-21,66.44,0.0,24.795,0.0,674.25,0.0,659.5,0.0,1876.7,0.0,4.496,0.0
24-05-21,68.46,3.04,24.76,-0.141,662.25,-1.78,657.25,-0.341,1884.6,0.421,4.5415,1.012
25-05-21,68.65,0.278,26.19,5.775,656.5,-0.868,620.25,-5.63,1898.1,0.716,4.522,-0.429
26-05-21,68.87,0.32,26.425,0.897,648.5,-1.219,624.5,0.685,1901.3,0.169,4.533,0.243
27-05-21,69.46,0.857,25.2,-4.636,676.25,4.279,664.5,6.405,1895.7,-0.295,4.6665,2.945
28-05-21,69.63,0.245,24.93,-1.071,663.5,-1.885,656.75,-1.166,1902.5,0.359,4.6825,0.343
29-05-21,69.63,0.0,24.93,0.0,663.5,0.0,656.75,0.0,1902.5,0.0,4.6825,0.0
30-05-21,69.63,0.0,24.93,0.0,663.5,0.0,656.75,0.0,1902.5,0.0,4.6825,0.0
31-05-21,69.63,0.0,24.93,0.0,663.5,0.0,656.75,0.0,1902.5,0.0,4.6825,0.0
01-06-21,70.25,0.89,25.975,4.192,693.5,4.521,688.75,4.872,1902.9,0.021,4.662,-0.438
02-06-21,71.35,1.566,25.725,-0.962,687.5,-0.865,675.0,-1.996,1907.5,0.242,4.6,-1.33
03-06-21,71.31,-0.056,25.705,-0.078,676.25,-1.636,662.0,-1.926,1871.2,-1.903,4.4715,-2.793
04-06-21,71.89,0.813,25.795,0.35,687.75,1.701,682.75,3.134,1889.8,0.994,4.5375,1.476
05-06-21,71.89,0.0,25.795,0.0,687.75,0.0,682.75,0.0,1889.8,0.0,4.5375,0.0
06-06-21,71.89,0.0,25.795,0.0,687.75,0.0,682.75,0.0,1889.8,0.0,4.5375,0.0
07-06-21,71.49,-0.556,26.49,2.694,680.0,-1.127,679.25,-0.513,1896.8,0.37,4.535,-0.055
08-06-21,72.22,1.021,27.8,4.945,685.0,0.735,680.0,0.11,1892.2,-0.243,4.563,0.617
09-06-21,72.22,0.0,28.3,1.799,682.25,-0.401,690.75,1.581,1893.2,0.053,4.5365,-0.581
10-06-21,72.52,0.415,28.685,1.36,683.75,0.22,699.0,1.194,1894.2,0.053,4.49,-1.025
11-06-21,72.69,0.234,27.845,-2.928,680.75,-0.439,684.5,-2.074,1877.4,-0.887,4.5415,1.147
12-06-21,72.69,0.0,27.845,0.0,680.75,0.0,684.5,0.0,1877.4,0.0,4.5415,0.0
13-06-21,72.69,0.0,27.845,0.0,680.75,0.0,684.5,0.0,1877.4,0.0,4.5415,0.0
14-06-21,72.86,0.234,28.81,3.466,674.5,-0.918,659.25,-3.689,1864.0,-0.714,4.532,-0.209
15-06-21,73.99,1.551,28.135,-2.343,661.5,-1.927,667.5,1.251,1854.5,-0.51,4.34,-4.237
16-06-21,74.39,0.541,28.03,-0.373,662.75,0.189,673.0,0.824,1859.5,0.27,4.3925,1.21
17-06-21,73.08,-1.761,28.31,0.999,639.0,-3.584,633.0,-5.944,1773.8,-4.609,4.1845,-4.735
18-06-21,73.51,0.588,29.405,3.868,662.75,3.717,655.25,3.515,1767.9,-0.333,4.1625,-0.526
19-06-21,73.51,0.0,29.405,0.0,662.75,0.0,655.25,0.0,1767.9,0.0,4.1625,0.0
20-06-21,73.51,0.0,29.405,0.0,662.75,0.0,655.25,0.0,1767.9,0.0,4.1625,0.0
21-06-21,74.9,1.891,29.615,0.714,661.5,-0.189,659.25,0.61,1781.8,0.786,4.1875,0.601
22-06-21,74.81,-0.12,30.735,3.782,651.0,-1.587,659.75,0.076,1776.3,-0.309,4.2345,1.122
23-06-21,75.19,0.508,31.545,2.635,661.25,1.575,664.25,0.682,1782.3,0.338,4.331,2.279
24-06-21,75.56,0.492,32.015,1.49,651.25,-1.512,653.25,-1.656,1775.6,-0.376,4.3115,-0.45
25-06-21,76.18,0.821,32.385,1.156,637.0,-2.188,636.5,-2.564,1776.6,0.056,4.299,-0.29
26-06-21,76.18,0.0,32.385,0.0,637.0,0.0,636.5,0.0,1776.6,0.0,4.299,0.0
27-06-21,76.18,0.0,32.385,0.0,637.0,0.0,636.5,0.0,1776.6,0.0,4.299,0.0
28-06-21,74.68,-1.969,32.289,-0.296,646.0,1.413,675.5,6.127,1779.6,0.169,4.278,-0.488
29-06-21,74.76,0.107,33.486,3.707,639.75,-0.967,694.5,2.813,1762.8,-0.944,4.2765,-0.035
30-06-21,75.13,0.495,34.622,3.392,671.5,4.963,720.0,3.672,1770.8,0.454,4.2965,0.468
01-07-21,75.84,0.945,36.143,4.393,658.5,-1.936,719.75,-0.035,1775.9,0.288,4.242,-1.268
02-07-21,76.17,0.435,35.827,-0.874,645.75,-1.936,697.25,-3.126,1782.6,0.377,4.282,0.943
03-07-21,76.17,0.0,35.827,0.0,645.75,0.0,697.25,0.0,1782.6,0.0,4.282,0.0
04-07-21,76.17,0.0,35.827,0.0,645.75,0.0,697.25,0.0,1782.6,0.0,4.282,0.0
05-07-21,76.17,0.0,35.827,0.0,645.75,0.0,697.25,0.0,1782.6,0.0,4.282,0.0
06-07-21,74.53,-2.153,34.105,-4.806,620.0,-3.988,656.0,-5.916,1793.5,0.611,4.258,-0.56
07-07-21,73.43,-1.476,32.338,-5.181,614.75,-0.847,652.5,-0.534,1801.5,0.446,4.329,1.667
08-07-21,74.12,0.94,33.312,3.012,612.25,-0.407,638.0,-2.222,1799.6,-0.105,4.2715,-1.328
09-07-21,75.55,1.929,36.632,9.966,608.5,-0.612,629.75,-1.293,1810.0,0.578,4.3525,1.896
10-07-21,75.55,0.0,36.632,0.0,608.5,0.0,629.75,0.0,1810.0,0.0,4.3525,0.0
11-07-21,75.55,0.0,36.632,0.0,608.5,0.0,629.75,0.0,1810.0,0.0,4.3525,0.0
12-07-21,75.16,-0.516,34.649,-5.413,635.0,4.355,669.25,6.272,1805.5,-0.249,4.323,-0.678
13-07-21,76.49,1.77,35.463,2.349,628.75,-0.984,677.0,1.158,1809.4,0.216,4.3145,-0.197
14-07-21,74.76,-2.262,34.775,-1.94,645.0,2.584,683.0,0.886,1824.3,0.823,4.277,-0.869
15-07-21,73.47,-1.726,33.797,-2.812,672.0,4.186,564.25,-17.387,1828.4,0.225,4.333,1.309
16-07-21,73.59,0.163,34.842,3.092,692.5,3.051,556.0,-1.462,1814.5,-0.76,4.3325,-0.012
17-07-21,73.59,0.0,34.842,0.0,692.5,0.0,556.0,0.0,1814.5,0.0,4.3325,0.0
18-07-21,73.59,0.0,34.842,0.0,692.5,0.0,556.0,0.0,1814.5,0.0,4.3325,0.0
19-07-21,68.62,-6.754,35.649,2.316,697.75,0.758,556.0,0.0,1808.7,-0.32,4.2105,-2.816
20-07-21,69.35,1.064,35.165,-1.358,700.5,0.394,571.75,2.833,1810.9,0.122,4.2735,1.496
21-07-21,72.23,4.153,35.949,2.229,710.75,1.463,571.75,0.0,1802.9,-0.442,4.2825,0.211
22-07-21,73.79,2.16,36.129,0.501,692.25,-2.603,564.5,-1.268,1805.0,0.116,4.348,1.529
23-07-21,74.1,0.42,35.523,-1.677,684.0,-1.192,547.25,-3.056,1801.4,-0.199,4.4065,1.345
24-07-21,74.1,0.0,35.523,0.0,684.0,0.0,547.25,0.0,1801.4,0.0,4.4065,0.0
25-07-21,74.1,0.0,35.523,0.0,684.0,0.0,547.25,0.0,1801.4,0.0,4.4065,0.0
26-07-21,74.5,0.54,36.914,3.916,677.0,-1.023,549.75,0.457,1798.7,-0.15,4.589,4.142
27-07-21,74.48,-0.027,37.59,1.831,674.5,-0.369,548.75,-0.182,1799.5,0.044,4.546,-0.937
28-07-21,74.74,0.349,39.698,5.608,688.75,2.113,549.25,0.091,1799.5,0.0,4.479,-1.474
29-07-21,76.05,1.753,41.154,3.668,705.25,2.396,558.0,1.593,1831.2,1.762,4.52,0.915
30-07-21,76.33,0.368,40.756,-0.967,703.75,-0.213,547.0,-1.971,1812.6,-1.016,4.4805,-0.874
31-07-21,76.33,0.0,40.756,0.0,703.75,0.0,547.0,0.0,1812.6,0.0,4.4805,0.0
01-08-21,76.33,0.0,40.756,0.0,703.75,0.0,547.0,0.0,1812.6,0.0,4.4805,0.0
02-08-21,72.89,-4.507,42.153,3.428,729.5,3.659,558.75,2.148,1818.1,0.303,4.432,-1.082
03-08-21,72.41,-0.659,41.243,-2.159,724.5,-0.685,550.5,-1.477,1810.1,-0.44,4.383,-1.106
04-08-21,70.38,-2.803,42.253,2.449,717.25,-1.001,545.75,-0.863,1810.5,0.022,4.33,-1.209
05-08-21,71.29,1.293,42.899,1.529,712.75,-0.627,555.75,1.832,1805.1,-0.298,4.3455,0.358
06-08-21,70.7,-0.828,43.118,0.511,719.0,0.877,555.0,-0.135,1760.0,-2.498,4.3455,0.0
07-08-21,70.7,0.0,43.118,0.0,719.0,0.0,555.0,0.0,1760.0,0.0,4.3455,0.0
08-08-21,70.7,0.0,43.118,0.0,719.0,0.0,555.0,0.0,1760.0,0.0,4.3455,0.0
09-08-21,69.04,-2.348,42.786,-0.77,711.25,-1.078,550.25,-0.856,1723.4,-2.08,4.287,-1.346
10-08-21,70.63,2.303,44.655,4.368,727.0,2.214,549.25,-0.182,1728.8,0.313,4.3515,1.505
11-08-21,71.44,1.147,45.986,2.981,727.0,0.0,556.25,1.274,1750.4,1.249,4.364,0.287
12-08-21,71.31,-0.182,45.871,-0.25,753.5,3.645,567.0,1.933,1749.0,-0.08,4.356,-0.183
13-08-21,70.59,-1.01,44.628,-2.71,762.25,1.161,568.25,0.22,1775.2,1.498,4.387,0.712
14-08-21,70.59,0.0,44.628,0.0,762.25,0.0,568.25,0.0,1775.2,0.0,4.387,0.0
15-08-21,70.59,0.0,44.628,0.0,762.25,0.0,568.25,0.0,1775.2,0.0,4.387,0.0
16-08-21,69.51,-1.53,47.988,7.529,760.5,-0.23,564.75,-0.616,1786.9,0.659,4.322,-1.482
17-08-21,69.03,-0.691,46.949,-2.165,734.5,-3.419,558.25,-1.151,1785.0,-0.106,4.2,-2.823
18-08-21,68.23,-1.159,45.385,-3.331,737.25,0.374,561.75,0.627,1781.6,-0.19,4.116,-2.0
19-08-21,66.45,-2.609,40.395,-10.995,727.5,-1.322,550.0,-2.092,1780.2,-0.079,4.0385,-1.883
20-08-21,65.18,-1.911,41.944,3.835,714.25,-1.821,538.75,-2.045,1781.0,0.045,4.1345,2.377
21-08-21,65.18,0.0,41.944,0.0,714.25,0.0,538.75,0.0,1781.0,0.0,4.1345,0.0
22-08-21,65.18,0.0,41.944,0.0,714.25,0.0,538.75,0.0,1781.0,0.0,4.1345,0.0
23-08-21,68.75,5.477,41.68,-0.629,719.75,0.77,538.0,-0.139,1803.2,1.246,4.2345,2.419
24-08-21,71.05,3.345,44.87,7.654,718.0,-0.243,544.5,1.208,1805.6,0.133,4.255,0.484
25-08-21,72.25,1.689,45.285,0.925,711.25,-0.94,551.25,1.24,1788.2,-0.964,4.265,0.235
26-08-21,71.07,-1.633,45.788,1.111,725.25,1.968,552.75,0.272,1792.2,0.224,4.246,-0.445
27-08-21,72.7,2.294,47.806,4.407,718.5,-0.931,558.0,0.95,1816.6,1.361,4.3165,1.66
28-08-21,72.7,0.0,47.806,0.0,718.5,0.0,558.0,0.0,1816.6,0.0,4.3165,0.0
29-08-21,72.7,0.0,47.806,0.0,718.5,0.0,558.0,0.0,1816.6,0.0,4.3165,0.0
30-08-21,73.41,0.977,49.679,3.918,708.75,-1.357,540.25,-3.181,1809.0,-0.418,4.361,1.031
31-08-21,72.99,-0.572,50.338,1.327,706.75,-0.282,534.0,-1.157,1815.0,0.332,4.36,-0.023
01-09-21,71.59,-1.918,50.232,-0.211,701.0,-0.814,515.5,-3.464,1813.1,-0.105,4.263,-2.225
02-09-21,73.03,2.011,51.916,3.352,704.0,0.428,516.25,0.145,1808.7,-0.243,4.29,0.633
03-09-21,72.61,-0.575,51.505,-0.792,714.5,1.491,508.0,-1.598,1830.9,1.227,4.3255,0.828
04-09-21,72.61,0.0,51.505,0.0,714.5,0.0,508.0,0.0,1830.9,0.0,4.3255,0.0
05-09-21,72.61,0.0,51.505,0.0,714.5,0.0,508.0,0.0,1830.9,0.0,4.3255,0.0
06-09-21,72.61,0.0,51.505,0.0,714.5,0.0,508.0,0.0,1830.9,0.0,4.3255,0.0
07-09-21,71.69,-1.267,53.908,4.666,708.75,-0.805,495.75,-2.411,1795.9,-1.912,4.2775,-1.11
08-09-21,72.6,1.269,55.288,2.56,698.25,-1.481,498.25,0.504,1790.7,-0.29,4.232,-1.064
09-09-21,71.45,-1.584,56.581,2.339,681.5,-2.399,496.0,-0.452,1797.4,0.374,4.2835,1.217
10-09-21,72.92,2.057,57.916,2.359,675.0,-0.954,502.75,1.361,1789.6,-0.434,4.448,3.84
11-09-21,72.92,0.0,57.916,0.0,675.0,0.0,502.75,0.0,1789.6,0.0,4.448,0.0
12-09-21,72.92,0.0,57.916,0.0,675.0,0.0,502.75,0.0,1789.6,0.0,4.448,0.0
13-09-21,73.51,0.809,61.279,5.807,674.5,-0.074,496.75,-1.193,1792.0,0.134,4.3635,-1.9
14-09-21,73.6,0.122,65.764,7.319,685.0,1.557,503.0,1.258,1804.7,0.709,4.318,-1.043
15-09-21,75.46,2.527,70.707,7.516,712.25,3.978,533.5,6.064,1792.4,-0.682,4.4035,1.98
16-09-21,75.67,0.278,63.251,-10.545,713.0,0.105,529.5,-0.75,1754.6,-2.109,4.2785,-2.839
17-09-21,75.34,-0.436,65.103,2.928,708.75,-0.596,527.25,-0.425,1749.4,-0.296,4.2455,-0.771
18-09-21,75.34,0.0,65.103,0.0,708.75,0.0,527.25,0.0,1749.4,0.0,4.2455,0.0
19-09-21,75.34,0.0,65.103,0.0,708.75,0.0,527.25,0.0,1749.4,0.0,4.2455,0.0
20-09-21,73.92,-1.885,75.317,15.689,700.75,-1.129,521.75,-1.043,1761.8,0.709,4.117,-3.027
21-09-21,74.36,0.595,73.782,-2.038,690.25,-1.498,517.0,-0.91,1776.0,0.806,4.128,0.267
22-09-21,76.19,2.461,71.692,-2.833,705.75,2.246,525.5,1.644,1776.7,0.039,4.2525,3.016
23-09-21,77.25,1.391,69.684,-2.801,717.75,1.7,529.25,0.714,1747.7,-1.632,4.231,-0.506
24-09-21,78.09,1.087,70.24,0.798,723.75,0.836,526.75,-0.472,1749.7,0.114,4.2875,1.335
25-09-21,78.09,0.0,70.24,0.0,723.75,0.0,526.75,0.0,1749.7,0.0,4.2875,0.0
26-09-21,78.09,0.0,70.24,0.0,723.75,0.0,526.75,0.0,1749.7,0.0,4.2875,0.0
27-09-21,79.53,1.844,76.507,8.922,722.25,-0.207,539.5,2.421,1750.0,0.017,4.2935,0.14
28-09-21,79.09,-0.553,78.565,2.69,706.5,-2.181,532.5,-1.297,1735.8,-0.811,4.245,-1.13
29-09-21,78.64,-0.569,86.609,10.239,710.25,0.531,539.0,1.221,1721.5,-0.824,4.2,-1.06
30-09-21,78.52,-0.153,97.774,12.891,725.5,2.147,536.75,-0.417,1755.3,1.963,4.09,-2.619
01-10-21,79.28,0.968,93.625,-4.243,755.25,4.101,541.5,0.885,1757.0,0.097,4.1935,2.531
02-10-21,79.28,0.0,93.625,0.0,755.25,0.0,541.5,0.0,1757.0,0.0,4.1935,0.0
03-10-21,79.28,0.0,93.625,0.0,755.25,0.0,541.5,0.0,1757.0,0.0,4.1935,0.0
04-10-21,81.26,2.497,96.652,3.233,756.5,0.166,540.75,-0.139,1766.2,0.524,4.2465,1.264
05-10-21,82.56,1.6,116.02,20.039,744.75,-1.553,537.5,-0.601,1759.6,-0.374,4.202,-1.048
06-10-21,81.08,-1.793,108.191,-6.748,746.0,0.168,532.25,-0.977,1760.5,0.051,4.157,-1.071
07-10-21,81.95,1.073,96.584,-10.728,741.25,-0.637,534.0,0.329,1757.9,-0.148,4.251,2.261
08-10-21,82.39,0.537,87.606,-9.296,734.0,-0.978,530.5,-0.655,1756.3,-0.091,4.283,0.753
09-10-21,82.39,0.0,87.606,0.0,734.0,0.0,530.5,0.0,1756.3,0.0,4.283,0.0
10-10-21,82.39,0.0,87.606,0.0,734.0,0.0,530.5,0.0,1756.3,0.0,4.283,0.0
11-10-21,83.65,1.529,85.216,-2.728,731.75,-0.307,533.0,0.471,1754.6,-0.097,4.3745,2.136
12-10-21,83.42,-0.275,85.698,0.566,734.0,0.307,522.5,-1.97,1758.3,0.211,4.329,-1.04
13-10-21,83.18,-0.288,93.616,9.239,718.75,-2.078,512.25,-1.962,1793.7,2.013,4.5205,4.424
14-10-21,84.0,0.986,102.172,9.139,724.75,0.835,516.75,0.878,1796.7,0.167,4.6315,2.455
15-10-21,84.86,1.024,93.648,-8.343,734.0,1.276,525.75,1.742,1767.2,-1.642,4.734,2.213
16-10-21,84.86,0.0,93.648,0.0,734.0,0.0,525.75,0.0,1767.2,0.0,4.734,0.0
17-10-21,84.86,0.0,93.648,0.0,734.0,0.0,525.75,0.0,1767.2,0.0,4.734,0.0
18-10-21,84.33,-0.625,93.933,0.304,736.25,0.307,532.75,1.331,1764.8,-0.136,4.7305,-0.074
19-10-21,85.08,0.889,89.932,-4.259,736.0,-0.034,530.25,-0.469,1769.7,0.278,4.714,-0.349
20-10-21,85.82,0.87,93.451,3.913,749.25,1.8,539.25,1.697,1784.1,0.814,4.756,0.891
21-10-21,84.61,-1.41,88.463,-5.338,741.25,-1.068,532.25,-1.298,1781.2,-0.163,4.5865,-3.564
22-10-21,85.53,1.087,87.338,-1.272,756.0,1.99,538.0,1.08,1795.5,0.803,4.526,-1.319
23-10-21,85.53,0.0,87.338,0.0,756.0,0.0,538.0,0.0,1795.5,0.0,4.526,0.0
24-10-21,85.53,0.0,87.338,0.0,756.0,0.0,538.0,0.0,1795.5,0.0,4.526,0.0
25-10-21,85.99,0.538,88.643,1.494,759.5,0.463,538.0,0.0,1806.0,0.585,4.5515,0.563
26-10-21,86.4,0.477,88.493,-0.169,752.25,-0.955,543.5,1.022,1792.7,-0.736,4.4865,-1.428
27-10-21,84.58,-2.106,86.819,-1.892,759.75,0.997,557.25,2.53,1797.9,0.29,4.387,-2.218
28-10-21,84.32,-0.307,77.032,-11.273,772.5,1.678,562.75,0.987,1801.6,0.206,4.4375,1.151
29-10-21,84.38,0.071,64.864,-15.796,772.75,0.032,568.25,0.977,1783.0,-1.032,4.3755,-1.397
30-10-21,84.38,0.0,64.864,0.0,772.75,0.0,568.25,0.0,1783.0,0.0,4.3755,0.0
31-10-21,84.38,0.0,64.864,0.0,772.75,0.0,568.25,0.0,1783.0,0.0,4.3755,0.0
01-11-21,84.71,0.391,65.619,1.164,797.25,3.17,579.0,1.892,1795.1,0.679,4.402,0.606
02-11-21,84.72,0.012,67.606,3.028,791.5,-0.721,573.0,-1.036,1788.7,-0.357,4.374,-0.636
03-11-21,81.99,-3.222,76.542,13.218,781.0,-1.327,564.0,-1.571,1763.6,-1.403,4.326,-1.097
04-11-21,80.54,-1.769,73.376,-4.136,773.75,-0.928,559.25,-0.842,1793.0,1.667,4.326,0.0
05-11-21,82.74,2.732,74.027,0.887,766.5,-0.937,553.0,-1.118,1816.4,1.305,4.349,0.532
06-11-21,82.74,0.0,74.027,0.0,766.5,0.0,553.0,0.0,1816.4,0.0,4.349,0.0
07-11-21,82.74,0.0,74.027,0.0,766.5,0.0,553.0,0.0,1816.4,0.0,4.349,0.0
08-11-21,83.43,0.834,79.074,6.818,768.0,0.196,551.5,-0.271,1827.4,0.606,4.405,1.288
09-11-21,84.78,1.618,72.587,-8.204,778.5,1.367,554.75,0.589,1830.2,0.153,4.38,-0.568
10-11-21,82.64,-2.524,70.123,-3.395,803.0,3.147,569.25,2.614,1847.6,0.951,4.328,-1.187
11-11-21,82.87,0.278,74.79,6.655,812.5,1.183,569.5,0.044,1863.2,0.844,4.4045,1.768
12-11-21,82.17,-0.845,75.675,1.183,817.0,0.554,577.25,1.361,1867.9,0.252,4.4555,1.158
13-11-21,82.17,0.0,75.675,0.0,817.0,0.0,577.25,0.0,1867.9,0.0,4.4555,0.0
14-11-21,82.17,0.0,75.675,0.0,817.0,0.0,577.25,0.0,1867.9,0.0,4.4555,0.0
15-11-21,82.05,-0.146,79.947,5.645,826.25,1.132,576.5,-0.13,1866.1,-0.096,4.407,-1.089
16-11-21,82.43,0.463,94.189,17.814,810.25,-1.936,571.0,-0.954,1853.6,-0.67,4.3585,-1.101
17-11-21,80.28,-2.608,95.004,0.865,822.25,1.481,575.25,0.744,1869.7,0.869,4.273,-1.962
18-11-21,81.24,1.196,95.167,0.172,820.0,-0.274,573.0,-0.391,1861.0,-0.465,4.31,0.866
19-11-21,78.89,-2.893,87.125,-8.45,823.0,0.366,570.75,-0.393,1851.2,-0.527,4.4085,2.285
20-11-21,78.89,0.0,87.125,0.0,823.0,0.0,570.75,0.0,1851.2,0.0,4.4085,0.0
21-11-21,78.89,0.0,87.125,0.0,823.0,0.0,570.75,0.0,1851.2,0.0,4.4085,0.0
22-11-21,79.7,1.027,84.017,-3.567,845.75,2.764,576.75,1.051,1806.0,-2.442,4.3955,-0.295
23-11-21,82.31,3.275,90.927,8.225,856.0,1.212,580.5,0.65,1783.5,-1.246,4.4235,0.637
24-11-21,82.25,-0.073,93.984,3.362,836.75,-2.249,579.75,-0.129,1784.1,0.034,4.458,0.78
25-11-21,82.25,0.0,93.984,0.0,836.75,0.0,579.75,0.0,1784.1,0.0,4.458,0.0
26-11-21,72.72,-11.587,87.772,-6.61,825.5,-1.344,586.75,1.207,1785.3,0.067,4.2815,-3.959
27-11-21,72.72,0.0,87.772,0.0,825.5,0.0,586.75,0.0,1785.3,0.0,4.2815,0.0
28-11-21,72.72,0.0,87.772,0.0,825.5,0.0,586.75,0.0,1785.3,0.0,4.2815,0.0
29-11-21,73.44,0.99,93.146,6.123,807.5,-2.18,581.0,-0.98,1782.3,-0.168,4.337,1.296
30-11-21,70.57,-3.908,92.513,-0.68,773.75,-4.18,567.0,-2.41,1773.6,-0.488,4.278,-1.36
01-12-21,68.87,-2.409,95.675,3.418,778.5,0.614,572.0,0.882,1781.6,0.451,4.2475,-0.713
02-12-21,69.67,1.162,94.83,-0.883,806.5,3.597,577.0,0.874,1760.7,-1.173,4.299,1.212
03-12-21,69.88,0.301,89.478,-5.644,794.5,-1.488,586.0,1.56,1782.0,1.21,4.2665,-0.756
04-12-21,69.88,0.0,89.478,0.0,794.5,0.0,586.0,0.0,1782.0,0.0,4.2665,0.0
05-12-21,69.88,0.0,89.478,0.0,794.5,0.0,586.0,0.0,1782.0,0.0,4.2665,0.0
06-12-21,73.08,4.579,89.928,0.503,797.0,0.315,583.5,-0.427,1777.5,-0.253,4.337,1.652
07-12-21,75.44,3.229,95.883,6.622,799.25,0.282,586.25,0.471,1782.6,0.287,4.338,0.023
08-12-21,75.82,0.504,101.502,5.86,791.25,-1.001,584.75,-0.256,1783.4,0.045,4.391,1.222
09-12-21,74.42,-1.846,100.445,-1.041,773.5,-2.243,588.5,0.641,1774.6,-0.493,4.33,-1.389
10-12-21,75.15,0.981,105.776,5.307,782.0,1.099,588.5,0.0,1782.9,0.468,4.283,-1.085
11-12-21,75.15,0.0,105.776,0.0,782.0,0.0,588.5,0.0,1782.9,0.0,4.283,0.0
12-12-21,75.15,0.0,105.776,0.0,782.0,0.0,588.5,0.0,1782.9,0.0,4.283,0.0
13-12-21,74.39,-1.011,116.084,9.745,785.5,0.448,584.25,-0.722,1786.3,0.191,4.28,-0.07
14-12-21,73.7,-0.928,128.301,10.524,785.5,0.0,588.75,0.77,1770.4,-0.89,4.254,-0.607
15-12-21,73.88,0.244,132.284,3.104,756.0,-3.756,585.75,-0.51,1762.6,-0.441,4.1795,-1.751
16-12-21,75.02,1.543,142.765,7.923,770.5,1.918,591.25,0.939,1796.6,1.929,4.3005,2.895
17-12-21,73.52,-1.999,136.913,-4.099,775.0,0.584,593.25,0.338,1803.8,0.401,4.291,-0.221
18-12-21,73.52,0.0,136.913,0.0,775.0,0.0,593.25,0.0,1803.8,0.0,4.291,0.0
19-12-21,73.52,0.0,136.913,0.0,775.0,0.0,593.25,0.0,1803.8,0.0,4.291,0.0
20-12-21,71.52,-2.72,146.926,7.313,777.75,0.355,591.0,-0.379,1793.7,-0.56,4.288,-0.07
21-12-21,73.98,3.44,180.267,22.692,799.0,2.732,598.25,1.227,1787.9,-0.323,4.338,1.166
22-12-21,75.29,1.771,172.875,-4.101,814.0,1.877,602.5,0.71,1801.6,0.766,4.3895,1.187
23-12-21,76.85,2.072,132.579,-23.309,814.75,0.092,605.75,0.539,1811.2,0.533,4.387,-0.057
24-12-21,76.85,0.0,132.579,0.0,814.75,0.0,605.75,0.0,1811.2,0.0,4.387,0.0
25-12-21,76.85,0.0,132.579,0.0,814.75,0.0,605.75,0.0,1811.2,0.0,4.387,0.0
26-12-21,76.85,0.0,132.579,0.0,814.75,0.0,605.75,0.0,1811.2,0.0,4.387,0.0
27-12-21,78.6,2.277,106.893,-19.374,804.0,-1.319,614.75,1.486,1808.1,-0.171,4.465,1.778
28-12-21,78.94,0.433,106.59,-0.283,783.5,-2.55,604.75,-1.627,1810.2,0.116,4.42,-1.008
29-12-21,79.23,0.367,96.476,-9.489,787.75,0.542,605.5,0.124,1805.1,-0.282,4.402,-0.407
30-12-21,79.32,0.114,87.027,-9.794,779.75,-1.016,596.0,-1.569,1812.7,0.421,4.3845,-0.398
31-12-21,77.78,-1.942,70.343,-19.171,770.75,-1.154,593.25,-0.461,1827.5,0.816,4.455,1.608
01-01-22,77.78,0.0,70.343,0.0,770.75,0.0,593.25,0.0,1827.5,0.0,4.455,0.0
02-01-22,77.78,0.0,70.343,0.0,770.75,0.0,593.25,0.0,1827.5,0.0,4.455,0.0
03-01-22,78.98,1.543,80.434,14.345,758.0,-1.654,589.25,-0.674,1799.4,-1.538,4.4145,-0.909
04-01-22,80.0,1.291,88.741,10.328,770.0,1.583,609.5,3.437,1814.0,0.811,4.466,1.167
05-01-22,80.8,1.0,91.522,3.134,760.75,-1.201,602.25,-1.189,1824.6,0.584,4.4045,-1.377
06-01-22,81.99,1.473,96.502,5.441,746.0,-1.939,603.75,0.249,1788.7,-1.968,4.348,-1.283
07-01-22,81.75,-0.293,88.174,-8.63,758.5,1.676,606.75,0.497,1797.0,0.464,4.403,1.265
08-01-22,81.75,0.0,88.174,0.0,758.5,0.0,606.75,0.0,1797.0,0.0,4.403,0.0
09-01-22,81.75,0.0,88.174,0.0,758.5,0.0,606.75,0.0,1797.0,0.0,4.403,0.0
10-01-22,80.87,-1.076,84.607,-4.045,762.0,0.461,599.75,-1.154,1798.4,0.078,4.3445,-1.329
11-01-22,83.72,3.524,78.736,-6.939,770.25,1.083,601.0,0.208,1818.6,1.123,4.4205,1.749
12-01-22,84.67,1.135,75.153,-4.551,757.75,-1.623,599.0,-0.333,1827.2,0.473,4.564,3.246
13-01-22,84.47,-0.236,85.46,13.715,746.75,-1.452,587.5,-1.92,1821.2,-0.328,4.534,-0.657
14-01-22,86.06,1.882,86.97,1.767,741.5,-0.703,596.25,1.489,1816.5,-0.258,4.4115,-2.702
15-01-22,86.06,0.0,86.97,0.0,741.5,0.0,596.25,0.0,1816.5,0.0,4.4115,0.0
16-01-22,86.06,0.0,86.97,0.0,741.5,0.0,596.25,0.0,1816.5,0.0,4.4115,0.0
17-01-22,86.06,0.0,86.97,0.0,741.5,0.0,596.25,0.0,1816.5,0.0,4.4115,0.0
18-01-22,87.51,1.685,78.334,-9.93,769.0,3.709,599.5,0.545,1812.3,-0.231,4.376,-0.805
19-01-22,88.44,1.063,75.602,-3.488,796.5,3.576,610.5,1.835,1843.1,1.699,4.4625,1.977
20-01-22,88.38,-0.068,75.203,-0.528,790.25,-0.785,611.0,0.082,1842.5,-0.033,4.5765,2.555
21-01-22,87.89,-0.554,78.98,5.022,780.0,-1.297,616.25,0.859,1831.8,-0.581,4.5125,-1.398
22-01-22,87.89,0.0,78.98,0.0,780.0,0.0,616.25,0.0,1831.8,0.0,4.5125,0.0
23-01-22,87.89,0.0,78.98,0.0,780.0,0.0,616.25,0.0,1831.8,0.0,4.5125,0.0
24-01-22,86.27,-1.843,93.0,17.751,800.5,2.628,621.0,0.771,1841.7,0.54,4.403,-2.427
25-01-22,88.2,2.237,93.582,0.626,818.0,2.186,620.0,-0.161,1852.7,0.597,4.443,0.908
26-01-22,89.96,1.995,91.837,-1.865,795.0,-2.812,627.0,1.129,1829.9,-1.231,4.5045,1.384
27-01-22,89.34,-0.689,92.301,0.505,777.0,-2.264,625.25,-0.279,1793.3,-2.0,4.413,-2.031
28-01-22,90.03,0.772,92.062,-0.259,786.25,1.19,636.0,1.719,1784.9,-0.468,4.303,-2.493
29-01-22,90.03,0.0,92.062,0.0,786.25,0.0,636.0,0.0,1784.9,0.0,4.303,0.0
30-01-22,90.03,0.0,92.062,0.0,786.25,0.0,636.0,0.0,1784.9,0.0,4.303,0.0
31-01-22,91.21,1.311,84.672,-8.027,761.25,-3.18,626.0,-1.572,1795.0,0.566,4.318,0.349
01-02-22,89.16,-2.248,76.167,-10.045,769.0,1.018,634.75,1.398,1800.3,0.295,4.429,2.571
02-02-22,89.47,0.348,77.351,1.554,755.0,-1.821,622.5,-1.93,1809.2,0.494,4.491,1.4
03-02-22,91.11,1.833,80.223,3.713,751.75,-0.43,616.75,-0.924,1803.0,-0.343,4.4665,-0.546
04-02-22,93.27,2.371,82.652,3.028,763.25,1.53,620.5,0.608,1806.6,0.2,4.4835,0.381
05-02-22,93.27,0.0,82.652,0.0,763.25,0.0,620.5,0.0,1806.6,0.0,4.4835,0.0
06-02-22,93.27,0.0,82.652,0.0,763.25,0.0,620.5,0.0,1806.6,0.0,4.4835,0.0
07-02-22,92.69,-0.622,79.595,-3.699,768.75,0.721,635.25,2.377,1820.6,0.775,4.4615,-0.491
08-02-22,90.78,-2.061,77.3,-2.883,778.75,1.301,632.25,-0.472,1826.6,0.33,4.4595,-0.045
09-02-22,91.55,0.848,74.417,-3.73,785.0,0.803,646.75,2.293,1835.2,0.471,4.6005,3.162
10-02-22,91.41,-0.153,74.353,-0.086,771.5,-1.72,641.75,-0.773,1836.2,0.054,4.6575,1.239
11-02-22,94.44,3.315,77.426,4.133,797.75,3.402,651.0,1.441,1840.8,0.251,4.505,-3.274
12-02-22,94.44,0.0,77.426,0.0,797.75,0.0,651.0,0.0,1840.8,0.0,4.505,0.0
13-02-22,94.44,0.0,77.426,0.0,797.75,0.0,651.0,0.0,1840.8,0.0,4.505,0.0
14-02-22,96.48,2.16,80.771,4.32,799.25,0.188,655.75,0.73,1868.0,1.478,4.5075,0.055
15-02-22,93.28,-3.317,70.919,-12.197,779.75,-2.44,638.0,-2.707,1854.8,-0.707,4.5315,0.532
16-02-22,94.81,1.64,69.795,-1.585,780.5,0.096,647.0,1.411,1870.2,0.83,4.5405,0.199
17-02-22,92.97,-1.941,74.914,7.334,798.0,2.242,650.0,0.464,1900.7,1.631,4.525,-0.341
18-02-22,93.54,0.613,73.762,-1.538,797.0,-0.125,654.25,0.654,1898.6,-0.11,4.5195,-0.122
19-02-22,93.54,0.0,73.762,0.0,797.0,0.0,654.25,0.0,1898.6,0.0,4.5195,0.0
20-02-22,93.54,0.0,73.762,0.0,797.0,0.0,654.25,0.0,1898.6,0.0,4.5195,0.0
21-02-22,93.54,0.0,73.762,0.0,797.0,0.0,654.25,0.0,1898.6,0.0,4.5195,0.0
22-02-22,96.84,3.528,79.789,8.171,844.25,5.928,674.75,3.133,1906.1,0.395,4.51,-0.21
23-02-22,96.84,0.0,88.891,11.408,876.0,3.761,683.75,1.334,1909.2,0.163,4.4815,-0.632
24-02-22,99.08,2.313,134.316,51.102,926.0,5.708,695.0,1.645,1925.1,0.833,4.454,-0.614
25-02-22,97.93,-1.161,94.422,-29.702,843.0,-8.963,659.5,-5.108,1886.5,-2.005,4.472,0.404
26-02-22,97.93,0.0,94.422,0.0,843.0,0.0,659.5,0.0,1886.5,0.0,4.472,0.0
27-02-22,97.93,0.0,94.422,0.0,843.0,0.0,659.5,0.0,1886.5,0.0,4.472,0.0
28-02-22,100.99,3.125,98.595,4.42,928.0,10.083,697.5,5.762,1899.4,0.684,4.4445,-0.615
01-03-22,104.97,3.941,121.674,23.408,1001.75,7.947,739.75,6.057,1942.4,2.264,4.5865,3.195
02-03-22,112.93,7.583,165.543,36.055,1058.5,5.665,739.0,-0.101,1920.9,-1.107,4.6555,1.504
03-03-22,110.46,-2.187,160.823,-2.851,1289.0,21.776,751.25,1.658,1934.4,0.703,4.7715,2.492
04-03-22,118.11,6.926,192.55,19.728,1348.0,4.577,756.5,0.699,1965.1,1.587,4.929,3.301
05-03-22,118.11,0.0,192.55,0.0,1348.0,0.0,756.5,0.0,1965.1,0.0,4.929,0.0
06-03-22,118.11,0.0,192.55,0.0,1348.0,0.0,756.5,0.0,1965.1,0.0,4.929,0.0
07-03-22,123.21,4.318,227.201,17.996,1425.25,5.731,749.25,-0.958,1993.9,1.466,4.722,-4.2
08-03-22,127.98,3.871,214.554,-5.566,1273.0,-10.682,754.5,0.701,2040.1,2.317,4.7005,-0.455
09-03-22,111.14,-13.158,155.88,-27.347,1199.5,-5.774,735.0,-2.584,1985.9,-2.657,4.564,-2.904
10-03-22,109.33,-1.629,126.399,-18.913,1073.75,-10.484,757.75,3.095,1998.1,0.614,4.6435,1.742
11-03-22,112.67,3.055,131.229,3.821,1090.0,1.513,764.5,0.891,1982.7,-0.771,4.616,-0.592
12-03-22,112.67,0.0,131.229,0.0,1090.0,0.0,764.5,0.0,1982.7,0.0,4.616,0.0
13-03-22,112.67,0.0,131.229,0.0,1090.0,0.0,764.5,0.0,1982.7,0.0,4.616,0.0
14-03-22,106.9,-5.121,114.522,-12.731,1090.0,0.0,728.25,-4.742,1959.6,-1.165,4.5125,-2.242
15-03-22,99.91,-6.539,115.439,0.801,1154.25,5.894,758.0,4.085,1928.5,-1.587,4.5015,-0.244
16-03-22,98.02,-1.892,102.623,-11.102,1069.25,-7.364,730.0,-3.694,1908.0,-1.063,4.588,1.922
17-03-22,106.64,8.794,105.088,2.402,1098.0,2.689,754.5,3.356,1942.1,1.787,4.6905,2.234
18-03-22,107.93,1.21,105.044,-0.042,1063.75,-3.119,741.75,-1.69,1928.2,-0.716,4.7305,0.853
19-03-22,107.93,0.0,105.044,0.0,1063.75,0.0,741.75,0.0,1928.2,0.0,4.7305,0.0
20-03-22,107.93,0.0,105.044,0.0,1063.75,0.0,741.75,0.0,1928.2,0.0,4.7305,0.0
21-03-22,115.62,7.125,96.302,-8.322,1119.25,5.217,756.25,1.955,1928.6,0.021,4.7015,-0.613
22-03-22,115.48,-0.121,98.747,2.539,1118.25,-0.089,753.0,-0.43,1920.7,-0.41,4.689,-0.266
23-03-22,121.6,5.3,117.001,18.486,1105.75,-1.118,757.75,0.631,1936.6,0.828,4.7625,1.567
24-03-22,119.03,-2.113,111.608,-4.609,1085.75,-1.809,748.25,-1.254,1961.6,1.291,4.729,-0.703
25-03-22,120.65,1.361,101.269,-9.264,1102.25,1.52,754.0,0.768,1953.8,-0.398,4.686,-0.909
26-03-22,120.65,0.0,101.269,0.0,1102.25,0.0,754.0,0.0,1953.8,0.0,4.686,0.0
27-03-22,120.65,0.0,101.269,0.0,1102.25,0.0,754.0,0.0,1953.8,0.0,4.686,0.0
28-03-22,112.48,-6.772,102.545,1.26,1057.0,-4.105,748.5,-0.729,1939.6,-0.727,4.714,0.598
29-03-22,110.23,-2.0,108.381,5.691,1014.25,-4.044,726.25,-2.973,1912.0,-1.423,4.7165,0.053
30-03-22,113.45,2.921,118.97,9.77,1027.25,1.282,738.0,1.618,1933.5,1.124,4.7395,0.488
31-03-22,107.91,-4.883,125.906,5.83,1006.0,-2.069,748.75,1.457,1949.2,0.812,4.743,0.074
01-04-22,104.39,-3.262,112.15,-10.926,984.5,-2.137,735.0,-1.836,1919.1,-1.544,4.6825,-1.276
02-04-22,104.39,0.0,112.15,0.0,984.5,0.0,735.0,0.0,1919.1,0.0,4.6825,0.0
03-04-22,104.39,0.0,112.15,0.0,984.5,0.0,735.0,0.0,1919.1,0.0,4.6825,0.0
04-04-22,107.53,3.008,109.523,-2.342,1010.25,2.616,750.5,2.109,1929.2,0.526,4.7765,2.007
05-04-22,106.64,-0.828,108.564,-0.876,1045.25,3.464,759.75,1.233,1922.9,-0.327,4.791,0.304
06-04-22,101.07,-5.223,106.791,-1.633,1038.25,-0.67,756.5,-0.428,1918.4,-0.234,4.7335,-1.2
07-04-22,100.58,-0.485,104.564,-2.085,1020.0,-1.758,757.75,0.165,1933.8,0.803,4.695,-0.813
08-04-22,102.78,2.187,103.882,-0.652,1051.5,3.088,768.75,1.452,1941.6,0.403,4.72,0.532
09-04-22,102.78,0.0,103.882,0.0,1051.5,0.0,768.75,0.0,1941.6,0.0,4.72,0.0
10-04-22,102.78,0.0,103.882,0.0,1051.5,0.0,768.75,0.0,1941.6,0.0,4.72,0.0
11-04-22,98.48,-4.184,100.137,-3.605,1081.25,2.829,764.5,-0.553,1944.3,0.139,4.6285,-1.939
12-04-22,104.64,6.255,102.219,2.079,1103.75,2.081,776.25,1.537,1972.1,1.43,4.704,1.631
13-04-22,108.78,3.956,105.324,3.038,1113.5,0.883,783.5,0.934,1981.0,0.451,4.707,0.064
14-04-22,111.7,2.684,95.62,-9.213,1096.5,-1.527,790.25,0.862,1970.9,-0.51,4.717,0.212
15-04-22,111.7,0.0,95.62,0.0,1096.5,0.0,790.25,0.0,1970.9,0.0,4.717,0.0
16-04-22,111.7,0.0,95.62,0.0,1096.5,0.0,790.25,0.0,1970.9,0.0,4.717,0.0
17-04-22,111.7,0.0,95.62,0.0,1096.5,0.0,790.25,0.0,1970.9,0.0,4.717,0.0
18-04-22,113.16,1.307,95.62,0.0,1120.5,2.189,813.25,2.91,1982.9,0.609,4.796,1.675
19-04-22,107.25,-5.223,93.768,-1.937,1099.0,-1.919,804.0,-1.137,1955.7,-1.372,4.714,-1.71
20-04-22,106.8,-0.42,94.231,0.494,1088.0,-1.001,815.75,1.461,1952.3,-0.174,4.6495,-1.368
21-04-22,108.33,1.433,100.061,6.187,1068.0,-1.838,799.25,-2.023,1944.9,-0.379,4.7035,1.161
22-04-22,106.65,-1.551,94.875,-5.183,1065.5,-0.234,793.0,-0.782,1931.0,-0.715,4.5825,-2.573
23-04-22,106.65,0.0,94.875,0.0,1065.5,0.0,793.0,0.0,1931.0,0.0,4.5825,0.0
24-04-22,106.65,0.0,94.875,0.0,1065.5,0.0,793.0,0.0,1931.0,0.0,4.5825,0.0
25-04-22,102.32,-4.06,92.837,-2.148,1062.0,-0.328,800.25,0.914,1893.2,-1.958,4.449,-2.913
26-04-22,104.99,2.609,103.208,11.171,1083.25,2.001,803.25,0.375,1901.4,0.433,4.44,-0.202
27-04-22,105.32,0.314,107.427,4.088,1080.0,-0.3,815.5,1.525,1885.9,-0.815,4.4545,0.327
28-04-22,107.59,2.155,100.142,-6.781,1074.0,-0.556,816.0,0.061,1888.7,0.148,4.4135,-0.92
29-04-22,109.34,1.627,99.45,-0.691,1043.75,-2.817,818.25,0.276,1909.3,1.091,4.395,-0.419
30-04-22,109.34,0.0,99.45,0.0,1043.75,0.0,818.25,0.0,1909.3,0.0,4.395,0.0
01-05-22,109.34,0.0,99.45,0.0,1043.75,0.0,818.25,0.0,1909.3,0.0,4.395,0.0
02-05-22,107.58,-1.61,97.051,-2.412,1043.5,-0.024,813.0,-0.642,1861.8,-2.488,4.2555,-3.174
03-05-22,104.97,-2.426,99.426,2.447,1033.75,-0.934,800.75,-1.507,1868.8,0.376,4.271,0.364
04-05-22,110.14,4.925,103.821,4.42,1066.0,3.12,798.5,-0.281,1867.0,-0.096,4.3285,1.346
05-05-22,110.9,0.69,106.508,2.588,1096.0,2.814,803.75,0.657,1874.0,0.375,4.285,-1.005
06-05-22,112.39,1.344,101.708,-4.507,1097.0,0.091,792.25,-1.431,1881.2,0.384,4.2615,-0.548
07-05-22,112.39,0.0,101.708,0.0,1097.0,0.0,792.25,0.0,1881.2,0.0,4.2615,0.0
08-05-22,112.39,0.0,101.708,0.0,1097.0,0.0,792.25,0.0,1881.2,0.0,4.2615,0.0
09-05-22,105.94,-5.739,93.787,-7.788,1083.25,-1.253,784.5,-0.978,1857.1,-1.281,4.193,-1.607
10-05-22,102.46,-3.285,98.801,5.346,1083.25,0.0,786.5,0.255,1839.9,-0.926,4.1545,-0.918
11-05-22,107.51,4.929,94.012,-4.847,1108.75,2.354,802.25,2.003,1852.6,0.69,4.2125,1.396
12-05-22,107.45,-0.056,106.701,13.497,1174.5,5.93,813.5,1.402,1823.8,-1.555,4.105,-2.552
13-05-22,111.55,3.816,96.881,-9.203,1167.25,-0.617,794.5,-2.336,1807.4,-0.899,4.1805,1.839
14-05-22,111.55,0.0,96.881,0.0,1167.25,0.0,794.5,0.0,1807.4,0.0,4.1805,0.0
15-05-22,111.55,0.0,96.881,0.0,1167.25,0.0,794.5,0.0,1807.4,0.0,4.1805,0.0
16-05-22,114.24,2.411,92.86,-4.15,1247.5,6.875,809.5,1.888,1813.5,0.338,4.1965,0.383
17-05-22,111.93,-2.022,94.175,1.416,1277.5,2.405,800.75,-1.081,1818.2,0.259,4.2395,1.025
18-05-22,109.11,-2.519,94.538,0.385,1230.75,-3.659,781.5,-2.404,1815.9,-0.126,4.182,-1.356
19-05-22,112.04,2.685,91.024,-3.717,1200.5,-2.458,783.25,0.224,1841.2,1.393,4.285,2.463
20-05-22,112.55,0.455,87.902,-3.43,1168.75,-2.645,778.75,-0.575,1841.8,0.033,4.281,-0.093
21-05-22,112.55,0.0,87.902,0.0,1168.75,0.0,778.75,0.0,1841.8,0.0,4.281,0.0
22-05-22,112.55,0.0,87.902,0.0,1168.75,0.0,778.75,0.0,1841.8,0.0,4.281,0.0
23-05-22,113.42,0.773,83.288,-5.249,1190.0,1.818,786.25,0.963,1847.8,0.326,4.3475,1.553
24-05-22,113.56,0.123,84.507,1.464,1154.75,-2.962,771.75,-1.844,1865.1,0.936,4.3255,-0.506
25-05-22,114.03,0.414,88.078,4.226,1148.25,-0.563,772.25,0.065,1846.2,-1.013,4.277,-1.121
26-05-22,117.4,2.955,85.971,-2.392,1143.25,-0.435,765.0,-0.939,1847.4,0.065,4.255,-0.514
27-05-22,119.43,1.729,86.875,1.052,1157.5,1.246,777.25,1.601,1851.3,0.211,4.304,1.152
28-05-22,119.43,0.0,86.875,0.0,1157.5,0.0,777.25,0.0,1851.3,0.0,4.304,0.0
29-05-22,119.43,0.0,86.875,0.0,1157.5,0.0,777.25,0.0,1851.3,0.0,4.304,0.0
30-05-22,119.43,0.0,86.875,0.0,1157.5,0.0,777.25,0.0,1851.3,0.0,4.304,0.0
31-05-22,122.84,2.855,94.004,8.206,1087.5,-6.048,753.5,-3.056,1842.7,-0.465,4.295,-0.209
01-06-22,116.29,-5.332,85.551,-8.992,1041.25,-4.253,731.25,-2.953,1843.3,0.033,4.33,0.815
02-06-22,117.61,1.135,83.945,-1.877,1058.25,1.633,730.25,-0.137,1866.5,1.259,4.554,5.173
03-06-22,119.72,1.794,83.101,-1.005,1040.0,-1.725,727.0,-0.445,1845.4,-1.13,4.4775,-1.68
04-06-22,119.72,0.0,83.101,0.0,1040.0,0.0,727.0,0.0,1845.4,0.0,4.4775,0.0
05-06-22,119.72,0.0,83.101,0.0,1040.0,0.0,727.0,0.0,1845.4,0.0,4.4775,0.0
06-06-22,119.51,-0.175,82.558,-0.653,1093.0,5.096,742.5,2.132,1839.2,-0.336,4.4395,-0.849
07-06-22,120.57,0.887,79.608,-3.573,1071.75,-1.944,757.0,1.953,1847.5,0.451,4.4395,0.0
08-06-22,123.58,2.496,79.407,-0.252,1074.75,0.28,764.5,0.991,1851.9,0.238,4.4585,0.428
09-06-22,123.07,-0.413,84.88,6.892,1071.25,-0.326,773.0,1.112,1848.8,-0.167,4.389,-1.559
10-06-22,122.01,-0.861,82.464,-2.846,1070.75,-0.047,773.25,0.032,1871.5,1.228,4.301,-2.005
11-06-22,122.01,0.0,82.464,0.0,1070.75,0.0,773.25,0.0,1871.5,0.0,4.301,0.0
12-06-22,122.01,0.0,82.464,0.0,1070.75,0.0,773.25,0.0,1871.5,0.0,4.301,0.0
13-06-22,122.27,0.213,83.402,1.137,1071.0,0.023,769.25,-0.517,1828.0,-2.324,4.2165,-1.965
14-06-22,121.17,-0.9,97.04,16.352,1050.25,-1.937,768.25,-0.13,1809.5,-1.012,4.1615,-1.304
15-06-22,118.51,-2.195,120.332,24.002,1050.0,-0.024,774.0,0.748,1815.3,0.321,4.1675,0.144
16-06-22,119.81,1.097,124.364,3.351,1078.25,2.69,788.25,1.841,1845.7,1.675,4.112,-1.332
17-06-22,113.12,-5.584,117.738,-5.328,1034.25,-4.081,784.5,-0.476,1835.6,-0.547,4.0175,-2.298
18-06-22,113.12,0.0,117.738,0.0,1034.25,0.0,784.5,0.0,1835.6,0.0,4.0175,0.0
19-06-22,113.12,0.0,117.738,0.0,1034.25,0.0,784.5,0.0,1835.6,0.0,4.0175,0.0
20-06-22,113.12,0.0,117.738,0.0,1034.25,0.0,784.5,0.0,1835.6,0.0,4.0175,0.0
21-06-22,114.65,1.353,125.56,6.644,975.25,-5.705,760.75,-3.027,1834.6,-0.054,4.043,0.635
22-06-22,111.74,-2.538,127.171,1.283,976.5,0.128,768.0,0.953,1834.3,-0.016,3.9515,-2.263
23-06-22,110.05,-1.512,133.347,4.856,937.25,-4.019,746.75,-2.767,1825.7,-0.469,3.7585,-4.884
24-06-22,113.12,2.79,128.505,-3.631,923.75,-1.44,750.25,0.469,1826.5,0.044,3.76,0.04
25-06-22,113.12,0.0,128.505,0.0,923.75,0.0,750.25,0.0,1826.5,0.0,3.76,0.0
26-06-22,113.12,0.0,128.505,0.0,923.75,0.0,750.25,0.0,1826.5,0.0,3.76,0.0
27-06-22,115.09,1.742,129.459,0.742,904.0,-2.138,744.25,-0.8,1820.9,-0.307,3.779,0.505
28-06-22,117.98,2.511,129.176,-0.219,921.25,1.908,759.5,2.049,1817.5,-0.187,3.784,0.132
29-06-22,116.26,-1.458,139.588,8.06,915.5,-0.624,770.25,1.415,1813.7,-0.209,3.779,-0.132
30-06-22,114.81,-1.247,144.514,3.529,868.75,-5.106,743.75,-3.44,1804.1,-0.529,3.7145,-1.707
01-07-22,111.63,-2.77,147.784,2.263,831.25,-4.317,754.5,1.445,1798.9,-0.288,3.619,-2.571
02-07-22,111.63,0.0,147.784,0.0,831.25,0.0,754.5,0.0,1798.9,0.0,3.619,0.0
03-07-22,111.63,0.0,147.784,0.0,831.25,0.0,754.5,0.0,1798.9,0.0,3.619,0.0
04-07-22,111.63,0.0,147.784,0.0,831.25,0.0,754.5,0.0,1798.9,0.0,3.619,0.0
05-07-22,102.77,-7.937,165.073,11.699,793.75,-4.511,736.0,-2.452,1761.8,-2.062,3.425,-5.361
06-07-22,100.69,-2.024,170.999,3.59,792.25,-0.189,744.25,1.121,1734.9,-1.527,3.418,-0.204
07-07-22,104.65,3.933,183.183,7.125,824.5,4.071,747.0,0.369,1737.9,0.173,3.582,4.798
08-07-22,107.02,2.265,175.212,-4.351,879.25,6.64,778.25,4.183,1740.6,0.155,3.532,-1.396
09-07-22,107.02,0.0,175.212,0.0,879.25,0.0,778.25,0.0,1740.6,0.0,3.532,0.0
10-07-22,107.02,0.0,175.212,0.0,879.25,0.0,778.25,0.0,1740.6,0.0,3.532,0.0
11-07-22,107.1,0.075,164.52,-6.102,843.75,-4.038,781.25,0.385,1730.0,-0.609,3.4375,-2.676
12-07-22,99.49,-7.106,172.609,4.917,801.5,-5.007,732.75,-6.208,1723.3,-0.387,3.2965,-4.102
13-07-22,99.57,0.08,180.505,4.575,798.25,-0.405,740.0,0.989,1734.2,0.633,3.3255,0.88
14-07-22,99.1,-0.472,175.033,-3.031,794.25,-0.501,695.0,-6.081,1704.5,-1.713,3.2105,-3.458
15-07-22,101.16,2.079,159.567,-8.836,776.75,-2.203,604.25,-13.058,1702.4,-0.123,3.2345,0.748
16-07-22,101.16,0.0,159.567,0.0,776.75,0.0,604.25,0.0,1702.4,0.0,3.2345,0.0
17-07-22,101.16,0.0,159.567,0.0,776.75,0.0,604.25,0.0,1702.4,0.0,3.2345,0.0
18-07-22,106.27,5.051,157.258,-1.447,812.75,4.635,612.25,1.324,1709.2,0.399,3.348,3.509
19-07-22,107.35,1.016,154.457,-1.781,812.25,-0.062,596.75,-2.532,1710.0,0.047,3.2915,-1.688
20-07-22,106.92,-0.401,155.038,0.376,819.5,0.893,592.25,-0.754,1699.5,-0.614,3.3295,1.154
21-07-22,103.86,-2.862,155.6,0.362,806.25,-1.617,575.75,-2.786,1712.7,0.777,3.302,-0.826
22-07-22,103.2,-0.635,159.864,2.74,759.0,-5.86,564.25,-1.997,1727.1,0.841,3.3485,1.408
23-07-22,103.2,0.0,159.864,0.0,759.0,0.0,564.25,0.0,1727.1,0.0,3.3485,0.0
24-07-22,103.2,0.0,159.864,0.0,759.0,0.0,564.25,0.0,1727.1,0.0,3.3485,0.0
25-07-22,105.15,1.89,176.616,10.479,770.0,1.449,580.0,2.791,1719.0,-0.469,3.351,0.075
26-07-22,104.4,-0.713,199.918,13.194,803.75,4.383,597.0,2.931,1717.7,-0.076,3.3825,0.94
27-07-22,106.62,2.126,205.225,2.655,790.25,-1.68,600.25,0.544,1719.1,0.082,3.4295,1.39
28-07-22,107.14,0.488,198.93,-3.067,817.0,3.385,615.0,2.457,1750.3,1.815,3.475,1.327
29-07-22,110.01,2.679,190.915,-4.029,807.75,-1.132,616.25,0.203,1762.9,0.72,3.584,3.137
30-07-22,110.01,0.0,190.915,0.0,807.75,0.0,616.25,0.0,1762.9,0.0,3.584,0.0
31-07-22,110.01,0.0,190.915,0.0,807.75,0.0,616.25,0.0,1762.9,0.0,3.584,0.0
01-08-22,100.03,-9.072,200.794,5.175,800.25,-0.929,607.0,-1.501,1769.0,0.346,3.552,-0.893
02-08-22,100.54,0.51,205.174,2.181,774.75,-3.187,591.25,-2.595,1771.1,0.119,3.5245,-0.774
03-08-22,96.78,-3.74,199.195,-2.914,763.75,-1.42,591.5,0.042,1758.0,-0.74,3.4695,-1.561
04-08-22,94.12,-2.748,199.248,0.027,782.5,2.455,602.25,1.817,1788.5,1.735,3.483,0.389
05-08-22,94.92,0.85,196.32,-1.47,775.75,-0.863,610.25,1.328,1772.9,-0.872,3.553,2.01
06-08-22,94.92,0.0,196.32,0.0,775.75,0.0,610.25,0.0,1772.9,0.0,3.553,0.0
07-08-22,94.92,0.0,196.32,0.0,775.75,0.0,610.25,0.0,1772.9,0.0,3.553,0.0
08-08-22,96.65,1.823,193.055,-1.663,779.75,0.516,608.5,-0.287,1786.8,0.784,3.5875,0.971
09-08-22,96.31,-0.352,192.184,-0.451,781.5,0.224,615.5,1.15,1794.0,0.403,3.5925,0.139
10-08-22,97.4,1.132,205.367,6.86,799.75,2.335,621.25,0.934,1795.6,0.089,3.6555,1.754
11-08-22,99.6,2.259,208.11,1.336,810.75,1.375,629.25,1.288,1789.7,-0.329,3.7105,1.505
12-08-22,98.15,-1.456,206.108,-0.962,806.0,-0.586,639.75,1.669,1798.6,0.497,3.676,-0.93
13-08-22,98.15,0.0,206.108,0.0,806.0,0.0,639.75,0.0,1798.6,0.0,3.676,0.0
14-08-22,98.15,0.0,206.108,0.0,806.0,0.0,639.75,0.0,1798.6,0.0,3.676,0.0
15-08-22,95.1,-3.107,220.11,6.794,800.75,-0.651,626.75,-2.032,1781.4,-0.956,3.629,-1.279
16-08-22,92.34,-2.902,225.914,2.637,786.0,-1.842,611.0,-2.513,1773.2,-0.46,3.6365,0.207
17-08-22,93.65,1.419,225.835,-0.035,763.25,-2.894,615.0,0.655,1760.3,-0.727,3.598,-1.059
18-08-22,96.59,3.139,241.004,6.717,731.5,-4.16,619.75,0.772,1755.3,-0.284,3.6465,1.348
19-08-22,96.72,0.135,244.55,1.471,753.25,2.973,626.0,1.008,1747.6,-0.439,3.6835,1.015
20-08-22,96.72,0.0,244.55,0.0,753.25,0.0,626.0,0.0,1747.6,0.0,3.6835,0.0
21-08-22,96.72,0.0,244.55,0.0,753.25,0.0,626.0,0.0,1747.6,0.0,3.6835,0.0
22-08-22,96.48,-0.248,276.748,13.166,770.5,2.29,633.5,1.198,1734.0,-0.778,3.6705,-0.353
23-08-22,100.22,3.876,269.049,-2.782,782.75,1.59,660.0,4.183,1746.8,0.738,3.7045,0.926
24-08-22,101.22,0.998,292.15,8.586,795.0,1.565,665.75,0.871,1747.8,0.057,3.6605,-1.188
25-08-22,99.34,-1.857,321.414,10.017,769.75,-3.176,657.5,-1.239,1757.7,0.566,3.7105,1.366
26-08-22,100.99,1.661,339.196,5.532,784.75,1.949,668.75,1.711,1736.1,-1.229,3.7115,0.027
27-08-22,100.99,0.0,339.196,0.0,784.75,0.0,668.75,0.0,1736.1,0.0,3.7115,0.0
28-08-22,100.99,0.0,339.196,0.0,784.75,0.0,668.75,0.0,1736.1,0.0,3.7115,0.0
29-08-22,105.09,4.06,272.603,-19.633,820.0,4.492,683.75,2.243,1736.6,0.029,3.6265,-2.29
30-08-22,99.31,-5.5,252.937,-7.214,798.25,-2.652,679.75,-0.585,1723.2,-0.772,3.545,-2.247
31-08-22,96.49,-2.84,239.907,-5.151,809.0,1.347,673.75,-0.883,1712.8,-0.604,3.5185,-0.748
01-09-22,92.36,-4.28,243.004,1.291,775.5,-4.141,658.25,-2.301,1696.6,-0.946,3.4145,-2.956
02-09-22,93.02,0.715,214.665,-11.662,793.0,2.257,669.0,1.633,1709.8,0.778,3.4215,0.205
03-09-22,93.02,0.0,214.665,0.0,793.0,0.0,669.0,0.0,1709.8,0.0,3.4215,0.0
04-09-22,93.02,0.0,214.665,0.0,793.0,0.0,669.0,0.0,1709.8,0.0,3.4215,0.0
05-09-22,93.02,0.0,214.665,0.0,793.0,0.0,669.0,0.0,1709.8,0.0,3.4215,0.0
06-09-22,92.83,-0.204,239.842,11.729,800.0,0.883,680.75,1.756,1700.4,-0.55,3.469,1.388
07-09-22,88.0,-5.203,213.883,-10.823,826.5,3.313,676.75,-0.588,1715.3,0.876,3.438,-0.894
08-09-22,89.15,1.307,220.541,3.113,810.5,-1.936,674.5,-0.332,1708.0,-0.426,3.536,2.85
09-09-22,92.84,4.139,207.091,-6.099,853.25,5.275,698.5,3.558,1716.2,0.48,3.581,1.273
10-09-22,92.84,0.0,207.091,0.0,853.25,0.0,698.5,0.0,1716.2,0.0,3.581,0.0
11-09-22,92.84,0.0,207.091,0.0,853.25,0.0,698.5,0.0,1716.2,0.0,3.581,0.0
12-09-22,94.0,1.249,190.588,-7.969,841.25,-1.406,712.25,1.969,1728.1,0.693,3.6255,1.243
13-09-22,93.17,-0.883,198.612,4.21,842.75,0.178,709.0,-0.456,1705.0,-1.337,3.581,-1.227
14-09-22,94.1,0.998,217.882,9.702,853.75,1.305,709.0,0.0,1696.5,-0.499,3.5455,-0.991
15-09-22,90.84,-3.464,214.283,-1.652,845.0,-1.025,677.5,-4.443,1665.4,-1.833,3.5235,-0.621
16-09-22,91.35,0.561,187.793,-12.362,859.75,1.746,677.25,-0.037,1671.7,0.378,3.561,1.064
17-09-22,91.35,0.0,187.793,0.0,859.75,0.0,677.25,0.0,1671.7,0.0,3.561,0.0
18-09-22,91.35,0.0,187.793,0.0,859.75,0.0,677.25,0.0,1671.7,0.0,3.561,0.0
19-09-22,92.0,0.712,182.262,-2.945,830.5,-3.402,678.25,0.148,1666.2,-0.329,3.5575,-0.098
20-09-22,90.62,-1.5,194.259,6.582,893.75,7.616,692.0,2.027,1659.7,-0.39,3.548,-0.267
21-09-22,89.83,-0.872,189.781,-2.305,903.75,1.119,685.5,-0.939,1664.6,0.295,3.512,-1.015
22-09-22,90.46,0.701,187.468,-1.219,910.75,0.775,688.25,0.401,1670.8,0.372,3.4985,-0.384
23-09-22,86.15,-4.765,185.495,-1.052,880.5,-3.321,676.75,-1.671,1645.3,-1.526,3.3715,-3.63
24-09-22,86.15,0.0,185.495,0.0,880.5,0.0,676.75,0.0,1645.3,0.0,3.3715,0.0
25-09-22,86.15,0.0,185.495,0.0,880.5,0.0,676.75,0.0,1645.3,0.0,3.3715,0.0
26-09-22,84.06,-2.426,173.834,-6.286,858.0,-2.555,666.25,-1.552,1623.3,-1.337,3.3135,-1.72
27-09-22,86.27,2.629,186.099,7.056,871.5,1.573,667.5,0.188,1626.7,0.209,3.323,0.287
28-09-22,89.32,3.535,207.187,11.332,903.25,3.643,670.5,0.449,1660.4,2.072,3.382,1.776
29-09-22,88.49,-0.929,187.665,-9.422,896.25,-0.775,669.5,-0.149,1658.5,-0.114,3.44,1.715
30-09-22,87.96,-0.599,188.8,0.605,921.5,2.817,677.5,1.195,1662.4,0.235,3.442,0.058
01-10-22,87.96,0.0,188.8,0.0,921.5,0.0,677.5,0.0,1662.4,0.0,3.442,0.0
02-10-22,87.96,0.0,188.8,0.0,921.5,0.0,677.5,0.0,1662.4,0.0,3.442,0.0
03-10-22,88.86,1.023,169.912,-10.004,912.0,-1.031,680.75,0.48,1692.9,1.835,3.458,0.465
04-10-22,91.8,3.309,161.95,-4.686,903.0,-0.987,683.0,0.331,1721.1,1.666,3.518,1.735
05-10-22,93.37,1.71,173.693,7.251,902.0,-0.111,684.0,0.146,1711.4,-0.564,3.5325,0.412
06-10-22,94.42,1.125,175.712,1.162,879.0,-2.55,675.5,-1.243,1711.7,0.018,3.475,-1.628
07-10-22,97.92,3.707,156.207,-11.101,880.25,0.142,683.25,1.147,1700.5,-0.654,3.4125,-1.799
08-10-22,97.92,0.0,156.207,0.0,880.25,0.0,683.25,0.0,1700.5,0.0,3.4125,0.0
09-10-22,97.92,0.0,156.207,0.0,880.25,0.0,683.25,0.0,1700.5,0.0,3.4125,0.0
10-10-22,96.19,-1.767,154.118,-1.337,938.0,6.561,698.25,2.195,1667.3,-1.952,3.4535,1.201
11-10-22,94.29,-1.975,156.781,1.728,901.0,-3.945,693.0,-0.752,1678.7,0.684,3.478,0.709
12-10-22,92.45,-1.951,160.19,2.174,882.25,-2.081,693.0,0.0,1670.3,-0.5,3.4445,-0.963
13-10-22,94.57,2.293,153.809,-3.983,892.25,1.133,697.75,0.685,1670.0,-0.018,3.4675,0.668
14-10-22,91.63,-3.109,141.997,-7.68,859.75,-3.642,689.75,-1.147,1641.7,-1.695,3.4505,-0.49
15-10-22,91.63,0.0,141.997,0.0,859.75,0.0,689.75,0.0,1641.7,0.0,3.4505,0.0
16-10-22,91.63,0.0,141.997,0.0,859.75,0.0,689.75,0.0,1641.7,0.0,3.4505,0.0
17-10-22,91.62,-0.011,127.978,-9.873,861.0,0.145,683.5,-0.906,1657.0,0.932,3.4555,0.145
18-10-22,90.03,-1.735,113.222,-11.53,849.5,-1.336,681.0,-0.366,1649.0,-0.483,3.4065,-1.418
19-10-22,92.41,2.644,112.51,-0.629,841.25,-0.971,678.25,-0.404,1627.5,-1.304,3.3605,-1.35
20-10-22,92.38,-0.032,127.147,13.01,849.25,0.951,684.0,0.848,1630.8,0.203,3.451,2.693
21-10-22,93.5,1.212,113.576,-10.673,850.75,0.177,684.25,0.037,1651.0,1.239,3.523,2.086
22-10-22,93.5,0.0,113.576,0.0,850.75,0.0,684.25,0.0,1651.0,0.0,3.523,0.0
23-10-22,93.5,0.0,113.576,0.0,850.75,0.0,684.25,0.0,1651.0,0.0,3.523,0.0
24-10-22,93.26,-0.257,99.17,-12.684,838.75,-1.411,681.5,-0.402,1648.7,-0.139,3.4795,-1.235
25-10-22,93.52,0.279,99.794,0.629,834.75,-0.477,686.25,0.697,1652.8,0.249,3.4505,-0.833
26-10-22,95.69,2.32,104.32,4.535,840.5,0.689,685.0,-0.182,1664.0,0.678,3.6295,5.188
27-10-22,96.96,1.327,107.384,2.937,838.5,-0.238,682.25,-0.401,1660.7,-0.198,3.6255,-0.11
28-10-22,95.77,-1.227,112.244,4.526,829.25,-1.103,680.75,-0.22,1639.6,-1.271,3.466,-4.399
29-10-22,95.77,0.0,112.244,0.0,829.25,0.0,680.75,0.0,1639.6,0.0,3.466,0.0
30-10-22,95.77,0.0,112.244,0.0,829.25,0.0,680.75,0.0,1639.6,0.0,3.466,0.0
31-10-22,94.83,-0.982,123.352,9.896,882.25,6.391,691.5,1.579,1635.9,-0.226,3.4135,-1.515
01-11-22,94.65,-0.19,116.193,-5.804,902.5,2.295,697.75,0.904,1645.0,0.556,3.5095,2.812
02-11-22,96.16,1.595,125.863,8.322,846.0,-6.26,687.5,-1.469,1645.7,0.043,3.5055,-0.114
03-11-22,94.67,-1.55,125.445,-0.332,840.5,-0.65,679.25,-1.2,1627.3,-1.118,3.4565,-1.398
04-11-22,98.57,4.12,114.786,-8.497,847.75,0.863,681.0,0.258,1672.5,2.778,3.7145,7.464
05-11-22,98.57,0.0,114.786,0.0,847.75,0.0,681.0,0.0,1672.5,0.0,3.7145,0.0
06-11-22,98.57,0.0,114.786,0.0,847.75,0.0,681.0,0.0,1672.5,0.0,3.7145,0.0
07-11-22,97.92,-0.659,109.683,-4.446,845.75,-0.236,675.75,-0.771,1676.5,0.239,3.6295,-2.288
08-11-22,95.36,-2.614,118.147,7.717,827.75,-2.128,667.5,-1.221,1712.1,2.123,3.7055,2.094
09-11-22,92.65,-2.842,113.144,-4.235,806.5,-2.567,664.5,-0.449,1710.1,-0.117,3.7415,0.972
10-11-22,93.67,1.101,113.452,0.272,803.5,-0.372,653.25,-1.693,1750.3,2.351,3.796,1.457
11-11-22,95.99,2.477,97.853,-13.749,813.75,1.276,658.0,0.727,1766.0,0.897,3.951,4.083
12-11-22,95.99,0.0,97.853,0.0,813.75,0.0,658.0,0.0,1766.0,0.0,3.951,0.0
13-11-22,95.99,0.0,97.853,0.0,813.75,0.0,658.0,0.0,1766.0,0.0,3.951,0.0
14-11-22,93.14,-2.969,113.704,16.199,818.5,0.584,657.25,-0.114,1773.6,0.43,3.855,-2.43
15-11-22,93.86,0.773,124.104,9.147,828.25,1.191,666.75,1.445,1773.8,0.011,3.8395,-0.402
16-11-22,92.86,-1.065,113.9,-8.222,817.5,-1.298,665.25,-0.225,1773.0,-0.045,3.788,-1.341
17-11-22,89.78,-3.317,112.556,-1.18,806.75,-1.315,667.5,0.338,1760.8,-0.688,3.6895,-2.6
18-11-22,87.62,-2.406,115.509,2.624,803.25,-0.434,667.75,0.037,1751.9,-0.505,3.632,-1.558
19-11-22,87.62,0.0,115.509,0.0,803.25,0.0,667.75,0.0,1751.9,0.0,3.632,0.0
20-11-22,87.62,0.0,115.509,0.0,803.25,0.0,667.75,0.0,1751.9,0.0,3.632,0.0
21-11-22,87.45,-0.194,116.128,0.536,799.25,-0.498,659.5,-1.235,1737.4,-0.828,3.5715,-1.666
22-11-22,88.36,1.041,119.639,3.023,791.5,-0.97,656.75,-0.417,1738.3,0.052,3.6145,1.204
23-11-22,85.41,-3.339,129.62,8.343,793.5,0.253,663.25,0.99,1744.9,0.38,3.6175,0.083
24-11-22,85.41,0.0,129.62,0.0,793.5,0.0,663.25,0.0,1744.9,0.0,3.6175,0.0
25-11-22,83.63,-2.084,124.37,-4.05,775.5,-2.268,668.0,0.716,1753.3,0.481,3.6265,0.249
26-11-22,83.63,0.0,124.37,0.0,775.5,0.0,668.0,0.0,1753.3,0.0,3.6265,0.0
27-11-22,83.63,0.0,124.37,0.0,775.5,0.0,668.0,0.0,1753.3,0.0,3.6265,0.0
28-11-22,83.19,-0.526,123.282,-0.875,756.75,-2.418,668.75,0.112,1740.1,-0.753,3.6105,-0.441
29-11-22,83.03,-0.192,132.286,7.304,757.75,0.132,665.75,-0.449,1748.4,0.477,3.63,0.54
30-11-22,85.43,2.891,146.397,10.667,771.5,1.815,662.0,-0.563,1746.0,-0.137,3.7295,2.741
01-12-22,86.88,1.697,139.258,-4.876,758.75,-1.653,650.0,-1.813,1801.1,3.156,3.814,2.266
02-12-22,85.57,-1.508,135.562,-2.654,737.25,-2.834,635.0,-2.308,1795.9,-0.289,3.848,0.891
03-12-22,85.57,0.0,135.562,0.0,737.25,0.0,635.0,0.0,1795.9,0.0,3.848,0.0
04-12-22,85.57,0.0,135.562,0.0,737.25,0.0,635.0,0.0,1795.9,0.0,3.848,0.0
05-12-22,82.68,-3.377,134.699,-0.637,715.5,-2.95,628.75,-0.984,1767.4,-1.587,3.7895,-1.52
06-12-22,79.35,-4.028,138.488,2.813,705.5,-1.398,625.5,-0.517,1769.3,0.108,3.8115,0.581
07-12-22,77.17,-2.747,149.245,7.767,727.0,3.047,627.75,0.36,1785.5,0.916,3.8555,1.154
08-12-22,76.15,-1.322,138.893,-6.936,724.25,-0.378,632.0,0.677,1788.7,0.179,3.8805,0.648
09-12-22,76.1,-0.066,139.113,0.158,712.75,-1.588,634.75,0.435,1798.1,0.526,3.876,-0.116
10-12-22,76.1,0.0,139.113,0.0,712.75,0.0,634.75,0.0,1798.1,0.0,3.876,0.0
11-12-22,76.1,0.0,139.113,0.0,712.75,0.0,634.75,0.0,1798.1,0.0,3.876,0.0
12-12-22,77.99,2.484,136.59,-1.814,733.0,2.841,641.25,1.024,1780.5,-0.979,3.7985,-1.999
13-12-22,80.68,3.449,137.529,0.687,728.75,-0.58,643.75,0.39,1813.9,1.876,3.8395,1.079
14-12-22,82.7,2.504,131.511,-4.376,728.25,-0.069,639.0,-0.738,1807.5,-0.353,3.875,0.925
15-12-22,81.21,-1.802,134.767,2.476,757.25,3.982,653.5,2.269,1777.2,-1.676,3.763,-2.89
16-12-22,79.04,-2.672,115.451,-14.333,753.5,-0.495,653.0,-0.077,1790.0,0.72,3.7615,-0.04
17-12-22,79.04,0.0,115.451,0.0,753.5,0.0,653.0,0.0,1790.0,0.0,3.7615,0.0
18-12-22,79.04,0.0,115.451,0.0,753.5,0.0,653.0,0.0,1790.0,0.0,3.7615,0.0
19-12-22,79.8,0.962,108.543,-5.983,748.5,-0.664,647.25,-0.881,1787.7,-0.128,3.783,0.572
20-12-22,79.99,0.238,105.688,-2.63,750.5,0.267,652.0,0.734,1815.9,1.577,3.7975,0.383
21-12-22,82.2,2.763,97.752,-7.509,767.75,2.298,662.25,1.572,1815.9,0.0,3.806,0.224
22-12-22,80.98,-1.484,91.938,-5.948,762.25,-0.716,660.5,-0.264,1787.0,-1.591,3.7515,-1.432
23-12-22,83.92,3.631,82.977,-9.747,776.0,1.804,666.25,0.871,1795.9,0.498,3.803,1.373
24-12-22,83.92,0.0,82.977,0.0,776.0,0.0,666.25,0.0,1795.9,0.0,3.803,0.0
25-12-22,83.92,0.0,82.977,0.0,776.0,0.0,666.25,0.0,1795.9,0.0,3.803,0.0
26-12-22,83.92,0.0,82.977,0.0,776.0,0.0,666.25,0.0,1795.9,0.0,3.803,0.0
27-12-22,84.33,0.489,80.043,-3.536,774.5,-0.193,674.75,1.276,1814.8,1.052,3.8335,0.802
28-12-22,83.26,-1.269,81.351,1.634,785.5,1.42,682.75,1.186,1807.9,-0.38,3.832,-0.039
29-12-22,82.26,-1.201,83.83,3.047,774.0,-1.464,679.5,-0.476,1819.5,0.642,3.821,-0.287
30-12-22,85.91,4.437,76.315,-8.965,792.0,2.326,678.5,-0.147,1819.7,0.011,3.8055,-0.406
31-12-22,85.91,0.0,76.315,0.0,792.0,0.0,678.5,0.0,1819.7,0.0,3.8055,0.0
01-01-23,85.91,0.0,76.315,0.0,792.0,0.0,678.5,0.0,1819.7,0.0,3.8055,0.0
02-01-23,85.91,0.0,76.315,0.0,792.0,0.0,678.5,0.0,1819.7,0.0,3.8055,0.0
03-01-23,82.1,-4.435,72.314,-5.243,775.5,-2.083,670.5,-1.179,1839.7,1.099,3.766,-1.038
04-01-23,77.84,-5.189,65.022,-10.084,745.5,-3.868,653.75,-2.498,1852.8,0.712,3.7395,-0.704
05-01-23,78.69,1.092,72.422,11.381,746.75,0.168,652.75,-0.153,1834.8,-0.972,3.818,2.099
06-01-23,78.57,-0.153,69.534,-3.988,743.5,-0.435,654.0,0.191,1864.2,1.602,3.9085,2.37
07-01-23,78.57,0.0,69.534,0.0,743.5,0.0,654.0,0.0,1864.2,0.0,3.9085,0.0
08-01-23,78.57,0.0,69.534,0.0,743.5,0.0,654.0,0.0,1864.2,0.0,3.9085,0.0
09-01-23,79.65,1.375,74.302,6.857,741.5,-0.269,652.75,-0.191,1872.7,0.456,4.0185,2.814
10-01-23,80.1,0.565,70.071,-5.694,731.0,-1.416,655.0,0.345,1871.6,-0.059,4.067,1.207
11-01-23,82.67,3.208,65.346,-6.743,740.0,1.231,656.0,0.153,1874.6,0.16,4.1545,2.151
12-01-23,84.03,1.645,66.809,2.239,742.75,0.372,671.0,2.287,1895.5,1.115,4.186,0.758
13-01-23,85.28,1.488,64.812,-2.989,743.75,0.135,675.0,0.596,1918.4,1.208,4.2075,0.514
14-01-23,85.28,0.0,64.812,0.0,743.75,0.0,675.0,0.0,1918.4,0.0,4.2075,0.0
15-01-23,85.28,0.0,64.812,0.0,743.75,0.0,675.0,0.0,1918.4,0.0,4.2075,0.0
16-01-23,85.28,0.0,64.812,0.0,743.75,0.0,675.0,0.0,1918.4,0.0,4.2075,0.0
17-01-23,85.92,0.75,60.061,-7.33,751.75,1.076,685.25,1.519,1907.2,-0.584,4.215,0.178
18-01-23,84.98,-1.094,61.709,2.744,742.5,-1.23,681.25,-0.584,1904.4,-0.147,4.2285,0.32
19-01-23,86.16,1.389,60.717,-1.608,734.5,-1.077,677.25,-0.587,1922.1,0.929,4.2265,-0.047
20-01-23,87.63,1.706,66.898,10.18,741.5,0.953,676.25,-0.148,1926.4,0.224,4.2485,0.521
21-01-23,87.63,0.0,66.898,0.0,741.5,0.0,676.25,0.0,1926.4,0.0,4.2485,0.0
22-01-23,87.63,0.0,66.898,0.0,741.5,0.0,676.25,0.0,1926.4,0.0,4.2485,0.0
23-01-23,88.19,0.639,65.999,-1.344,720.0,-2.9,666.25,-1.479,1927.1,0.036,4.254,0.129
24-01-23,86.13,-2.336,58.269,-11.712,734.5,2.014,677.0,1.614,1933.9,0.353,4.2455,-0.2
25-01-23,86.12,-0.012,56.66,-2.761,741.25,0.919,674.75,-0.332,1941.2,0.377,4.24,-0.13
26-01-23,87.47,1.568,54.815,-3.256,752.5,1.518,682.5,1.149,1929.1,-0.623,4.267,0.637
27-01-23,86.66,-0.926,55.425,1.113,750.0,-0.332,683.0,0.073,1928.6,-0.026,4.224,-1.008
28-01-23,86.66,0.0,55.425,0.0,750.0,0.0,683.0,0.0,1928.6,0.0,4.224,0.0
29-01-23,86.66,0.0,55.425,0.0,750.0,0.0,683.0,0.0,1928.6,0.0,4.224,0.0
30-01-23,84.9,-2.031,55.156,-0.485,752.5,0.333,683.75,0.11,1922.9,-0.296,4.2035,-0.485
31-01-23,84.49,-0.483,57.352,3.981,761.25,1.163,679.75,-0.585,1929.5,0.343,4.2285,0.595
01-02-23,82.84,-1.953,59.527,3.792,759.75,-0.197,681.0,0.184,1927.8,-0.088,4.111,-2.779
02-02-23,82.17,-0.809,57.04,-4.178,761.0,0.165,675.25,-0.844,1916.3,-0.597,4.094,-0.414
03-02-23,79.94,-2.714,57.889,1.488,756.75,-0.558,677.5,0.333,1862.9,-2.787,4.063,-0.757
04-02-23,79.94,0.0,57.889,0.0,756.75,0.0,677.5,0.0,1862.9,0.0,4.063,0.0
05-02-23,79.94,0.0,57.889,0.0,756.75,0.0,677.5,0.0,1862.9,0.0,4.063,0.0
06-02-23,80.99,1.313,58.109,0.38,750.25,-0.859,679.0,0.221,1866.2,0.177,4.0435,-0.48
07-02-23,83.69,3.334,55.403,-4.657,749.75,-0.067,674.0,-0.736,1871.7,0.295,4.0885,1.113
08-02-23,85.09,1.673,53.687,-3.097,764.75,2.001,678.5,0.668,1877.4,0.305,4.0435,-1.101
09-02-23,84.5,-0.693,52.734,-1.775,757.25,-0.981,670.75,-1.142,1866.2,-0.597,4.1055,1.533
10-02-23,86.39,2.237,53.947,2.3,786.0,3.797,680.5,1.454,1862.8,-0.182,4.0275,-1.9
11-02-23,86.39,0.0,53.947,0.0,786.0,0.0,680.5,0.0,1862.8,0.0,4.0275,0.0
12-02-23,86.39,0.0,53.947,0.0,786.0,0.0,680.5,0.0,1862.8,0.0,4.0275,0.0
13-02-23,86.61,0.255,51.707,-4.152,792.0,0.763,685.0,0.661,1851.9,-0.585,4.087,1.477
14-02-23,85.58,-1.189,52.386,1.313,786.0,-0.758,682.25,-0.401,1854.0,0.113,4.11,0.563
15-02-23,85.38,-0.234,54.716,4.448,769.25,-2.131,676.25,-0.879,1834.2,-1.068,4.052,-1.411
16-02-23,85.14,-0.281,52.011,-4.944,765.0,-0.552,676.0,-0.037,1842.0,0.425,4.1655,2.801
17-02-23,83.0,-2.514,49.047,-5.699,765.5,0.065,677.75,0.259,1840.4,-0.087,4.114,-1.236
18-02-23,83.0,0.0,49.047,0.0,765.5,0.0,677.75,0.0,1840.4,0.0,4.114,0.0
19-02-23,83.0,0.0,49.047,0.0,765.5,0.0,677.75,0.0,1840.4,0.0,4.114,0.0
20-02-23,83.0,0.0,49.047,0.0,765.5,0.0,677.75,0.0,1840.4,0.0,4.114,0.0
21-02-23,83.05,0.06,48.542,-1.03,750.5,-1.96,680.5,0.406,1833.0,-0.402,4.2345,2.929
22-02-23,80.6,-2.95,50.568,4.174,736.5,-1.865,674.0,-0.955,1832.0,-0.055,4.2025,-0.756
23-02-23,82.21,1.998,50.78,0.419,738.25,0.238,660.25,-2.04,1818.0,-0.764,4.073,-3.081
24-02-23,83.16,1.156,51.013,0.459,708.25,-4.064,650.0,-1.552,1808.8,-0.506,3.955,-2.897
25-02-23,83.16,0.0,51.013,0.0,708.25,0.0,650.0,0.0,1808.8,0.0,3.955,0.0
26-02-23,83.16,0.0,51.013,0.0,708.25,0.0,650.0,0.0,1808.8,0.0,3.955,0.0
27-02-23,82.45,-0.854,47.299,-7.28,696.0,-1.73,642.75,-1.115,1817.0,0.453,4.009,1.365
28-02-23,83.89,1.747,46.665,-1.34,691.5,-0.647,629.5,-2.061,1828.9,0.655,4.0975,2.208
01-03-23,84.31,0.501,47.084,0.898,697.0,0.795,640.5,1.747,1837.7,0.481,4.168,1.721
02-03-23,84.75,0.522,46.815,-0.571,701.25,0.61,637.75,-0.429,1833.5,-0.229,4.084,-2.015
03-03-23,85.83,1.274,44.98,-3.92,695.75,-0.784,645.25,1.176,1847.7,0.774,4.078,-0.147
04-03-23,85.83,0.0,44.98,0.0,695.75,0.0,645.25,0.0,1847.7,0.0,4.078,0.0
05-03-23,85.83,0.0,44.98,0.0,695.75,0.0,645.25,0.0,1847.7,0.0,4.078,0.0
06-03-23,86.18,0.408,42.149,-6.294,682.5,-1.904,644.5,-0.116,1847.9,0.011,4.1005,0.552
07-03-23,83.29,-3.353,43.37,2.897,684.75,0.33,642.0,-0.388,1813.9,-1.84,3.9865,-2.78
08-03-23,82.66,-0.756,42.339,-2.377,674.5,-1.497,634.5,-1.168,1812.7,-0.066,4.0415,1.38
09-03-23,81.59,-1.294,43.599,2.976,653.5,-3.113,618.5,-2.522,1829.3,0.916,4.0545,0.322
10-03-23,82.78,1.459,52.857,21.234,666.75,2.028,624.25,0.93,1862.0,1.788,4.0455,-0.222
11-03-23,82.78,0.0,52.857,0.0,666.75,0.0,624.25,0.0,1862.0,0.0,4.0455,0.0
12-03-23,82.78,0.0,52.857,0.0,666.75,0.0,624.25,0.0,1862.0,0.0,4.0455,0.0
13-03-23,80.77,-2.428,49.584,-6.192,672.25,0.825,624.5,0.04,1911.7,2.669,4.0695,0.593
14-03-23,77.45,-4.11,44.185,-10.889,686.5,2.12,627.5,0.48,1906.2,-0.288,4.0105,-1.45
15-03-23,73.69,-4.855,42.905,-2.897,702.75,2.367,626.5,-0.159,1926.6,1.07,3.8565,-3.84
16-03-23,74.7,1.371,44.341,3.347,699.0,-0.534,632.75,0.998,1919.0,-0.394,3.8855,0.752
17-03-23,72.97,-2.316,42.857,-3.347,710.5,1.645,634.25,0.237,1969.8,2.647,3.9135,0.721
18-03-23,72.97,0.0,42.857,0.0,710.5,0.0,634.25,0.0,1969.8,0.0,3.9135,0.0
19-03-23,72.97,0.0,42.857,0.0,710.5,0.0,634.25,0.0,1969.8,0.0,3.9135,0.0
20-03-23,73.79,1.124,39.325,-8.241,700.75,-1.372,633.0,-0.197,1979.2,0.477,3.9755,1.584
21-03-23,75.32,2.073,42.4,7.819,683.25,-2.497,630.0,-0.474,1938.0,-2.082,4.0185,1.082
22-03-23,76.69,1.819,39.975,-5.719,663.5,-2.891,633.5,0.556,1946.8,0.454,4.0685,1.244
23-03-23,75.91,-1.017,43.186,8.033,662.0,-0.226,631.75,-0.276,1993.8,2.414,4.146,1.905
24-03-23,74.99,-1.212,41.094,-4.844,688.5,4.003,643.0,1.781,1982.1,-0.587,4.1015,-1.073
25-03-23,74.99,0.0,41.094,0.0,688.5,0.0,643.0,0.0,1982.1,0.0,4.1015,0.0
26-03-23,74.99,0.0,41.094,0.0,688.5,0.0,643.0,0.0,1982.1,0.0,4.1015,0.0
27-03-23,78.12,4.174,42.528,3.49,698.0,1.38,648.25,0.816,1952.4,-1.498,4.1045,0.073
28-03-23,78.65,0.678,42.752,0.527,699.75,0.251,647.25,-0.154,1972.4,1.024,4.112,0.183
29-03-23,78.28,-0.47,42.803,0.119,704.75,0.715,650.5,0.502,1966.1,-0.319,4.115,0.073
30-03-23,79.27,1.265,43.609,1.883,692.25,-1.774,649.5,-0.154,1980.3,0.722,4.0905,-0.595
31-03-23,79.77,0.631,47.845,9.714,692.25,0.0,660.5,1.694,1969.0,-0.571,4.1045,0.342
01-04-23,79.77,0.0,47.845,0.0,692.25,0.0,660.5,0.0,1969.0,0.0,4.1045,0.0
02-04-23,79.77,0.0,47.845,0.0,692.25,0.0,660.5,0.0,1969.0,0.0,4.1045,0.0
03-04-23,84.93,6.469,51.367,7.361,693.5,0.181,657.75,-0.416,1983.9,0.757,4.0595,-1.096
04-04-23,84.94,0.012,46.568,-9.343,691.5,-0.288,653.75,-0.608,2022.2,1.931,3.9835,-1.872
05-04-23,84.99,0.059,44.575,-4.28,682.0,-1.374,652.75,-0.153,2020.9,-0.064,3.998,0.364
06-04-23,85.12,0.153,43.125,-3.253,675.5,-0.953,643.5,-1.417,2011.9,-0.445,4.026,0.7
07-04-23,85.12,0.0,43.125,0.0,675.5,0.0,643.5,0.0,2011.9,0.0,4.026,0.0
08-04-23,85.12,0.0,43.125,0.0,675.5,0.0,643.5,0.0,2011.9,0.0,4.026,0.0
09-04-23,85.12,0.0,43.125,0.0,675.5,0.0,643.5,0.0,2011.9,0.0,4.026,0.0
10-04-23,84.18,-1.104,43.125,0.0,678.5,0.444,654.0,1.632,1989.1,-1.133,3.9865,-0.981
11-04-23,85.61,1.699,43.692,1.315,674.0,-0.663,651.0,-0.459,2004.8,0.789,4.0245,0.953
12-04-23,87.33,2.009,42.88,-1.858,679.5,0.816,656.0,0.768,2010.9,0.304,4.0845,1.491
13-04-23,86.09,-1.42,42.093,-1.835,667.0,-1.84,652.25,-0.572,2041.3,1.512,4.124,0.967
14-04-23,86.31,0.256,41.149,-2.243,682.5,2.324,666.25,2.146,2002.2,-1.915,4.1075,-0.4
15-04-23,86.31,0.0,41.149,0.0,682.5,0.0,666.25,0.0,2002.2,0.0,4.1075,0.0
16-04-23,86.31,0.0,41.149,0.0,682.5,0.0,666.25,0.0,2002.2,0.0,4.1075,0.0
17-04-23,84.76,-1.796,41.127,-0.053,696.5,2.051,676.5,1.538,1994.2,-0.4,4.066,-1.01
18-04-23,84.77,0.012,42.722,3.878,698.0,0.215,677.5,0.148,2007.4,0.662,4.0895,0.578
19-04-23,83.12,-1.946,40.298,-5.674,681.75,-2.328,672.25,-0.775,1995.2,-0.608,4.072,-0.428
20-04-23,81.1,-2.43,40.565,0.663,667.75,-2.054,663.75,-1.264,2007.6,0.621,4.022,-1.228
21-04-23,81.66,0.691,40.164,-0.989,661.75,-0.899,663.25,-0.075,1979.5,-1.4,3.98,-1.044
22-04-23,81.66,0.0,40.164,0.0,661.75,0.0,663.25,0.0,1979.5,0.0,3.98,0.0
23-04-23,81.66,0.0,40.164,0.0,661.75,0.0,663.25,0.0,1979.5,0.0,3.98,0.0
24-04-23,82.73,1.31,39.925,-0.595,643.5,-2.758,651.25,-1.809,1989.1,0.485,3.953,-0.678
25-04-23,80.77,-2.369,39.833,-0.23,638.75,-0.738,646.5,-0.729,1994.0,0.246,3.846,-2.707
26-04-23,77.69,-3.813,38.551,-3.218,627.25,-1.8,641.5,-0.773,1985.7,-0.416,3.85,0.104
27-04-23,78.37,0.875,39.039,1.266,614.75,-1.993,627.0,-2.26,1989.9,0.212,3.8645,0.377
28-04-23,79.54,1.493,38.538,-1.283,619.75,0.813,636.0,1.435,1990.1,0.01,3.87,0.142
29-04-23,79.54,0.0,38.538,0.0,619.75,0.0,636.0,0.0,1990.1,0.0,3.87,0.0
30-04-23,79.54,0.0,38.538,0.0,619.75,0.0,636.0,0.0,1990.1,0.0,3.87,0.0
01-05-23,79.31,-0.289,38.834,0.768,603.75,-2.582,639.5,0.55,1983.4,-0.337,3.917,1.214
02-05-23,75.32,-5.031,37.529,-3.36,595.5,-1.366,638.0,-0.235,2014.3,1.558,3.848,-1.762
03-05-23,72.33,-3.97,36.782,-1.99,626.25,5.164,645.25,1.136,2028.6,0.71,3.8315,-0.429
04-05-23,72.5,0.235,35.653,-3.069,631.5,0.838,646.5,0.194,2048.0,0.956,3.85,0.483
05-05-23,75.3,3.862,36.574,2.583,647.0,2.454,653.25,1.044,2017.4,-1.494,3.8715,0.558
06-05-23,75.3,0.0,36.574,0.0,647.0,0.0,653.25,0.0,2017.4,0.0,3.8715,0.0
07-05-23,75.3,0.0,36.574,0.0,647.0,0.0,653.25,0.0,2017.4,0.0,3.8715,0.0
08-05-23,77.01,2.271,36.874,0.82,641.0,-0.927,656.5,0.498,2026.3,0.441,3.918,1.201
09-05-23,77.44,0.558,35.95,-2.506,630.5,-1.638,642.25,-2.171,2036.2,0.489,3.889,-0.74
10-05-23,76.41,-1.33,34.993,-2.662,628.25,-0.357,645.5,0.506,2030.5,-0.28,3.828,-1.569
11-05-23,74.98,-1.871,34.993,0.0,614.25,-2.228,632.5,-2.014,2014.7,-0.778,3.6975,-3.409
12-05-23,74.17,-1.08,32.767,-6.361,624.5,1.669,633.25,0.119,2014.5,-0.01,3.7165,0.514
13-05-23,74.17,0.0,32.767,0.0,624.5,0.0,633.25,0.0,2014.5,0.0,3.7165,0.0
14-05-23,74.17,0.0,32.767,0.0,624.5,0.0,633.25,0.0,2014.5,0.0,3.7165,0.0
15-05-23,75.23,1.429,32.314,-1.382,660.75,5.805,592.5,-6.435,2018.0,0.174,3.7375,0.565
16-05-23,74.91,-0.425,31.821,-1.526,647.5,-2.005,581.25,-1.899,1988.4,-1.467,3.6545,-2.221
17-05-23,76.96,2.737,31.953,0.415,625.5,-3.398,561.5,-3.398,1980.7,-0.387,3.743,2.422
18-05-23,75.86,-1.429,29.785,-6.785,611.75,-2.198,555.25,-1.113,1956.5,-1.222,3.6815,-1.643
19-05-23,75.58,-0.369,30.176,1.313,605.0,-1.103,554.5,-0.135,1978.7,1.135,3.7225,1.114
20-05-23,75.58,0.0,30.176,0.0,605.0,0.0,554.5,0.0,1978.7,0.0,3.7225,0.0
21-05-23,75.58,0.0,30.176,0.0,605.0,0.0,554.5,0.0,1978.7,0.0,3.7225,0.0
22-05-23,75.99,0.542,29.711,-1.541,606.25,0.207,571.0,2.976,1974.8,-0.197,3.674,-1.303
23-05-23,76.84,1.119,29.127,-1.966,622.25,2.639,577.5,1.138,1972.4,-0.122,3.6415,-0.885
24-05-23,78.36,1.978,27.785,-4.607,606.25,-2.571,587.25,1.688,1962.8,-0.487,3.5535,-2.417
25-05-23,76.26,-2.68,25.452,-8.397,604.25,-0.33,590.75,0.596,1943.1,-1.004,3.5805,0.76
26-05-23,76.95,0.905,24.52,-3.662,616.0,1.945,604.0,2.243,1944.1,0.051,3.6735,2.597
27-05-23,76.95,0.0,24.52,0.0,616.0,0.0,604.0,0.0,1944.1,0.0,3.6735,0.0
28-05-23,76.95,0.0,24.52,0.0,616.0,0.0,604.0,0.0,1944.1,0.0,3.6735,0.0
29-05-23,76.95,0.0,24.52,0.0,616.0,0.0,604.0,0.0,1944.1,0.0,3.6735,0.0
30-05-23,73.54,-4.431,24.681,0.657,591.0,-4.058,594.0,-1.656,1958.0,0.715,3.658,-0.422
31-05-23,72.66,-1.197,26.852,8.796,594.25,0.55,594.0,0.0,1963.9,0.301,3.631,-0.738
01-06-23,74.28,2.23,23.103,-13.962,610.75,2.777,592.5,-0.253,1978.0,0.718,3.7065,2.079
02-06-23,76.13,2.491,23.689,2.536,619.0,1.351,609.0,2.785,1952.4,-1.294,3.7225,0.432
03-06-23,76.13,0.0,23.689,0.0,619.0,0.0,609.0,0.0,1952.4,0.0,3.7225,0.0
04-06-23,76.13,0.0,23.689,0.0,619.0,0.0,609.0,0.0,1952.4,0.0,3.7225,0.0
05-06-23,76.71,0.762,28.478,20.216,624.0,0.808,597.5,-1.888,1958.0,0.287,3.7625,1.075
06-06-23,76.29,-0.548,24.86,-12.705,627.75,0.601,608.0,1.757,1965.5,0.383,3.767,0.12
07-06-23,76.95,0.865,26.331,5.917,616.75,-1.752,604.25,-0.617,1942.7,-1.16,3.7545,-0.332
08-06-23,75.96,-1.287,26.945,2.332,626.25,1.54,610.25,0.993,1963.6,1.076,3.7965,1.119
09-06-23,74.79,-1.54,32.049,18.942,630.25,0.639,604.25,-0.983,1962.2,-0.071,3.789,-0.198
10-06-23,74.79,0.0,32.049,0.0,630.25,0.0,604.25,0.0,1962.2,0.0,3.789,0.0
11-06-23,74.79,0.0,32.049,0.0,630.25,0.0,604.25,0.0,1962.2,0.0,3.789,0.0
12-06-23,71.84,-3.944,31.036,-3.161,633.75,0.555,617.25,2.151,1955.3,-0.352,3.7505,-1.016
13-06-23,74.29,3.41,36.051,16.159,636.25,0.394,612.5,-0.77,1944.6,-0.547,3.8285,2.08
14-06-23,73.2,-1.467,38.312,6.272,630.25,-0.943,607.75,-0.776,1955.3,0.55,3.866,0.979
15-06-23,75.67,3.374,41.145,7.395,661.5,4.958,623.25,2.55,1957.8,0.128,3.8965,0.789
16-06-23,76.61,1.242,35.008,-14.916,688.0,4.006,640.25,2.728,1958.4,0.031,3.8845,-0.308
17-06-23,76.61,0.0,35.008,0.0,688.0,0.0,640.25,0.0,1958.4,0.0,3.8845,0.0
18-06-23,76.61,0.0,35.008,0.0,688.0,0.0,640.25,0.0,1958.4,0.0,3.8845,0.0
19-06-23,76.61,0.0,35.008,0.0,688.0,0.0,640.25,0.0,1958.4,0.0,3.8845,0.0
20-06-23,75.9,-0.927,38.708,10.569,695.75,1.126,643.75,0.547,1935.5,-1.169,3.8785,-0.154
21-06-23,77.12,1.607,36.743,-5.076,734.5,5.57,671.0,4.233,1933.3,-0.114,3.911,0.838
22-06-23,74.14,-3.864,34.097,-7.201,739.0,0.613,660.5,-1.565,1912.7,-1.066,3.8885,-0.575
23-06-23,73.85,-0.391,32.507,-4.663,733.25,-0.778,630.75,-4.504,1919.1,0.335,3.806,-2.122
24-06-23,73.85,0.0,32.507,0.0,733.25,0.0,630.75,0.0,1919.1,0.0,3.806,0.0
25-06-23,73.85,0.0,32.507,0.0,733.25,0.0,630.75,0.0,1919.1,0.0,3.806,0.0
26-06-23,74.18,0.447,31.975,-1.637,724.25,-1.227,637.25,1.031,1923.7,0.24,3.7865,-0.512
27-06-23,72.26,-2.588,34.506,7.916,685.0,-5.419,623.0,-2.236,1914.0,-0.504,3.7815,-0.132
28-06-23,74.03,2.449,34.125,-1.104,655.75,-4.27,590.0,-5.297,1912.3,-0.089,3.7205,-1.613
29-06-23,74.34,0.419,35.18,3.092,653.0,-0.419,581.0,-1.525,1909.2,-0.162,3.6775,-1.156
30-06-23,74.9,0.753,37.103,5.466,636.25,-2.565,554.5,-4.561,1921.1,0.623,3.741,1.727
01-07-23,74.9,0.0,37.103,0.0,636.25,0.0,554.5,0.0,1921.1,0.0,3.741,0.0
02-07-23,74.9,0.0,37.103,0.0,636.25,0.0,554.5,0.0,1921.1,0.0,3.741,0.0
03-07-23,74.65,-0.334,33.929,-8.555,628.5,-1.218,557.25,0.496,1921.7,0.031,3.779,1.016
04-07-23,74.65,0.0,33.929,0.0,628.5,0.0,557.25,0.0,1921.7,0.0,3.779,0.0
05-07-23,76.65,2.679,34.373,1.309,662.0,5.33,548.25,-1.615,1919.6,-0.109,3.7535,-0.675
06-07-23,76.52,-0.17,32.348,-5.891,647.0,-2.266,566.75,3.374,1908.7,-0.568,3.72,-0.892
07-07-23,78.47,2.548,33.478,3.493,639.5,-1.159,560.5,-1.103,1926.2,0.917,3.767,1.263
08-07-23,78.47,0.0,33.478,0.0,639.5,0.0,560.5,0.0,1926.2,0.0,3.767,0.0
09-07-23,78.47,0.0,33.478,0.0,639.5,0.0,560.5,0.0,1926.2,0.0,3.767,0.0
10-07-23,77.69,-0.994,30.227,-9.711,636.25,-0.508,570.75,1.829,1925.0,-0.062,3.7715,0.119
11-07-23,79.4,2.201,29.061,-3.857,649.5,2.083,571.75,0.175,1931.3,0.327,3.7535,-0.477
12-07-23,80.11,0.894,26.639,-8.334,621.25,-4.349,549.75,-3.848,1956.2,1.289,3.842,2.358
13-07-23,81.36,1.56,26.607,-0.12,627.5,1.006,593.5,7.958,1959.2,0.153,3.9295,2.277
14-07-23,79.87,-1.831,25.957,-2.443,641.5,2.231,599.75,1.053,1960.1,0.046,3.922,-0.191
15-07-23,79.87,0.0,25.957,0.0,641.5,0.0,599.75,0.0,1960.1,0.0,3.922,0.0
16-07-23,79.87,0.0,25.957,0.0,641.5,0.0,599.75,0.0,1960.1,0.0,3.922,0.0
17-07-23,78.5,-1.715,25.101,-3.298,653.75,1.91,499.25,-16.757,1952.4,-0.393,3.832,-2.295
18-07-23,79.63,1.439,27.069,7.84,670.75,2.6,528.75,5.909,1977.2,1.27,3.816,-0.418
19-07-23,79.46,-0.213,26.963,-0.392,727.75,8.498,545.5,3.168,1977.5,0.015,3.7995,-0.432
20-07-23,79.64,0.227,28.018,3.913,727.0,-0.103,537.25,-1.512,1968.3,-0.465,3.8175,0.474
21-07-23,81.07,1.796,28.164,0.521,697.5,-4.058,527.0,-1.908,1964.3,-0.203,3.803,-0.38
22-07-23,81.07,0.0,28.164,0.0,697.5,0.0,527.0,0.0,1964.3,0.0,3.803,0.0
23-07-23,81.07,0.0,28.164,0.0,697.5,0.0,527.0,0.0,1964.3,0.0,3.803,0.0
24-07-23,82.74,2.06,30.557,8.497,757.5,8.602,560.5,6.357,1960.3,-0.204,3.8405,0.986
25-07-23,83.64,1.088,32.648,6.843,760.25,0.363,557.5,-0.535,1962.1,0.092,3.902,1.601
26-07-23,82.92,-0.861,29.275,-10.331,720.0,-5.294,540.25,-3.094,1968.9,0.347,3.8905,-0.295
27-07-23,84.24,1.592,28.434,-2.873,712.75,-1.007,533.25,-1.296,1945.4,-1.194,3.8635,-0.694
28-07-23,84.99,0.89,25.841,-9.119,704.25,-1.193,521.0,-2.297,1960.4,0.771,3.917,1.385
29-07-23,84.99,0.0,25.841,0.0,704.25,0.0,521.0,0.0,1960.4,0.0,3.917,0.0
30-07-23,84.99,0.0,25.841,0.0,704.25,0.0,521.0,0.0,1960.4,0.0,3.917,0.0
31-07-23,85.56,0.671,28.366,9.771,665.75,-5.467,504.0,-3.263,1970.5,0.515,3.9945,1.979
01-08-23,84.91,-0.76,27.123,-4.382,652.25,-2.028,497.0,-1.389,1940.7,-1.512,3.8935,-2.528
02-08-23,83.2,-2.014,28.742,5.969,640.0,-1.878,488.25,-1.761,1937.4,-0.17,3.8275,-1.695
03-08-23,85.14,2.332,30.473,6.023,627.0,-2.031,480.75,-1.536,1932.0,-0.279,3.876,1.267
04-08-23,86.24,1.292,28.853,-5.316,633.0,0.957,484.25,0.728,1939.6,0.393,3.845,-0.8
05-08-23,86.24,0.0,28.853,0.0,633.0,0.0,484.25,0.0,1939.6,0.0,3.845,0.0
06-08-23,86.24,0.0,28.853,0.0,633.0,0.0,484.25,0.0,1939.6,0.0,3.845,0.0
07-08-23,85.34,-1.044,30.487,5.663,657.5,3.87,482.25,-0.413,1933.5,-0.314,3.813,-0.832
08-08-23,86.17,0.973,31.066,1.899,656.25,-0.19,485.75,0.726,1924.1,-0.486,3.748,-1.705
09-08-23,87.55,1.601,39.823,28.188,635.0,-3.238,481.0,-0.978,1915.4,-0.452,3.7675,0.52
10-08-23,86.4,-1.314,37.056,-6.948,637.75,0.433,483.25,0.468,1914.4,-0.052,3.751,-0.438
11-08-23,86.81,0.475,35.3,-4.739,626.75,-1.725,474.5,-1.811,1912.9,-0.078,3.7145,-0.973
12-08-23,86.81,0.0,35.3,0.0,626.75,0.0,474.5,0.0,1912.9,0.0,3.7145,0.0
13-08-23,86.81,0.0,35.3,0.0,626.75,0.0,474.5,0.0,1912.9,0.0,3.7145,0.0
14-08-23,86.21,-0.691,34.434,-2.453,616.0,-1.715,475.75,0.263,1910.6,-0.12,3.7245,0.269
15-08-23,84.89,-1.531,38.813,12.717,598.5,-2.841,464.0,-2.47,1902.5,-0.424,3.6615,-1.692
16-08-23,83.45,-1.696,37.784,-2.651,597.75,-0.125,469.5,1.185,1896.1,-0.336,3.6515,-0.273
17-08-23,84.12,0.803,36.825,-2.538,589.5,-1.38,473.0,0.745,1884.1,-0.633,3.6855,0.931
18-08-23,84.8,0.808,36.41,-1.127,613.25,4.029,479.5,1.374,1886.1,0.106,3.699,0.366
19-08-23,84.8,0.0,36.41,0.0,613.25,0.0,479.5,0.0,1886.1,0.0,3.699,0.0
20-08-23,84.8,0.0,36.41,0.0,613.25,0.0,479.5,0.0,1886.1,0.0,3.699,0.0
21-08-23,84.46,-0.401,40.782,12.008,599.25,-2.283,469.25,-2.138,1893.3,0.382,3.712,0.351
22-08-23,84.03,-0.509,42.908,5.213,601.75,0.417,466.5,-0.586,1896.4,0.164,3.7505,1.037
23-08-23,83.21,-0.976,36.786,-14.268,612.5,1.786,476.25,2.09,1918.5,1.165,3.8035,1.413
24-08-23,83.36,0.18,31.938,-13.179,604.0,-1.388,472.25,-0.84,1918.2,-0.016,3.7675,-0.946
25-08-23,84.48,1.344,34.777,8.889,593.25,-1.78,470.75,-0.318,1911.1,-0.37,3.76,-0.199
26-08-23,84.48,0.0,34.777,0.0,593.25,0.0,470.75,0.0,1911.1,0.0,3.76,0.0
27-08-23,84.48,0.0,34.777,0.0,593.25,0.0,470.75,0.0,1911.1,0.0,3.76,0.0
28-08-23,84.42,-0.071,38.414,10.458,588.0,-0.885,478.5,1.646,1917.9,0.356,3.754,-0.16
29-08-23,85.49,1.267,35.195,-8.38,569.75,-3.104,469.5,-1.881,1936.5,0.97,3.793,1.039
30-08-23,85.86,0.433,35.992,2.265,576.75,1.229,461.75,-1.651,1944.3,0.403,3.785,-0.211
31-08-23,86.86,1.165,35.029,-2.676,573.0,-0.65,461.0,-0.162,1938.2,-0.314,3.7725,-0.33
01-09-23,88.55,1.946,35.617,1.679,567.5,-0.96,464.75,0.813,1939.8,0.083,3.8125,1.06
02-09-23,88.55,0.0,35.617,0.0,567.5,0.0,464.75,0.0,1939.8,0.0,3.8125,0.0
03-09-23,88.55,0.0,35.617,0.0,567.5,0.0,464.75,0.0,1939.8,0.0,3.8125,0.0
04-09-23,88.55,0.0,35.617,0.0,567.5,0.0,464.75,0.0,1939.8,0.0,3.8125,0.0
05-09-23,90.04,1.683,34.449,-3.279,572.5,0.881,471.0,1.345,1926.2,-0.701,3.811,-0.039
06-09-23,90.6,0.622,31.075,-9.794,581.0,1.485,471.5,0.106,1918.1,-0.421,3.7485,-1.64
07-09-23,89.92,-0.751,32.755,5.406,571.5,-1.635,470.75,-0.159,1917.5,-0.031,3.726,-0.6
08-09-23,90.65,0.812,34.508,5.352,567.25,-0.744,468.5,-0.478,1918.4,0.047,3.6805,-1.221
09-09-23,90.65,0.0,34.508,0.0,567.25,0.0,468.5,0.0,1918.4,0.0,3.6805,0.0
10-09-23,90.65,0.0,34.508,0.0,567.25,0.0,468.5,0.0,1918.4,0.0,3.6805,0.0
11-09-23,90.64,-0.011,35.848,3.883,556.0,-1.983,471.25,0.587,1923.3,0.255,3.77,2.432
12-09-23,92.06,1.567,34.701,-3.2,560.25,0.764,463.25,-1.698,1911.3,-0.624,3.752,-0.477
13-09-23,91.88,-0.196,36.817,6.098,569.0,1.562,464.0,0.162,1909.1,-0.115,3.756,0.107
14-09-23,93.7,1.981,35.521,-3.52,567.5,-0.264,462.5,-0.323,1910.0,0.047,3.7825,0.706
15-09-23,93.93,0.245,36.483,2.708,604.25,6.476,476.25,2.973,1923.7,0.717,3.7635,-0.502
16-09-23,93.93,0.0,36.483,0.0,604.25,0.0,476.25,0.0,1923.7,0.0,3.7635,0.0
17-09-23,93.93,0.0,36.483,0.0,604.25,0.0,476.25,0.0,1923.7,0.0,3.7635,0.0
18-09-23,94.43,0.532,34.475,-5.504,591.25,-2.151,471.5,-0.997,1931.5,0.405,3.7415,-0.585
19-09-23,94.34,-0.095,36.782,6.692,584.0,-1.226,476.25,1.007,1932.0,0.026,3.714,-0.735
20-09-23,93.53,-0.859,37.284,1.365,588.75,0.813,482.25,1.26,1945.6,0.704,3.7465,0.875
21-09-23,93.3,-0.246,39.105,4.884,575.75,-2.208,475.25,-1.452,1919.2,-1.357,3.6665,-2.135
22-09-23,93.27,-0.032,39.791,1.754,579.5,0.651,477.25,0.421,1925.4,0.323,3.6655,-0.027
23-09-23,93.27,0.0,39.791,0.0,579.5,0.0,477.25,0.0,1925.4,0.0,3.6655,0.0
24-09-23,93.27,0.0,39.791,0.0,579.5,0.0,477.25,0.0,1925.4,0.0,3.6655,0.0
25-09-23,93.29,0.021,44.442,11.689,589.0,1.639,481.25,0.838,1916.6,-0.457,3.6495,-0.437
26-09-23,93.96,0.718,40.322,-9.271,589.0,0.0,479.75,-0.312,1900.4,-0.845,3.625,-0.671
27-09-23,96.55,2.756,39.296,-2.545,579.5,-1.613,483.25,0.73,1871.6,-1.515,3.627,0.055
28-09-23,95.38,-1.212,39.736,1.12,578.75,-0.129,488.5,1.086,1860.4,-0.598,3.6945,1.861
29-09-23,95.31,-0.073,41.859,5.343,541.5,-6.436,476.75,-2.405,1848.1,-0.661,3.726,0.853
30-09-23,95.31,0.0,41.859,0.0,541.5,0.0,476.75,0.0,1848.1,0.0,3.726,0.0
01-10-23,95.31,0.0,41.859,0.0,541.5,0.0,476.75,0.0,1848.1,0.0,3.726,0.0
02-10-23,90.71,-4.826,39.335,-6.03,564.75,4.294,488.75,2.517,1830.0,-0.979,3.632,-2.523
03-10-23,90.92,0.232,36.987,-5.969,568.5,0.664,487.5,-0.256,1824.6,-0.295,3.6155,-0.454
04-10-23,85.81,-5.62,38.441,3.931,560.0,-1.495,486.0,-0.308,1818.5,-0.334,3.584,-0.871
05-10-23,84.07,-2.028,36.207,-5.812,578.25,3.259,497.5,2.366,1816.6,-0.104,3.547,-1.032
06-10-23,84.58,0.607,38.231,5.59,568.25,-1.729,492.0,-1.106,1830.2,0.749,3.6245,2.185
07-10-23,84.58,0.0,38.231,0.0,568.25,0.0,492.0,0.0,1830.2,0.0,3.6245,0.0
08-10-23,84.58,0.0,38.231,0.0,568.25,0.0,492.0,0.0,1830.2,0.0,3.6245,0.0
09-10-23,88.15,4.221,43.953,14.967,572.75,0.792,488.25,-0.762,1849.5,1.055,3.6425,0.497
10-10-23,87.65,-0.567,49.455,12.518,558.5,-2.488,485.5,-0.563,1861.0,0.622,3.632,-0.288
11-10-23,85.82,-2.088,46.068,-6.849,556.0,-0.448,488.0,0.515,1872.8,0.634,3.614,-0.496
12-10-23,86.0,0.21,53.002,15.052,571.5,2.788,496.0,1.639,1869.3,-0.187,3.594,-0.553
13-10-23,90.89,5.686,53.982,1.849,579.75,1.444,493.25,-0.554,1927.4,3.108,3.58,-0.39
14-10-23,90.89,0.0,53.982,0.0,579.75,0.0,493.25,0.0,1927.4,0.0,3.58,0.0
15-10-23,90.89,0.0,53.982,0.0,579.75,0.0,493.25,0.0,1927.4,0.0,3.58,0.0
16-10-23,89.65,-1.364,48.467,-10.216,577.25,-0.431,490.0,-0.659,1921.1,-0.327,3.587,0.196
17-10-23,89.9,0.279,48.896,0.885,570.5,-1.169,489.0,-0.204,1922.7,0.083,3.5755,-0.321
18-10-23,91.5,1.78,50.833,3.961,580.25,1.709,492.0,0.613,1955.3,1.696,3.582,0.182
19-10-23,92.38,0.962,50.172,-1.3,594.0,2.37,505.0,2.642,1968.4,0.67,3.5915,0.265
20-10-23,92.16,-0.238,51.112,1.874,586.0,-1.347,495.5,-1.881,1982.5,0.716,3.542,-1.378
21-10-23,92.16,0.0,51.112,0.0,586.0,0.0,495.5,0.0,1982.5,0.0,3.542,0.0
22-10-23,92.16,0.0,51.112,0.0,586.0,0.0,495.5,0.0,1982.5,0.0,3.542,0.0
23-10-23,89.83,-2.528,51.276,0.321,587.25,0.213,490.25,-1.06,1976.3,-0.313,3.573,0.875
24-10-23,88.07,-1.959,49.264,-3.924,580.5,-1.149,484.0,-1.275,1975.0,-0.066,3.61,1.036
25-10-23,90.13,2.339,49.924,1.34,568.5,-2.067,480.0,-0.826,1984.1,0.461,3.572,-1.053
26-10-23,87.93,-2.441,50.809,1.773,579.5,1.935,479.25,-0.156,1987.2,0.156,3.5685,-0.098
27-10-23,90.48,2.9,50.532,-0.545,575.5,-0.69,480.75,0.313,1988.6,0.07,3.634,1.836
28-10-23,90.48,0.0,50.532,0.0,575.5,0.0,480.75,0.0,1988.6,0.0,3.634,0.0
29-10-23,90.48,0.0,50.532,0.0,575.5,0.0,480.75,0.0,1988.6,0.0,3.634,0.0
30-10-23,87.45,-3.349,50.547,0.03,566.0,-1.651,478.25,-0.52,1996.2,0.382,3.6495,0.427
31-10-23,87.41,-0.046,48.006,-5.027,556.25,-1.723,478.75,0.105,1985.2,-0.551,3.6415,-0.219
01-11-23,84.63,-3.18,47.757,-0.519,561.75,0.989,475.0,-0.783,1978.8,-0.322,3.645,0.096
02-11-23,86.85,2.623,48.564,1.69,565.5,0.668,470.0,-1.053,1985.6,0.344,3.667,0.604
03-11-23,84.89,-2.257,48.057,-1.044,572.5,1.238,477.25,1.543,1991.5,0.297,3.6745,0.205
04-11-23,84.89,0.0,48.057,0.0,572.5,0.0,477.25,0.0,1991.5,0.0,3.6745,0.0
05-11-23,84.89,0.0,48.057,0.0,572.5,0.0,477.25,0.0,1991.5,0.0,3.6745,0.0
06-11-23,85.18,0.342,44.832,-6.711,575.75,0.568,477.25,0.0,1981.6,-0.497,3.7095,0.953
07-11-23,81.61,-4.191,46.057,2.732,570.25,-0.955,468.5,-1.833,1966.8,-0.747,3.67,-1.065
08-11-23,79.54,-2.536,45.777,-0.608,592.25,3.858,476.0,1.601,1951.5,-0.778,3.628,-1.144
09-11-23,80.01,0.591,48.129,5.138,580.75,-1.942,468.0,-1.681,1964.2,0.651,3.635,0.193
10-11-23,81.43,1.775,46.632,-3.11,575.25,-0.947,464.0,-0.855,1932.6,-1.609,3.5835,-1.417
11-11-23,81.43,0.0,46.632,0.0,575.25,0.0,464.0,0.0,1932.6,0.0,3.5835,0.0
12-11-23,81.43,0.0,46.632,0.0,575.25,0.0,464.0,0.0,1932.6,0.0,3.5835,0.0
13-11-23,82.52,1.339,47.873,2.661,579.0,0.652,477.25,2.856,1945.5,0.667,3.6625,2.205
14-11-23,82.47,-0.061,47.608,-0.554,572.0,-1.209,478.25,0.21,1961.8,0.838,3.6825,0.546
15-11-23,81.18,-1.564,47.037,-1.199,560.5,-2.01,470.75,-1.568,1960.1,-0.087,3.7175,0.95
16-11-23,77.42,-4.632,45.849,-2.526,553.5,-1.249,474.75,0.85,1983.9,1.214,3.7045,-0.35
17-11-23,80.61,4.12,45.064,-1.712,550.75,-0.497,467.0,-1.632,1981.6,-0.116,3.7375,0.891
18-11-23,80.61,0.0,45.064,0.0,550.75,0.0,467.0,0.0,1981.6,0.0,3.7375,0.0
19-11-23,80.61,0.0,45.064,0.0,550.75,0.0,467.0,0.0,1981.6,0.0,3.7375,0.0
20-11-23,82.32,2.121,45.821,1.68,543.5,-1.316,469.5,0.535,1977.7,-0.197,3.8125,2.007
21-11-23,82.45,0.158,44.065,-3.832,555.0,2.116,470.0,0.106,1999.3,1.092,3.8145,0.052
22-11-23,81.96,-0.594,44.616,1.25,555.75,0.135,468.75,-0.266,1991.4,-0.395,3.7665,-1.258
23-11-23,81.37,-0.72,46.58,4.402,555.75,0.0,468.75,0.0,1991.4,0.0,3.779,0.332
24-11-23,80.58,-0.971,46.657,0.165,548.75,-1.26,463.25,-1.173,2002.2,0.542,3.7965,0.463
25-11-23,80.58,0.0,46.657,0.0,548.75,0.0,463.25,0.0,2002.2,0.0,3.7965,0.0
26-11-23,80.58,0.0,46.657,0.0,548.75,0.0,463.25,0.0,2002.2,0.0,3.7965,0.0
27-11-23,79.98,-0.745,43.984,-5.729,534.25,-2.642,455.5,-1.673,2011.8,0.479,3.7625,-0.896
28-11-23,81.68,2.126,42.774,-2.751,543.75,1.778,451.5,-0.878,2039.7,1.387,3.801,1.023
29-11-23,83.1,1.738,40.36,-5.644,556.0,2.253,449.75,-0.388,2047.1,0.363,3.786,-0.395
30-11-23,82.83,-0.325,42.091,4.289,570.25,2.563,461.75,2.668,2038.1,-0.44,3.829,1.136
01-12-23,78.88,-4.769,43.496,3.338,577.0,1.184,464.5,0.596,2071.0,1.614,3.909,2.089
02-12-23,78.88,0.0,43.496,0.0,577.0,0.0,464.5,0.0,2071.0,0.0,3.909,0.0
03-12-23,78.88,0.0,43.496,0.0,577.0,0.0,464.5,0.0,2071.0,0.0,3.909,0.0
04-12-23,78.03,-1.078,40.104,-7.798,595.75,3.25,460.25,-0.915,2024.1,-2.265,3.8205,-2.264
05-12-23,77.2,-1.064,38.133,-4.915,620.75,4.196,468.5,1.793,2018.5,-0.277,3.7725,-1.256
06-12-23,74.3,-3.756,39.313,3.094,615.75,-0.805,464.75,-0.8,2030.5,0.595,3.7165,-1.484
07-12-23,74.05,-0.336,39.968,1.666,626.0,1.665,468.25,0.753,2029.9,-0.03,3.7845,1.83
08-12-23,75.84,2.417,38.598,-3.428,615.0,-1.757,465.75,-0.534,1998.3,-1.557,3.82,0.938
09-12-23,75.84,0.0,38.598,0.0,615.0,0.0,465.75,0.0,1998.3,0.0,3.82,0.0
10-12-23,75.84,0.0,38.598,0.0,615.0,0.0,465.75,0.0,1998.3,0.0,3.82,0.0
11-12-23,76.03,0.251,36.118,-6.425,591.25,-3.862,460.5,-1.127,1978.0,-1.016,3.78,-1.047
12-12-23,73.24,-3.67,34.703,-3.918,607.0,2.664,462.5,0.434,1977.8,-0.01,3.786,0.159
13-12-23,74.26,1.393,35.812,3.196,585.25,-3.583,456.75,-1.243,1982.3,0.228,3.786,0.0
14-12-23,76.61,3.165,34.85,-2.686,594.0,1.495,456.75,0.0,2030.2,2.416,3.8885,2.707
15-12-23,76.55,-0.078,33.189,-4.766,629.25,5.934,483.0,5.747,2021.1,-0.448,3.885,-0.09
16-12-23,76.55,0.0,33.189,0.0,629.25,0.0,483.0,0.0,2021.1,0.0,3.885,0.0
17-12-23,76.55,0.0,33.189,0.0,629.25,0.0,483.0,0.0,2021.1,0.0,3.885,0.0
18-12-23,77.95,1.829,35.522,7.029,617.0,-1.947,477.0,-1.242,2026.3,0.257,3.848,-0.952
19-12-23,79.23,1.642,32.568,-8.316,622.75,0.932,472.75,-0.891,2038.4,0.597,3.896,1.247
20-12-23,79.7,0.593,33.521,2.926,610.0,-2.047,469.75,-0.635,2034.5,-0.191,3.9015,0.141
21-12-23,79.39,-0.389,34.203,2.035,612.5,0.41,472.5,0.585,2039.1,0.226,3.9085,0.179
22-12-23,79.07,-0.403,34.174,-0.085,616.25,0.612,473.0,0.106,2057.1001,0.883,3.8955,-0.333
23-12-23,79.07,0.0,34.174,0.0,616.25,0.0,473.0,0.0,2057.1001,0.0,3.8955,0.0
24-12-23,79.07,0.0,34.174,0.0,616.25,0.0,473.0,0.0,2057.1001,0.0,3.8955,0.0
25-12-23,79.07,0.0,34.174,0.0,616.25,0.0,473.0,0.0,2057.1001,0.0,3.8955,0.0
26-12-23,81.07,2.529,34.174,0.0,636.25,3.245,480.25,1.533,2058.2,0.053,3.8955,0.0
27-12-23,79.65,-1.752,35.513,3.918,623.0,-2.083,476.5,-0.781,2081.8999,1.151,3.9435,1.232
28-12-23,78.39,-1.582,33.105,-6.781,631.5,1.364,474.25,-0.472,2073.8999,-0.384,3.913,-0.773
29-12-23,77.04,-1.722,32.35,-2.281,628.0,-0.554,471.25,-0.633,2062.3999,-0.555,3.8805,-0.831
30-12-23,77.04,0.0,32.35,0.0,628.0,0.0,471.25,0.0,2062.3999,0.0,3.8805,0.0
31-12-23,77.04,0.0,32.35,0.0,628.0,0.0,471.25,0.0,2062.3999,0.0,3.8805,0.0
01-01-24,77.04,0.0,32.35,0.0,628.0,0.0,471.25,0.0,2062.3999,0.0,3.8805,0.0
02-01-24,75.89,-1.493,30.572,-5.496,606.75,-3.384,463.75,-1.592,2064.3999,0.097,3.869,-0.296
03-01-24,78.25,3.11,32.795,7.271,600.25,-1.071,465.25,0.323,2034.2,-1.463,3.8475,-0.556
04-01-24,77.59,-0.843,33.41,1.875,613.5,2.207,466.5,0.269,2042.3,0.398,3.831,-0.429
05-01-24,78.76,1.508,34.551,3.415,616.0,0.407,460.75,-1.233,2042.4,0.005,3.7945,-0.953
06-01-24,78.76,0.0,34.551,0.0,616.0,0.0,460.75,0.0,2042.4,0.0,3.7945,0.0
07-01-24,78.76,0.0,34.551,0.0,616.0,0.0,460.75,0.0,2042.4,0.0,3.7945,0.0
08-01-24,76.12,-3.352,31.58,-8.599,596.25,-3.206,455.0,-1.248,2026.6,-0.774,3.7995,0.132
09-01-24,77.59,1.931,30.641,-2.973,610.0,2.306,459.25,0.934,2026.4,-0.01,3.7485,-1.342
10-01-24,76.8,-1.018,30.942,0.982,610.75,0.123,459.5,0.054,2021.7,-0.232,3.781,0.867
11-01-24,77.41,0.794,30.817,-0.404,603.75,-1.146,457.75,-0.381,2014.3,-0.366,3.7765,-0.119
12-01-24,78.29,1.137,31.991,3.81,596.0,-1.284,447.0,-2.348,2046.7,1.608,3.74,-0.967
13-01-24,78.29,0.0,31.991,0.0,596.0,0.0,447.0,0.0,2046.7,0.0,3.74,0.0
14-01-24,78.29,0.0,31.991,0.0,596.0,0.0,447.0,0.0,2046.7,0.0,3.74,0.0
15-01-24,78.29,0.0,31.991,0.0,596.0,0.0,447.0,0.0,2046.7,0.0,3.74,0.0
16-01-24,78.29,0.0,29.656,-7.299,582.0,-2.349,443.5,-0.783,2026.0,-1.011,3.7665,0.709
17-01-24,77.88,-0.524,27.708,-6.569,582.5,0.086,442.25,-0.282,2002.6,-1.155,3.7325,-0.903
18-01-24,79.1,1.567,27.893,0.668,585.5,0.515,444.0,0.396,2018.6,0.799,3.745,0.335
19-01-24,78.56,-0.683,28.429,1.922,593.25,1.324,445.5,0.338,2026.5,0.391,3.787,1.121
20-01-24,78.56,0.0,28.429,0.0,593.25,0.0,445.5,0.0,2026.5,0.0,3.787,0.0
21-01-24,78.56,0.0,28.429,0.0,593.25,0.0,445.5,0.0,2026.5,0.0,3.787,0.0
22-01-24,80.06,1.909,27.264,-4.098,596.5,0.548,445.75,0.056,2019.8,-0.331,3.764,-0.607
23-01-24,79.55,-0.637,27.227,-0.136,596.5,0.0,446.5,0.168,2023.7,0.193,3.7905,0.704
24-01-24,80.04,0.616,28.929,6.251,610.75,2.389,452.25,1.288,2013.9,-0.484,3.8825,2.427
25-01-24,82.43,2.986,27.784,-3.958,612.25,0.246,451.75,-0.111,2016.9,0.149,3.8655,-0.438
26-01-24,83.55,1.359,28.079,1.062,600.25,-1.96,446.25,-1.217,2016.8,-0.005,3.8505,-0.388
27-01-24,83.55,0.0,28.079,0.0,600.25,0.0,446.25,0.0,2016.8,0.0,3.8505,0.0
28-01-24,83.55,0.0,28.079,0.0,600.25,0.0,446.25,0.0,2016.8,0.0,3.8505,0.0
29-01-24,82.4,-1.376,28.174,0.338,593.5,-1.125,440.25,-1.345,2025.2,0.416,3.873,0.584
30-01-24,82.87,0.57,29.391,4.32,605.5,2.022,447.75,1.704,2031.5,0.311,3.9065,0.865
31-01-24,81.71,-1.4,30.235,2.872,595.25,-1.693,448.25,0.112,2048.3999,0.832,3.9025,-0.102
01-02-24,78.7,-3.684,28.991,-4.114,601.5,1.05,447.25,-0.223,2053.0,0.225,3.8525,-1.281
02-02-24,77.33,-1.741,29.304,1.08,599.75,-0.291,442.75,-1.006,2036.1,-0.823,3.8215,-0.805
03-02-24,77.33,0.0,29.304,0.0,599.75,0.0,442.75,0.0,2036.1,0.0,3.8215,0.0
04-02-24,77.33,0.0,29.304,0.0,599.75,0.0,442.75,0.0,2036.1,0.0,3.8215,0.0
05-02-24,77.99,0.853,28.341,-3.286,590.25,-1.584,442.75,0.0,2025.7,-0.511,3.772,-1.295
06-02-24,78.59,0.769,28.607,0.939,595.0,0.805,438.75,-0.903,2034.5,0.434,3.7825,0.278
07-02-24,79.21,0.789,28.186,-1.472,602.0,1.176,434.25,-1.026,2035.2,0.034,3.7375,-1.19
08-02-24,81.63,3.055,27.812,-1.327,588.5,-2.243,433.25,-0.23,2032.2,-0.147,3.7055,-0.856
09-02-24,82.19,0.686,27.117,-2.499,596.75,1.402,429.0,-0.981,2023.3,-0.438,3.686,-0.526
10-02-24,82.19,0.0,27.117,0.0,596.75,0.0,429.0,0.0,2023.3,0.0,3.686,0.0
11-02-24,82.19,0.0,27.117,0.0,596.75,0.0,429.0,0.0,2023.3,0.0,3.686,0.0
12-02-24,82.0,-0.231,25.729,-5.119,597.5,0.126,430.5,0.35,2018.2,-0.252,3.7285,1.153
13-02-24,82.77,0.939,25.436,-1.139,597.5,0.0,430.75,0.058,1992.9,-1.254,3.714,-0.389
14-02-24,81.6,-1.414,24.857,-2.276,585.5,-2.008,424.25,-1.509,1990.3,-0.13,3.7005,-0.363
15-02-24,82.86,1.544,24.966,0.439,567.0,-3.16,417.75,-1.532,2002.1,0.593,3.7565,1.513
16-02-24,83.47,0.736,24.822,-0.577,560.5,-1.146,416.5,-0.299,2011.5,0.47,3.838,2.17
17-02-24,83.47,0.0,24.822,0.0,560.5,0.0,416.5,0.0,2011.5,0.0,3.838,0.0
18-02-24,83.47,0.0,24.822,0.0,560.5,0.0,416.5,0.0,2011.5,0.0,3.838,0.0
19-02-24,83.47,0.0,24.822,0.0,560.5,0.0,416.5,0.0,2011.5,0.0,3.838,0.0
20-02-24,82.34,-1.354,24.168,-2.635,582.75,3.97,418.75,0.54,2027.5,0.795,3.8665,0.743
21-02-24,83.03,0.838,23.977,-0.79,583.25,0.086,411.0,-1.851,2022.3,-0.256,3.8745,0.207
22-02-24,83.67,0.771,23.193,-3.27,583.25,0.0,406.0,-1.217,2019.7,-0.129,3.8975,0.594
23-02-24,81.62,-2.45,22.934,-1.117,573.5,-1.672,399.75,-1.539,2038.6,0.936,3.882,-0.398
24-02-24,81.62,0.0,22.934,0.0,573.5,0.0,399.75,0.0,2038.6,0.0,3.882,0.0
25-02-24,81.62,0.0,22.934,0.0,573.5,0.0,399.75,0.0,2038.6,0.0,3.882,0.0
26-02-24,82.53,1.115,24.009,4.687,577.25,0.654,407.0,1.814,2028.5,-0.495,3.824,-1.494
27-02-24,83.65,1.357,24.392,1.595,586.0,1.516,408.25,0.307,2034.0,0.271,3.831,0.183
28-02-24,83.68,0.036,25.619,5.03,571.0,-2.56,413.25,1.225,2033.0,-0.049,3.8275,-0.091
29-02-24,83.62,-0.072,24.865,-2.943,577.5,1.138,415.75,0.605,2045.7,0.625,3.8345,0.183
01-03-24,83.55,-0.084,25.809,3.797,560.0,-3.03,412.25,-0.842,2086.8999,2.014,3.855,0.535
02-03-24,83.55,0.0,25.809,0.0,560.0,0.0,412.25,0.0,2086.8999,0.0,3.855,0.0
03-03-24,83.55,0.0,25.809,0.0,560.0,0.0,412.25,0.0,2086.8999,0.0,3.855,0.0
04-03-24,82.8,-0.898,26.885,4.169,563.5,0.625,417.5,1.273,2117.7,1.476,3.852,-0.078
05-03-24,82.04,-0.918,27.468,2.168,545.75,-3.15,413.5,-0.958,2133.5,0.746,3.844,-0.208
06-03-24,82.96,1.121,26.572,-3.262,521.25,-4.489,418.0,1.088,2150.3,0.787,3.8705,0.689
07-03-24,82.96,0.0,25.992,-2.183,520.75,-0.096,426.0,1.914,2158.0,0.358,3.9195,1.266
08-03-24,82.08,-1.061,26.392,1.539,526.75,1.152,426.25,0.059,2178.6001,0.955,3.885,-0.88
09-03-24,82.08,0.0,26.392,0.0,526.75,0.0,426.25,0.0,2178.6001,0.0,3.885,0.0
10-03-24,82.08,0.0,26.392,0.0,526.75,0.0,426.25,0.0,2178.6001,0.0,3.885,0.0
11-03-24,82.21,0.158,24.93,-5.54,537.5,2.041,428.25,0.469,2182.5,0.179,3.9225,0.965
12-03-24,81.92,-0.353,24.775,-0.622,535.5,-0.372,429.0,0.175,2160.3999,-1.013,3.925,0.064
13-03-24,84.03,2.576,24.903,0.517,532.25,-0.607,426.5,-0.583,2175.3999,0.694,4.0525,3.248
14-03-24,85.42,1.654,26.049,4.602,519.5,-2.395,422.5,-0.938,2163.0,-0.57,4.037,-0.382
15-03-24,85.34,-0.094,27.026,3.751,528.5,1.732,436.75,3.373,2157.3,-0.264,4.1125,1.87
16-03-24,85.34,0.0,27.026,0.0,528.5,0.0,436.75,0.0,2157.3,0.0,4.1125,0.0
17-03-24,85.34,0.0,27.026,0.0,528.5,0.0,436.75,0.0,2157.3,0.0,4.1125,0.0
18-03-24,86.89,1.816,28.822,6.645,542.75,2.696,436.0,-0.172,2160.7,0.158,4.1145,0.049
19-03-24,87.38,0.564,28.866,0.153,552.5,1.796,439.5,0.803,2156.3,-0.204,4.0585,-1.361
20-03-24,85.95,-1.637,27.742,-3.894,545.0,-1.357,439.0,-0.114,2157.8999,0.074,4.0385,-0.493
21-03-24,85.78,-0.198,26.402,-4.83,546.75,0.321,440.75,0.399,2182.3999,1.135,4.0465,0.198
22-03-24,85.43,-0.408,27.776,5.204,554.75,1.463,439.25,-0.34,2158.1001,-1.113,3.996,-1.248
23-03-24,85.43,0.0,27.776,0.0,554.75,0.0,439.25,0.0,2158.1001,0.0,3.996,0.0
24-03-24,85.43,0.0,27.776,0.0,554.75,0.0,439.25,0.0,2158.1001,0.0,3.996,0.0
25-03-24,86.75,1.545,28.489,2.567,555.0,0.045,437.75,-0.341,2174.8,0.774,4.007,0.275
26-03-24,86.25,-0.576,27.132,-4.763,543.5,-2.072,432.5,-1.199,2175.6001,0.037,3.996,-0.275
27-03-24,86.09,-0.186,27.687,2.046,547.5,0.736,426.75,-1.329,2190.6001,0.689,3.9925,-0.088
28-03-24,87.48,1.615,27.34,-1.253,560.25,2.329,442.0,3.574,2217.3999,1.223,4.0035,0.276
29-03-24,87.48,0.0,27.34,0.0,560.25,0.0,442.0,0.0,2217.3999,0.0,4.0035,0.0
30-03-24,87.48,0.0,27.34,0.0,560.25,0.0,442.0,0.0,2217.3999,0.0,4.0035,0.0
31-03-24,87.48,0.0,27.34,0.0,560.25,0.0,442.0,0.0,2217.3999,0.0,4.0035,0.0
01-04-24,87.42,-0.069,27.34,0.0,557.0,-0.58,435.5,-1.471,2236.5,0.861,4.046,1.062
02-04-24,88.92,1.716,26.203,-4.159,545.25,-2.11,426.5,-2.067,2261.0,1.095,4.07,0.593
03-04-24,89.35,0.484,25.563,-2.442,556.0,1.972,431.75,1.231,2294.3999,1.477,4.193,3.022
04-04-24,90.65,1.455,26.206,2.515,556.25,0.045,435.25,0.811,2288.8,-0.244,4.2465,1.276
05-04-24,91.17,0.574,26.606,1.526,567.25,1.978,434.25,-0.23,2325.7,1.612,4.2395,-0.165
06-04-24,91.17,0.0,26.606,0.0,567.25,0.0,434.25,0.0,2325.7,0.0,4.2395,0.0
07-04-24,91.17,0.0,26.606,0.0,567.25,0.0,434.25,0.0,2325.7,0.0,4.2395,0.0
08-04-24,90.38,-0.867,27.908,4.894,565.75,-0.264,435.5,0.288,2331.7,0.258,4.277,0.885
09-04-24,89.42,-1.062,27.351,-1.996,557.75,-1.414,431.25,-0.976,2343.5,0.506,4.286,0.21
10-04-24,90.48,1.185,27.1,-0.918,558.5,0.134,434.25,0.696,2329.6001,-0.593,4.282,-0.093
11-04-24,89.74,-0.818,29.377,8.402,551.75,-1.209,428.75,-1.267,2354.8,1.082,4.252,-0.701
12-04-24,90.45,0.791,30.732,4.612,556.0,0.77,435.5,1.574,2356.2,0.059,4.2575,0.129
13-04-24,90.45,0.0,30.732,0.0,556.0,0.0,435.5,0.0,2356.2,0.0,4.2575,0.0
14-04-24,90.45,0.0,30.732,0.0,556.0,0.0,435.5,0.0,2356.2,0.0,4.2575,0.0
15-04-24,90.1,-0.387,31.143,1.337,551.75,-0.764,431.5,-0.918,2365.8,0.407,4.379,2.854
16-04-24,90.02,-0.089,33.139,6.409,549.75,-0.362,431.0,-0.116,2390.8,1.057,4.3055,-1.678
17-04-24,87.29,-3.033,31.289,-5.583,537.0,-2.319,430.25,-0.174,2371.7,-0.799,4.3425,0.859
18-04-24,87.11,-0.206,32.309,3.26,536.75,-0.047,426.75,-0.813,2382.3,0.447,4.4405,2.257
19-04-24,87.29,0.207,30.758,-4.801,550.25,2.515,433.5,1.582,2398.3999,0.676,4.502,1.385
20-04-24,87.29,0.0,30.758,0.0,550.25,0.0,433.5,0.0,2398.3999,0.0,4.502,0.0
21-04-24,87.29,0.0,30.758,0.0,550.25,0.0,433.5,0.0,2398.3999,0.0,4.502,0.0
22-04-24,87.0,-0.332,29.31,-4.708,570.25,3.635,439.75,1.442,2332.2,-2.76,4.5005,-0.033
23-04-24,88.42,1.632,28.417,-3.047,585.0,2.587,443.0,0.739,2327.7,-0.193,4.4905,-0.222
24-04-24,88.02,-0.452,29.018,2.115,594.5,1.624,437.75,-1.185,2324.5,-0.137,4.467,-0.523
25-04-24,89.01,1.125,29.771,2.595,602.25,1.304,441.0,0.742,2329.8,0.228,4.5705,2.317
26-04-24,89.5,0.55,28.886,-2.973,603.25,0.166,440.0,-0.227,2334.8,0.215,4.569,-0.033
27-04-24,89.5,0.0,28.886,0.0,603.25,0.0,440.0,0.0,2334.8,0.0,4.569,0.0
28-04-24,89.5,0.0,28.886,0.0,603.25,0.0,440.0,0.0,2334.8,0.0,4.569,0.0
29-04-24,88.4,-1.229,27.994,-3.088,590.25,-2.155,439.25,-0.17,2345.3999,0.454,4.659,1.97
30-04-24,87.86,-0.611,29.118,4.015,585.0,-0.889,439.5,0.057,2291.3999,-2.302,4.5645,-2.028
01-05-24,83.44,-5.031,28.73,-1.333,581.5,-0.598,443.25,0.853,2299.8999,0.371,4.5525,-0.263
02-05-24,83.67,0.276,30.913,7.598,586.5,0.86,452.0,1.974,2299.2,-0.03,4.494,-1.285
03-05-24,82.96,-0.849,30.528,-1.245,606.0,3.325,447.0,-1.106,2299.0,-0.009,4.5735,1.769
04-05-24,82.96,0.0,30.528,0.0,606.0,0.0,447.0,0.0,2299.0,0.0,4.5735,0.0
05-05-24,82.96,0.0,30.528,0.0,606.0,0.0,447.0,0.0,2299.0,0.0,4.5735,0.0
06-05-24,83.33,0.446,31.801,4.17,632.25,4.332,457.0,2.237,2321.6001,0.983,4.6345,1.334
07-05-24,83.16,-0.204,31.067,-2.308,624.75,-1.186,453.75,-0.711,2315.2,-0.276,4.6255,-0.194
08-05-24,83.58,0.505,30.609,-1.474,616.0,-1.401,445.5,-1.818,2313.6001,-0.069,4.562,-1.373
09-05-24,83.88,0.359,30.865,0.836,619.75,0.609,442.75,-0.617,2332.1001,0.8,4.6075,0.997
10-05-24,82.79,-1.299,30.029,-2.709,645.75,4.195,455.75,2.936,2367.3,1.509,4.6935,1.867
11-05-24,82.79,0.0,30.029,0.0,645.75,0.0,455.75,0.0,2367.3,0.0,4.6935,0.0
12-05-24,82.79,0.0,30.029,0.0,645.75,0.0,455.75,0.0,2367.3,0.0,4.6935,0.0
13-05-24,83.36,0.688,29.578,-1.502,670.25,3.794,458.5,0.603,2336.1001,-1.318,4.8045,2.365
14-05-24,82.38,-1.176,29.669,0.308,657.0,-1.977,453.75,-1.036,2353.3999,0.741,4.9535,3.101
15-05-24,82.75,0.449,29.734,0.219,665.75,1.332,462.5,1.928,2388.7,1.5,4.9695,0.323
16-05-24,83.27,0.628,30.248,1.729,663.25,-0.376,457.0,-1.189,2380.0,-0.364,4.892,-1.56
17-05-24,83.98,0.853,30.769,1.722,651.25,-1.809,452.5,-0.985,2412.2,1.353,5.057,3.373
18-05-24,83.98,0.0,30.769,0.0,651.25,0.0,452.5,0.0,2412.2,0.0,5.057,0.0
19-05-24,83.98,0.0,30.769,0.0,651.25,0.0,452.5,0.0,2412.2,0.0,5.057,0.0
20-05-24,83.71,-0.322,31.768,3.247,688.75,5.758,460.5,1.768,2433.8999,0.9,5.0875,0.603
21-05-24,82.88,-0.992,33.004,3.891,697.5,1.27,458.0,-0.543,2421.7,-0.501,5.119,0.619
22-05-24,81.9,-1.182,34.389,4.196,693.0,-0.645,461.25,0.71,2389.2,-1.342,4.8675,-4.913
23-05-24,81.36,-0.659,35.228,2.44,698.0,0.722,464.0,0.596,2335.0,-2.269,4.8165,-1.048
24-05-24,82.12,0.934,34.115,-3.159,697.25,-0.107,464.75,0.162,2332.5,-0.107,4.7785,-0.789
25-05-24,82.12,0.0,34.115,0.0,697.25,0.0,464.75,0.0,2332.5,0.0,4.7785,0.0
26-05-24,82.12,0.0,34.115,0.0,697.25,0.0,464.75,0.0,2332.5,0.0,4.7785,0.0
27-05-24,82.12,0.0,34.115,0.0,697.25,0.0,464.75,0.0,2332.5,0.0,4.7785,0.0
28-05-24,84.22,2.557,33.534,-1.703,700.25,0.43,462.5,-0.484,2355.2,0.973,4.8755,2.03
29-05-24,83.6,-0.736,33.879,1.029,692.75,-1.071,455.25,-1.568,2340.3,-0.633,4.8055,-1.436
30-05-24,81.86,-2.081,35.192,3.876,681.0,-1.696,448.75,-1.428,2342.8999,0.111,4.672,-2.778
31-05-24,81.62,-0.293,34.223,-2.753,678.5,-0.367,446.25,-0.557,2322.8999,-0.854,4.61,-1.327
01-06-24,81.62,0.0,34.223,0.0,678.5,0.0,446.25,0.0,2322.8999,0.0,4.61,0.0
02-06-24,81.62,0.0,34.223,0.0,678.5,0.0,446.25,0.0,2322.8999,0.0,4.61,0.0
03-06-24,78.36,-3.994,36.014,5.233,672.75,-0.847,443.5,-0.616,2346.6001,1.02,4.677,1.453
04-06-24,77.52,-1.072,33.797,-6.156,658.25,-2.155,442.5,-0.225,2325.5,-0.899,4.548,-2.758
05-06-24,78.41,1.148,33.355,-1.308,646.75,-1.747,439.25,-0.734,2354.1001,1.23,4.6195,1.572
06-06-24,79.87,1.862,33.686,0.992,639.5,-1.121,452.0,2.903,2370.3,0.688,4.691,1.548
07-06-24,79.62,-0.313,33.109,-1.713,627.5,-1.876,448.75,-0.719,2305.2,-2.746,4.4945,-4.189
08-06-24,79.62,0.0,33.109,0.0,627.5,0.0,448.75,0.0,2305.2,0.0,4.4945,0.0
09-06-24,79.62,0.0,33.109,0.0,627.5,0.0,448.75,0.0,2305.2,0.0,4.4945,0.0
10-06-24,81.63,2.524,34.258,3.47,607.5,-3.187,451.75,0.669,2307.7,0.108,4.5565,1.379
11-06-24,81.92,0.355,34.285,0.079,626.5,3.128,449.5,-0.498,2307.5,-0.009,4.523,-0.735
12-06-24,82.6,0.83,35.294,2.943,617.0,-1.516,454.25,1.057,2336.0,1.235,4.5815,1.293
13-06-24,82.75,0.182,35.724,1.218,620.0,0.486,458.5,0.936,2300.2,-1.533,4.5075,-1.615
14-06-24,82.62,-0.157,35.36,-1.019,612.75,-1.169,450.0,-1.854,2331.3999,1.356,4.551,0.965
15-06-24,82.62,0.0,35.36,0.0,612.75,0.0,450.0,0.0,2331.3999,0.0,4.551,0.0
16-06-24,82.62,0.0,35.36,0.0,612.75,0.0,450.0,0.0,2331.3999,0.0,4.551,0.0
17-06-24,84.25,1.973,34.21,-3.252,591.5,-3.468,443.75,-1.389,2312.3999,-0.815,4.5215,-0.648
18-06-24,85.33,1.282,34.7,1.432,582.0,-1.606,450.0,1.408,2330.3999,0.778,4.562,0.896
19-06-24,85.33,0.0,34.7,0.0,582.0,0.0,450.0,0.0,2330.3999,0.0,4.562,0.0
20-06-24,85.71,0.445,34.464,-0.68,572.75,-1.589,439.75,-2.278,2353.8,1.004,4.618,1.228
21-06-24,85.24,-0.548,33.936,-1.532,561.5,-1.964,435.0,-1.08,2316.3999,-1.589,4.494,-2.685
22-06-24,85.24,0.0,33.936,0.0,561.5,0.0,435.0,0.0,2316.3999,0.0,4.494,0.0
23-06-24,85.24,0.0,33.936,0.0,561.5,0.0,435.0,0.0,2316.3999,0.0,4.494,0.0
24-06-24,86.01,0.903,34.08,0.424,552.5,-1.603,433.5,-0.345,2330.0,0.587,4.527,0.734
25-06-24,85.01,-1.163,34.853,2.268,541.75,-1.946,425.5,-1.845,2316.6001,-0.575,4.381,-3.225
26-06-24,85.25,0.282,33.824,-2.952,541.25,-0.092,420.0,-1.293,2299.2,-0.751,4.3675,-0.308
27-06-24,86.39,1.337,34.565,2.191,559.75,3.418,413.75,-1.488,2324.5,1.1,4.3285,-0.893
28-06-24,86.41,0.023,34.48,-0.246,553.5,-1.117,397.25,-3.988,2327.7,0.138,4.3905,1.432
29-06-24,86.41,0.0,34.48,0.0,553.5,0.0,397.25,0.0,2327.7,0.0,4.3905,0.0
30-06-24,86.41,0.0,34.48,0.0,553.5,0.0,397.25,0.0,2327.7,0.0,4.3905,0.0
01-07-24,86.6,0.22,33.485,-2.886,569.25,2.846,398.25,0.252,2327.6001,-0.004,4.4265,0.82
02-07-24,86.24,-0.416,33.685,0.597,561.5,-1.361,402.0,0.942,2323.0,-0.198,4.4295,0.068
03-07-24,87.34,1.276,32.691,-2.951,554.5,-1.247,403.5,0.373,2359.8,1.584,4.541,2.517
04-07-24,87.34,0.0,32.691,0.0,554.5,0.0,403.5,0.0,2359.8,0.0,4.541,0.0
05-07-24,86.54,-0.916,33.067,1.15,572.25,3.201,411.25,1.921,2388.5,1.216,4.6585,2.588
06-07-24,86.54,0.0,33.067,0.0,572.25,0.0,411.25,0.0,2388.5,0.0,4.6585,0.0
07-07-24,86.54,0.0,33.067,0.0,572.25,0.0,411.25,0.0,2388.5,0.0,4.6585,0.0
08-07-24,85.75,-0.913,32.286,-2.362,553.0,-3.364,395.75,-3.769,2355.2,-1.394,4.622,-0.784
09-07-24,84.66,-1.271,31.335,-2.946,554.25,0.226,400.25,1.137,2360.1001,0.208,4.578,-0.952
10-07-24,85.08,0.496,30.784,-1.758,543.5,-1.94,403.25,0.75,2372.2,0.513,4.6075,0.644
11-07-24,85.4,0.376,31.112,1.065,554.25,1.978,406.75,0.868,2415.0,1.804,4.5085,-2.149
12-07-24,85.03,-0.433,31.719,1.951,538.0,-2.932,400.0,-1.659,2414.0,-0.041,4.5985,1.996
13-07-24,85.03,0.0,31.719,0.0,538.0,0.0,400.0,0.0,2414.0,0.0,4.5985,0.0
14-07-24,85.03,0.0,31.719,0.0,538.0,0.0,400.0,0.0,2414.0,0.0,4.5985,0.0
15-07-24,84.85,-0.212,31.371,-1.097,532.5,-1.022,390.5,-2.375,2422.8999,0.369,4.529,-1.511
16-07-24,83.73,-1.32,32.797,4.546,530.75,-0.329,395.75,1.344,2462.3999,1.63,4.444,-1.877
17-07-24,85.08,1.612,31.893,-2.756,539.25,1.602,398.0,0.569,2454.8,-0.309,4.399,-1.013
18-07-24,85.11,0.035,32.674,2.449,535.25,-0.742,391.25,-1.696,2451.8,-0.122,4.266,-3.023
19-07-24,82.63,-2.914,32.17,-1.543,542.75,1.401,390.5,-0.192,2395.5,-2.296,4.219,-1.102
20-07-24,82.63,0.0,32.17,0.0,542.75,0.0,390.5,0.0,2395.5,0.0,4.219,0.0
21-07-24,82.63,0.0,32.17,0.0,542.75,0.0,390.5,0.0,2395.5,0.0,4.219,0.0
22-07-24,82.4,-0.278,31.839,-1.029,548.0,0.967,400.25,2.497,2392.0,-0.146,4.1805,-0.913
23-07-24,81.01,-1.687,31.622,-0.682,542.75,-0.958,402.5,0.562,2404.6001,0.527,4.146,-0.825
24-07-24,81.71,0.864,32.621,3.159,547.0,0.783,403.75,0.311,2413.3,0.362,4.099,-1.134
25-07-24,82.37,0.808,31.779,-2.581,537.75,-1.691,406.0,0.557,2351.8999,-2.544,4.1125,0.329
26-07-24,81.13,-1.505,32.475,2.19,523.5,-2.65,394.5,-2.833,2380.0,1.195,4.1045,-0.195
27-07-24,81.13,0.0,32.475,0.0,523.5,0.0,394.5,0.0,2380.0,0.0,4.1045,0.0
28-07-24,81.13,0.0,32.475,0.0,523.5,0.0,394.5,0.0,2380.0,0.0,4.1045,0.0
29-07-24,79.78,-1.664,33.873,4.305,531.0,1.433,396.25,0.444,2377.3,-0.113,4.062,-1.035
30-07-24,78.63,-1.441,34.361,1.441,524.0,-1.318,388.75,-1.893,2405.0,1.165,4.063,0.025
31-07-24,80.72,2.658,35.868,4.386,527.25,0.62,382.75,-1.543,2426.5,0.894,4.16,2.387
01-08-24,79.52,-1.487,36.969,3.07,532.0,0.901,382.0,-0.196,2435.0,0.35,4.0665,-2.248
02-08-24,76.81,-3.408,36.649,-0.866,539.0,1.316,386.5,1.178,2425.7,-0.382,4.084,0.43
03-08-24,76.81,0.0,36.649,0.0,539.0,0.0,386.5,0.0,2425.7,0.0,4.084,0.0
04-08-24,76.81,0.0,36.649,0.0,539.0,0.0,386.5,0.0,2425.7,0.0,4.084,0.0
05-08-24,76.3,-0.664,35.498,-3.141,539.5,0.093,390.75,1.1,2401.7,-0.989,3.984,-2.449
06-08-24,76.48,0.236,36.676,3.318,543.25,0.695,388.75,-0.512,2389.1001,-0.525,4.0115,0.69
07-08-24,78.33,2.419,38.451,4.84,538.25,-0.92,383.25,-1.415,2390.5,0.059,3.9375,-1.845
08-08-24,79.16,1.06,40.095,4.276,537.5,-0.139,379.25,-1.044,2422.2,1.326,3.945,0.19
09-08-24,79.66,0.632,40.396,0.751,542.5,0.93,376.75,-0.659,2432.1001,0.409,3.98,0.887
10-08-24,79.66,0.0,40.396,0.0,542.5,0.0,376.75,0.0,2432.1001,0.0,3.98,0.0
11-08-24,79.66,0.0,40.396,0.0,542.5,0.0,376.75,0.0,2432.1001,0.0,3.98,0.0
12-08-24,82.3,3.314,39.658,-1.827,536.75,-1.06,383.25,1.725,2462.3999,1.246,4.055,1.884
13-08-24,80.69,-1.956,39.48,-0.449,528.75,-1.49,377.75,-1.435,2466.7,0.175,4.036,-0.469
14-08-24,79.76,-1.153,38.967,-1.299,534.75,1.135,381.0,0.86,2439.3999,-1.107,4.025,-0.273
15-08-24,81.04,1.605,39.601,1.627,528.25,-1.216,375.0,-1.575,2453.1001,0.562,4.139,2.832
16-08-24,79.68,-1.678,39.644,0.109,530.0,0.331,370.5,-1.2,2498.6001,1.855,4.1275,-0.278
17-08-24,79.68,0.0,39.644,0.0,530.0,0.0,370.5,0.0,2498.6001,0.0,4.1275,0.0
18-08-24,79.68,0.0,39.644,0.0,530.0,0.0,370.5,0.0,2498.6001,0.0,4.1275,0.0
19-08-24,77.66,-2.535,39.845,0.507,528.25,-0.33,378.0,2.024,2501.8,0.128,4.1665,0.945
20-08-24,77.2,-0.592,37.957,-4.738,533.0,0.899,375.0,-0.794,2511.3,0.38,4.1495,-0.408
21-08-24,76.05,-1.49,37.01,-2.495,519.75,-2.486,375.5,0.133,2508.3999,-0.115,4.1815,0.771
22-08-24,77.22,1.538,36.587,-1.143,511.0,-1.684,371.5,-1.065,2478.8999,-1.176,4.141,-0.969
23-08-24,79.02,2.331,36.863,0.754,502.25,-1.712,367.75,-1.009,2508.3999,1.19,4.1945,1.292
24-08-24,79.02,0.0,36.863,0.0,502.25,0.0,367.75,0.0,2508.3999,0.0,4.1945,0.0
25-08-24,79.02,0.0,36.863,0.0,502.25,0.0,367.75,0.0,2508.3999,0.0,4.1945,0.0
26-08-24,81.43,3.05,37.656,2.151,498.0,-0.846,362.0,-1.564,2517.7,0.371,4.2115,0.405
27-08-24,79.55,-2.309,38.689,2.743,508.25,2.058,367.25,1.45,2516.0,-0.068,4.2305,0.451
28-08-24,78.65,-1.131,38.52,-0.437,514.25,1.181,365.25,-0.545,2501.0,-0.596,4.145,-2.021
29-08-24,79.94,1.64,38.601,0.21,525.0,2.09,371.75,1.78,2525.7,0.988,4.1475,0.06
30-08-24,78.8,-1.426,39.823,3.166,532.75,1.476,378.0,1.681,2493.8,-1.263,4.145,-0.06
31-08-24,78.8,0.0,39.823,0.0,532.75,0.0,378.0,0.0,2493.8,0.0,4.145,0.0
01-09-24,78.8,0.0,39.823,0.0,532.75,0.0,378.0,0.0,2493.8,0.0,4.145,0.0
02-09-24,78.8,0.0,39.823,0.0,532.75,0.0,378.0,0.0,2493.8,0.0,4.145,0.0
03-09-24,73.75,-6.409,37.193,-6.604,552.0,3.613,386.5,2.249,2489.8999,-0.156,4.032,-2.726
04-09-24,72.7,-1.424,35.798,-3.751,565.25,2.4,390.5,1.035,2493.3999,0.141,4.0195,-0.31
05-09-24,72.69,-0.014,36.195,1.109,561.0,-0.752,390.0,-0.128,2511.3999,0.722,4.0775,1.443
06-09-24,71.06,-2.242,36.479,0.785,553.25,-1.381,383.75,-1.603,2493.5,-0.713,4.0145,-1.545
07-09-24,71.06,0.0,36.479,0.0,553.25,0.0,383.75,0.0,2493.5,0.0,4.0145,0.0
08-09-24,71.06,0.0,36.479,0.0,553.25,0.0,383.75,0.0,2493.5,0.0,4.0145,0.0
09-09-24,71.84,1.098,37.333,2.341,555.5,0.407,384.25,0.13,2501.8,0.333,4.0845,1.744
10-09-24,69.19,-3.689,35.282,-5.494,558.75,0.585,379.5,-1.236,2512.3,0.42,4.0405,-1.077
11-09-24,70.61,2.052,36.142,2.437,563.75,0.895,380.5,0.264,2512.1001,-0.008,4.083,1.052
12-09-24,71.97,1.926,35.191,-2.631,563.0,-0.133,386.25,1.511,2551.2,1.556,4.133,1.225
13-09-24,71.61,-0.5,35.648,1.299,571.25,1.465,390.75,1.165,2581.3,1.18,4.175,1.016
14-09-24,71.61,0.0,35.648,0.0,571.25,0.0,390.75,0.0,2581.3,0.0,4.175,0.0
15-09-24,71.61,0.0,35.648,0.0,571.25,0.0,390.75,0.0,2581.3,0.0,4.175,0.0
16-09-24,72.75,1.592,34.081,-4.396,578.5,1.269,410.75,5.118,2580.3999,-0.035,4.213,0.91
17-09-24,73.7,1.306,35.547,4.302,575.75,-0.475,412.5,0.426,2564.3,-0.624,4.2135,0.012
18-09-24,73.65,-0.068,35.245,-0.85,575.75,0.0,412.75,0.061,2570.7,0.25,4.238,0.581
19-09-24,74.88,1.67,33.083,-6.134,565.5,-1.78,405.75,-1.696,2588.0,0.673,4.286,1.133
20-09-24,74.49,-0.521,34.444,4.114,568.5,0.531,401.75,-0.986,2619.8999,1.233,4.2815,-0.105
21-09-24,74.49,0.0,34.444,0.0,568.5,0.0,401.75,0.0,2619.8999,0.0,4.2815,0.0
22-09-24,74.49,0.0,34.444,0.0,568.5,0.0,401.75,0.0,2619.8999,0.0,4.2815,0.0
23-09-24,73.9,-0.792,36.211,5.13,582.5,2.463,413.5,2.925,2626.5,0.252,4.289,0.175
24-09-24,75.17,1.719,35.413,-2.204,578.0,-0.773,411.75,-0.423,2651.2,0.94,4.4295,3.276
25-09-24,73.46,-2.275,37.319,5.382,589.25,1.946,415.25,0.85,2659.2,0.302,4.428,-0.034
26-09-24,71.6,-2.532,37.89,1.53,584.25,-0.849,413.25,-0.482,2669.8999,0.402,4.581,3.455
27-09-24,71.98,0.531,38.114,0.591,580.0,-0.727,418.0,1.149,2644.3,-0.959,4.541,-0.873
28-09-24,71.98,0.0,38.114,0.0,580.0,0.0,418.0,0.0,2644.3,0.0,4.541,0.0
29-09-24,71.98,0.0,38.114,0.0,580.0,0.0,418.0,0.0,2644.3,0.0,4.541,0.0
30-09-24,71.77,-0.292,39.044,2.44,584.0,0.69,424.75,1.615,2636.1001,-0.31,4.496,-0.991
01-10-24,73.56,2.494,39.273,0.587,599.0,2.568,429.0,1.001,2667.3,1.184,4.5355,0.879
02-10-24,73.9,0.462,38.617,-1.67,615.25,2.713,432.5,0.816,2647.1001,-0.757,4.596,1.334
03-10-24,77.62,5.034,39.912,3.353,603.5,-1.91,428.25,-0.983,2657.1001,0.378,4.502,-2.045
04-10-24,78.05,0.554,40.98,2.676,589.75,-2.278,424.75,-0.817,2645.8,-0.425,4.5225,0.455
05-10-24,78.05,0.0,40.98,0.0,589.75,0.0,424.75,0.0,2645.8,0.0,4.5225,0.0
06-10-24,78.05,0.0,40.98,0.0,589.75,0.0,424.75,0.0,2645.8,0.0,4.5225,0.0
07-10-24,80.93,3.69,40.244,-1.796,592.5,0.466,426.0,0.294,2644.8,-0.038,4.519,-0.077
08-10-24,77.18,-4.634,38.919,-3.292,594.75,0.38,420.75,-1.232,2615.0,-1.127,4.412,-2.368
09-10-24,76.58,-0.777,38.341,-1.485,599.0,0.715,421.0,0.059,2606.0,-0.344,4.355,-1.292
10-10-24,79.4,3.682,40.293,5.091,603.75,0.793,418.5,-0.594,2620.6001,0.56,4.385,0.689
11-10-24,79.04,-0.453,39.879,-1.027,599.0,-0.787,415.75,-0.657,2657.6001,1.412,4.4515,1.517
12-10-24,79.04,0.0,39.879,0.0,599.0,0.0,415.75,0.0,2657.6001,0.0,4.4515,0.0
13-10-24,79.04,0.0,39.879,0.0,599.0,0.0,415.75,0.0,2657.6001,0.0,4.4515,0.0
14-10-24,77.46,-1.999,40.559,1.705,585.25,-2.295,408.25,-1.804,2647.8,-0.369,4.3635,-1.977
15-10-24,74.25,-4.144,39.973,-1.445,579.5,-0.982,401.25,-1.715,2661.3999,0.514,4.3005,-1.444
16-10-24,74.22,-0.04,39.241,-1.831,585.0,0.949,404.75,0.872,2674.0,0.473,4.3315,0.721
17-10-24,74.45,0.31,39.65,1.042,589.5,0.769,406.75,0.494,2691.0,0.636,4.2865,-1.039
18-10-24,73.06,-1.867,39.204,-1.125,572.75,-2.841,404.75,-0.492,2713.7,0.844,4.346,1.388
19-10-24,73.06,0.0,39.204,0.0,572.75,0.0,404.75,0.0,2713.7,0.0,4.346,0.0
20-10-24,73.06,0.0,39.204,0.0,572.75,0.0,404.75,0.0,2713.7,0.0,4.346,0.0
21-10-24,74.29,1.684,40.024,2.092,572.25,-0.087,409.5,1.174,2723.1001,0.346,4.323,-0.529
22-10-24,76.04,2.356,40.704,1.699,576.0,0.655,416.5,1.709,2744.2,0.775,4.348,0.578
23-10-24,74.96,-1.42,41.38,1.661,578.5,0.434,419.0,0.6,2714.3999,-1.086,4.3045,-1.0
24-10-24,74.38,-0.774,42.154,1.87,581.5,0.519,421.5,0.597,2734.8999,0.755,4.3195,0.348
25-10-24,76.05,2.245,43.513,3.224,569.0,-2.15,415.25,-1.483,2740.8999,0.219,4.3395,0.463
26-10-24,76.05,0.0,43.513,0.0,569.0,0.0,415.25,0.0,2740.8999,0.0,4.3395,0.0
27-10-24,76.05,0.0,43.513,0.0,569.0,0.0,415.25,0.0,2740.8999,0.0,4.3395,0.0
28-10-24,71.42,-6.088,42.519,-2.284,558.75,-1.801,410.75,-1.084,2742.8999,0.073,4.332,-0.173
29-10-24,71.12,-0.42,42.869,0.823,570.5,2.103,413.75,0.73,2768.3999,0.93,4.3325,0.012
30-10-24,72.55,2.011,40.903,-4.586,573.25,0.482,411.5,-0.544,2788.5,0.726,4.3275,-0.115
31-10-24,73.16,0.841,40.588,-0.77,570.5,-0.48,410.75,-0.182,2738.3,-1.8,4.3135,-0.324
01-11-24,73.1,-0.082,39.175,-3.481,568.0,-0.438,414.5,0.913,2738.6001,0.011,4.3475,0.788
02-11-24,73.1,0.0,39.175,0.0,568.0,0.0,414.5,0.0,2738.6001,0.0,4.3475,0.0
03-11-24,73.1,0.0,39.175,0.0,568.0,0.0,414.5,0.0,2738.6001,0.0,4.3475,0.0
04-11-24,75.08,2.709,40.301,2.874,568.75,0.132,416.5,0.483,2736.1001,-0.091,4.407,1.369
05-11-24,75.53,0.599,40.492,0.474,572.5,0.659,418.5,0.48,2740.3,0.154,4.4505,0.987
06-11-24,74.92,-0.808,40.388,-0.257,573.25,0.131,426.25,1.852,2667.6001,-2.653,4.2225,-5.123
07-11-24,75.63,0.948,41.276,2.199,571.5,-0.305,427.5,0.293,2698.3999,1.155,4.41,4.44
08-11-24,73.87,-2.327,42.409,2.745,572.5,0.175,431.0,0.819,2687.5,-0.404,4.2865,-2.8
09-11-24,73.87,0.0,42.409,0.0,572.5,0.0,431.0,0.0,2687.5,0.0,4.2865,0.0
10-11-24,73.87,0.0,42.409,0.0,572.5,0.0,431.0,0.0,2687.5,0.0,4.2865,0.0
11-11-24,71.83,-2.762,43.728,3.11,565.5,-1.223,430.0,-0.232,2611.2,-2.839,4.211,-1.761
12-11-24,71.89,0.084,44.255,1.205,552.25,-2.343,428.5,-0.349,2600.0,-0.429,4.1195,-2.173
13-11-24,72.28,0.542,43.666,-1.331,541.0,-2.037,426.5,-0.467,2580.8,-0.738,4.066,-1.299
14-11-24,72.56,0.387,46.224,5.858,530.25,-1.987,419.0,-1.758,2568.2,-0.488,4.073,0.172
15-11-24,71.04,-2.095,46.551,0.707,536.5,1.179,424.0,1.193,2565.7,-0.097,4.051,-0.54
16-11-24,71.04,0.0,46.551,0.0,536.5,0.0,424.0,0.0,2565.7,0.0,4.051,0.0
17-11-24,71.04,0.0,46.551,0.0,536.5,0.0,424.0,0.0,2565.7,0.0,4.051,0.0
18-11-24,73.3,3.181,46.9,0.75,547.25,2.004,429.25,1.238,2610.6001,1.75,4.108,1.407
19-11-24,73.31,0.014,45.668,-2.627,549.75,0.457,427.25,-0.466,2627.1001,0.632,4.13,0.536
20-11-24,72.81,-0.682,46.796,2.47,552.5,0.5,430.25,0.702,2648.2,0.803,4.1435,0.327
21-11-24,74.23,1.95,48.303,3.22,548.75,-0.679,426.75,-0.813,2672.1001,0.903,4.113,-0.736
22-11-24,75.17,1.266,47.018,-2.66,544.25,-0.82,425.5,-0.293,2709.8999,1.415,4.074,-0.948
23-11-24,75.17,0.0,47.018,0.0,544.25,0.0,425.5,0.0,2709.8999,0.0,4.074,0.0
24-11-24,75.17,0.0,47.018,0.0,544.25,0.0,425.5,0.0,2709.8999,0.0,4.074,0.0
25-11-24,73.01,-2.873,47.733,1.521,535.75,-1.562,424.75,-0.176,2616.8,-3.436,4.0915,0.43
26-11-24,72.81,-0.274,47.216,-1.083,539.5,0.7,420.0,-1.118,2620.3,0.134,4.039,-1.283
27-11-24,72.83,0.027,46.762,-0.962,537.75,-0.324,415.75,-1.012,2639.8999,0.748,4.067,0.693
28-11-24,72.83,0.0,46.762,0.0,537.75,0.0,415.75,0.0,2639.8999,0.0,4.067,0.0
29-11-24,72.94,0.151,47.811,2.243,532.25,-1.023,423.0,1.744,2657.0,0.648,4.0805,0.332
30-11-24,72.94,0.0,47.811,0.0,532.25,0.0,423.0,0.0,2657.0,0.0,4.0805,0.0
01-12-24,72.94,0.0,47.811,0.0,532.25,0.0,423.0,0.0,2657.0,0.0,4.0805,0.0
02-12-24,71.83,-1.522,48.655,1.765,537.5,0.986,424.5,0.355,2634.8999,-0.832,4.0755,-0.123
03-12-24,73.62,2.492,48.557,-0.201,536.75,-0.14,423.25,-0.294,2644.7,0.372,4.146,1.73
04-12-24,72.31,-1.779,47.046,-3.112,538.0,0.233,422.0,-0.295,2653.8,0.344,4.142,-0.096
05-12-24,72.09,-0.304,46.551,-1.052,546.75,1.626,426.5,1.066,2626.6001,-1.025,4.135,-0.169
06-12-24,71.12,-1.346,46.48,-0.153,542.5,-0.777,430.75,0.996,2638.6001,0.457,4.1385,0.085
07-12-24,71.12,0.0,46.48,0.0,542.5,0.0,430.75,0.0,2638.6001,0.0,4.1385,0.0
08-12-24,71.12,0.0,46.48,0.0,542.5,0.0,430.75,0.0,2638.6001,0.0,4.1385,0.0
09-12-24,72.14,1.434,44.855,-3.496,541.25,-0.23,434.0,0.754,2664.8999,0.997,4.2235,2.054
10-12-24,72.19,0.069,45.552,1.554,542.0,0.139,440.5,1.498,2697.6001,1.227,4.2235,0.0
11-12-24,73.52,1.842,44.694,-1.884,543.5,0.277,438.0,-0.568,2733.8,1.342,4.214,-0.225
12-12-24,73.41,-0.15,42.804,-4.229,538.75,-0.874,431.75,-1.427,2687.5,-1.694,4.195,-0.451
13-12-24,74.49,1.471,41.215,-3.712,526.5,-2.274,430.0,-0.405,2656.0,-1.172,4.149,-1.097
14-12-24,74.49,0.0,41.215,0.0,526.5,0.0,430.0,0.0,2656.0,0.0,4.149,0.0
15-12-24,74.49,0.0,41.215,0.0,526.5,0.0,430.0,0.0,2656.0,0.0,4.149,0.0
16-12-24,73.91,-0.779,40.277,-2.276,550.0,4.463,445.0,3.488,2651.3999,-0.173,4.1435,-0.133
17-12-24,73.19,-0.974,42.065,4.439,545.0,-0.909,443.5,-0.337,2644.3999,-0.264,4.0915,-1.255
18-12-24,73.39,0.273,41.007,-2.515,541.25,-0.688,437.25,-1.409,2636.5,-0.299,4.1,0.208
19-12-24,72.88,-0.695,43.078,5.05,533.0,-1.524,440.75,0.8,2592.2,-1.68,4.0205,-1.939
20-12-24,72.94,0.082,44.13,2.442,533.0,0.0,446.25,1.248,2628.7,1.408,4.041,0.51
21-12-24,72.94,0.0,44.13,0.0,533.0,0.0,446.25,0.0,2628.7,0.0,4.041,0.0
22-12-24,72.94,0.0,44.13,0.0,533.0,0.0,446.25,0.0,2628.7,0.0,4.041,0.0
23-12-24,72.63,-0.425,45.545,3.206,540.5,1.407,447.75,0.336,2612.3,-0.624,4.023,-0.445
24-12-24,73.58,1.308,45.731,0.408,534.75,-1.064,448.5,0.168,2620.0,0.295,4.0495,0.659
25-12-24,73.58,0.0,45.731,0.0,534.75,0.0,448.5,0.0,2620.0,0.0,4.0495,0.0
26-12-24,73.26,-0.435,45.731,0.0,541.0,1.169,453.75,1.171,2638.8,0.718,4.072,0.556
27-12-24,74.17,1.242,47.731,4.373,546.5,1.017,454.0,0.055,2617.2,-0.819,4.0625,-0.233
28-12-24,74.17,0.0,47.731,0.0,546.5,0.0,454.0,0.0,2617.2,0.0,4.0625,0.0
29-12-24,74.17,0.0,47.731,0.0,546.5,0.0,454.0,0.0,2617.2,0.0,4.0625,0.0
30-12-24,74.39,0.297,47.633,-0.205,548.25,0.32,452.25,-0.385,2606.1001,-0.424,4.0455,-0.418
31-12-24,74.64,0.336,48.889,2.637,551.5,0.593,458.5,1.382,2629.2,0.886,3.986,-1.471
01-01-25,74.64,0.0,48.889,0.0,551.5,0.0,458.5,0.0,2629.2,0.0,3.986,0.0
02-01-25,75.93,1.728,50.273,2.831,545.75,-1.043,459.5,0.218,2658.8999,1.13,3.9885,0.063
03-01-25,76.51,0.764,49.622,-1.295,529.25,-3.023,450.75,-1.904,2645.0,-0.523,4.0395,1.279
04-01-25,76.51,0.0,49.622,0.0,529.25,0.0,450.75,0.0,2645.0,0.0,4.0395,0.0
05-01-25,76.51,0.0,49.622,0.0,529.25,0.0,450.75,0.0,2645.0,0.0,4.0395,0.0
06-01-25,76.3,-0.274,47.326,-4.627,540.5,2.126,457.75,1.553,2638.3999,-0.25,4.127,2.166
07-01-25,77.05,0.983,47.474,0.313,542.5,0.37,458.0,0.055,2656.7,0.694,4.1605,0.812
08-01-25,76.16,-1.155,45.559,-4.034,536.25,-1.152,454.0,-0.873,2664.5,0.294,4.2275,1.61
09-01-25,76.92,0.998,44.987,-1.256,534.0,-0.42,456.0,0.441,2683.8,0.724,4.2795,1.23
10-01-25,79.76,3.692,45.008,0.047,530.75,-0.609,470.5,3.18,2708.5,0.92,4.2745,-0.117
11-01-25,79.76,0.0,45.008,0.0,530.75,0.0,470.5,0.0,2708.5,0.0,4.2745,0.0
12-01-25,79.76,0.0,45.008,0.0,530.75,0.0,470.5,0.0,2708.5,0.0,4.2745,0.0
13-01-25,81.01,1.567,48.261,7.228,545.0,2.685,476.5,1.275,2673.5,-1.292,4.2955,0.491
14-01-25,79.92,-1.346,46.947,-2.723,546.25,0.229,474.5,-0.42,2677.5,0.15,4.3105,0.349
15-01-25,82.03,2.64,47.006,0.126,547.0,0.137,478.75,0.896,2712.5,1.307,4.3595,1.137
16-01-25,81.29,-0.902,46.241,-1.627,537.5,-1.737,474.5,-0.888,2746.3999,1.25,4.4105,1.17
17-01-25,80.79,-0.615,46.887,1.397,538.75,0.233,484.25,2.055,2744.3,-0.076,4.3375,-1.655
18-01-25,80.79,0.0,46.887,0.0,538.75,0.0,484.25,0.0,2744.3,0.0,4.3375,0.0
19-01-25,80.79,0.0,46.887,0.0,538.75,0.0,484.25,0.0,2744.3,0.0,4.3375,0.0
20-01-25,80.79,0.0,46.887,0.0,538.75,0.0,484.25,0.0,2744.3,0.0,4.3375,0.0
21-01-25,79.29,-1.857,50.027,6.697,558.75,3.712,490.0,1.187,2755.0,0.39,4.311,-0.611
22-01-25,79.0,-0.366,48.716,-2.621,554.0,-0.85,484.25,-1.173,2767.6001,0.457,4.2715,-0.916
23-01-25,78.29,-0.899,49.123,0.835,554.0,0.0,489.75,1.136,2763.1001,-0.163,4.2995,0.656
24-01-25,78.5,0.268,49.702,1.179,544.0,-1.805,486.5,-0.664,2777.3,0.514,4.29,-0.221
25-01-25,78.5,0.0,49.702,0.0,544.0,0.0,486.5,0.0,2777.3,0.0,4.29,0.0
26-01-25,78.5,0.0,49.702,0.0,544.0,0.0,486.5,0.0,2777.3,0.0,4.29,0.0
27-01-25,77.08,-1.809,47.862,-3.702,535.5,-1.562,482.0,-0.925,2737.5,-1.433,4.2035,-2.016
28-01-25,77.49,0.532,48.224,0.756,545.25,1.821,485.25,0.674,2766.8,1.07,4.2205,0.404
29-01-25,76.58,-1.174,51.156,6.08,562.5,3.164,497.0,2.421,2769.1001,0.083,4.2575,0.877
30-01-25,76.87,0.379,51.726,1.114,566.5,0.711,490.25,-1.358,2823.0,1.946,4.288,0.716
31-01-25,76.76,-0.143,53.237,2.921,559.5,-1.236,482.0,-1.683,2812.5,-0.372,4.262,-0.606
01-02-25,76.76,0.0,53.237,0.0,559.5,0.0,482.0,0.0,2812.5,0.0,4.262,0.0
02-02-25,76.76,0.0,53.237,0.0,559.5,0.0,482.0,0.0,2812.5,0.0,4.262,0.0
03-02-25,75.96,-1.042,53.794,1.046,566.75,1.296,488.75,1.4,2833.8999,0.761,4.294,0.751
04-02-25,76.2,0.316,52.048,-3.246,577.0,1.809,494.5,1.176,2853.3,0.685,4.3425,1.129
05-02-25,74.61,-2.087,53.438,2.671,572.25,-0.823,493.25,-0.253,2871.6001,0.641,4.4345,2.119
06-02-25,74.29,-0.429,54.502,1.991,587.75,2.709,495.25,0.405,2856.0,-0.543,4.4535,0.428
07-02-25,74.66,0.498,55.723,2.24,582.75,-0.851,487.5,-1.565,2867.3,0.396,4.5815,2.874
08-02-25,74.66,0.0,55.723,0.0,582.75,0.0,487.5,0.0,2867.3,0.0,4.5815,0.0
09-02-25,74.66,0.0,55.723,0.0,582.75,0.0,487.5,0.0,2867.3,0.0,4.5815,0.0
10-02-25,75.87,1.621,58.039,4.156,579.5,-0.558,491.5,0.821,2914.3,1.639,4.7005,2.597
11-02-25,77.0,1.489,57.766,-0.47,577.0,-0.431,484.0,-1.526,2912.5,-0.062,4.5945,-2.255
12-02-25,75.18,-2.364,55.661,-3.644,574.25,-0.477,490.25,1.291,2909.0,-0.12,4.698,2.253
13-02-25,75.02,-0.213,51.383,-7.686,577.75,0.609,493.5,0.663,2925.8999,0.581,4.769,1.511
14-02-25,74.74,-0.373,50.685,-1.358,600.0,3.851,496.25,0.557,2883.6001,-1.446,4.6565,-2.359
15-02-25,74.74,0.0,50.685,0.0,600.0,0.0,496.25,0.0,2883.6001,0.0,4.6565,0.0
16-02-25,74.74,0.0,50.685,0.0,600.0,0.0,496.25,0.0,2883.6001,0.0,4.6565,0.0
17-02-25,74.74,0.0,50.685,0.0,600.0,0.0,496.25,0.0,2883.6001,0.0,4.6565,0.0
18-02-25,75.84,1.472,49.215,-2.9,604.75,0.792,502.0,1.159,2931.6001,1.665,4.585,-1.535
19-02-25,76.04,0.264,48.264,-1.932,592.0,-2.108,497.5,-0.896,2919.3999,-0.416,4.557,-0.611
20-02-25,76.48,0.579,47.494,-1.595,585.5,-1.098,498.0,0.101,2940.0,0.706,4.608,1.119
21-02-25,74.43,-2.68,47.195,-0.63,590.0,0.769,491.25,-1.355,2937.6001,-0.082,4.56,-1.042
22-02-25,74.43,0.0,47.195,0.0,590.0,0.0,491.25,0.0,2937.6001,0.0,4.56,0.0
23-02-25,74.43,0.0,47.195,0.0,590.0,0.0,491.25,0.0,2937.6001,0.0,4.56,0.0
24-02-25,74.78,0.47,47.144,-0.108,579.0,-1.864,482.5,-1.781,2947.8999,0.351,4.517,-0.943
25-02-25,73.02,-2.354,44.291,-6.052,572.75,-1.079,479.75,-0.57,2904.5,-1.472,4.486,-0.686
26-02-25,72.53,-0.671,41.336,-6.672,566.0,-1.179,478.25,-0.313,2916.8,0.423,4.542,1.248
27-02-25,74.04,2.082,44.93,8.695,546.75,-3.401,464.75,-2.823,2883.2,-1.152,4.58,0.837
28-02-25,73.18,-1.162,44.32,-1.358,537.0,-1.783,453.5,-2.421,2836.8,-1.609,4.5145,-1.43
01-03-25,73.18,0.0,44.32,0.0,537.0,0.0,453.5,0.0,2836.8,0.0,4.5145,0.0
02-03-25,73.18,0.0,44.32,0.0,537.0,0.0,453.5,0.0,2836.8,0.0,4.5145,0.0
03-03-25,71.62,-2.132,45.213,2.015,532.0,-0.931,440.25,-2.922,2890.2,1.882,4.5765,1.373
04-03-25,71.04,-0.81,43.464,-3.868,518.5,-2.538,436.0,-0.965,2909.6001,0.671,4.5275,-1.071
05-03-25,69.3,-2.449,41.508,-4.5,530.75,2.363,440.25,0.975,2915.3,0.196,4.7665,5.279
06-03-25,69.46,0.231,38.24,-7.873,537.0,1.178,449.5,2.101,2916.6001,0.045,4.779,0.262
07-03-25,70.36,1.296,39.971,4.527,533.75,-0.605,455.25,1.279,2904.7,-0.408,4.683,-2.009
08-03-25,70.36,0.0,39.971,0.0,533.75,0.0,455.25,0.0,2904.7,0.0,4.683,0.0
09-03-25,70.36,0.0,39.971,0.0,533.75,0.0,455.25,0.0,2904.7,0.0,4.683,0.0
10-03-25,69.28,-1.535,41.232,3.155,545.25,2.155,458.75,0.769,2891.0,-0.472,4.6395,-0.929
11-03-25,69.56,0.404,42.71,3.585,541.0,-0.779,456.5,-0.49,2912.8999,0.758,4.74,2.166
12-03-25,70.95,1.998,42.254,-1.068,538.75,-0.416,448.75,-1.698,2939.1001,0.899,4.821,1.709
13-03-25,69.88,-1.508,42.076,-0.421,547.25,1.578,453.5,1.058,2984.3,1.538,4.8985,1.608
14-03-25,70.58,1.002,42.29,0.509,545.75,-0.274,445.5,-1.764,2994.5,0.342,4.8695,-0.592
15-03-25,70.58,0.0,42.29,0.0,545.75,0.0,445.5,0.0,2994.5,0.0,4.8695,0.0
16-03-25,70.58,0.0,42.29,0.0,545.75,0.0,445.5,0.0,2994.5,0.0,4.8695,0.0
17-03-25,71.07,0.694,41.248,-2.464,568.5,4.169,461.0,3.479,3000.0,0.184,4.9335,1.314
18-03-25,70.56,-0.718,40.755,-1.195,565.0,-0.616,458.75,-0.488,3035.1001,1.17,4.993,1.206
19-03-25,70.78,0.312,43.355,6.38,563.5,-0.265,462.0,0.708,3035.8999,0.026,5.076,1.662
20-03-25,72.0,1.724,42.855,-1.153,557.25,-1.109,469.0,1.515,3040.0,0.135,5.085,0.177
21-03-25,72.16,0.222,42.605,-0.583,558.25,0.179,464.25,-1.013,3018.2,-0.717,5.0875,0.049
22-03-25,72.16,0.0,42.605,0.0,558.25,0.0,464.25,0.0,3018.2,0.0,5.0875,0.0
23-03-25,72.16,0.0,42.605,0.0,558.25,0.0,464.25,0.0,3018.2,0.0,5.0875,0.0
24-03-25,73.0,1.164,42.748,0.336,548.25,-1.791,464.5,0.054,3013.1001,-0.169,5.064,-0.462
25-03-25,73.02,0.027,41.555,-2.791,543.25,-0.912,457.75,-1.453,3023.7,0.352,5.183,2.35
26-03-25,73.79,1.055,40.87,-1.648,535.25,-1.473,451.25,-1.42,3020.8999,-0.093,5.216,0.637
27-03-25,74.03,0.325,41.202,0.812,532.0,-0.607,450.0,-0.277,3060.2,1.301,5.0975,-2.272
28-03-25,73.63,-0.54,40.587,-1.493,528.25,-0.705,453.25,0.722,3086.5,0.859,5.1125,0.294
29-03-25,73.63,0.0,40.587,0.0,528.25,0.0,453.25,0.0,3086.5,0.0,5.1125,0.0
30-03-25,73.63,0.0,40.587,0.0,528.25,0.0,453.25,0.0,3086.5,0.0,5.1125,0.0
31-03-25,74.74,1.508,40.667,0.197,537.0,1.656,457.25,0.883,3122.8,1.176,5.02,-1.809
01-04-25,74.49,-0.334,42.45,4.384,540.5,0.652,461.75,0.984,3118.8999,-0.125,5.019,-0.02
02-04-25,74.95,0.618,41.263,-2.796,539.25,-0.231,457.75,-0.866,3139.8999,0.673,5.0235,0.09
03-04-25,70.14,-6.418,39.203,-4.992,536.0,-0.603,457.5,-0.055,3097.0,-1.366,4.811,-4.23
04-04-25,65.58,-6.501,36.401,-7.147,529.0,-1.306,460.25,0.601,3012.0,-2.745,4.3845,-8.865
05-04-25,65.58,0.0,36.401,0.0,529.0,0.0,460.25,0.0,3012.0,0.0,4.3845,0.0
06-04-25,65.58,0.0,36.401,0.0,529.0,0.0,460.25,0.0,3012.0,0.0,4.3845,0.0
07-04-25,64.21,-2.089,37.0,1.646,536.5,1.418,464.5,0.923,2951.3,-2.015,4.169,-4.915
08-04-25,62.82,-2.165,36.231,-2.078,540.0,0.652,469.0,0.969,2968.3999,0.579,4.1275,-0.995
09-04-25,65.48,4.234,33.666,-7.08,542.25,0.417,474.0,1.066,3056.5,2.968,4.1755,1.163
10-04-25,63.33,-3.283,33.293,-1.108,538.0,-0.784,483.0,1.899,3155.2,3.229,4.321,3.485
11-04-25,64.76,2.258,33.463,0.511,555.75,3.299,490.25,1.501,3222.2,2.123,4.5075,4.316
12-04-25,64.76,0.0,33.463,0.0,555.75,0.0,490.25,0.0,3222.2,0.0,4.5075,0.0
13-04-25,64.76,0.0,33.463,0.0,555.75,0.0,490.25,0.0,3222.2,0.0,4.5075,0.0
14-04-25,64.88,0.185,34.499,3.096,547.5,-1.484,485.0,-1.071,3204.8,-0.54,4.6105,2.285
15-04-25,64.67,-0.324,34.407,-0.267,542.0,-1.005,481.25,-0.773,3218.7,0.434,4.611,0.011
16-04-25,65.85,1.825,35.312,2.63,547.75,1.061,484.25,0.623,3326.6001,3.352,4.674,1.366
17-04-25,67.96,3.204,35.657,0.977,548.75,0.183,482.25,-0.413,3308.7,-0.538,4.7315,1.23
18-04-25,67.96,0.0,35.657,0.0,548.75,0.0,482.25,0.0,3308.7,0.0,4.7315,0.0
19-04-25,67.96,0.0,35.657,0.0,548.75,0.0,482.25,0.0,3308.7,0.0,4.7315,0.0
20-04-25,67.96,0.0,35.657,0.0,548.75,0.0,482.25,0.0,3308.7,0.0,4.7315,0.0
21-04-25,66.26,-2.501,35.657,0.0,538.5,-1.868,481.75,-0.104,3406.2,2.947,4.721,-0.222
22-04-25,67.44,1.781,34.244,-3.963,535.5,-0.557,475.75,-1.245,3400.8,-0.159,4.8705,3.167
23-04-25,66.12,-1.957,34.16,-0.245,528.25,-1.354,472.0,-0.788,3276.3,-3.661,4.8355,-0.719
24-04-25,66.55,0.65,33.574,-1.715,529.25,0.189,477.25,1.112,3332.0,1.7,4.85,0.3
25-04-25,66.87,0.481,32.432,-3.401,530.0,0.142,478.75,0.314,3282.3999,-1.489,4.8355,-0.299
26-04-25,66.87,0.0,32.432,0.0,530.0,0.0,478.75,0.0,3282.3999,0.0,4.8355,0.0
27-04-25,66.87,0.0,32.432,0.0,530.0,0.0,478.75,0.0,3282.3999,0.0,4.8355,0.0
28-04-25,65.86,-1.51,32.398,-0.105,515.5,-2.736,475.5,-0.679,3332.5,1.526,4.838,0.052
29-04-25,64.25,-2.445,31.856,-1.673,505.75,-1.891,460.5,-3.155,3318.8,-0.411,4.823,-0.31
30-04-25,63.12,-1.759,32.317,1.447,513.0,1.434,467.25,1.466,3305.0,-0.416,4.56,-5.453
01-05-25,62.13,-1.568,32.149,-0.52,515.25,0.439,464.25,-0.642,3210.0,-2.874,4.581,0.461
02-05-25,61.29,-1.352,33.078,2.89,526.5,2.183,461.25,-0.646,3231.8999,0.682,4.6275,1.015
03-05-25,61.29,0.0,33.078,0.0,526.5,0.0,461.25,0.0,3231.8999,0.0,4.6275,0.0
04-05-25,61.29,0.0,33.078,0.0,526.5,0.0,461.25,0.0,3231.8999,0.0,4.6275,0.0
05-05-25,60.23,-1.729,32.93,-0.447,514.25,-2.327,446.5,-3.198,3311.3,2.457,4.655,0.594
06-05-25,62.15,3.188,34.743,5.506,519.0,0.924,447.5,0.224,3411.3999,3.023,4.735,1.719
07-05-25,61.12,-1.657,34.531,-0.61,518.0,-0.193,441.0,-1.453,3381.3999,-0.879,4.6165,-2.503
08-05-25,62.84,2.814,35.341,2.346,513.0,-0.965,439.0,-0.454,3296.6001,-2.508,4.561,-1.202
09-05-25,63.91,1.703,34.618,-2.046,505.5,-1.462,441.5,0.569,3335.3999,1.177,4.611,1.096
10-05-25,63.91,0.0,34.618,0.0,505.5,0.0,441.5,0.0,3335.3999,0.0,4.611,0.0
11-05-25,63.91,0.0,34.618,0.0,505.5,0.0,441.5,0.0,3335.3999,0.0,4.611,0.0
12-05-25,64.96,1.643,35.39,2.23,499.0,-1.286,440.25,-0.283,3220.0,-3.46,4.5785,-0.705
13-05-25,66.63,2.571,35.744,1.0,501.5,0.501,436.0,-0.965,3240.3,0.63,4.6815,2.25
14-05-25,66.09,-0.81,35.048,-1.947,508.75,1.446,438.5,0.573,3181.3999,-1.818,4.611,-1.506
15-05-25,64.53,-2.36,35.294,0.702,532.75,4.717,448.5,2.281,3220.7,1.235,4.6445,0.727
16-05-25,65.41,1.364,35.156,-0.391,525.0,-1.455,443.5,-1.115,3182.0,-1.202,4.5555,-1.916
17-05-25,65.41,0.0,35.156,0.0,525.0,0.0,443.5,0.0,3182.0,0.0,4.5555,0.0
18-05-25,65.41,0.0,35.156,0.0,525.0,0.0,443.5,0.0,3182.0,0.0,4.5555,0.0
19-05-25,65.54,0.199,35.225,0.196,529.0,0.762,447.5,0.902,3228.8999,1.474,4.6335,1.712
20-05-25,65.38,-0.244,36.979,4.979,546.0,3.214,454.5,1.564,3280.3,1.592,4.6195,-0.302
21-05-25,64.91,-0.719,36.621,-0.968,549.25,0.595,461.0,1.43,3309.3,0.884,4.638,0.4
22-05-25,64.44,-0.724,36.356,-0.724,544.5,-0.865,463.0,0.434,3292.3,-0.514,4.6485,0.226
23-05-25,64.78,0.528,36.45,0.259,542.5,-0.367,459.5,-0.756,3363.6001,2.166,4.8065,3.399
24-05-25,64.78,0.0,36.45,0.0,542.5,0.0,459.5,0.0,3363.6001,0.0,4.8065,0.0
25-05-25,64.78,0.0,36.45,0.0,542.5,0.0,459.5,0.0,3363.6001,0.0,4.8065,0.0
26-05-25,64.78,0.0,36.45,0.0,542.5,0.0,459.5,0.0,3363.6001,0.0,4.8065,0.0
27-05-25,64.09,-1.065,37.006,1.525,528.5,-2.581,459.5,0.0,3299.1001,-1.918,4.71,-2.008
28-05-25,64.9,1.264,36.687,-0.862,530.25,0.331,451.0,-1.85,3293.6001,-0.167,4.644,-1.401
29-05-25,64.15,-1.156,35.158,-4.168,534.0,0.707,447.0,-0.887,3317.1001,0.714,4.6535,0.205
30-05-25,63.9,-0.39,34.228,-2.645,534.0,0.0,444.0,-0.671,3288.8999,-0.85,4.6525,-0.021
31-05-25,63.9,0.0,34.228,0.0,534.0,0.0,444.0,0.0,3288.8999,0.0,4.6525,0.0
01-06-25,63.9,0.0,34.228,0.0,534.0,0.0,444.0,0.0,3288.8999,0.0,4.6525,0.0
02-06-25,64.63,1.142,35.015,2.299,539.0,0.936,438.25,-1.295,3370.6001,2.484,4.8345,3.912
03-06-25,65.63,1.547,35.848,2.379,536.0,-0.557,438.5,0.057,3350.2,-0.605,4.8095,-0.517
04-06-25,64.86,-1.173,35.65,-0.552,543.25,1.353,438.75,0.057,3373.5,0.695,4.8645,1.144
05-06-25,65.34,0.74,36.393,2.084,545.5,0.414,439.5,0.171,3350.7,-0.676,4.9135,1.007
06-06-25,66.47,1.729,36.251,-0.39,554.75,1.696,442.5,0.683,3322.7,-0.836,4.83,-1.699
07-06-25,66.47,0.0,36.251,0.0,554.75,0.0,442.5,0.0,3322.7,0.0,4.83,0.0
08-06-25,66.47,0.0,36.251,0.0,554.75,0.0,442.5,0.0,3322.7,0.0,4.83,0.0
09-06-25,67.04,0.858,35.605,-1.782,542.0,-2.298,433.5,-2.034,3332.1001,0.283,4.9095,1.646
10-06-25,66.87,-0.254,34.638,-2.716,534.5,-1.384,438.75,1.211,3320.8999,-0.336,4.884,-0.519
11-06-25,69.77,4.337,35.913,3.681,534.25,-0.047,437.0,-0.399,3321.3,0.012,4.801,-1.699
12-06-25,69.36,-0.588,36.177,0.735,526.5,-1.451,438.5,0.343,3380.8999,1.794,4.8215,0.427
13-06-25,74.23,7.021,37.894,4.746,543.75,3.276,444.5,1.368,3431.2,1.488,4.803,-0.384
14-06-25,74.23,0.0,37.894,0.0,543.75,0.0,444.5,0.0,3431.2,0.0,4.803,0.0
15-06-25,74.23,0.0,37.894,0.0,543.75,0.0,444.5,0.0,3431.2,0.0,4.803,0.0
16-06-25,73.23,-1.347,37.906,0.032,536.5,-1.333,434.75,-2.193,3396.3999,-1.014,4.8265,0.489
17-06-25,76.45,4.397,39.309,3.701,549.0,2.33,431.5,-0.748,3386.6001,-0.289,4.8005,-0.539
18-06-25,76.7,0.327,38.693,-1.567,574.25,4.599,433.5,0.463,3389.8,0.094,4.845,0.927
19-06-25,76.7,0.0,38.693,0.0,574.25,0.0,433.5,0.0,3389.8,0.0,4.845,0.0
20-06-25,77.01,0.404,40.929,5.779,567.75,-1.132,428.75,-1.096,3368.1001,-0.64,4.826,-0.392
21-06-25,77.01,0.0,40.929,0.0,567.75,0.0,428.75,0.0,3368.1001,0.0,4.826,0.0
22-06-25,77.01,0.0,40.929,0.0,567.75,0.0,428.75,0.0,3368.1001,0.0,4.826,0.0
23-06-25,71.48,-7.181,40.522,-0.994,552.75,-2.642,419.25,-2.216,3377.7,0.285,4.843,0.352
24-06-25,67.14,-6.072,35.615,-12.109,535.75,-3.076,416.25,-0.716,3317.3999,-1.785,4.867,0.496
25-06-25,67.68,0.804,35.401,-0.601,528.25,-1.4,410.25,-1.441,3327.1001,0.292,4.913,0.945
26-06-25,67.73,0.074,34.024,-3.89,521.0,-1.372,409.5,-0.183,3333.5,0.192,5.0655,3.104
27-06-25,67.77,0.059,33.087,-2.754,524.75,0.72,417.5,1.954,3273.7,-1.794,5.0685,0.059
28-06-25,67.77,0.0,33.087,0.0,524.75,0.0,417.5,0.0,3273.7,0.0,5.0685,0.0
29-06-25,67.77,0.0,33.087,0.0,524.75,0.0,417.5,0.0,3273.7,0.0,5.0685,0.0
30-06-25,67.61,-0.236,32.898,-0.571,528.75,0.762,420.5,0.719,3294.3999,0.632,5.03,-0.76
01-07-25,67.11,-0.74,33.693,2.417,537.25,1.608,420.0,-0.119,3336.7,1.284,5.048,0.358
02-07-25,69.11,2.98,33.591,-0.303,556.0,3.49,429.25,2.202,3348.0,0.339,5.149,2.001
03-07-25,68.8,-0.449,33.621,0.089,547.75,-1.484,431.5,0.524,3331.6001,-0.49,5.097,-1.01
04-07-25,68.29,-0.741,33.43,-0.568,547.75,0.0,431.5,0.0,3332.5,0.027,5.0185,-1.54
05-07-25,68.29,0.0,33.43,0.0,547.75,0.0,431.5,0.0,3332.5,0.0,5.0185,0.0
06-07-25,68.29,0.0,33.43,0.0,547.75,0.0,431.5,0.0,3332.5,0.0,5.0185,0.0
07-07-25,69.58,1.889,33.621,0.571,539.75,-1.461,418.0,-3.129,3332.2,-0.009,4.9845,-0.677
08-07-25,70.15,0.819,34.219,1.779,543.0,0.602,411.0,-1.675,3307.0,-0.756,5.645,13.251
09-07-25,70.19,0.057,34.304,0.248,542.75,-0.046,412.5,0.365,3311.6001,0.139,5.4435,-3.57
10-07-25,68.64,-2.208,35.17,2.524,550.25,1.382,407.25,-1.273,3317.3999,0.175,5.548,1.92
11-07-25,70.36,2.506,35.561,1.112,540.75,-1.726,403.0,-1.044,3356.0,1.164,5.562,0.252
12-07-25,70.36,0.0,35.561,0.0,540.75,0.0,403.0,0.0,3356.0,0.0,5.562,0.0
13-07-25,70.36,0.0,35.561,0.0,540.75,0.0,403.0,0.0,3356.0,0.0,5.562,0.0
14-07-25,69.21,-1.634,35.454,-0.301,534.0,-1.248,412.75,2.419,3351.5,-0.134,5.515,-0.845
15-07-25,68.71,-0.722,34.445,-2.846,538.0,0.749,401.25,-2.786,3329.8,-0.647,5.546,0.562
16-07-25,68.52,-0.277,34.809,1.057,541.25,0.604,405.25,0.997,3352.5,0.682,5.4965,-0.893
17-07-25,69.52,1.459,34.407,-1.155,533.5,-1.432,402.0,-0.802,3340.1001,-0.37,5.486,-0.191
18-07-25,69.28,-0.345,33.595,-2.36,546.25,2.39,408.5,1.617,3353.0,0.386,5.578,1.677
19-07-25,69.28,0.0,33.595,0.0,546.25,0.0,408.5,0.0,3353.0,0.0,5.578,0.0
20-07-25,69.28,0.0,33.595,0.0,546.25,0.0,408.5,0.0,3353.0,0.0,5.578,0.0
21-07-25,69.21,-0.101,33.159,-1.298,542.25,-0.732,403.75,-1.163,3401.8999,1.458,5.6105,0.583
22-07-25,68.59,-0.896,33.111,-0.145,549.5,1.337,399.25,-1.115,3439.2,1.096,5.697,1.542
23-07-25,68.51,-0.117,32.69,-1.271,540.5,-1.638,398.5,-0.188,3394.1001,-1.311,5.795,1.72
24-07-25,69.18,0.978,32.358,-1.016,541.5,0.185,401.75,0.816,3371.0,-0.681,5.777,-0.311
25-07-25,68.44,-1.07,32.499,0.436,538.25,-0.6,399.5,-0.56,3334.0,-1.098,5.7635,-0.234
26-07-25,68.44,0.0,32.499,0.0,538.25,0.0,399.5,0.0,3334.0,0.0,5.7635,0.0
27-07-25,68.44,0.0,32.499,0.0,538.25,0.0,399.5,0.0,3334.0,0.0,5.7635,0.0
28-07-25,70.04,2.338,32.899,1.231,538.5,0.046,393.75,-1.439,3309.1001,-0.747,5.595,-2.924
29-07-25,72.51,3.527,34.103,3.66,529.75,-1.625,389.25,-1.143,3323.3999,0.432,5.6035,0.152
30-07-25,73.24,1.007,34.537,1.273,523.75,-1.133,391.75,0.642,3295.8,-0.83,5.57,-0.598
31-07-25,72.53,-0.969,35.279,2.148,523.25,-0.095,394.0,0.574,3293.2,-0.079,4.3305,-22.253
01-08-25,69.67,-3.943,33.972,-3.705,516.75,-1.242,389.5,-1.142,3347.7,1.655,4.4125,1.894
02-08-25,69.67,0.0,33.972,0.0,516.75,0.0,389.5,0.0,3347.7,0.0,4.4125,0.0
03-08-25,69.67,0.0,33.972,0.0,516.75,0.0,389.5,0.0,3347.7,0.0,4.4125,0.0
04-08-25,68.76,-1.306,34.283,0.915,516.75,0.0,387.0,-0.642,3374.3999,0.798,4.415,0.057
05-08-25,67.64,-1.629,34.406,0.359,508.25,-1.645,381.5,-1.421,3381.8999,0.222,4.364,-1.155
06-08-25,66.89,-1.109,33.257,-3.34,508.5,0.049,379.75,-0.459,3380.0,-0.056,4.391,0.619
07-08-25,66.43,-0.688,32.951,-0.92,518.25,1.917,384.5,1.251,3400.3,0.601,4.3785,-0.285
08-08-25,66.59,0.241,32.446,-1.533,514.5,-0.724,382.75,-0.455,3439.1001,1.141,4.4555,1.759
09-08-25,66.59,0.0,32.446,0.0,514.5,0.0,382.75,0.0,3439.1001,0.0,4.4555,0.0
10-08-25,66.59,0.0,32.446,0.0,514.5,0.0,382.75,0.0,3439.1001,0.0,4.4555,0.0
11-08-25,66.63,0.06,32.999,1.704,515.0,0.097,385.0,0.588,3353.1001,-2.501,4.4235,-0.718
12-08-25,66.12,-0.765,32.409,-1.788,505.0,-1.942,371.5,-3.506,3348.8999,-0.125,4.5085,1.922
13-08-25,65.63,-0.741,32.6,0.589,507.25,0.446,374.0,0.673,3358.7,0.293,4.482,-0.588
14-08-25,66.84,1.844,32.141,-1.408,503.5,-0.739,375.0,0.267,3335.2,-0.7,4.4645,-0.39
15-08-25,65.85,-1.481,31.031,-3.454,506.5,0.596,383.75,2.333,3336.0,0.024,4.478,0.302
16-08-25,65.85,0.0,31.031,0.0,506.5,0.0,383.75,0.0,3336.0,0.0,4.478,0.0
17-08-25,65.85,0.0,31.031,0.0,506.5,0.0,383.75,0.0,3336.0,0.0,4.478,0.0
18-08-25,66.6,1.139,31.272,0.777,502.75,-0.74,383.0,-0.195,3331.7,-0.129,4.457,-0.469
19-08-25,65.79,-1.216,31.227,-0.144,498.5,-0.845,379.5,-0.914,3313.3999,-0.549,4.409,-1.077
20-08-25,66.84,1.596,31.906,2.174,505.5,1.404,380.0,0.132,3343.3999,0.905,4.426,0.386
21-08-25,67.67,1.242,33.175,3.977,507.0,0.297,387.25,1.908,3336.8999,-0.194,4.4315,0.124
22-08-25,67.73,0.089,33.573,1.2,504.75,-0.444,388.25,0.258,3374.3999,1.124,4.4475,0.361
23-08-25,67.73,0.0,33.573,0.0,504.75,0.0,388.25,0.0,3374.3999,0.0,4.4475,0.0
24-08-25,67.73,0.0,33.573,0.0,504.75,0.0,388.25,0.0,3374.3999,0.0,4.4475,0.0
25-08-25,68.8,1.58,33.774,0.599,506.75,0.396,389.25,0.258,3373.8,-0.018,4.4665,0.427
26-08-25,67.22,-2.297,33.46,-0.93,509.5,0.543,387.5,-0.45,3388.6001,0.439,4.4505,-0.358
27-08-25,68.05,1.235,32.551,-2.717,502.25,-1.423,382.5,-1.29,3404.6001,0.472,4.4145,-0.809
28-08-25,68.62,0.838,31.559,-3.048,510.25,1.593,385.5,0.784,3431.8,0.799,4.4635,1.11
29-08-25,68.12,-0.729,31.622,0.2,518.0,1.519,398.0,3.243,3473.7,1.221,4.5185,1.232
30-08-25,68.12,0.0,31.622,0.0,518.0,0.0,398.0,0.0,3473.7,0.0,4.5185,0.0
31-08-25,68.12,0.0,31.622,0.0,518.0,0.0,398.0,0.0,3473.7,0.0,4.5185,0.0
01-09-25,68.12,0.0,31.622,0.0,518.0,0.0,398.0,0.0,3473.7,0.0,4.5185,0.0
02-09-25,69.14,1.497,31.772,0.474,513.0,-0.965,403.0,1.256,3549.3999,2.179,4.5695,1.129
03-09-25,67.6,-2.227,32.112,1.07,504.0,-1.754,397.75,-1.303,3593.2,1.234,4.5585,-0.241
04-09-25,66.99,-0.902,32.412,0.934,502.25,-0.347,399.75,0.503,3565.8,-0.763,4.488,-1.547
05-09-25,65.5,-2.224,31.969,-1.367,501.0,-0.249,399.0,-0.188,3613.2,1.329,4.4825,-0.123
06-09-25,65.5,0.0,31.969,0.0,501.0,0.0,399.0,0.0,3613.2,0.0,4.4825,0.0
07-09-25,65.5,0.0,31.969,0.0,501.0,0.0,399.0,0.0,3613.2,0.0,4.4825,0.0
08-09-25,66.02,0.794,33.064,3.425,505.5,0.898,403.0,1.003,3638.1001,0.689,4.4905,0.178
09-09-25,66.39,0.56,32.931,-0.402,500.75,-0.94,401.25,-0.434,3643.3,0.143,4.501,0.234
10-09-25,67.49,1.657,33.122,0.58,495.0,-1.148,397.25,-0.997,3643.6001,0.008,4.55,1.089
11-09-25,66.37,-1.659,32.323,-2.412,503.0,1.616,399.0,0.441,3636.8999,-0.184,4.5905,0.89
12-09-25,66.99,0.934,32.662,1.049,503.0,0.0,399.0,0.0,3649.3999,0.344,4.5885,-0.044
13-09-25,66.99,0.0,32.662,0.0,503.0,0.0,399.0,0.0,3649.3999,0.0,4.5885,0.0
14-09-25,66.99,0.0,32.662,0.0,503.0,0.0,399.0,0.0,3649.3999,0.0,4.5885,0.0
15-09-25,67.44,0.672,32.154,-1.555,525.0,4.374,423.25,6.078,3682.2,0.899,4.6555,1.46
16-09-25,68.47,1.527,32.329,0.544,534.0,1.714,429.5,1.477,3688.8999,0.182,4.633,-0.483
17-09-25,67.95,-0.759,32.401,0.223,528.25,-1.077,426.75,-0.64,3681.8,-0.192,4.571,-1.338
18-09-25,67.44,-0.751,32.952,1.701,524.25,-0.757,423.75,-0.703,3643.7,-1.035,4.541,-0.656
19-09-25,66.68,-1.127,32.308,-1.954,522.5,-0.334,424.0,0.059,3671.5,0.763,4.569,0.617
20-09-25,66.68,0.0,32.308,0.0,522.5,0.0,424.0,0.0,3671.5,0.0,4.569,0.0
21-09-25,66.68,0.0,32.308,0.0,522.5,0.0,424.0,0.0,3671.5,0.0,4.569,0.0
22-09-25,66.57,-0.165,31.844,-1.436,510.75,-2.249,421.75,-0.531,3740.7,1.885,4.573,0.088
23-09-25,67.63,1.592,32.265,1.322,520.5,1.909,426.25,1.067,3780.6001,1.067,4.5845,0.251
24-09-25,69.31,2.484,31.903,-1.122,519.5,-0.192,424.25,-0.469,3732.1001,-1.283,4.7525,3.665
25-09-25,69.42,0.159,32.456,1.733,527.0,1.444,425.75,0.354,3736.8999,0.129,4.7,-1.105
26-09-25,70.13,1.023,32.697,0.743,519.75,-1.376,422.0,-0.881,3775.3,1.028,4.7155,0.33
27-09-25,70.13,0.0,32.697,0.0,519.75,0.0,422.0,0.0,3775.3,0.0,4.7155,0.0
28-09-25,70.13,0.0,32.697,0.0,519.75,0.0,422.0,0.0,3775.3,0.0,4.7155,0.0
29-09-25,67.97,-3.08,32.06,-1.948,519.5,-0.048,421.5,-0.118,3820.8999,1.208,4.841,2.661
30-09-25,67.02,-1.398,31.411,-2.024,508.0,-2.214,415.5,-1.423,3840.8,0.521,4.805,-0.744
01-10-25,65.35,-2.492,31.335,-0.242,509.25,0.246,416.5,0.241,3867.5,0.695,4.8305,0.531
02-10-25,64.11,-1.897,31.455,0.383,514.75,1.08,421.75,1.261,3839.7,-0.719,4.898,1.397
03-10-25,64.53,0.655,31.438,-0.054,515.25,0.097,419.0,-0.652,3880.8,1.07,5.058,3.267
04-10-25,64.53,0.0,31.438,0.0,515.25,0.0,419.0,0.0,3880.8,0.0,5.058,0.0
05-10-25,64.53,0.0,31.438,0.0,515.25,0.0,419.0,0.0,3880.8,0.0,5.058,0.0
06-10-25,65.47,1.457,33.116,5.337,512.75,-0.485,421.75,0.656,3948.5,1.744,4.987,-1.404
07-10-25,65.45,-0.031,33.246,0.393,506.75,-1.17,419.75,-0.474,3976.6001,0.712,5.048,1.223
08-10-25,66.25,1.222,32.7,-1.642,507.25,0.099,422.0,0.536,4043.3,1.677,5.046,-0.04
09-10-25,65.22,-1.555,32.363,-1.031,506.5,-0.148,418.25,-0.889,3946.3,-2.399,5.0755,0.585
10-10-25,62.73,-3.818,32.17,-0.596,498.5,-1.579,413.0,-1.255,3975.8999,0.75,4.8485,-4.472
11-10-25,62.73,0.0,32.17,0.0,498.5,0.0,413.0,0.0,3975.8999,0.0,4.8485,0.0
12-10-25,62.73,0.0,32.17,0.0,498.5,0.0,413.0,0.0,3975.8999,0.0,4.8485,0.0
13-10-25,63.32,0.941,31.475,-2.16,496.75,-0.351,410.75,-0.545,4108.6001,3.338,5.1005,5.197
14-10-25,62.39,-1.469,31.801,1.036,500.25,0.705,413.0,0.548,4138.7002,0.733,4.9805,-2.353
15-10-25,61.91,-0.769,31.826,0.079,498.75,-0.3,416.75,0.908,4176.8999,0.923,4.972,-0.171
16-10-25,61.06,-1.373,32.378,1.734,502.5,0.752,421.75,1.2,4280.2002,2.473,4.958,-0.282
17-10-25,61.29,0.377,31.816,-1.736,503.75,0.249,422.5,0.178,4189.8999,-2.11,4.9315,-0.534
18-10-25,61.29,0.0,31.816,0.0,503.75,0.0,422.5,0.0,4189.8999,0.0,4.9315,0.0
19-10-25,61.29,0.0,31.816,0.0,503.75,0.0,422.5,0.0,4189.8999,0.0,4.9315,0.0
20-10-25,61.01,-0.457,31.739,-0.242,504.75,0.199,423.25,0.178,4336.3999,3.497,4.998,1.348
21-10-25,61.32,0.508,32.2,1.452,500.25,-0.892,419.75,-0.827,4087.7,-5.735,4.93,-1.361
22-10-25,62.59,2.071,31.768,-1.342,503.75,0.7,423.0,0.774,4044.3999,-1.059,4.961,0.629
23-10-25,65.99,5.432,32.454,2.159,513.0,1.836,428.0,1.182,4125.5,2.005,5.082,2.439
24-10-25,65.94,-0.076,32.016,-1.35,512.5,-0.097,423.25,-1.11,4118.3999,-0.172,5.0935,0.226
25-10-25,65.94,0.0,32.016,0.0,512.5,0.0,423.25,0.0,4118.3999,0.0,5.0935,0.0
26-10-25,65.94,0.0,32.016,0.0,512.5,0.0,423.25,0.0,4118.3999,0.0,5.0935,0.0
27-10-25,65.62,-0.485,31.4,-1.924,526.0,2.634,428.75,1.299,4001.8999,-2.829,5.1405,0.923
28-10-25,64.4,-1.859,31.494,0.299,529.0,0.57,432.0,0.758,3966.2,-0.892,5.1405,0.0
29-10-25,64.92,0.807,31.869,1.191,532.25,0.614,434.0,0.463,3983.7,0.441,5.2335,1.809
30-10-25,65.0,0.123,31.048,-2.576,524.25,-1.503,430.25,-0.864,4001.3,0.442,5.078,-2.971
31-10-25,65.07,0.108,31.122,0.238,534.0,1.86,431.5,0.291,3982.2,-0.477,5.0655,-0.246
01-11-25,65.07,0.0,31.122,0.0,534.0,0.0,431.5,0.0,3982.2,0.0,5.0655,0.0
02-11-25,65.07,0.0,31.122,0.0,534.0,0.0,431.5,0.0,3982.2,0.0,5.0655,0.0
03-11-25,64.89,-0.277,31.741,1.989,543.5,1.779,434.25,0.637,4000.3,0.455,5.047,-0.365
04-11-25,64.44,-0.693,32.551,2.552,550.25,1.242,431.5,-0.633,3947.7,-1.315,4.926,-2.397
05-11-25,63.52,-1.428,31.819,-2.249,554.75,0.818,435.25,0.869,3980.3,0.826,4.963,0.751
06-11-25,63.38,-0.22,31.548,-0.852,535.5,-3.47,428.75,-1.493,3979.8999,-0.01,4.9455,-0.353
07-11-25,63.63,0.394,31.201,-1.1,527.75,-1.447,427.25,-0.35,3999.3999,0.49,4.938,-0.152
08-11-25,63.63,0.0,31.201,0.0,527.75,0.0,427.25,0.0,3999.3999,0.0,4.938,0.0
09-11-25,63.63,0.0,31.201,0.0,527.75,0.0,427.25,0.0,3999.3999,0.0,4.938,0.0
10-11-25,64.06,0.676,31.071,-0.417,535.75,1.516,429.75,0.585,4111.7998,2.81,5.087,3.017
11-11-25,65.16,1.717,31.102,0.1,536.0,0.047,432.0,0.524,4106.7998,-0.122,5.0485,-0.757
12-11-25,62.71,-3.76,30.933,-0.543,536.0,0.0,435.25,0.752,4204.3999,2.377,5.0895,0.812
13-11-25,63.01,0.478,30.458,-1.536,535.75,-0.047,441.5,1.436,4186.8999,-0.416,5.0875,-0.039
14-11-25,64.39,2.19,31.25,2.6,527.25,-1.587,430.25,-2.548,4087.6001,-2.372,5.0495,-0.747
15-11-25,64.39,0.0,31.25,0.0,527.25,0.0,430.25,0.0,4087.6001,0.0,5.0495,0.0
16-11-25,64.39,0.0,31.25,0.0,527.25,0.0,430.25,0.0,4087.6001,0.0,5.0495,0.0
17-11-25,64.2,-0.295,31.418,0.538,544.25,3.224,434.75,1.046,4068.3,-0.472,5.0,-0.98
18-11-25,64.89,1.075,31.694,0.878,546.5,0.413,436.75,0.46,4061.3,-0.172,4.9625,-0.75
19-11-25,63.51,-2.127,30.94,-2.379,536.75,-1.784,429.75,-1.603,4077.7,0.404,5.008,0.917
20-11-25,63.38,-0.205,31.159,0.708,527.0,-1.816,426.5,-0.756,4056.5,-0.52,4.9595,-0.968
21-11-25,62.56,-1.294,30.198,-3.084,527.0,0.0,425.5,-0.234,4076.7,0.498,5.0085,0.988
22-11-25,62.56,0.0,30.198,0.0,527.0,0.0,425.5,0.0,4076.7,0.0,5.0085,0.0
23-11-25,62.56,0.0,30.198,0.0,527.0,0.0,425.5,0.0,4076.7,0.0,5.0085,0.0
24-11-25,63.37,1.295,29.747,-1.493,522.25,-0.901,423.75,-0.411,4091.8999,0.373,4.962,-0.928
25-11-25,62.48,-1.404,29.386,-1.214,527.25,0.957,423.5,-0.059,4139.2002,1.156,4.9995,0.756
26-11-25,63.13,1.04,29.368,-0.061,529.0,0.332,431.75,1.948,4165.2002,0.628,5.1045,2.1
27-11-25,63.13,0.0,29.368,0.0,529.0,0.0,431.75,0.0,4165.2002,0.0,5.1045,0.0
28-11-25,63.2,0.111,28.817,-1.876,531.0,0.378,435.5,0.869,4218.2998,1.275,5.1855,1.587
29-11-25,63.2,0.0,28.817,0.0,531.0,0.0,435.5,0.0,4218.2998,0.0,5.1855,0.0
30-11-25,63.2,0.0,28.817,0.0,531.0,0.0,435.5,0.0,4218.2998,0.0,5.1855,0.0
01-12-25,63.17,-0.047,28.227,-2.047,530.25,-0.141,432.75,-0.631,4239.2998,0.498,5.219,0.646
02-12-25,62.45,-1.14,28.05,-0.627,537.75,1.414,438.0,1.213,4186.6001,-1.243,5.161,-1.111
03-12-25,62.67,0.352,28.206,0.556,537.75,0.0,431.5,-1.484,4199.2998,0.303,5.308,2.848
04-12-25,63.26,0.941,27.088,-3.964,541.0,0.604,437.75,1.448,4211.7998,0.298,5.2915,-0.311
05-12-25,63.75,0.775,27.266,0.657,537.5,-0.647,436.75,-0.228,4212.8999,0.026,5.382,1.71
06-12-25,63.75,0.0,27.266,0.0,537.5,0.0,436.75,0.0,4212.8999,0.0,5.382,0.0
07-12-25,63.75,0.0,27.266,0.0,537.5,0.0,436.75,0.0,4212.8999,0.0,5.382,0.0
08-12-25,62.49,-1.976,26.871,-1.449,536.0,-0.279,436.25,-0.114,4187.2002,-0.61,5.3645,-0.325
09-12-25,61.94,-0.88,27.489,2.3,536.25,0.047,440.75,1.032,4206.7002,0.466,5.2405,-2.311
10-12-25,62.21,0.436,26.602,-3.227,531.25,-0.932,434.75,-1.361,4196.3999,-0.245,5.2755,0.668
11-12-25,61.28,-1.495,26.805,0.763,534.5,0.612,435.25,0.115,4285.5,2.123,5.427,2.872
12-12-25,61.12,-0.261,27.684,3.279,534.5,0.0,431.5,-0.862,4300.1001,0.341,5.2835,-2.644
13-12-25,61.12,0.0,27.684,0.0,534.5,0.0,431.5,0.0,4300.1001,0.0,5.2835,0.0
14-12-25,61.12,0.0,27.684,0.0,534.5,0.0,431.5,0.0,4300.1001,0.0,5.2835,0.0
15-12-25,60.56,-0.916,27.425,-0.936,520.75,-2.572,439.75,1.912,4306.7002,0.153,5.3385,1.041
16-12-25,58.92,-2.708,26.764,-2.41,509.5,-2.16,436.5,-0.739,4304.5,-0.051,5.287,-0.965
17-12-25,59.68,1.29,27.357,2.216,506.25,-0.638,440.5,0.916,4347.5,0.999,5.3635,1.447
18-12-25,59.82,0.235,27.652,1.078,507.75,0.296,444.5,0.908,4339.5,-0.184,5.3665,0.056
19-12-25,60.47,1.087,28.161,1.841,509.75,0.394,443.75,-0.169,4361.3999,0.505,5.4395,1.36
20-12-25,60.47,0.0,28.161,0.0,509.75,0.0,443.75,0.0,4361.3999,0.0,5.4395,0.0
21-12-25,60.47,0.0,28.161,0.0,509.75,0.0,443.75,0.0,4361.3999,0.0,5.4395,0.0
22-12-25,62.07,2.646,27.687,-1.683,515.5,1.128,447.0,0.732,4444.6001,1.908,5.4375,-0.037
23-12-25,62.38,0.499,27.732,0.163,517.0,0.291,447.5,0.112,4482.7998,0.859,5.476,0.708
24-12-25,62.24,-0.224,28.095,1.309,521.75,0.919,451.0,0.782,4480.6001,-0.049,5.4985,0.411
25-12-25,62.24,0.0,28.095,0.0,521.75,0.0,451.0,0.0,4480.6001,0.0,5.4985,0.0
26-12-25,60.64,-2.571,28.095,0.0,519.0,-0.527,450.0,-0.222,4529.1001,1.082,5.7665,4.874
27-12-25,60.64,0.0,28.095,0.0,519.0,0.0,450.0,0.0,4529.1001,0.0,5.7665,0.0
28-12-25,60.64,0.0,28.095,0.0,519.0,0.0,450.0,0.0,4529.1001,0.0,5.7665,0.0
29-12-25,61.94,2.144,28.534,1.563,513.0,-1.156,442.25,-1.722,4325.1001,-4.504,5.4905,-4.786
30-12-25,61.92,-0.032,27.766,-2.692,510.75,-0.439,440.5,-0.396,4370.1001,1.04,5.7275,4.317
31-12-25,60.85,-1.728,28.161,1.423,507.0,-0.734,440.25,-0.057,4325.6001,-1.018,5.63,-1.702
01-01-26,60.85,0.0,28.161,0.0,507.0,0.0,440.25,0.0,4325.6001,0.0,5.63,0.0
02-01-26,60.75,-0.164,29.004,2.994,506.5,-0.099,437.5,-0.625,4314.3999,-0.259,5.64,0.178
03-01-26,60.75,0.0,29.004,0.0,506.5,0.0,437.5,0.0,4314.3999,0.0,5.64,0.0
04-01-26,60.75,0.0,29.004,0.0,506.5,0.0,437.5,0.0,4314.3999,0.0,5.64,0.0
05-01-26,61.76,1.663,27.399,-5.534,512.5,1.185,444.5,1.6,4436.8999,2.839,5.9245,5.044
06-01-26,60.7,-1.716,28.072,2.456,510.5,-0.39,444.0,-0.112,4482.2002,1.021,6.0105,1.452
07-01-26,59.96,-1.219,28.777,2.511,518.0,1.469,446.75,0.619,4449.2998,-0.734,5.809,-3.352
08-01-26,61.99,3.386,27.699,-3.746,518.0,0.0,446.0,-0.168,4449.7002,0.009,5.7465,-1.076
09-01-26,63.34,2.178,28.374,2.437,517.25,-0.145,445.75,-0.056,4490.2998,0.912,5.8555,1.897
10-01-26,63.34,0.0,28.374,0.0,517.25,0.0,445.75,0.0,4490.2998,0.0,5.8555,0.0
11-01-26,63.34,0.0,28.374,0.0,517.25,0.0,445.75,0.0,4490.2998,0.0,5.8555,0.0
12-01-26,63.87,0.837,30.246,6.598,511.25,-1.16,421.5,-5.44,4604.2998,2.539,5.985,2.212
13-01-26,65.47,2.505,31.473,4.057,510.5,-0.147,419.75,-0.415,4589.2002,-0.328,5.97,-0.251
14-01-26,66.52,1.604,31.813,1.08,512.5,0.392,422.0,0.536,4626.2998,0.808,6.009,0.653
15-01-26,63.76,-4.149,33.158,4.228,510.5,-0.39,420.25,-0.415,4616.2998,-0.216,5.948,-1.015
16-01-26,64.13,0.58,36.879,11.222,518.0,1.469,424.75,1.071,4588.3999,-0.604,5.7885,-2.682
17-01-26,64.13,0.0,36.879,0.0,518.0,0.0,424.75,0.0,4588.3999,0.0,5.7885,0.0
18-01-26,64.13,0.0,36.879,0.0,518.0,0.0,424.75,0.0,4588.3999,0.0,5.7885,0.0
19-01-26,64.13,0.0,36.879,0.0,518.0,0.0,424.75,0.0,4588.3999,0.0,5.7885,0.0
20-01-26,64.92,1.232,35.887,-2.69,510.25,-1.496,423.75,-0.235,4759.6001,3.731,5.773,-0.268
21-01-26,65.24,0.493,39.208,9.254,507.75,-0.49,421.75,-0.472,4831.7998,1.517,5.7295,-0.754
22-01-26,64.06,-1.809,38.079,-2.88,515.5,1.526,424.0,0.533,4908.7998,1.594,5.7425,0.227
23-01-26,65.88,2.841,40.039,5.147,529.5,2.716,430.5,1.533,4976.2002,1.373,5.911,2.934
24-01-26,65.88,0.0,40.039,0.0,529.5,0.0,430.5,0.0,4976.2002,0.0,5.911,0.0
25-01-26,65.88,0.0,40.039,0.0,529.5,0.0,430.5,0.0,4976.2002,0.0,5.911,0.0
26-01-26,65.59,-0.44,39.112,-2.315,522.5,-1.322,428.25,-0.523,5079.7002,2.08,5.984,1.235
27-01-26,67.57,3.019,38.761,-0.897,523.25,0.144,426.5,-0.409,5079.8999,0.004,5.8285,-2.599
28-01-26,68.4,1.228,38.861,0.258,536.0,2.437,430.0,0.821,5301.6001,4.364,5.8925,1.098
29-01-26,70.71,3.377,40.113,3.222,541.5,1.026,430.75,0.174,5318.3999,0.317,6.1755,4.803
30-01-26,70.69,-0.028,39.285,-2.064,538.0,-0.646,428.25,-0.58,4713.8999,-11.366,5.897,-4.51
31-01-26,70.69,0.0,39.285,0.0,538.0,0.0,428.25,0.0,4713.8999,0.0,5.897,0.0
01-02-26,70.69,0.0,39.285,0.0,538.0,0.0,428.25,0.0,4713.8999,0.0,5.897,0.0
02-02-26,66.3,-6.21,33.945,-13.593,527.75,-1.905,425.75,-0.584,4622.5,-1.939,5.8015,-1.619
03-02-26,67.33,1.554,32.86,-3.196,528.75,0.189,428.5,0.646,4903.7002,6.083,6.0625,4.499
04-02-26,69.46,3.164,33.501,1.951,526.75,-0.378,429.5,0.233,4920.3999,0.341,5.826,-3.901
05-02-26,67.55,-2.75,33.735,0.698,535.25,1.614,435.0,1.281,4861.3999,-1.199,5.799,-0.463
06-02-26,68.05,0.74,35.694,5.807,529.75,-1.028,430.25,-1.092,4951.2002,1.847,5.8635,1.112
07-02-26,68.05,0.0,35.694,0.0,529.75,0.0,430.25,0.0,4951.2002,0.0,5.8635,0.0
08-02-26,68.05,0.0,35.694,0.0,529.75,0.0,430.25,0.0,4951.2002,0.0,5.8635,0.0
09-02-26,69.04,1.455,33.496,-6.158,528.75,-0.189,428.75,-0.349,5050.8999,2.014,5.945,1.39
10-02-26,68.8,-0.348,31.846,-4.926,528.25,-0.095,428.75,0.0,5003.7998,-0.933,5.896,-0.824
11-02-26,69.4,0.872,32.167,1.008,537.25,1.704,427.5,-0.292,5071.6001,1.355,5.949,0.899
12-02-26,67.52,-2.709,32.994,2.571,552.5,2.839,431.25,0.877,4923.7002,-2.916,5.771,-2.992
13-02-26,67.75,0.341,32.5,-1.497,548.75,-0.679,431.75,0.116,5022.0,1.996,5.7925,0.373
14-02-26,67.75,0.0,32.5,0.0,548.75,0.0,431.75,0.0,5022.0,0.0,5.7925,0.0
15-02-26,67.75,0.0,32.5,0.0,548.75,0.0,431.75,0.0,5022.0,0.0,5.7925,0.0
16-02-26,67.75,0.0,32.5,0.0,548.75,0.0,431.75,0.0,5022.0,0.0,5.7925,0.0
17-02-26,67.42,-0.487,29.822,-8.24,537.75,-2.005,426.25,-1.274,4882.8999,-2.77,5.633,-2.754
18-02-26,70.35,4.346,31.481,5.563,547.0,1.72,427.0,0.176,4986.5,2.122,5.7935,2.849
19-02-26,71.66,1.862,33.523,6.486,559.5,2.285,425.75,-0.293,4975.8999,-0.213,5.73,-1.096
20-02-26,71.76,0.14,32.029,-4.457,573.5,2.502,427.5,0.411,5059.2998,1.676,5.831,1.763
21-02-26,71.76,0.0,32.029,0.0,573.5,0.0,427.5,0.0,5059.2998,0.0,5.831,0.0
22-02-26,71.76,0.0,32.029,0.0,573.5,0.0,427.5,0.0,5059.2998,0.0,5.831,0.0
23-02-26,71.49,-0.376,31.834,-0.609,569.5,-0.697,427.5,0.0,5204.7002,2.874,5.773,-0.995
24-02-26,70.77,-1.007,30.891,-2.962,567.5,-0.351,427.75,0.058,5155.7998,-0.94,5.923,2.598
25-02-26,70.85,0.113,31.05,0.515,565.75,-0.308,430.5,0.643,5206.3999,0.981,5.9795,0.954
26-02-26,70.75,-0.141,32.224,3.781,571.75,1.061,433.25,0.639,5176.5,-0.574,5.947,-0.544
27-02-26,72.48,2.445,31.959,-0.822,591.25,3.411,438.75,1.269,5230.5,1.043,6.0045,0.967
28-02-26,72.48,0.0,31.959,0.0,591.25,0.0,438.75,0.0,5230.5,0.0,6.0045,0.0
01-03-26,72.48,0.0,31.959,0.0,591.25,0.0,438.75,0.0,5230.5,0.0,6.0045,0.0
02-03-26,77.74,7.257,44.506,39.26,574.5,-2.833,433.25,-1.254,5294.3999,1.222,5.8945,-1.832
03-03-26,81.4,4.708,54.29,21.984,572.25,-0.392,434.25,0.231,5107.3999,-3.532,5.7735,-2.053
04-03-26,81.4,0.0,48.767,-10.173,566.75,-0.961,431.75,-0.576,5120.2002,0.251,5.855,1.412
05-03-26,85.41,4.926,50.731,4.027,582.75,2.823,441.5,2.258,5065.2998,-1.072,5.753,-1.742
06-03-26,92.69,8.524,53.385,5.232,611.25,4.891,447.0,1.246,5146.1001,1.595,5.757,0.07
07-03-26,92.69,0.0,53.385,0.0,611.25,0.0,447.0,0.0,5146.1001,0.0,5.757,0.0
08-03-26,92.69,0.0,53.385,0.0,611.25,0.0,447.0,0.0,5146.1001,0.0,5.757,0.0
09-03-26,98.96,6.764,56.453,5.747,598.0,-2.168,437.5,-2.125,5091.5,-1.061,5.8005,0.756
10-03-26,87.8,-11.277,47.393,-16.049,584.75,-2.216,436.25,-0.286,5229.7002,2.714,5.904,1.784
11-03-26,91.98,4.761,49.989,5.478,588.5,0.641,444.25,1.834,5167.3999,-1.191,5.8455,-0.991
12-03-26,100.46,9.219,50.87,1.762,592.25,0.637,448.25,0.9,5115.7998,-0.999,5.8245,-0.359
13-03-26,103.14,2.668,50.115,-1.484,618.5,4.432,452.5,0.948,5052.5,-1.237,5.7145,-1.889
14-03-26,103.14,0.0,50.115,0.0,618.5,0.0,452.5,0.0,5052.5,0.0,5.7145,0.0
15-03-26,103.14,0.0,50.115,0.0,618.5,0.0,452.5,0.0,5052.5,0.0,5.7145,0.0
16-03-26,100.21,-2.841,50.887,1.54,597.25,-3.436,454.0,0.331,4994.0,-1.158,5.7905,1.33
17-03-26,103.42,3.203,51.559,1.321,589.75,-1.256,454.0,0.0,5001.0,0.14,5.7265,-1.105
18-03-26,107.38,3.829,54.662,6.018,604.25,2.459,463.25,2.037,4889.8999,-2.222,5.554,-3.012
19-03-26,108.65,1.183,61.852,13.154,608.0,0.621,469.75,1.403,4600.7002,-5.914,5.433,-2.179
20-03-26,112.19,3.258,59.255,-4.199,595.25,-2.097,465.5,-0.905,4570.3999,-0.659,5.3425,-1.666
21-03-26,112.19,0.0,59.255,0.0,595.25,0.0,465.5,0.0,4570.3999,0.0,5.3425,0.0
22-03-26,112.19,0.0,59.255,0.0,595.25,0.0,465.5,0.0,4570.3999,0.0,5.3425,0.0
23-03-26,99.94,-10.919,56.683,-4.341,587.75,-1.26,459.5,-1.289,4404.1001,-3.639,5.4395,1.816
24-03-26,104.49,4.553,54.041,-4.661,590.0,0.383,462.5,0.653,4399.2998,-0.109,5.4225,-0.313
25-03-26,102.22,-2.172,52.816,-2.267,597.75,1.314,467.25,1.027,4549.7998,3.421,5.529,1.964
26-03-26,108.01,5.664,55.218,4.548,605.0,1.213,467.0,-0.054,4375.5,-3.831,5.4465,-1.492
27-03-26,112.57,4.222,54.177,-1.885,605.0,0.0,462.0,-1.071,4492.0,2.663,5.467,0.376
28-03-26,112.57,0.0,54.177,0.0,605.0,0.0,462.0,0.0,4492.0,0.0,5.467,0.0
29-03-26,112.57,0.0,54.177,0.0,605.0,0.0,462.0,0.0,4492.0,0.0,5.467,0.0
30-03-26,112.78,0.187,54.814,1.176,607.0,0.331,455.75,-1.353,4526.0,0.757,5.476,0.165
31-03-26,118.35,4.939,50.757,-7.401,616.25,1.524,457.75,0.439,4647.6001,2.687,5.5875,2.036
01-04-26,101.16,-14.525,47.51,-6.397,597.5,-3.043,454.25,-0.765,4783.2002,2.918,5.624,0.653
02-04-26,109.03,7.78,50.044,5.334,598.25,0.126,452.25,-0.44,4651.5,-2.753,5.563,-1.085
03-04-26,109.03,0.0,50.044,0.0,598.25,0.0,452.25,0.0,4651.5,0.0,5.563,0.0
04-04-26,109.03,0.0,50.044,0.0,598.25,0.0,452.25,0.0,4651.5,0.0,5.563,0.0
05-04-26,109.03,0.0,50.044,0.0,598.25,0.0,452.25,0.0,4651.5,0.0,5.563,0.0
06-04-26,109.77,0.679,50.044,0.0,595.25,-0.501,454.0,0.387,4656.7998,0.114,5.5835,0.369
07-04-26,109.27,-0.455,53.247,6.4,598.0,0.462,449.0,-1.101,4657.1001,0.006,5.5445,-0.698
08-04-26,94.75,-13.288,45.301,-14.923,580.25,-2.968,447.25,-0.39,4749.5,1.984,5.7595,3.878
09-04-26,95.92,1.235,46.175,1.929,574.5,-0.991,444.0,-0.727,4792.2002,0.899,5.748,-0.2
10-04-26,95.2,-0.751,43.638,-5.494,571.0,-0.609,441.0,-0.676,4761.8999,-0.632,5.8705,2.131
11-04-26,95.2,0.0,43.638,0.0,571.0,0.0,441.0,0.0,4761.8999,0.0,5.8705,0.0
12-04-26,95.2,0.0,43.638,0.0,571.0,0.0,441.0,0.0,4761.8999,0.0,5.8705,0.0
13-04-26,99.36,4.37,46.413,6.359,582.25,1.97,440.25,-0.17,4742.3999,-0.41,5.976,1.797
14-04-26,94.79,-4.599,43.365,-6.567,592.0,1.675,443.0,0.625,4825.0,1.742,6.0705,1.581
15-04-26,94.93,0.148,41.399,-4.534,593.75,0.296,451.25,1.862,4800.0,-0.518,6.072,0.025
16-04-26,99.39,4.698,42.422,2.471,598.5,0.8,448.5,-0.609,4785.3999,-0.304,6.0665,-0.091
17-04-26,90.38,-9.065,38.769,-8.611,591.25,-1.211,448.75,0.056,4857.6001,1.509,6.1035,0.61
18-04-26,90.38,0.0,38.769,0.0,591.25,0.0,448.75,0.0,4857.6001,0.0,6.1035,0.0
19-04-26,90.38,0.0,38.769,0.0,591.25,0.0,448.75,0.0,4857.6001,0.0,6.1035,0.0
20-04-26,95.48,5.643,40.292,3.928,597.0,0.973,452.0,0.724,4806.6001,-1.05,6.036,-1.106
21-04-26,98.48,3.142,41.931,4.068,605.0,1.34,453.75,0.387,4698.3999,-2.251,6.0015,-0.572
22-04-26,101.91,3.483,43.552,3.866,599.25,-0.95,454.25,0.11,4732.5,0.726,6.12,1.975
23-04-26,105.07,3.101,44.496,2.168,610.75,1.919,455.5,0.275,4705.1001,-0.579,6.0755,-0.727
24-04-26,105.33,0.247,44.861,0.82,608.25,-0.409,455.0,-0.11,4722.2998,0.366,6.0235,-0.856
25-04-26,105.33,0.0,44.861,0.0,608.25,0.0,455.0,0.0,4722.2998,0.0,6.0235,0.0
26-04-26,105.33,0.0,44.861,0.0,608.25,0.0,455.0,0.0,4722.2998,0.0,6.0235,0.0
27-04-26,108.23,2.753,44.646,-0.479,621.5,2.178,460.75,1.264,4675.3999,-0.993,6.018,-0.091
28-04-26,111.26,2.8,43.594,-2.356,649.0,4.425,465.25,0.977,4591.5,-1.794,5.9145,-1.72
29-04-26,118.03,6.085,46.853,7.476,642.25,-1.04,466.5,0.269,4545.2002,-1.008,5.8785,-0.609
30-04-26,114.01,-3.406,45.987,-1.848,623.75,-2.88,464.75,-0.375,4614.7002,1.529,5.926,0.808
01-05-26,108.17,-5.122,45.766,-0.481,624.5,0.12,468.25,0.753,4629.8999,0.329,5.932,0.101
02-05-26,108.17,0.0,45.766,0.0,624.5,0.0,468.25,0.0,4629.8999,0.0,5.932,0.0
03-05-26,108.17,0.0,45.766,0.0,624.5,0.0,468.25,0.0,4629.8999,0.0,5.932,0.0
04-05-26,114.44,5.796,48.143,5.194,629.5,0.801,473.75,1.175,4519.5,-2.384,5.795,-2.31
05-05-26,109.87,-3.993,46.926,-2.528,616.5,-2.065,465.5,-1.741,4555.7998,0.803,5.943,2.554
06-05-26,101.27,-7.827,43.902,-6.444,606.0,-1.703,452.75,-2.739,4681.8999,2.768,6.1365,3.256
07-05-26,100.06,-1.195,43.561,-0.777,601.75,-0.701,452.75,0.0,4699.7998,0.382,6.1275,-0.147
08-05-26,101.29,1.229,44.143,1.336,607.5,0.956,456.25,0.773,4720.3999,0.438,6.249,1.983
09-05-26,101.29,0.0,44.143,0.0,607.5,0.0,456.25,0.0,4720.3999,0.0,6.249,0.0
10-05-26,101.29,0.0,44.143,0.0,607.5,0.0,456.25,0.0,4720.3999,0.0,6.249,0.0
11-05-26,104.21,2.883,46.233,4.735,622.25,2.428,460.75,0.986,4718.7002,-0.036,6.4135,2.632
12-05-26,107.77,3.416,46.684,0.975,665.0,6.87,467.25,1.411,4677.6001,-0.871,6.485,1.115
13-05-26,105.63,-1.986,46.92,0.506,665.0,0.0,466.5,-0.161,4697.7002,0.43,6.6355,2.321
14-05-26,105.72,0.085,47.655,1.566,647.0,-2.707,451.5,-3.215,4678.1001,-0.417,6.5675,-1.025
15-05-26,109.26,3.348,50.167,5.271,635.75,-1.739,455.75,0.941,4555.7998,-2.614,6.2515,-4.812
16-05-26,109.26,0.0,50.167,0.0,635.75,0.0,455.75,0.0,4555.7998,0.0,6.2515,0.0
17-05-26,109.26,0.0,50.167,0.0,635.75,0.0,455.75,0.0,4555.7998,0.0,6.2515,0.0
18-05-26,112.1,2.599,50.25,0.165,664.5,4.522,477.0,4.663,4552.5,-0.072,6.272,0.328
19-05-26,111.28,-0.731,51.816,3.116,667.25,0.414,475.25,-0.367,4506.2998,-1.015,6.165,-1.706
20-05-26,105.02,-5.625,49.425,-4.614,660.5,-1.012,465.75,-1.999,4531.2998,0.555,6.2905,2.036
21-05-26,102.58,-2.323,49.408,-0.034,647.5,-1.968,462.25,-0.751,4539.7998,0.188,6.257,-0.533
22-05-26,103.54,0.936,48.683,-1.467,646.25,-0.193,463.25,0.216,4521.0,-0.414,6.342,1.358
23-05-26,103.54,0.0,48.683,0.0,646.25,0.0,463.25,0.0,4521.0,0.0,6.342,0.0
24-05-26,103.54,0.0,48.683,0.0,646.25,0.0,463.25,0.0,4521.0,0.0,6.342,0.0
25-05-26,103.54,0.0,48.683,0.0,646.25,0.0,463.25,0.0,4521.0,0.0,6.342,0.0
26-05-26,99.58,-3.825,47.472,-2.488,635.5,-1.663,457.5,-1.241,4500.3999,-0.456,6.361,0.3
27-05-26,94.29,-5.312,46.413,-2.231,622.5,-2.046,452.5,-1.093,4447.5,-1.175,6.305,-0.88
28-05-26,93.71,-0.615,46.921,1.095,624.0,0.241,455.75,0.718,4499.2998,1.165,6.396,1.443
29-05-26,92.05,-1.771,46.001,-1.961,610.5,-2.163,446.75,-1.975,4560.5,1.36,6.3595,-0.571
30-05-26,92.05,0.0,46.001,0.0,610.5,0.0,446.75,0.0,4560.5,0.0,6.3595,0.0
31-05-26,92.05,0.0,46.001,0.0,610.5,0.0,446.75,0.0,4560.5,0.0,6.3595,0.0
01-06-26,94.98,3.183,49.09,6.715,608.75,-0.287,444.0,-0.616,4475.2002,-1.87,6.524,2.587
02-06-26,96.0,1.074,47.607,-3.021,603.0,-0.945,440.5,-0.788,4489.1001,0.311,6.6495,1.924
03-06-26,97.81,1.885,48.864,2.64,587.25,-2.612,431.5,-2.043,4436.7002,-1.167,6.481,-2.534
04-06-26,95.03,-2.842,48.752,-0.229,581.75,-0.937,424.5,-1.622,4475.7998,0.881,6.511,0.463
05-06-26,93.09,-2.041,48.496,-0.525,580.0,-0.301,417.5,-1.649,4337.1001,-3.099,6.2635,-3.801
06-06-26,93.09,0.0,48.496,0.0,580.0,0.0,417.5,0.0,4337.1001,0.0,6.2635,0.0
07-06-26,93.09,0.0,48.496,0.0,580.0,0.0,417.5,0.0,4337.1001,0.0,6.2635,0.0
08-06-26,94.25,1.246,49.826,2.742,583.25,0.56,418.75,0.299,4335.8999,-0.028,6.3295,1.054
09-06-26,91.45,-2.971,48.744,-2.172,585.25,0.343,419.5,0.179,4260.0,-1.75,6.3025,-0.427
10-06-26,93.1,1.804,49.989,2.554,587.5,0.384,419.0,-0.119,4108.2002,-3.563,6.249,-0.849
11-06-26,90.38,-2.922,49.69,-0.598,586.75,-0.128,411.75,-1.73,4090.3,-0.436,6.259,0.16
12-06-26,87.33,-3.375,46.773,-5.87,584.5,-0.383,412.75,0.243,4215.0,3.049,6.4305,2.74
13-06-26,87.33,0.0,46.773,0.0,584.5,0.0,412.75,0.0,4215.0,0.0,6.4305,0.0
14-06-26,87.33,0.0,46.773,0.0,584.5,0.0,412.75,0.0,4215.0,0.0,6.4305,0.0
15-06-26,83.17,-4.764,42.507,-9.121,589.75,0.898,415.5,0.666,4328.0,2.681,6.4825,0.809
16-06-26,78.96,-5.062,41.769,-1.736,596.0,1.06,413.75,-0.421,4330.8999,0.067,6.489,0.1
17-06-26,79.55,0.747,41.915,0.35,612.75,2.81,421.0,1.752,4358.8999,0.647,6.4815,-0.116
18-06-26,79.85,0.377,40.523,-3.321,605.75,-1.142,417.5,-0.831,4224.1001,-3.093,6.3745,-1.651
19-06-26,79.85,0.0,40.523,0.0,605.75,0.0,417.5,0.0,4224.1001,0.0,6.3745,0.0
20-06-26,79.85,0.0,40.523,0.0,605.75,0.0,417.5,0.0,4224.1001,0.0,6.3745,0.0
21-06-26,79.85,0.0,40.523,0.0,605.75,0.0,417.5,0.0,4224.1001,0.0,6.3745,0.0
22-06-26,77.9,-2.442,41.887,3.366,597.5,-1.362,411.5,-1.437,4181.8999,-0.999,6.3565,-0.282
23-06-26,77.08,-1.053,42.014,0.303,586.75,-1.799,409.75,-0.425,4129.8999,-1.243,6.141,-3.39
24-06-26,73.74,-4.333,40.876,-2.709,585.75,-0.17,407.0,-0.671,3990.3,-3.38,5.943,-3.224
25-06-26,75.26,2.061,40.405,-1.152,591.0,0.896,414.75,1.904,4030.5,1.007,6.0705,2.145
26-06-26,71.99,-4.345,40.782,0.933,578.25,-2.157,412.75,-0.482,4078.7,1.196,6.1415,1.17
27-06-26,71.99,0.0,40.782,0.0,578.25,0.0,412.75,0.0,4078.7,0.0,6.1415,0.0
28-06-26,71.99,0.0,40.782,0.0,578.25,0.0,412.75,0.0,4078.7,0.0,6.1415,0.0
29-06-26,73.15,1.611,42.565,4.372,569.5,-1.513,402.0,-2.604,4022.3,-1.383,6.0975,-0.716
30-06-26,72.92,-0.314,43.444,2.065,580.75,1.975,412.75,2.674,4022.8999,0.015,6.1925,1.558
01-07-26,71.57,-1.851,42.779,-1.531,592.0,1.937,421.0,1.999,4068.3,1.129,6.1235,-1.114
02-07-26,71.8,0.321,44.015,2.889,590.5,-0.253,425.0,0.95,4112.7002,1.091,6.1145,-0.147
03-07-26,71.8,0.0,44.015,0.0,590.5,0.0,425.0,0.0,4112.7002,0.0,6.1145,0.0
04-07-26,71.8,0.0,44.015,0.0,590.5,0.0,425.0,0.0,4112.7002,0.0,6.1145,0.0
05-07-26,71.8,0.0,44.015,0.0,590.5,0.0,425.0,0.0,4112.7002,0.0,6.1145,0.0
06-07-26,71.99,0.265,44.131,0.264,606.0,2.625,440.75,3.706,4155.1001,1.031,6.178,1.039
07-07-26,74.16,3.014,46.576,5.54,609.25,0.536,442.5,0.397,4145.2998,-0.236,6.1715,-0.105
08-07-26,78.02,5.205,49.022,5.252,599.5,-1.6,434.75,-1.751,4070.8999,-1.795,6.0545,-1.896
09-07-26,76.3,-2.205,50.102,2.203,611.25,1.96,427.75,-1.61,4130.6001,1.467,6.215,2.651
10-07-26,76.01,-0.38,48.655,-2.888,632.0,3.395,438.0,2.396,4104.1001,-0.642,6.2335,0.298
11-07-26,76.01,0.0,48.655,0.0,632.0,0.0,438.0,0.0,4104.1001,0.0,6.2335,0.0
12-07-26,76.01,0.0,48.655,0.0,632.0,0.0,438.0,0.0,4104.1001,0.0,6.2335,0.0
13-07-26,83.3,9.591,51.275,5.385,627.0,-0.791,437.75,-0.057,3997.0,-2.61,6.233,-0.008
14-07-26,84.73,1.717,52.959,3.284,631.25,0.678,433.75,-0.914,4061.1001,1.604,6.33,1.556
15-07-26,84.95,0.26,54.353,2.632,677.5,7.327,447.5,3.17,4044.0,-0.421,6.2935,-0.577
16-07-26,84.23,-0.848,54.785,0.795,674.75,-0.406,441.5,-1.341,3985.6001,-1.444,6.296,0.04
17-07-26,88.1,4.595,57.395,4.764,682.75,1.186,444.75,0.736,4012.7,0.68,6.22,-1.207
18-07-26,88.1,0.0,57.395,0.0,682.75,0.0,444.75,0.0,4012.7,0.0,6.22,0.0
19-07-26,88.1,0.0,57.395,0.0,682.75,0.0,444.75,0.0,4012.7,0.0,6.22,0.0
20-07-26,89.22,1.271,58.742,2.347,674.0,-1.282,449.5,1.068,4010.3,-0.06,6.299,1.27
21-07-26,91.01,2.006,59.663,1.568,678.0,0.593,452.75,0.723,4071.1001,1.516,6.511,3.366
22-07-26,94.07,3.362,62.537,4.817,705.75,4.093,462.0,2.043,4146.8999,1.862,6.451,-0.922
23-07-26,100.69,7.037,61.898,-1.022,696.25,-1.346,464.0,0.433,4046.6001,-2.419,6.305,-2.263
24-07-26,96.78,-3.883,63.575,2.709,678.0,-2.621,464.25,0.054,4067.6001,0.519,6.32,0.238
25-07-26,96.78,0.0,63.575,0.0,678.0,0.0,464.25,0.0,4067.6001,0.0,6.32,0.0
26-07-26,96.78,0.0,63.575,0.0,678.0,0.0,464.25,0.0,4067.6001,0.0,6.32,0.0
27-07-26,88.36,-8.7,58.253,-8.371,660.0,-2.655,451.75,-2.693,4074.5,0.17,6.339,0.301
28-07-26,84.09,-4.833,57.737,-0.886,662.5,0.379,458.5,1.494,4036.3,-0.938,6.322,-0.268
29-07-26,90.74,7.908,60.42,4.647,660.75,-0.264,449.0,-2.072,4034.7,-0.04,6.2735,-0.767
30-07-26,89.03,-1.885,58.181,-3.706,663.5,0.416,445.75,-0.724,4100.1001,1.621,6.4445,2.726
31-07-26,90.12,1.224,59.071,1.53,639.25,-3.655,440.75,-1.122,4049.1001,-1.244,6.436,-0.132
01-08-26,90.12,0.0,59.071,0.0,639.25,0.0,440.75,0.0,4049.1001,0.0,6.436,0.0
02-08-26,90.12,0.0,59.071,0.0,639.25,0.0,440.75,0.0,4049.1001,0.0,6.436,0.0
03-08-26,83.77,-7.046,57.505,-2.651,651.0,1.838,449.25,1.929,4033.7,-0.38,6.514,1.212
04-08-26,79.36,-5.264,55.921,-2.755,638.5,-1.92,442.25,-1.558,4095.3999,1.53,6.6185,1.604
05-08-26,79.49,0.164,53.445,-4.428,644.0,0.861,460.75,4.183,4308.6001,5.206,6.754,2.047
