date,year,month,day,weekday,is_weekday,is_weekend,day_of_year,week,season,is_holiday
01-01-20,2020,1,1,Wednesday,True,False,1,1,Winter,True
02-01-20,2020,1,2,Thursday,True,False,2,1,Winter,True
03-01-20,2020,1,3,Friday,True,False,3,1,Winter,False
04-01-20,2020,1,4,Saturday,False,True,4,1,Winter,False
05-01-20,2020,1,5,Sunday,False,True,5,1,Winter,False
06-01-20,2020,1,6,Monday,True,False,6,2,Winter,False
07-01-20,2020,1,7,Tuesday,True,False,7,2,Winter,False
08-01-20,2020,1,8,Wednesday,True,False,8,2,Winter,False
09-01-20,2020,1,9,Thursday,True,False,9,2,Winter,False
10-01-20,2020,1,10,Friday,True,False,10,2,Winter,False
11-01-20,2020,1,11,Saturday,False,True,11,2,Winter,False
12-01-20,2020,1,12,Sunday,False,True,12,2,Winter,False
13-01-20,2020,1,13,Monday,True,False,13,3,Winter,False
14-01-20,2020,1,14,Tuesday,True,False,14,3,Winter,False
15-01-20,2020,1,15,Wednesday,True,False,15,3,Winter,False
16-01-20,2020,1,16,Thursday,True,False,16,3,Winter,False
17-01-20,2020,1,17,Friday,True,False,17,3,Winter,False
18-01-20,2020,1,18,Saturday,False,True,18,3,Winter,False
19-01-20,2020,1,19,Sunday,False,True,19,3,Winter,False
20-01-20,2020,1,20,Monday,True,False,20,4,Winter,False
21-01-20,2020,1,21,Tuesday,True,False,21,4,Winter,False
22-01-20,2020,1,22,Wednesday,True,False,22,4,Winter,False
23-01-20,2020,1,23,Thursday,True,False,23,4,Winter,False
24-01-20,2020,1,24,Friday,True,False,24,4,Winter,True
25-01-20,2020,1,25,Saturday,False,True,25,4,Winter,False
26-01-20,2020,1,26,Sunday,False,True,26,4,Winter,False
27-01-20,2020,1,27,Monday,True,False,27,5,Winter,False
28-01-20,2020,1,28,Tuesday,True,False,28,5,Winter,False
29-01-20,2020,1,29,Wednesday,True,False,29,5,Winter,False
30-01-20,2020,1,30,Thursday,True,False,30,5,Winter,False
31-01-20,2020,1,31,Friday,True,False,31,5,Winter,False
01-02-20,2020,2,1,Saturday,False,True,32,5,Winter,False
02-02-20,2020,2,2,Sunday,False,True,33,5,Winter,False
03-02-20,2020,2,3,Monday,True,False,34,6,Winter,False
04-02-20,2020,2,4,Tuesday,True,False,35,6,Winter,False
05-02-20,2020,2,5,Wednesday,True,False,36,6,Winter,False
06-02-20,2020,2,6,Thursday,True,False,37,6,Winter,False
07-02-20,2020,2,7,Friday,True,False,38,6,Winter,False
08-02-20,2020,2,8,Saturday,False,True,39,6,Winter,False
09-02-20,2020,2,9,Sunday,False,True,40,6,Winter,False
10-02-20,2020,2,10,Monday,True,False,41,7,Winter,False
11-02-20,2020,2,11,Tuesday,True,False,42,7,Winter,False
12-02-20,2020,2,12,Wednesday,True,False,43,7,Winter,False
13-02-20,2020,2,13,Thursday,True,False,44,7,Winter,False
14-02-20,2020,2,14,Friday,True,False,45,7,Winter,False
15-02-20,2020,2,15,Saturday,False,True,46,7,Winter,False
16-02-20,2020,2,16,Sunday,False,True,47,7,Winter,False
17-02-20,2020,2,17,Monday,True,False,48,8,Winter,False
18-02-20,2020,2,18,Tuesday,True,False,49,8,Winter,False
19-02-20,2020,2,19,Wednesday,True,False,50,8,Winter,False
20-02-20,2020,2,20,Thursday,True,False,51,8,Winter,False
21-02-20,2020,2,21,Friday,True,False,52,8,Winter,False
22-02-20,2020,2,22,Saturday,False,True,53,8,Winter,False
23-02-20,2020,2,23,Sunday,False,True,54,8,Winter,False
24-02-20,2020,2,24,Monday,True,False,55,9,Winter,False
25-02-20,2020,2,25,Tuesday,True,False,56,9,Winter,False
26-02-20,2020,2,26,Wednesday,True,False,57,9,Winter,False
27-02-20,2020,2,27,Thursday,True,False,58,9,Winter,False
28-02-20,2020,2,28,Friday,True,False,59,9,Winter,False
29-02-20,2020,2,29,Saturday,False,True,60,9,Winter,False
01-03-20,2020,3,1,Sunday,False,True,61,9,Spring,False
02-03-20,2020,3,2,Monday,True,False,62,10,Spring,False
03-03-20,2020,3,3,Tuesday,True,False,63,10,Spring,False
04-03-20,2020,3,4,Wednesday,True,False,64,10,Spring,False
05-03-20,2020,3,5,Thursday,True,False,65,10,Spring,False
06-03-20,2020,3,6,Friday,True,False,66,10,Spring,False
07-03-20,2020,3,7,Saturday,False,True,67,10,Spring,False
08-03-20,2020,3,8,Sunday,False,True,68,10,Spring,False
09-03-20,2020,3,9,Monday,True,False,69,11,Spring,False
10-03-20,2020,3,10,Tuesday,True,False,70,11,Spring,False
11-03-20,2020,3,11,Wednesday,True,False,71,11,Spring,False
12-03-20,2020,3,12,Thursday,True,False,72,11,Spring,False
13-03-20,2020,3,13,Friday,True,False,73,11,Spring,False
14-03-20,2020,3,14,Saturday,False,True,74,11,Spring,False
15-03-20,2020,3,15,Sunday,False,True,75,11,Spring,False
16-03-20,2020,3,16,Monday,True,False,76,12,Spring,False
17-03-20,2020,3,17,Tuesday,True,False,77,12,Spring,False
18-03-20,2020,3,18,Wednesday,True,False,78,12,Spring,False
19-03-20,2020,3,19,Thursday,True,False,79,12,Spring,False
20-03-20,2020,3,20,Friday,True,False,80,12,Spring,False
21-03-20,2020,3,21,Saturday,False,True,81,12,Spring,False
22-03-20,2020,3,22,Sunday,False,True,82,12,Spring,False
23-03-20,2020,3,23,Monday,True,False,83,13,Spring,False
24-03-20,2020,3,24,Tuesday,True,False,84,13,Spring,False
25-03-20,2020,3,25,Wednesday,True,False,85,13,Spring,False
26-03-20,2020,3,26,Thursday,True,False,86,13,Spring,False
27-03-20,2020,3,27,Friday,True,False,87,13,Spring,False
28-03-20,2020,3,28,Saturday,False,True,88,13,Spring,False
29-03-20,2020,3,29,Sunday,False,True,89,13,Spring,False
30-03-20,2020,3,30,Monday,True,False,90,14,Spring,False
31-03-20,2020,3,31,Tuesday,True,False,91,14,Spring,False
01-04-20,2020,4,1,Wednesday,True,False,92,14,Spring,False
02-04-20,2020,4,2,Thursday,True,False,93,14,Spring,False
03-04-20,2020,4,3,Friday,True,False,94,14,Spring,False
04-04-20,2020,4,4,Saturday,False,True,95,14,Spring,False
05-04-20,2020,4,5,Sunday,False,True,96,14,Spring,False
06-04-20,2020,4,6,Monday,True,False,97,15,Spring,False
07-04-20,2020,4,7,Tuesday,True,False,98,15,Spring,False
08-04-20,2020,4,8,Wednesday,True,False,99,15,Spring,False
09-04-20,2020,4,9,Thursday,True,False,100,15,Spring,False
10-04-20,2020,4,10,Friday,True,False,101,15,Spring,False
11-04-20,2020,4,11,Saturday,False,True,102,15,Spring,False
12-04-20,2020,4,12,Sunday,False,True,103,15,Spring,False
13-04-20,2020,4,13,Monday,True,False,104,16,Spring,False
14-04-20,2020,4,14,Tuesday,True,False,105,16,Spring,False
15-04-20,2020,4,15,Wednesday,True,False,106,16,Spring,False
16-04-20,2020,4,16,Thursday,True,False,107,16,Spring,False
17-04-20,2020,4,17,Friday,True,False,108,16,Spring,True
18-04-20,2020,4,18,Saturday,False,True,109,16,Spring,False
19-04-20,2020,4,19,Sunday,False,True,110,16,Spring,True
20-04-20,2020,4,20,Monday,True,False,111,17,Spring,True
21-04-20,2020,4,21,Tuesday,True,False,112,17,Spring,False
22-04-20,2020,4,22,Wednesday,True,False,113,17,Spring,False
23-04-20,2020,4,23,Thursday,True,False,114,17,Spring,False
24-04-20,2020,4,24,Friday,True,False,115,17,Spring,False
25-04-20,2020,4,25,Saturday,False,True,116,17,Spring,False
26-04-20,2020,4,26,Sunday,False,True,117,17,Spring,False
27-04-20,2020,4,27,Monday,True,False,118,18,Spring,False
28-04-20,2020,4,28,Tuesday,True,False,119,18,Spring,False
29-04-20,2020,4,29,Wednesday,True,False,120,18,Spring,False
30-04-20,2020,4,30,Thursday,True,False,121,18,Spring,False
01-05-20,2020,5,1,Friday,True,False,122,18,Spring,True
02-05-20,2020,5,2,Saturday,False,True,123,18,Spring,False
03-05-20,2020,5,3,Sunday,False,True,124,18,Spring,False
04-05-20,2020,5,4,Monday,True,False,125,19,Spring,False
05-05-20,2020,5,5,Tuesday,True,False,126,19,Spring,False
06-05-20,2020,5,6,Wednesday,True,False,127,19,Spring,False
07-05-20,2020,5,7,Thursday,True,False,128,19,Spring,False
08-05-20,2020,5,8,Friday,True,False,129,19,Spring,False
09-05-20,2020,5,9,Saturday,False,True,130,19,Spring,False
10-05-20,2020,5,10,Sunday,False,True,131,19,Spring,False
11-05-20,2020,5,11,Monday,True,False,132,20,Spring,False
12-05-20,2020,5,12,Tuesday,True,False,133,20,Spring,False
13-05-20,2020,5,13,Wednesday,True,False,134,20,Spring,False
14-05-20,2020,5,14,Thursday,True,False,135,20,Spring,False
15-05-20,2020,5,15,Friday,True,False,136,20,Spring,False
16-05-20,2020,5,16,Saturday,False,True,137,20,Spring,False
17-05-20,2020,5,17,Sunday,False,True,138,20,Spring,False
18-05-20,2020,5,18,Monday,True,False,139,21,Spring,False
19-05-20,2020,5,19,Tuesday,True,False,140,21,Spring,False
20-05-20,2020,5,20,Wednesday,True,False,141,21,Spring,False
21-05-20,2020,5,21,Thursday,True,False,142,21,Spring,False
22-05-20,2020,5,22,Friday,True,False,143,21,Spring,False
23-05-20,2020,5,23,Saturday,False,True,144,21,Spring,False
24-05-20,2020,5,24,Sunday,False,True,145,21,Spring,False
25-05-20,2020,5,25,Monday,True,False,146,22,Spring,False
26-05-20,2020,5,26,Tuesday,True,False,147,22,Spring,False
27-05-20,2020,5,27,Wednesday,True,False,148,22,Spring,False
28-05-20,2020,5,28,Thursday,True,False,149,22,Spring,False
29-05-20,2020,5,29,Friday,True,False,150,22,Spring,False
30-05-20,2020,5,30,Saturday,False,True,151,22,Spring,False
31-05-20,2020,5,31,Sunday,False,True,152,22,Spring,False
01-06-20,2020,6,1,Monday,True,False,153,23,Summer,True
02-06-20,2020,6,2,Tuesday,True,False,154,23,Summer,False
03-06-20,2020,6,3,Wednesday,True,False,155,23,Summer,False
04-06-20,2020,6,4,Thursday,True,False,156,23,Summer,False
05-06-20,2020,6,5,Friday,True,False,157,23,Summer,False
06-06-20,2020,6,6,Saturday,False,True,158,23,Summer,False
07-06-20,2020,6,7,Sunday,False,True,159,23,Summer,True
08-06-20,2020,6,8,Monday,True,False,160,24,Summer,True
09-06-20,2020,6,9,Tuesday,True,False,161,24,Summer,False
10-06-20,2020,6,10,Wednesday,True,False,162,24,Summer,False
11-06-20,2020,6,11,Thursday,True,False,163,24,Summer,False
12-06-20,2020,6,12,Friday,True,False,164,24,Summer,False
13-06-20,2020,6,13,Saturday,False,True,165,24,Summer,False
14-06-20,2020,6,14,Sunday,False,True,166,24,Summer,False
15-06-20,2020,6,15,Monday,True,False,167,25,Summer,False
16-06-20,2020,6,16,Tuesday,True,False,168,25,Summer,False
17-06-20,2020,6,17,Wednesday,True,False,169,25,Summer,False
18-06-20,2020,6,18,Thursday,True,False,170,25,Summer,False
19-06-20,2020,6,19,Friday,True,False,171,25,Summer,False
20-06-20,2020,6,20,Saturday,False,True,172,25,Summer,False
21-06-20,2020,6,21,Sunday,False,True,173,25,Summer,False
22-06-20,2020,6,22,Monday,True,False,174,26,Summer,False
23-06-20,2020,6,23,Tuesday,True,False,175,26,Summer,False
24-06-20,2020,6,24,Wednesday,True,False,176,26,Summer,False
25-06-20,2020,6,25,Thursday,True,False,177,26,Summer,False
26-06-20,2020,6,26,Friday,True,False,178,26,Summer,False
27-06-20,2020,6,27,Saturday,False,True,179,26,Summer,False
28-06-20,2020,6,28,Sunday,False,True,180,26,Summer,False
29-06-20,2020,6,29,Monday,True,False,181,27,Summer,False
30-06-20,2020,6,30,Tuesday,True,False,182,27,Summer,False
01-07-20,2020,7,1,Wednesday,True,False,183,27,Summer,False
02-07-20,2020,7,2,Thursday,True,False,184,27,Summer,False
03-07-20,2020,7,3,Friday,True,False,185,27,Summer,False
04-07-20,2020,7,4,Saturday,False,True,186,27,Summer,False
05-07-20,2020,7,5,Sunday,False,True,187,27,Summer,False
06-07-20,2020,7,6,Monday,True,False,188,28,Summer,False
07-07-20,2020,7,7,Tuesday,True,False,189,28,Summer,False
08-07-20,2020,7,8,Wednesday,True,False,190,28,Summer,False
09-07-20,2020,7,9,Thursday,True,False,191,28,Summer,False
10-07-20,2020,7,10,Friday,True,False,192,28,Summer,False
11-07-20,2020,7,11,Saturday,False,True,193,28,Summer,False
12-07-20,2020,7,12,Sunday,False,True,194,28,Summer,False
13-07-20,2020,7,13,Monday,True,False,195,29,Summer,False
14-07-20,2020,7,14,Tuesday,True,False,196,29,Summer,False
15-07-20,2020,7,15,Wednesday,True,False,197,29,Summer,False
16-07-20,2020,7,16,Thursday,True,False,198,29,Summer,False
17-07-20,2020,7,17,Friday,True,False,199,29,Summer,False
18-07-20,2020,7,18,Saturday,False,True,200,29,Summer,False
19-07-20,2020,7,19,Sunday,False,True,201,29,Summer,False
20-07-20,2020,7,20,Monday,True,False,202,30,Summer,False
21-07-20,2020,7,21,Tuesday,True,False,203,30,Summer,False
22-07-20,2020,7,22,Wednesday,True,False,204,30,Summer,False
23-07-20,2020,7,23,Thursday,True,False,205,30,Summer,False
24-07-20,2020,7,24,Friday,True,False,206,30,Summer,False
25-07-20,2020,7,25,Saturday,False,True,207,30,Summer,False
26-07-20,2020,7,26,Sunday,False,True,208,30,Summer,False
27-07-20,2020,7,27,Monday,True,False,209,31,Summer,False
28-07-20,2020,7,28,Tuesday,True,False,210,31,Summer,False
29-07-20,2020,7,29,Wednesday,True,False,211,31,Summer,False
30-07-20,2020,7,30,Thursday,True,False,212,31,Summer,False
31-07-20,2020,7,31,Friday,True,False,213,31,Summer,False
01-08-20,2020,8,1,Saturday,False,True,214,31,Summer,False
02-08-20,2020,8,2,Sunday,False,True,215,31,Summer,False
03-08-20,2020,8,3,Monday,True,False,216,32,Summer,False
04-08-20,2020,8,4,Tuesday,True,False,217,32,Summer,False
05-08-20,2020,8,5,Wednesday,True,False,218,32,Summer,False
06-08-20,2020,8,6,Thursday,True,False,219,32,Summer,False
07-08-20,2020,8,7,Friday,True,False,220,32,Summer,False
08-08-20,2020,8,8,Saturday,False,True,221,32,Summer,False
09-08-20,2020,8,9,Sunday,False,True,222,32,Summer,False
10-08-20,2020,8,10,Monday,True,False,223,33,Summer,False
11-08-20,2020,8,11,Tuesday,True,False,224,33,Summer,False
12-08-20,2020,8,12,Wednesday,True,False,225,33,Summer,False
13-08-20,2020,8,13,Thursday,True,False,226,33,Summer,False
14-08-20,2020,8,14,Friday,True,False,227,33,Summer,False
15-08-20,2020,8,15,Saturday,False,True,228,33,Summer,True
16-08-20,2020,8,16,Sunday,False,True,229,33,Summer,False
17-08-20,2020,8,17,Monday,True,False,230,34,Summer,False
18-08-20,2020,8,18,Tuesday,True,False,231,34,Summer,False
19-08-20,2020,8,19,Wednesday,True,False,232,34,Summer,False
20-08-20,2020,8,20,Thursday,True,False,233,34,Summer,False
21-08-20,2020,8,21,Friday,True,False,234,34,Summer,False
22-08-20,2020,8,22,Saturday,False,True,235,34,Summer,False
23-08-20,2020,8,23,Sunday,False,True,236,34,Summer,False
24-08-20,2020,8,24,Monday,True,False,237,35,Summer,False
25-08-20,2020,8,25,Tuesday,True,False,238,35,Summer,False
26-08-20,2020,8,26,Wednesday,True,False,239,35,Summer,False
27-08-20,2020,8,27,Thursday,True,False,240,35,Summer,False
28-08-20,2020,8,28,Friday,True,False,241,35,Summer,False
29-08-20,2020,8,29,Saturday,False,True,242,35,Summer,False
30-08-20,2020,8,30,Sunday,False,True,243,35,Summer,False
31-08-20,2020,8,31,Monday,True,False,244,36,Summer,False
01-09-20,2020,9,1,Tuesday,True,False,245,36,Autumn,False
02-09-20,2020,9,2,Wednesday,True,False,246,36,Autumn,False
03-09-20,2020,9,3,Thursday,True,False,247,36,Autumn,False
04-09-20,2020,9,4,Friday,True,False,248,36,Autumn,False
05-09-20,2020,9,5,Saturday,False,True,249,36,Autumn,False
06-09-20,2020,9,6,Sunday,False,True,250,36,Autumn,False
07-09-20,2020,9,7,Monday,True,False,251,37,Autumn,False
08-09-20,2020,9,8,Tuesday,True,False,252,37,Autumn,False
09-09-20,2020,9,9,Wednesday,True,False,253,37,Autumn,False
10-09-20,2020,9,10,Thursday,True,False,254,37,Autumn,False
11-09-20,2020,9,11,Friday,True,False,255,37,Autumn,False
12-09-20,2020,9,12,Saturday,False,True,256,37,Autumn,False
13-09-20,2020,9,13,Sunday,False,True,257,37,Autumn,False
14-09-20,2020,9,14,Monday,True,False,258,38,Autumn,False
15-09-20,2020,9,15,Tuesday,True,False,259,38,Autumn,False
16-09-20,2020,9,16,Wednesday,True,False,260,38,Autumn,False
17-09-20,2020,9,17,Thursday,True,False,261,38,Autumn,False
18-09-20,2020,9,18,Friday,True,False,262,38,Autumn,False
19-09-20,2020,9,19,Saturday,False,True,263,38,Autumn,False
20-09-20,2020,9,20,Sunday,False,True,264,38,Autumn,False
21-09-20,2020,9,21,Monday,True,False,265,39,Autumn,False
22-09-20,2020,9,22,Tuesday,True,False,266,39,Autumn,False
23-09-20,2020,9,23,Wednesday,True,False,267,39,Autumn,False
24-09-20,2020,9,24,Thursday,True,False,268,39,Autumn,False
25-09-20,2020,9,25,Friday,True,False,269,39,Autumn,False
26-09-20,2020,9,26,Saturday,False,True,270,39,Autumn,False
27-09-20,2020,9,27,Sunday,False,True,271,39,Autumn,False
28-09-20,2020,9,28,Monday,True,False,272,40,Autumn,False
29-09-20,2020,9,29,Tuesday,True,False,273,40,Autumn,False
30-09-20,2020,9,30,Wednesday,True,False,274,40,Autumn,False
01-10-20,2020,10,1,Thursday,True,False,275,40,Autumn,False
02-10-20,2020,10,2,Friday,True,False,276,40,Autumn,False
03-10-20,2020,10,3,Saturday,False,True,277,40,Autumn,False
04-10-20,2020,10,4,Sunday,False,True,278,40,Autumn,False
05-10-20,2020,10,5,Monday,True,False,279,41,Autumn,False
06-10-20,2020,10,6,Tuesday,True,False,280,41,Autumn,False
07-10-20,2020,10,7,Wednesday,True,False,281,41,Autumn,False
08-10-20,2020,10,8,Thursday,True,False,282,41,Autumn,False
09-10-20,2020,10,9,Friday,True,False,283,41,Autumn,False
10-10-20,2020,10,10,Saturday,False,True,284,41,Autumn,False
11-10-20,2020,10,11,Sunday,False,True,285,41,Autumn,False
12-10-20,2020,10,12,Monday,True,False,286,42,Autumn,False
13-10-20,2020,10,13,Tuesday,True,False,287,42,Autumn,False
14-10-20,2020,10,14,Wednesday,True,False,288,42,Autumn,False
15-10-20,2020,10,15,Thursday,True,False,289,42,Autumn,False
16-10-20,2020,10,16,Friday,True,False,290,42,Autumn,False
17-10-20,2020,10,17,Saturday,False,True,291,42,Autumn,False
18-10-20,2020,10,18,Sunday,False,True,292,42,Autumn,False
19-10-20,2020,10,19,Monday,True,False,293,43,Autumn,False
20-10-20,2020,10,20,Tuesday,True,False,294,43,Autumn,False
21-10-20,2020,10,21,Wednesday,True,False,295,43,Autumn,False
22-10-20,2020,10,22,Thursday,True,False,296,43,Autumn,False
23-10-20,2020,10,23,Friday,True,False,297,43,Autumn,False
24-10-20,2020,10,24,Saturday,False,True,298,43,Autumn,False
25-10-20,2020,10,25,Sunday,False,True,299,43,Autumn,False
26-10-20,2020,10,26,Monday,True,False,300,44,Autumn,False
27-10-20,2020,10,27,Tuesday,True,False,301,44,Autumn,False
28-10-20,2020,10,28,Wednesday,True,False,302,44,Autumn,False
29-10-20,2020,10,29,Thursday,True,False,303,44,Autumn,False
30-10-20,2020,10,30,Friday,True,False,304,44,Autumn,False
31-10-20,2020,10,31,Saturday,False,True,305,44,Autumn,False
01-11-20,2020,11,1,Sunday,False,True,306,44,Autumn,False
02-11-20,2020,11,2,Monday,True,False,307,45,Autumn,False
03-11-20,2020,11,3,Tuesday,True,False,308,45,Autumn,False
04-11-20,2020,11,4,Wednesday,True,False,309,45,Autumn,False
05-11-20,2020,11,5,Thursday,True,False,310,45,Autumn,False
06-11-20,2020,11,6,Friday,True,False,311,45,Autumn,False
07-11-20,2020,11,7,Saturday,False,True,312,45,Autumn,False
08-11-20,2020,11,8,Sunday,False,True,313,45,Autumn,False
09-11-20,2020,11,9,Monday,True,False,314,46,Autumn,False
10-11-20,2020,11,10,Tuesday,True,False,315,46,Autumn,False
11-11-20,2020,11,11,Wednesday,True,False,316,46,Autumn,False
12-11-20,2020,11,12,Thursday,True,False,317,46,Autumn,False
13-11-20,2020,11,13,Friday,True,False,318,46,Autumn,False
14-11-20,2020,11,14,Saturday,False,True,319,46,Autumn,False
15-11-20,2020,11,15,Sunday,False,True,320,46,Autumn,False
16-11-20,2020,11,16,Monday,True,False,321,47,Autumn,False
17-11-20,2020,11,17,Tuesday,True,False,322,47,Autumn,False
18-11-20,2020,11,18,Wednesday,True,False,323,47,Autumn,False
19-11-20,2020,11,19,Thursday,True,False,324,47,Autumn,False
20-11-20,2020,11,20,Friday,True,False,325,47,Autumn,False
21-11-20,2020,11,21,Saturday,False,True,326,47,Autumn,False
22-11-20,2020,11,22,Sunday,False,True,327,47,Autumn,False
23-11-20,2020,11,23,Monday,True,False,328,48,Autumn,False
24-11-20,2020,11,24,Tuesday,True,False,329,48,Autumn,False
25-11-20,2020,11,25,Wednesday,True,False,330,48,Autumn,False
26-11-20,2020,11,26,Thursday,True,False,331,48,Autumn,False
27-11-20,2020,11,27,Friday,True,False,332,48,Autumn,False
28-11-20,2020,11,28,Saturday,False,True,333,48,Autumn,False
29-11-20,2020,11,29,Sunday,False,True,334,48,Autumn,False
30-11-20,2020,11,30,Monday,True,False,335,49,Autumn,True
01-12-20,2020,12,1,Tuesday,True,False,336,49,Winter,True
02-12-20,2020,12,2,Wednesday,True,False,337,49,Winter,False
03-12-20,2020,12,3,Thursday,True,False,338,49,Winter,False
04-12-20,2020,12,4,Friday,True,False,339,49,Winter,False
05-12-20,2020,12,5,Saturday,False,True,340,49,Winter,False
06-12-20,2020,12,6,Sunday,False,True,341,49,Winter,False
07-12-20,2020,12,7,Monday,True,False,342,50,Winter,False
08-12-20,2020,12,8,Tuesday,True,False,343,50,Winter,False
09-12-20,2020,12,9,Wednesday,True,False,344,50,Winter,False
10-12-20,2020,12,10,Thursday,True,False,345,50,Winter,False
11-12-20,2020,12,11,Friday,True,False,346,50,Winter,False
12-12-20,2020,12,12,Saturday,False,True,347,50,Winter,False
13-12-20,2020,12,13,Sunday,False,True,348,50,Winter,False
14-12-20,2020,12,14,Monday,True,False,349,51,Winter,False
15-12-20,2020,12,15,Tuesday,True,False,350,51,Winter,False
16-12-20,2020,12,16,Wednesday,True,False,351,51,Winter,False
17-12-20,2020,12,17,Thursday,True,False,352,51,Winter,False
18-12-20,2020,12,18,Friday,True,False,353,51,Winter,False
19-12-20,2020,12,19,Saturday,False,True,354,51,Winter,False
20-12-20,2020,12,20,Sunday,False,True,355,51,Winter,False
21-12-20,2020,12,21,Monday,True,False,356,52,Winter,False
22-12-20,2020,12,22,Tuesday,True,False,357,52,Winter,False
23-12-20,2020,12,23,Wednesday,True,False,358,52,Winter,False
24-12-20,2020,12,24,Thursday,True,False,359,52,Winter,False
25-12-20,2020,12,25,Friday,True,False,360,52,Winter,True
26-12-20,2020,12,26,Saturday,False,True,361,52,Winter,True
27-12-20,2020,12,27,Sunday,False,True,362,52,Winter,False
28-12-20,2020,12,28,Monday,True,False,363,53,Winter,False
29-12-20,2020,12,29,Tuesday,True,False,364,53,Winter,False
30-12-20,2020,12,30,Wednesday,True,False,365,53,Winter,False
31-12-20,2020,12,31,Thursday,True,False,366,53,Winter,False
01-01-21,2021,1,1,Friday,True,False,1,53,Winter,True
02-01-21,2021,1,2,Saturday,False,True,2,53,Winter,True
03-01-21,2021,1,3,Sunday,False,True,3,53,Winter,False
04-01-21,2021,1,4,Monday,True,False,4,1,Winter,False
05-01-21,2021,1,5,Tuesday,True,False,5,1,Winter,False
06-01-21,2021,1,6,Wednesday,True,False,6,1,Winter,False
07-01-21,2021,1,7,Thursday,True,False,7,1,Winter,False
08-01-21,2021,1,8,Friday,True,False,8,1,Winter,False
09-01-21,2021,1,9,Saturday,False,True,9,1,Winter,False
10-01-21,2021,1,10,Sunday,False,True,10,1,Winter,False
11-01-21,2021,1,11,Monday,True,False,11,2,Winter,False
12-01-21,2021,1,12,Tuesday,True,False,12,2,Winter,False
13-01-21,2021,1,13,Wednesday,True,False,13,2,Winter,False
14-01-21,2021,1,14,Thursday,True,False,14,2,Winter,False
15-01-21,2021,1,15,Friday,True,False,15,2,Winter,False
16-01-21,2021,1,16,Saturday,False,True,16,2,Winter,False
17-01-21,2021,1,17,Sunday,False,True,17,2,Winter,False
18-01-21,2021,1,18,Monday,True,False,18,3,Winter,False
19-01-21,2021,1,19,Tuesday,True,False,19,3,Winter,False
20-01-21,2021,1,20,Wednesday,True,False,20,3,Winter,False
21-01-21,2021,1,21,Thursday,True,False,21,3,Winter,False
22-01-21,2021,1,22,Friday,True,False,22,3,Winter,False
23-01-21,2021,1,23,Saturday,False,True,23,3,Winter,False
24-01-21,2021,1,24,Sunday,False,True,24,3,Winter,True
25-01-21,2021,1,25,Monday,True,False,25,4,Winter,False
26-01-21,2021,1,26,Tuesday,True,False,26,4,Winter,False
27-01-21,2021,1,27,Wednesday,True,False,27,4,Winter,False
28-01-21,2021,1,28,Thursday,True,False,28,4,Winter,False
29-01-21,2021,1,29,Friday,True,False,29,4,Winter,False
30-01-21,2021,1,30,Saturday,False,True,30,4,Winter,False
31-01-21,2021,1,31,Sunday,False,True,31,4,Winter,False
01-02-21,2021,2,1,Monday,True,False,32,5,Winter,False
02-02-21,2021,2,2,Tuesday,True,False,33,5,Winter,False
03-02-21,2021,2,3,Wednesday,True,False,34,5,Winter,False
04-02-21,2021,2,4,Thursday,True,False,35,5,Winter,False
05-02-21,2021,2,5,Friday,True,False,36,5,Winter,False
06-02-21,2021,2,6,Saturday,False,True,37,5,Winter,False
07-02-21,2021,2,7,Sunday,False,True,38,5,Winter,False
08-02-21,2021,2,8,Monday,True,False,39,6,Winter,False
09-02-21,2021,2,9,Tuesday,True,False,40,6,Winter,False
10-02-21,2021,2,10,Wednesday,True,False,41,6,Winter,False
11-02-21,2021,2,11,Thursday,True,False,42,6,Winter,False
12-02-21,2021,2,12,Friday,True,False,43,6,Winter,False
13-02-21,2021,2,13,Saturday,False,True,44,6,Winter,False
14-02-21,2021,2,14,Sunday,False,True,45,6,Winter,False
15-02-21,2021,2,15,Monday,True,False,46,7,Winter,False
16-02-21,2021,2,16,Tuesday,True,False,47,7,Winter,False
17-02-21,2021,2,17,Wednesday,True,False,48,7,Winter,False
18-02-21,2021,2,18,Thursday,True,False,49,7,Winter,False
19-02-21,2021,2,19,Friday,True,False,50,7,Winter,False
20-02-21,2021,2,20,Saturday,False,True,51,7,Winter,False
21-02-21,2021,2,21,Sunday,False,True,52,7,Winter,False
22-02-21,2021,2,22,Monday,True,False,53,8,Winter,False
23-02-21,2021,2,23,Tuesday,True,False,54,8,Winter,False
24-02-21,2021,2,24,Wednesday,True,False,55,8,Winter,False
25-02-21,2021,2,25,Thursday,True,False,56,8,Winter,False
26-02-21,2021,2,26,Friday,True,False,57,8,Winter,False
27-02-21,2021,2,27,Saturday,False,True,58,8,Winter,False
28-02-21,2021,2,28,Sunday,False,True,59,8,Winter,False
01-03-21,2021,3,1,Monday,True,False,60,9,Spring,False
02-03-21,2021,3,2,Tuesday,True,False,61,9,Spring,False
03-03-21,2021,3,3,Wednesday,True,False,62,9,Spring,False
04-03-21,2021,3,4,Thursday,True,False,63,9,Spring,False
05-03-21,2021,3,5,Friday,True,False,64,9,Spring,False
06-03-21,2021,3,6,Saturday,False,True,65,9,Spring,False
07-03-21,2021,3,7,Sunday,False,True,66,9,Spring,False
08-03-21,2021,3,8,Monday,True,False,67,10,Spring,False
09-03-21,2021,3,9,Tuesday,True,False,68,10,Spring,False
10-03-21,2021,3,10,Wednesday,True,False,69,10,Spring,False
11-03-21,2021,3,11,Thursday,True,False,70,10,Spring,False
12-03-21,2021,3,12,Friday,True,False,71,10,Spring,False
13-03-21,2021,3,13,Saturday,False,True,72,10,Spring,False
14-03-21,2021,3,14,Sunday,False,True,73,10,Spring,False
15-03-21,2021,3,15,Monday,True,False,74,11,Spring,False
16-03-21,2021,3,16,Tuesday,True,False,75,11,Spring,False
17-03-21,2021,3,17,Wednesday,True,False,76,11,Spring,False
18-03-21,2021,3,18,Thursday,True,False,77,11,Spring,False
19-03-21,2021,3,19,Friday,True,False,78,11,Spring,False
20-03-21,2021,3,20,Saturday,False,True,79,11,Spring,False
21-03-21,2021,3,21,Sunday,False,True,80,11,Spring,False
22-03-21,2021,3,22,Monday,True,False,81,12,Spring,False
23-03-21,2021,3,23,Tuesday,True,False,82,12,Spring,False
24-03-21,2021,3,24,Wednesday,True,False,83,12,Spring,False
25-03-21,2021,3,25,Thursday,True,False,84,12,Spring,False
26-03-21,2021,3,26,Friday,True,False,85,12,Spring,False
27-03-21,2021,3,27,Saturday,False,True,86,12,Spring,False
28-03-21,2021,3,28,Sunday,False,True,87,12,Spring,False
29-03-21,2021,3,29,Monday,True,False,88,13,Spring,False
30-03-21,2021,3,30,Tuesday,True,False,89,13,Spring,False
31-03-21,2021,3,31,Wednesday,True,False,90,13,Spring,False
01-04-21,2021,4,1,Thursday,True,False,91,13,Spring,False
02-04-21,2021,4,2,Friday,True,False,92,13,Spring,False
03-04-21,2021,4,3,Saturday,False,True,93,13,Spring,False
04-04-21,2021,4,4,Sunday,False,True,94,13,Spring,False
05-04-21,2021,4,5,Monday,True,False,95,14,Spring,False
06-04-21,2021,4,6,Tuesday,True,False,96,14,Spring,False
07-04-21,2021,4,7,Wednesday,True,False,97,14,Spring,False
08-04-21,2021,4,8,Thursday,True,False,98,14,Spring,False
09-04-21,2021,4,9,Friday,True,False,99,14,Spring,False
10-04-21,2021,4,10,Saturday,False,True,100,14,Spring,False
11-04-21,2021,4,11,Sunday,False,True,101,14,Spring,False
12-04-21,2021,4,12,Monday,True,False,102,15,Spring,False
13-04-21,2021,4,13,Tuesday,True,False,103,15,Spring,False
14-04-21,2021,4,14,Wednesday,True,False,104,15,Spring,False
15-04-21,2021,4,15,Thursday,True,False,105,15,Spring,False
16-04-21,2021,4,16,Friday,True,False,106,15,Spring,False
17-04-21,2021,4,17,Saturday,False,True,107,15,Spring,False
18-04-21,2021,4,18,Sunday,False,True,108,15,Spring,False
19-04-21,2021,4,19,Monday,True,False,109,16,Spring,False
20-04-21,2021,4,20,Tuesday,True,False,110,16,Spring,False
21-04-21,2021,4,21,Wednesday,True,False,111,16,Spring,False
22-04-21,2021,4,22,Thursday,True,False,112,16,Spring,False
23-04-21,2021,4,23,Friday,True,False,113,16,Spring,False
24-04-21,2021,4,24,Saturday,False,True,114,16,Spring,False
25-04-21,2021,4,25,Sunday,False,True,115,16,Spring,False
26-04-21,2021,4,26,Monday,True,False,116,17,Spring,False
27-04-21,2021,4,27,Tuesday,True,False,117,17,Spring,False
28-04-21,2021,4,28,Wednesday,True,False,118,17,Spring,False
29-04-21,2021,4,29,Thursday,True,False,119,17,Spring,False
30-04-21,2021,4,30,Friday,True,False,120,17,Spring,True
01-05-21,2021,5,1,Saturday,False,True,121,17,Spring,True
02-05-21,2021,5,2,Sunday,False,True,122,17,Spring,True
03-05-21,2021,5,3,Monday,True,False,123,18,Spring,True
04-05-21,2021,5,4,Tuesday,True,False,124,18,Spring,False
05-05-21,2021,5,5,Wednesday,True,False,125,18,Spring,False
06-05-21,2021,5,6,Thursday,True,False,126,18,Spring,False
07-05-21,2021,5,7,Friday,True,False,127,18,Spring,False
08-05-21,2021,5,8,Saturday,False,True,128,18,Spring,False
09-05-21,2021,5,9,Sunday,False,True,129,18,Spring,False
10-05-21,2021,5,10,Monday,True,False,130,19,Spring,False
11-05-21,2021,5,11,Tuesday,True,False,131,19,Spring,False
12-05-21,2021,5,12,Wednesday,True,False,132,19,Spring,False
13-05-21,2021,5,13,Thursday,True,False,133,19,Spring,False
14-05-21,2021,5,14,Friday,True,False,134,19,Spring,False
15-05-21,2021,5,15,Saturday,False,True,135,19,Spring,False
16-05-21,2021,5,16,Sunday,False,True,136,19,Spring,False
17-05-21,2021,5,17,Monday,True,False,137,20,Spring,False
18-05-21,2021,5,18,Tuesday,True,False,138,20,Spring,False
19-05-21,2021,5,19,Wednesday,True,False,139,20,Spring,False
20-05-21,2021,5,20,Thursday,True,False,140,20,Spring,False
21-05-21,2021,5,21,Friday,True,False,141,20,Spring,False
22-05-21,2021,5,22,Saturday,False,True,142,20,Spring,False
23-05-21,2021,5,23,Sunday,False,True,143,20,Spring,False
24-05-21,2021,5,24,Monday,True,False,144,21,Spring,False
25-05-21,2021,5,25,Tuesday,True,False,145,21,Spring,False
26-05-21,2021,5,26,Wednesday,True,False,146,21,Spring,False
27-05-21,2021,5,27,Thursday,True,False,147,21,Spring,False
28-05-21,2021,5,28,Friday,True,False,148,21,Spring,False
29-05-21,2021,5,29,Saturday,False,True,149,21,Spring,False
30-05-21,2021,5,30,Sunday,False,True,150,21,Spring,False
31-05-21,2021,5,31,Monday,True,False,151,22,Spring,False
01-06-21,2021,6,1,Tuesday,True,False,152,22,Summer,True
02-06-21,2021,6,2,Wednesday,True,False,153,22,Summer,False
03-06-21,2021,6,3,Thursday,True,False,154,22,Summer,False
04-06-21,2021,6,4,Friday,True,False,155,22,Summer,False
05-06-21,2021,6,5,Saturday,False,True,156,22,Summer,False
06-06-21,2021,6,6,Sunday,False,True,157,22,Summer,False
07-06-21,2021,6,7,Monday,True,False,158,23,Summer,False
08-06-21,2021,6,8,Tuesday,True,False,159,23,Summer,False
09-06-21,2021,6,9,Wednesday,True,False,160,23,Summer,False
10-06-21,2021,6,10,Thursday,True,False,161,23,Summer,False
11-06-21,2021,6,11,Friday,True,False,162,23,Summer,False
12-06-21,2021,6,12,Saturday,False,True,163,23,Summer,False
13-06-21,2021,6,13,Sunday,False,True,164,23,Summer,False
14-06-21,2021,6,14,Monday,True,False,165,24,Summer,False
15-06-21,2021,6,15,Tuesday,True,False,166,24,Summer,False
16-06-21,2021,6,16,Wednesday,True,False,167,24,Summer,False
17-06-21,2021,6,17,Thursday,True,False,168,24,Summer,False
18-06-21,2021,6,18,Friday,True,False,169,24,Summer,False
19-06-21,2021,6,19,Saturday,False,True,170,24,Summer,False
20-06-21,2021,6,20,Sunday,False,True,171,24,Summer,True
21-06-21,2021,6,21,Monday,True,False,172,25,Summer,True
22-06-21,2021,6,22,Tuesday,True,False,173,25,Summer,False
23-06-21,2021,6,23,Wednesday,True,False,174,25,Summer,False
24-06-21,2021,6,24,Thursday,True,False,175,25,Summer,False
25-06-21,2021,6,25,Friday,True,False,176,25,Summer,False
26-06-21,2021,6,26,Saturday,False,True,177,25,Summer,False
27-06-21,2021,6,27,Sunday,False,True,178,25,Summer,False
28-06-21,2021,6,28,Monday,True,False,179,26,Summer,False
29-06-21,2021,6,29,Tuesday,True,False,180,26,Summer,False
30-06-21,2021,6,30,Wednesday,True,False,181,26,Summer,False
01-07-21,2021,7,1,Thursday,True,False,182,26,Summer,False
02-07-21,2021,7,2,Friday,True,False,183,26,Summer,False
03-07-21,2021,7,3,Saturday,False,True,184,26,Summer,False
04-07-21,2021,7,4,Sunday,False,True,185,26,Summer,False
05-07-21,2021,7,5,Monday,True,False,186,27,Summer,False
06-07-21,2021,7,6,Tuesday,True,False,187,27,Summer,False
07-07-21,2021,7,7,Wednesday,True,False,188,27,Summer,False
08-07-21,2021,7,8,Thursday,True,False,189,27,Summer,False
09-07-21,2021,7,9,Friday,True,False,190,27,Summer,False
10-07-21,2021,7,10,Saturday,False,True,191,27,Summer,False
11-07-21,2021,7,11,Sunday,False,True,192,27,Summer,False
12-07-21,2021,7,12,Monday,True,False,193,28,Summer,False
13-07-21,2021,7,13,Tuesday,True,False,194,28,Summer,False
14-07-21,2021,7,14,Wednesday,True,False,195,28,Summer,False
15-07-21,2021,7,15,Thursday,True,False,196,28,Summer,False
16-07-21,2021,7,16,Friday,True,False,197,28,Summer,False
17-07-21,2021,7,17,Saturday,False,True,198,28,Summer,False
18-07-21,2021,7,18,Sunday,False,True,199,28,Summer,False
19-07-21,2021,7,19,Monday,True,False,200,29,Summer,False
20-07-21,2021,7,20,Tuesday,True,False,201,29,Summer,False
21-07-21,2021,7,21,Wednesday,True,False,202,29,Summer,False
22-07-21,2021,7,22,Thursday,True,False,203,29,Summer,False
23-07-21,2021,7,23,Friday,True,False,204,29,Summer,False
24-07-21,2021,7,24,Saturday,False,True,205,29,Summer,False
25-07-21,2021,7,25,Sunday,False,True,206,29,Summer,False
26-07-21,2021,7,26,Monday,True,False,207,30,Summer,False
27-07-21,2021,7,27,Tuesday,True,False,208,30,Summer,False
28-07-21,2021,7,28,Wednesday,True,False,209,30,Summer,False
29-07-21,2021,7,29,Thursday,True,False,210,30,Summer,False
30-07-21,2021,7,30,Friday,True,False,211,30,Summer,False
31-07-21,2021,7,31,Saturday,False,True,212,30,Summer,False
01-08-21,2021,8,1,Sunday,False,True,213,30,Summer,False
02-08-21,2021,8,2,Monday,True,False,214,31,Summer,False
03-08-21,2021,8,3,Tuesday,True,False,215,31,Summer,False
04-08-21,2021,8,4,Wednesday,True,False,216,31,Summer,False
05-08-21,2021,8,5,Thursday,True,False,217,31,Summer,False
06-08-21,2021,8,6,Friday,True,False,218,31,Summer,False
07-08-21,2021,8,7,Saturday,False,True,219,31,Summer,False
08-08-21,2021,8,8,Sunday,False,True,220,31,Summer,False
09-08-21,2021,8,9,Monday,True,False,221,32,Summer,False
10-08-21,2021,8,10,Tuesday,True,False,222,32,Summer,False
11-08-21,2021,8,11,Wednesday,True,False,223,32,Summer,False
12-08-21,2021,8,12,Thursday,True,False,224,32,Summer,False
13-08-21,2021,8,13,Friday,True,False,225,32,Summer,False
14-08-21,2021,8,14,Saturday,False,True,226,32,Summer,False
15-08-21,2021,8,15,Sunday,False,True,227,32,Summer,True
16-08-21,2021,8,16,Monday,True,False,228,33,Summer,False
17-08-21,2021,8,17,Tuesday,True,False,229,33,Summer,False
18-08-21,2021,8,18,Wednesday,True,False,230,33,Summer,False
19-08-21,2021,8,19,Thursday,True,False,231,33,Summer,False
20-08-21,2021,8,20,Friday,True,False,232,33,Summer,False
21-08-21,2021,8,21,Saturday,False,True,233,33,Summer,False
22-08-21,2021,8,22,Sunday,False,True,234,33,Summer,False
23-08-21,2021,8,23,Monday,True,False,235,34,Summer,False
24-08-21,2021,8,24,Tuesday,True,False,236,34,Summer,False
25-08-21,2021,8,25,Wednesday,True,False,237,34,Summer,False
26-08-21,2021,8,26,Thursday,True,False,238,34,Summer,False
27-08-21,2021,8,27,Friday,True,False,239,34,Summer,False
28-08-21,2021,8,28,Saturday,False,True,240,34,Summer,False
29-08-21,2021,8,29,Sunday,False,True,241,34,Summer,False
30-08-21,2021,8,30,Monday,True,False,242,35,Summer,False
31-08-21,2021,8,31,Tuesday,True,False,243,35,Summer,False
01-09-21,2021,9,1,Wednesday,True,False,244,35,Autumn,False
02-09-21,2021,9,2,Thursday,True,False,245,35,Autumn,False
03-09-21,2021,9,3,Friday,True,False,246,35,Autumn,False
04-09-21,2021,9,4,Saturday,False,True,247,35,Autumn,False
05-09-21,2021,9,5,Sunday,False,True,248,35,Autumn,False
06-09-21,2021,9,6,Monday,True,False,249,36,Autumn,False
07-09-21,2021,9,7,Tuesday,True,False,250,36,Autumn,False
08-09-21,2021,9,8,Wednesday,True,False,251,36,Autumn,False
09-09-21,2021,9,9,Thursday,True,False,252,36,Autumn,False
10-09-21,2021,9,10,Friday,True,False,253,36,Autumn,False
11-09-21,2021,9,11,Saturday,False,True,254,36,Autumn,False
12-09-21,2021,9,12,Sunday,False,True,255,36,Autumn,False
13-09-21,2021,9,13,Monday,True,False,256,37,Autumn,False
14-09-21,2021,9,14,Tuesday,True,False,257,37,Autumn,False
15-09-21,2021,9,15,Wednesday,True,False,258,37,Autumn,False
16-09-21,2021,9,16,Thursday,True,False,259,37,Autumn,False
17-09-21,2021,9,17,Friday,True,False,260,37,Autumn,False
18-09-21,2021,9,18,Saturday,False,True,261,37,Autumn,False
19-09-21,2021,9,19,Sunday,False,True,262,37,Autumn,False
20-09-21,2021,9,20,Monday,True,False,263,38,Autumn,False
21-09-21,2021,9,21,Tuesday,True,False,264,38,Autumn,False
22-09-21,2021,9,22,Wednesday,True,False,265,38,Autumn,False
23-09-21,2021,9,23,Thursday,True,False,266,38,Autumn,False
24-09-21,2021,9,24,Friday,True,False,267,38,Autumn,False
25-09-21,2021,9,25,Saturday,False,True,268,38,Autumn,False
26-09-21,2021,9,26,Sunday,False,True,269,38,Autumn,False
27-09-21,2021,9,27,Monday,True,False,270,39,Autumn,False
28-09-21,2021,9,28,Tuesday,True,False,271,39,Autumn,False
29-09-21,2021,9,29,Wednesday,True,False,272,39,Autumn,False
30-09-21,2021,9,30,Thursday,True,False,273,39,Autumn,False
01-10-21,2021,10,1,Friday,True,False,274,39,Autumn,False
02-10-21,2021,10,2,Saturday,False,True,275,39,Autumn,False
03-10-21,2021,10,3,Sunday,False,True,276,39,Autumn,False
04-10-21,2021,10,4,Monday,True,False,277,40,Autumn,False
05-10-21,2021,10,5,Tuesday,True,False,278,40,Autumn,False
06-10-21,2021,10,6,Wednesday,True,False,279,40,Autumn,False
07-10-21,2021,10,7,Thursday,True,False,280,40,Autumn,False
08-10-21,2021,10,8,Friday,True,False,281,40,Autumn,False
09-10-21,2021,10,9,Saturday,False,True,282,40,Autumn,False
10-10-21,2021,10,10,Sunday,False,True,283,40,Autumn,False
11-10-21,2021,10,11,Monday,True,False,284,41,Autumn,False
12-10-21,2021,10,12,Tuesday,True,False,285,41,Autumn,False
13-10-21,2021,10,13,Wednesday,True,False,286,41,Autumn,False
14-10-21,2021,10,14,Thursday,True,False,287,41,Autumn,False
15-10-21,2021,10,15,Friday,True,False,288,41,Autumn,False
16-10-21,2021,10,16,Saturday,False,True,289,41,Autumn,False
17-10-21,2021,10,17,Sunday,False,True,290,41,Autumn,False
18-10-21,2021,10,18,Monday,True,False,291,42,Autumn,False
19-10-21,2021,10,19,Tuesday,True,False,292,42,Autumn,False
20-10-21,2021,10,20,Wednesday,True,False,293,42,Autumn,False
21-10-21,2021,10,21,Thursday,True,False,294,42,Autumn,False
22-10-21,2021,10,22,Friday,True,False,295,42,Autumn,False
23-10-21,2021,10,23,Saturday,False,True,296,42,Autumn,False
24-10-21,2021,10,24,Sunday,False,True,297,42,Autumn,False
25-10-21,2021,10,25,Monday,True,False,298,43,Autumn,False
26-10-21,2021,10,26,Tuesday,True,False,299,43,Autumn,False
27-10-21,2021,10,27,Wednesday,True,False,300,43,Autumn,False
28-10-21,2021,10,28,Thursday,True,False,301,43,Autumn,False
29-10-21,2021,10,29,Friday,True,False,302,43,Autumn,False
30-10-21,2021,10,30,Saturday,False,True,303,43,Autumn,False
31-10-21,2021,10,31,Sunday,False,True,304,43,Autumn,False
01-11-21,2021,11,1,Monday,True,False,305,44,Autumn,False
02-11-21,2021,11,2,Tuesday,True,False,306,44,Autumn,False
03-11-21,2021,11,3,Wednesday,True,False,307,44,Autumn,False
04-11-21,2021,11,4,Thursday,True,False,308,44,Autumn,False
05-11-21,2021,11,5,Friday,True,False,309,44,Autumn,False
06-11-21,2021,11,6,Saturday,False,True,310,44,Autumn,False
07-11-21,2021,11,7,Sunday,False,True,311,44,Autumn,False
08-11-21,2021,11,8,Monday,True,False,312,45,Autumn,False
09-11-21,2021,11,9,Tuesday,True,False,313,45,Autumn,False
10-11-21,2021,11,10,Wednesday,True,False,314,45,Autumn,False
11-11-21,2021,11,11,Thursday,True,False,315,45,Autumn,False
12-11-21,2021,11,12,Friday,True,False,316,45,Autumn,False
13-11-21,2021,11,13,Saturday,False,True,317,45,Autumn,False
14-11-21,2021,11,14,Sunday,False,True,318,45,Autumn,False
15-11-21,2021,11,15,Monday,True,False,319,46,Autumn,False
16-11-21,2021,11,16,Tuesday,True,False,320,46,Autumn,False
17-11-21,2021,11,17,Wednesday,True,False,321,46,Autumn,False
18-11-21,2021,11,18,Thursday,True,False,322,46,Autumn,False
19-11-21,2021,11,19,Friday,True,False,323,46,Autumn,False
20-11-21,2021,11,20,Saturday,False,True,324,46,Autumn,False
21-11-21,2021,11,21,Sunday,False,True,325,46,Autumn,False
22-11-21,2021,11,22,Monday,True,False,326,47,Autumn,False
23-11-21,2021,11,23,Tuesday,True,False,327,47,Autumn,False
24-11-21,2021,11,24,Wednesday,True,False,328,47,Autumn,False
25-11-21,2021,11,25,Thursday,True,False,329,47,Autumn,False
26-11-21,2021,11,26,Friday,True,False,330,47,Autumn,False
27-11-21,2021,11,27,Saturday,False,True,331,47,Autumn,False
28-11-21,2021,11,28,Sunday,False,True,332,47,Autumn,False
29-11-21,2021,11,29,Monday,True,False,333,48,Autumn,False
30-11-21,2021,11,30,Tuesday,True,False,334,48,Autumn,True
01-12-21,2021,12,1,Wednesday,True,False,335,48,Winter,True
02-12-21,2021,12,2,Thursday,True,False,336,48,Winter,False
03-12-21,2021,12,3,Friday,True,False,337,48,Winter,False
04-12-21,2021,12,4,Saturday,False,True,338,48,Winter,False
05-12-21,2021,12,5,Sunday,False,True,339,48,Winter,False
06-12-21,2021,12,6,Monday,True,False,340,49,Winter,False
07-12-21,2021,12,7,Tuesday,True,False,341,49,Winter,False
08-12-21,2021,12,8,Wednesday,True,False,342,49,Winter,False
09-12-21,2021,12,9,Thursday,True,False,343,49,Winter,False
10-12-21,2021,12,10,Friday,True,False,344,49,Winter,False
11-12-21,2021,12,11,Saturday,False,True,345,49,Winter,False
12-12-21,2021,12,12,Sunday,False,True,346,49,Winter,False
13-12-21,2021,12,13,Monday,True,False,347,50,Winter,False
14-12-21,2021,12,14,Tuesday,True,False,348,50,Winter,False
15-12-21,2021,12,15,Wednesday,True,False,349,50,Winter,False
16-12-21,2021,12,16,Thursday,True,False,350,50,Winter,False
17-12-21,2021,12,17,Friday,True,False,351,50,Winter,False
18-12-21,2021,12,18,Saturday,False,True,352,50,Winter,False
19-12-21,2021,12,19,Sunday,False,True,353,50,Winter,False
20-12-21,2021,12,20,Monday,True,False,354,51,Winter,False
21-12-21,2021,12,21,Tuesday,True,False,355,51,Winter,False
22-12-21,2021,12,22,Wednesday,True,False,356,51,Winter,False
23-12-21,2021,12,23,Thursday,True,False,357,51,Winter,False
24-12-21,2021,12,24,Friday,True,False,358,51,Winter,False
25-12-21,2021,12,25,Saturday,False,True,359,51,Winter,True
26-12-21,2021,12,26,Sunday,False,True,360,51,Winter,True
27-12-21,2021,12,27,Monday,True,False,361,52,Winter,False
28-12-21,2021,12,28,Tuesday,True,False,362,52,Winter,False
29-12-21,2021,12,29,Wednesday,True,False,363,52,Winter,False
30-12-21,2021,12,30,Thursday,True,False,364,52,Winter,False
31-12-21,2021,12,31,Friday,True,False,365,52,Winter,False
01-01-22,2022,1,1,Saturday,False,True,1,52,Winter,True
02-01-22,2022,1,2,Sunday,False,True,2,52,Winter,True
03-01-22,2022,1,3,Monday,True,False,3,1,Winter,False
04-01-22,2022,1,4,Tuesday,True,False,4,1,Winter,False
05-01-22,2022,1,5,Wednesday,True,False,5,1,Winter,False
06-01-22,2022,1,6,Thursday,True,False,6,1,Winter,False
07-01-22,2022,1,7,Friday,True,False,7,1,Winter,False
08-01-22,2022,1,8,Saturday,False,True,8,1,Winter,False
09-01-22,2022,1,9,Sunday,False,True,9,1,Winter,False
10-01-22,2022,1,10,Monday,True,False,10,2,Winter,False
11-01-22,2022,1,11,Tuesday,True,False,11,2,Winter,False
12-01-22,2022,1,12,Wednesday,True,False,12,2,Winter,False
13-01-22,2022,1,13,Thursday,True,False,13,2,Winter,False
14-01-22,2022,1,14,Friday,True,False,14,2,Winter,False
15-01-22,2022,1,15,Saturday,False,True,15,2,Winter,False
16-01-22,2022,1,16,Sunday,False,True,16,2,Winter,False
17-01-22,2022,1,17,Monday,True,False,17,3,Winter,False
18-01-22,2022,1,18,Tuesday,True,False,18,3,Winter,False
19-01-22,2022,1,19,Wednesday,True,False,19,3,Winter,False
20-01-22,2022,1,20,Thursday,True,False,20,3,Winter,False
21-01-22,2022,1,21,Friday,True,False,21,3,Winter,False
22-01-22,2022,1,22,Saturday,False,True,22,3,Winter,False
23-01-22,2022,1,23,Sunday,False,True,23,3,Winter,False
24-01-22,2022,1,24,Monday,True,False,24,4,Winter,True
25-01-22,2022,1,25,Tuesday,True,False,25,4,Winter,False
26-01-22,2022,1,26,Wednesday,True,False,26,4,Winter,False
27-01-22,2022,1,27,Thursday,True,False,27,4,Winter,False
28-01-22,2022,1,28,Friday,True,False,28,4,Winter,False
29-01-22,2022,1,29,Saturday,False,True,29,4,Winter,False
30-01-22,2022,1,30,Sunday,False,True,30,4,Winter,False
31-01-22,2022,1,31,Monday,True,False,31,5,Winter,False
01-02-22,2022,2,1,Tuesday,True,False,32,5,Winter,False
02-02-22,2022,2,2,Wednesday,True,False,33,5,Winter,False
03-02-22,2022,2,3,Thursday,True,False,34,5,Winter,False
04-02-22,2022,2,4,Friday,True,False,35,5,Winter,False
05-02-22,2022,2,5,Saturday,False,True,36,5,Winter,False
06-02-22,2022,2,6,Sunday,False,True,37,5,Winter,False
07-02-22,2022,2,7,Monday,True,False,38,6,Winter,False
08-02-22,2022,2,8,Tuesday,True,False,39,6,Winter,False
09-02-22,2022,2,9,Wednesday,True,False,40,6,Winter,False
10-02-22,2022,2,10,Thursday,True,False,41,6,Winter,False
11-02-22,2022,2,11,Friday,True,False,42,6,Winter,False
12-02-22,2022,2,12,Saturday,False,True,43,6,Winter,False
13-02-22,2022,2,13,Sunday,False,True,44,6,Winter,False
14-02-22,2022,2,14,Monday,True,False,45,7,Winter,False
15-02-22,2022,2,15,Tuesday,True,False,46,7,Winter,False
16-02-22,2022,2,16,Wednesday,True,False,47,7,Winter,False
17-02-22,2022,2,17,Thursday,True,False,48,7,Winter,False
18-02-22,2022,2,18,Friday,True,False,49,7,Winter,False
19-02-22,2022,2,19,Saturday,False,True,50,7,Winter,False
20-02-22,2022,2,20,Sunday,False,True,51,7,Winter,False
21-02-22,2022,2,21,Monday,True,False,52,8,Winter,False
22-02-22,2022,2,22,Tuesday,True,False,53,8,Winter,False
23-02-22,2022,2,23,Wednesday,True,False,54,8,Winter,False
24-02-22,2022,2,24,Thursday,True,False,55,8,Winter,False
25-02-22,2022,2,25,Friday,True,False,56,8,Winter,False
26-02-22,2022,2,26,Saturday,False,True,57,8,Winter,False
27-02-22,2022,2,27,Sunday,False,True,58,8,Winter,False
28-02-22,2022,2,28,Monday,True,False,59,9,Winter,False
01-03-22,2022,3,1,Tuesday,True,False,60,9,Spring,False
02-03-22,2022,3,2,Wednesday,True,False,61,9,Spring,False
03-03-22,2022,3,3,Thursday,True,False,62,9,Spring,False
04-03-22,2022,3,4,Friday,True,False,63,9,Spring,False
05-03-22,2022,3,5,Saturday,False,True,64,9,Spring,False
06-03-22,2022,3,6,Sunday,False,True,65,9,Spring,False
07-03-22,2022,3,7,Monday,True,False,66,10,Spring,False
08-03-22,2022,3,8,Tuesday,True,False,67,10,Spring,False
09-03-22,2022,3,9,Wednesday,True,False,68,10,Spring,False
10-03-22,2022,3,10,Thursday,True,False,69,10,Spring,False
11-03-22,2022,3,11,Friday,True,False,70,10,Spring,False
12-03-22,2022,3,12,Saturday,False,True,71,10,Spring,False
13-03-22,2022,3,13,Sunday,False,True,72,10,Spring,False
14-03-22,2022,3,14,Monday,True,False,73,11,Spring,False
15-03-22,2022,3,15,Tuesday,True,False,74,11,Spring,False
16-03-22,2022,3,16,Wednesday,True,False,75,11,Spring,False
17-03-22,2022,3,17,Thursday,True,False,76,11,Spring,False
18-03-22,2022,3,18,Friday,True,False,77,11,Spring,False
19-03-22,2022,3,19,Saturday,False,True,78,11,Spring,False
20-03-22,2022,3,20,Sunday,False,True,79,11,Spring,False
21-03-22,2022,3,21,Monday,True,False,80,12,Spring,False
22-03-22,2022,3,22,Tuesday,True,False,81,12,Spring,False
23-03-22,2022,3,23,Wednesday,True,False,82,12,Spring,False
24-03-22,2022,3,24,Thursday,True,False,83,12,Spring,False
25-03-22,2022,3,25,Friday,True,False,84,12,Spring,False
26-03-22,2022,3,26,Saturday,False,True,85,12,Spring,False
27-03-22,2022,3,27,Sunday,False,True,86,12,Spring,False
28-03-22,2022,3,28,Monday,True,False,87,13,Spring,False
29-03-22,2022,3,29,Tuesday,True,False,88,13,Spring,False
30-03-22,2022,3,30,Wednesday,True,False,89,13,Spring,False
31-03-22,2022,3,31,Thursday,True,False,90,13,Spring,False
01-04-22,2022,4,1,Friday,True,False,91,13,Spring,False
02-04-22,2022,4,2,Saturday,False,True,92,13,Spring,False
03-04-22,2022,4,3,Sunday,False,True,93,13,Spring,False
04-04-22,2022,4,4,Monday,True,False,94,14,Spring,False
05-04-22,2022,4,5,Tuesday,True,False,95,14,Spring,False
06-04-22,2022,4,6,Wednesday,True,False,96,14,Spring,False
07-04-22,2022,4,7,Thursday,True,False,97,14,Spring,False
08-04-22,2022,4,8,Friday,True,False,98,14,Spring,False
09-04-22,2022,4,9,Saturday,False,True,99,14,Spring,False
10-04-22,2022,4,10,Sunday,False,True,100,14,Spring,False
11-04-22,2022,4,11,Monday,True,False,101,15,Spring,False
12-04-22,2022,4,12,Tuesday,True,False,102,15,Spring,False
13-04-22,2022,4,13,Wednesday,True,False,103,15,Spring,False
14-04-22,2022,4,14,Thursday,True,False,104,15,Spring,False
15-04-22,2022,4,15,Friday,True,False,105,15,Spring,False
16-04-22,2022,4,16,Saturday,False,True,106,15,Spring,False
17-04-22,2022,4,17,Sunday,False,True,107,15,Spring,False
18-04-22,2022,4,18,Monday,True,False,108,16,Spring,False
19-04-22,2022,4,19,Tuesday,True,False,109,16,Spring,False
20-04-22,2022,4,20,Wednesday,True,False,110,16,Spring,False
21-04-22,2022,4,21,Thursday,True,False,111,16,Spring,False
22-04-22,2022,4,22,Friday,True,False,112,16,Spring,True
23-04-22,2022,4,23,Saturday,False,True,113,16,Spring,False
24-04-22,2022,4,24,Sunday,False,True,114,16,Spring,True
25-04-22,2022,4,25,Monday,True,False,115,17,Spring,True
26-04-22,2022,4,26,Tuesday,True,False,116,17,Spring,False
27-04-22,2022,4,27,Wednesday,True,False,117,17,Spring,False
28-04-22,2022,4,28,Thursday,True,False,118,17,Spring,False
29-04-22,2022,4,29,Friday,True,False,119,17,Spring,False
30-04-22,2022,4,30,Saturday,False,True,120,17,Spring,False
01-05-22,2022,5,1,Sunday,False,True,121,17,Spring,True
02-05-22,2022,5,2,Monday,True,False,122,18,Spring,False
03-05-22,2022,5,3,Tuesday,True,False,123,18,Spring,False
04-05-22,2022,5,4,Wednesday,True,False,124,18,Spring,False
05-05-22,2022,5,5,Thursday,True,False,125,18,Spring,False
06-05-22,2022,5,6,Friday,True,False,126,18,Spring,False
07-05-22,2022,5,7,Saturday,False,True,127,18,Spring,False
08-05-22,2022,5,8,Sunday,False,True,128,18,Spring,False
09-05-22,2022,5,9,Monday,True,False,129,19,Spring,False
10-05-22,2022,5,10,Tuesday,True,False,130,19,Spring,False
11-05-22,2022,5,11,Wednesday,True,False,131,19,Spring,False
12-05-22,2022,5,12,Thursday,True,False,132,19,Spring,False
13-05-22,2022,5,13,Friday,True,False,133,19,Spring,False
14-05-22,2022,5,14,Saturday,False,True,134,19,Spring,False
15-05-22,2022,5,15,Sunday,False,True,135,19,Spring,False
16-05-22,2022,5,16,Monday,True,False,136,20,Spring,False
17-05-22,2022,5,17,Tuesday,True,False,137,20,Spring,False
18-05-22,2022,5,18,Wednesday,True,False,138,20,Spring,False
19-05-22,2022,5,19,Thursday,True,False,139,20,Spring,False
20-05-22,2022,5,20,Friday,True,False,140,20,Spring,False
21-05-22,2022,5,21,Saturday,False,True,141,20,Spring,False
22-05-22,2022,5,22,Sunday,False,True,142,20,Spring,False
23-05-22,2022,5,23,Monday,True,False,143,21,Spring,False
24-05-22,2022,5,24,Tuesday,True,False,144,21,Spring,False
25-05-22,2022,5,25,Wednesday,True,False,145,21,Spring,False
26-05-22,2022,5,26,Thursday,True,False,146,21,Spring,False
27-05-22,2022,5,27,Friday,True,False,147,21,Spring,False
28-05-22,2022,5,28,Saturday,False,True,148,21,Spring,False
29-05-22,2022,5,29,Sunday,False,True,149,21,Spring,False
30-05-22,2022,5,30,Monday,True,False,150,22,Spring,False
31-05-22,2022,5,31,Tuesday,True,False,151,22,Spring,False
01-06-22,2022,6,1,Wednesday,True,False,152,22,Summer,True
02-06-22,2022,6,2,Thursday,True,False,153,22,Summer,False
03-06-22,2022,6,3,Friday,True,False,154,22,Summer,False
04-06-22,2022,6,4,Saturday,False,True,155,22,Summer,False
05-06-22,2022,6,5,Sunday,False,True,156,22,Summer,False
06-06-22,2022,6,6,Monday,True,False,157,23,Summer,False
07-06-22,2022,6,7,Tuesday,True,False,158,23,Summer,False
08-06-22,2022,6,8,Wednesday,True,False,159,23,Summer,False
09-06-22,2022,6,9,Thursday,True,False,160,23,Summer,False
10-06-22,2022,6,10,Friday,True,False,161,23,Summer,False
11-06-22,2022,6,11,Saturday,False,True,162,23,Summer,False
12-06-22,2022,6,12,Sunday,False,True,163,23,Summer,True
13-06-22,2022,6,13,Monday,True,False,164,24,Summer,True
14-06-22,2022,6,14,Tuesday,True,False,165,24,Summer,False
15-06-22,2022,6,15,Wednesday,True,False,166,24,Summer,False
16-06-22,2022,6,16,Thursday,True,False,167,24,Summer,False
17-06-22,2022,6,17,Friday,True,False,168,24,Summer,False
18-06-22,2022,6,18,Saturday,False,True,169,24,Summer,False
19-06-22,2022,6,19,Sunday,False,True,170,24,Summer,False
20-06-22,2022,6,20,Monday,True,False,171,25,Summer,False
21-06-22,2022,6,21,Tuesday,True,False,172,25,Summer,False
22-06-22,2022,6,22,Wednesday,True,False,173,25,Summer,False
23-06-22,2022,6,23,Thursday,True,False,174,25,Summer,False
24-06-22,2022,6,24,Friday,True,False,175,25,Summer,False
25-06-22,2022,6,25,Saturday,False,True,176,25,Summer,False
26-06-22,2022,6,26,Sunday,False,True,177,25,Summer,False
27-06-22,2022,6,27,Monday,True,False,178,26,Summer,False
28-06-22,2022,6,28,Tuesday,True,False,179,26,Summer,False
29-06-22,2022,6,29,Wednesday,True,False,180,26,Summer,False
30-06-22,2022,6,30,Thursday,True,False,181,26,Summer,False
01-07-22,2022,7,1,Friday,True,False,182,26,Summer,False
02-07-22,2022,7,2,Saturday,False,True,183,26,Summer,False
03-07-22,2022,7,3,Sunday,False,True,184,26,Summer,False
04-07-22,2022,7,4,Monday,True,False,185,27,Summer,False
05-07-22,2022,7,5,Tuesday,True,False,186,27,Summer,False
06-07-22,2022,7,6,Wednesday,True,False,187,27,Summer,False
07-07-22,2022,7,7,Thursday,True,False,188,27,Summer,False
08-07-22,2022,7,8,Friday,True,False,189,27,Summer,False
09-07-22,2022,7,9,Saturday,False,True,190,27,Summer,False
10-07-22,2022,7,10,Sunday,False,True,191,27,Summer,False
11-07-22,2022,7,11,Monday,True,False,192,28,Summer,False
12-07-22,2022,7,12,Tuesday,True,False,193,28,Summer,False
13-07-22,2022,7,13,Wednesday,True,False,194,28,Summer,False
14-07-22,2022,7,14,Thursday,True,False,195,28,Summer,False
15-07-22,2022,7,15,Friday,True,False,196,28,Summer,False
16-07-22,2022,7,16,Saturday,False,True,197,28,Summer,False
17-07-22,2022,7,17,Sunday,False,True,198,28,Summer,False
18-07-22,2022,7,18,Monday,True,False,199,29,Summer,False
19-07-22,2022,7,19,Tuesday,True,False,200,29,Summer,False
20-07-22,2022,7,20,Wednesday,True,False,201,29,Summer,False
21-07-22,2022,7,21,Thursday,True,False,202,29,Summer,False
22-07-22,2022,7,22,Friday,True,False,203,29,Summer,False
23-07-22,2022,7,23,Saturday,False,True,204,29,Summer,False
24-07-22,2022,7,24,Sunday,False,True,205,29,Summer,False
25-07-22,2022,7,25,Monday,True,False,206,30,Summer,False
26-07-22,2022,7,26,Tuesday,True,False,207,30,Summer,False
27-07-22,2022,7,27,Wednesday,True,False,208,30,Summer,False
28-07-22,2022,7,28,Thursday,True,False,209,30,Summer,False
29-07-22,2022,7,29,Friday,True,False,210,30,Summer,False
30-07-22,2022,7,30,Saturday,False,True,211,30,Summer,False
31-07-22,2022,7,31,Sunday,False,True,212,30,Summer,False
01-08-22,2022,8,1,Monday,True,False,213,31,Summer,False
02-08-22,2022,8,2,Tuesday,True,False,214,31,Summer,False
03-08-22,2022,8,3,Wednesday,True,False,215,31,Summer,False
04-08-22,2022,8,4,Thursday,True,False,216,31,Summer,False
05-08-22,2022,8,5,Friday,True,False,217,31,Summer,False
06-08-22,2022,8,6,Saturday,False,True,218,31,Summer,False
07-08-22,2022,8,7,Sunday,False,True,219,31,Summer,False
08-08-22,2022,8,8,Monday,True,False,220,32,Summer,False
09-08-22,2022,8,9,Tuesday,True,False,221,32,Summer,False
10-08-22,2022,8,10,Wednesday,True,False,222,32,Summer,False
11-08-22,2022,8,11,Thursday,True,False,223,32,Summer,False
12-08-22,2022,8,12,Friday,True,False,224,32,Summer,False
13-08-22,2022,8,13,Saturday,False,True,225,32,Summer,False
14-08-22,2022,8,14,Sunday,False,True,226,32,Summer,False
15-08-22,2022,8,15,Monday,True,False,227,33,Summer,True
16-08-22,2022,8,16,Tuesday,True,False,228,33,Summer,False
17-08-22,2022,8,17,Wednesday,True,False,229,33,Summer,False
18-08-22,2022,8,18,Thursday,True,False,230,33,Summer,False
19-08-22,2022,8,19,Friday,True,False,231,33,Summer,False
20-08-22,2022,8,20,Saturday,False,True,232,33,Summer,False
21-08-22,2022,8,21,Sunday,False,True,233,33,Summer,False
22-08-22,2022,8,22,Monday,True,False,234,34,Summer,False
23-08-22,2022,8,23,Tuesday,True,False,235,34,Summer,False
24-08-22,2022,8,24,Wednesday,True,False,236,34,Summer,False
25-08-22,2022,8,25,Thursday,True,False,237,34,Summer,False
26-08-22,2022,8,26,Friday,True,False,238,34,Summer,False
27-08-22,2022,8,27,Saturday,False,True,239,34,Summer,False
28-08-22,2022,8,28,Sunday,False,True,240,34,Summer,False
29-08-22,2022,8,29,Monday,True,False,241,35,Summer,False
30-08-22,2022,8,30,Tuesday,True,False,242,35,Summer,False
31-08-22,2022,8,31,Wednesday,True,False,243,35,Summer,False
01-09-22,2022,9,1,Thursday,True,False,244,35,Autumn,False
02-09-22,2022,9,2,Friday,True,False,245,35,Autumn,False
03-09-22,2022,9,3,Saturday,False,True,246,35,Autumn,False
04-09-22,2022,9,4,Sunday,False,True,247,35,Autumn,False
05-09-22,2022,9,5,Monday,True,False,248,36,Autumn,False
06-09-22,2022,9,6,Tuesday,True,False,249,36,Autumn,False
07-09-22,2022,9,7,Wednesday,True,False,250,36,Autumn,False
08-09-22,2022,9,8,Thursday,True,False,251,36,Autumn,False
09-09-22,2022,9,9,Friday,True,False,252,36,Autumn,False
10-09-22,2022,9,10,Saturday,False,True,253,36,Autumn,False
11-09-22,2022,9,11,Sunday,False,True,254,36,Autumn,False
12-09-22,2022,9,12,Monday,True,False,255,37,Autumn,False
13-09-22,2022,9,13,Tuesday,True,False,256,37,Autumn,False
14-09-22,2022,9,14,Wednesday,True,False,257,37,Autumn,False
15-09-22,2022,9,15,Thursday,True,False,258,37,Autumn,False
16-09-22,2022,9,16,Friday,True,False,259,37,Autumn,False
17-09-22,2022,9,17,Saturday,False,True,260,37,Autumn,False
18-09-22,2022,9,18,Sunday,False,True,261,37,Autumn,False
19-09-22,2022,9,19,Monday,True,False,262,38,Autumn,False
20-09-22,2022,9,20,Tuesday,True,False,263,38,Autumn,False
21-09-22,2022,9,21,Wednesday,True,False,264,38,Autumn,False
22-09-22,2022,9,22,Thursday,True,False,265,38,Autumn,False
23-09-22,2022,9,23,Friday,True,False,266,38,Autumn,False
24-09-22,2022,9,24,Saturday,False,True,267,38,Autumn,False
25-09-22,2022,9,25,Sunday,False,True,268,38,Autumn,False
26-09-22,2022,9,26,Monday,True,False,269,39,Autumn,False
27-09-22,2022,9,27,Tuesday,True,False,270,39,Autumn,False
28-09-22,2022,9,28,Wednesday,True,False,271,39,Autumn,False
29-09-22,2022,9,29,Thursday,True,False,272,39,Autumn,False
30-09-22,2022,9,30,Friday,True,False,273,39,Autumn,False
01-10-22,2022,10,1,Saturday,False,True,274,39,Autumn,False
02-10-22,2022,10,2,Sunday,False,True,275,39,Autumn,False
03-10-22,2022,10,3,Monday,True,False,276,40,Autumn,False
04-10-22,2022,10,4,Tuesday,True,False,277,40,Autumn,False
05-10-22,2022,10,5,Wednesday,True,False,278,40,Autumn,False
06-10-22,2022,10,6,Thursday,True,False,279,40,Autumn,False
07-10-22,2022,10,7,Friday,True,False,280,40,Autumn,False
08-10-22,2022,10,8,Saturday,False,True,281,40,Autumn,False
09-10-22,2022,10,9,Sunday,False,True,282,40,Autumn,False
10-10-22,2022,10,10,Monday,True,False,283,41,Autumn,False
11-10-22,2022,10,11,Tuesday,True,False,284,41,Autumn,False
12-10-22,2022,10,12,Wednesday,True,False,285,41,Autumn,False
13-10-22,2022,10,13,Thursday,True,False,286,41,Autumn,False
14-10-22,2022,10,14,Friday,True,False,287,41,Autumn,False
15-10-22,2022,10,15,Saturday,False,True,288,41,Autumn,False
16-10-22,2022,10,16,Sunday,False,True,289,41,Autumn,False
17-10-22,2022,10,17,Monday,True,False,290,42,Autumn,False
18-10-22,2022,10,18,Tuesday,True,False,291,42,Autumn,False
19-10-22,2022,10,19,Wednesday,True,False,292,42,Autumn,False
20-10-22,2022,10,20,Thursday,True,False,293,42,Autumn,False
21-10-22,2022,10,21,Friday,True,False,294,42,Autumn,False
22-10-22,2022,10,22,Saturday,False,True,295,42,Autumn,False
23-10-22,2022,10,23,Sunday,False,True,296,42,Autumn,False
24-10-22,2022,10,24,Monday,True,False,297,43,Autumn,False
25-10-22,2022,10,25,Tuesday,True,False,298,43,Autumn,False
26-10-22,2022,10,26,Wednesday,True,False,299,43,Autumn,False
27-10-22,2022,10,27,Thursday,True,False,300,43,Autumn,False
28-10-22,2022,10,28,Friday,True,False,301,43,Autumn,False
29-10-22,2022,10,29,Saturday,False,True,302,43,Autumn,False
30-10-22,2022,10,30,Sunday,False,True,303,43,Autumn,False
31-10-22,2022,10,31,Monday,True,False,304,44,Autumn,False
01-11-22,2022,11,1,Tuesday,True,False,305,44,Autumn,False
02-11-22,2022,11,2,Wednesday,True,False,306,44,Autumn,False
03-11-22,2022,11,3,Thursday,True,False,307,44,Autumn,False
04-11-22,2022,11,4,Friday,True,False,308,44,Autumn,False
05-11-22,2022,11,5,Saturday,False,True,309,44,Autumn,False
06-11-22,2022,11,6,Sunday,False,True,310,44,Autumn,False
07-11-22,2022,11,7,Monday,True,False,311,45,Autumn,False
08-11-22,2022,11,8,Tuesday,True,False,312,45,Autumn,False
09-11-22,2022,11,9,Wednesday,True,False,313,45,Autumn,False
10-11-22,2022,11,10,Thursday,True,False,314,45,Autumn,False
11-11-22,2022,11,11,Friday,True,False,315,45,Autumn,False
12-11-22,2022,11,12,Saturday,False,True,316,45,Autumn,False
13-11-22,2022,11,13,Sunday,False,True,317,45,Autumn,False
14-11-22,2022,11,14,Monday,True,False,318,46,Autumn,False
15-11-22,2022,11,15,Tuesday,True,False,319,46,Autumn,False
16-11-22,2022,11,16,Wednesday,True,False,320,46,Autumn,False
17-11-22,2022,11,17,Thursday,True,False,321,46,Autumn,False
18-11-22,2022,11,18,Friday,True,False,322,46,Autumn,False
19-11-22,2022,11,19,Saturday,False,True,323,46,Autumn,False
20-11-22,2022,11,20,Sunday,False,True,324,46,Autumn,False
21-11-22,2022,11,21,Monday,True,False,325,47,Autumn,False
22-11-22,2022,11,22,Tuesday,True,False,326,47,Autumn,False
23-11-22,2022,11,23,Wednesday,True,False,327,47,Autumn,False
24-11-22,2022,11,24,Thursday,True,False,328,47,Autumn,False
25-11-22,2022,11,25,Friday,True,False,329,47,Autumn,False
26-11-22,2022,11,26,Saturday,False,True,330,47,Autumn,False
27-11-22,2022,11,27,Sunday,False,True,331,47,Autumn,False
28-11-22,2022,11,28,Monday,True,False,332,48,Autumn,False
29-11-22,2022,11,29,Tuesday,True,False,333,48,Autumn,False
30-11-22,2022,11,30,Wednesday,True,False,334,48,Autumn,True
01-12-22,2022,12,1,Thursday,True,False,335,48,Winter,True
02-12-22,2022,12,2,Friday,True,False,336,48,Winter,False
03-12-22,2022,12,3,Saturday,False,True,337,48,Winter,False
04-12-22,2022,12,4,Sunday,False,True,338,48,Winter,False
05-12-22,2022,12,5,Monday,True,False,339,49,Winter,False
06-12-22,2022,12,6,Tuesday,True,False,340,49,Winter,False
07-12-22,2022,12,7,Wednesday,True,False,341,49,Winter,False
08-12-22,2022,12,8,Thursday,True,False,342,49,Winter,False
09-12-22,2022,12,9,Friday,True,False,343,49,Winter,False
10-12-22,2022,12,10,Saturday,False,True,344,49,Winter,False
11-12-22,2022,12,11,Sunday,False,True,345,49,Winter,False
12-12-22,2022,12,12,Monday,True,False,346,50,Winter,False
13-12-22,2022,12,13,Tuesday,True,False,347,50,Winter,False
14-12-22,2022,12,14,Wednesday,True,False,348,50,Winter,False
15-12-22,2022,12,15,Thursday,True,False,349,50,Winter,False
16-12-22,2022,12,16,Friday,True,False,350,50,Winter,False
17-12-22,2022,12,17,Saturday,False,True,351,50,Winter,False
18-12-22,2022,12,18,Sunday,False,True,352,50,Winter,False
19-12-22,2022,12,19,Monday,True,False,353,51,Winter,False
20-12-22,2022,12,20,Tuesday,True,False,354,51,Winter,False
21-12-22,2022,12,21,Wednesday,True,False,355,51,Winter,False
22-12-22,2022,12,22,Thursday,True,False,356,51,Winter,False
23-12-22,2022,12,23,Friday,True,False,357,51,Winter,False
24-12-22,2022,12,24,Saturday,False,True,358,51,Winter,False
25-12-22,2022,12,25,Sunday,False,True,359,51,Winter,True
26-12-22,2022,12,26,Monday,True,False,360,52,Winter,True
27-12-22,2022,12,27,Tuesday,True,False,361,52,Winter,False
28-12-22,2022,12,28,Wednesday,True,False,362,52,Winter,False
29-12-22,2022,12,29,Thursday,True,False,363,52,Winter,False
30-12-22,2022,12,30,Friday,True,False,364,52,Winter,False
31-12-22,2022,12,31,Saturday,False,True,365,52,Winter,False
01-01-23,2023,1,1,Sunday,False,True,1,52,Winter,True
02-01-23,2023,1,2,Monday,True,False,2,1,Winter,True
03-01-23,2023,1,3,Tuesday,True,False,3,1,Winter,False
04-01-23,2023,1,4,Wednesday,True,False,4,1,Winter,False
05-01-23,2023,1,5,Thursday,True,False,5,1,Winter,False
06-01-23,2023,1,6,Friday,True,False,6,1,Winter,False
07-01-23,2023,1,7,Saturday,False,True,7,1,Winter,False
08-01-23,2023,1,8,Sunday,False,True,8,1,Winter,False
09-01-23,2023,1,9,Monday,True,False,9,2,Winter,False
10-01-23,2023,1,10,Tuesday,True,False,10,2,Winter,False
11-01-23,2023,1,11,Wednesday,True,False,11,2,Winter,False
12-01-23,2023,1,12,Thursday,True,False,12,2,Winter,False
13-01-23,2023,1,13,Friday,True,False,13,2,Winter,False
14-01-23,2023,1,14,Saturday,False,True,14,2,Winter,False
15-01-23,2023,1,15,Sunday,False,True,15,2,Winter,False
16-01-23,2023,1,16,Monday,True,False,16,3,Winter,False
17-01-23,2023,1,17,Tuesday,True,False,17,3,Winter,False
18-01-23,2023,1,18,Wednesday,True,False,18,3,Winter,False
19-01-23,2023,1,19,Thursday,True,False,19,3,Winter,False
20-01-23,2023,1,20,Friday,True,False,20,3,Winter,False
21-01-23,2023,1,21,Saturday,False,True,21,3,Winter,False
22-01-23,2023,1,22,Sunday,False,True,22,3,Winter,False
23-01-23,2023,1,23,Monday,True,False,23,4,Winter,False
24-01-23,2023,1,24,Tuesday,True,False,24,4,Winter,True
25-01-23,2023,1,25,Wednesday,True,False,25,4,Winter,False
26-01-23,2023,1,26,Thursday,True,False,26,4,Winter,False
27-01-23,2023,1,27,Friday,True,False,27,4,Winter,False
28-01-23,2023,1,28,Saturday,False,True,28,4,Winter,False
29-01-23,2023,1,29,Sunday,False,True,29,4,Winter,False
30-01-23,2023,1,30,Monday,True,False,30,5,Winter,False
31-01-23,2023,1,31,Tuesday,True,False,31,5,Winter,False
01-02-23,2023,2,1,Wednesday,True,False,32,5,Winter,False
02-02-23,2023,2,2,Thursday,True,False,33,5,Winter,False
03-02-23,2023,2,3,Friday,True,False,34,5,Winter,False
04-02-23,2023,2,4,Saturday,False,True,35,5,Winter,False
05-02-23,2023,2,5,Sunday,False,True,36,5,Winter,False
06-02-23,2023,2,6,Monday,True,False,37,6,Winter,False
07-02-23,2023,2,7,Tuesday,True,False,38,6,Winter,False
08-02-23,2023,2,8,Wednesday,True,False,39,6,Winter,False
09-02-23,2023,2,9,Thursday,True,False,40,6,Winter,False
10-02-23,2023,2,10,Friday,True,False,41,6,Winter,False
11-02-23,2023,2,11,Saturday,False,True,42,6,Winter,False
12-02-23,2023,2,12,Sunday,False,True,43,6,Winter,False
13-02-23,2023,2,13,Monday,True,False,44,7,Winter,False
14-02-23,2023,2,14,Tuesday,True,False,45,7,Winter,False
15-02-23,2023,2,15,Wednesday,True,False,46,7,Winter,False
16-02-23,2023,2,16,Thursday,True,False,47,7,Winter,False
17-02-23,2023,2,17,Friday,True,False,48,7,Winter,False
18-02-23,2023,2,18,Saturday,False,True,49,7,Winter,False
19-02-23,2023,2,19,Sunday,False,True,50,7,Winter,False
20-02-23,2023,2,20,Monday,True,False,51,8,Winter,False
21-02-23,2023,2,21,Tuesday,True,False,52,8,Winter,False
22-02-23,2023,2,22,Wednesday,True,False,53,8,Winter,False
23-02-23,2023,2,23,Thursday,True,False,54,8,Winter,False
24-02-23,2023,2,24,Friday,True,False,55,8,Winter,False
25-02-23,2023,2,25,Saturday,False,True,56,8,Winter,False
26-02-23,2023,2,26,Sunday,False,True,57,8,Winter,False
27-02-23,2023,2,27,Monday,True,False,58,9,Winter,False
28-02-23,2023,2,28,Tuesday,True,False,59,9,Winter,False
01-03-23,2023,3,1,Wednesday,True,False,60,9,Spring,False
02-03-23,2023,3,2,Thursday,True,False,61,9,Spring,False
03-03-23,2023,3,3,Friday,True,False,62,9,Spring,False
04-03-23,2023,3,4,Saturday,False,True,63,9,Spring,False
05-03-23,2023,3,5,Sunday,False,True,64,9,Spring,False
06-03-23,2023,3,6,Monday,True,False,65,10,Spring,False
07-03-23,2023,3,7,Tuesday,True,False,66,10,Spring,False
08-03-23,2023,3,8,Wednesday,True,False,67,10,Spring,False
09-03-23,2023,3,9,Thursday,True,False,68,10,Spring,False
10-03-23,2023,3,10,Friday,True,False,69,10,Spring,False
11-03-23,2023,3,11,Saturday,False,True,70,10,Spring,False
12-03-23,2023,3,12,Sunday,False,True,71,10,Spring,False
13-03-23,2023,3,13,Monday,True,False,72,11,Spring,False
14-03-23,2023,3,14,Tuesday,True,False,73,11,Spring,False
15-03-23,2023,3,15,Wednesday,True,False,74,11,Spring,False
16-03-23,2023,3,16,Thursday,True,False,75,11,Spring,False
17-03-23,2023,3,17,Friday,True,False,76,11,Spring,False
18-03-23,2023,3,18,Saturday,False,True,77,11,Spring,False
19-03-23,2023,3,19,Sunday,False,True,78,11,Spring,False
20-03-23,2023,3,20,Monday,True,False,79,12,Spring,False
21-03-23,2023,3,21,Tuesday,True,False,80,12,Spring,False
22-03-23,2023,3,22,Wednesday,True,False,81,12,Spring,False
23-03-23,2023,3,23,Thursday,True,False,82,12,Spring,False
24-03-23,2023,3,24,Friday,True,False,83,12,Spring,False
25-03-23,2023,3,25,Saturday,False,True,84,12,Spring,False
26-03-23,2023,3,26,Sunday,False,True,85,12,Spring,False
27-03-23,2023,3,27,Monday,True,False,86,13,Spring,False
28-03-23,2023,3,28,Tuesday,True,False,87,13,Spring,False
29-03-23,2023,3,29,Wednesday,True,False,88,13,Spring,False
30-03-23,2023,3,30,Thursday,True,False,89,13,Spring,False
31-03-23,2023,3,31,Friday,True,False,90,13,Spring,False
01-04-23,2023,4,1,Saturday,False,True,91,13,Spring,False
02-04-23,2023,4,2,Sunday,False,True,92,13,Spring,False
03-04-23,2023,4,3,Monday,True,False,93,14,Spring,False
04-04-23,2023,4,4,Tuesday,True,False,94,14,Spring,False
05-04-23,2023,4,5,Wednesday,True,False,95,14,Spring,False
06-04-23,2023,4,6,Thursday,True,False,96,14,Spring,False
07-04-23,2023,4,7,Friday,True,False,97,14,Spring,False
08-04-23,2023,4,8,Saturday,False,True,98,14,Spring,False
09-04-23,2023,4,9,Sunday,False,True,99,14,Spring,False
10-04-23,2023,4,10,Monday,True,False,100,15,Spring,False
11-04-23,2023,4,11,Tuesday,True,False,101,15,Spring,False
12-04-23,2023,4,12,Wednesday,True,False,102,15,Spring,False
13-04-23,2023,4,13,Thursday,True,False,103,15,Spring,False
14-04-23,2023,4,14,Friday,True,False,104,15,Spring,True
15-04-23,2023,4,15,Saturday,False,True,105,15,Spring,False
16-04-23,2023,4,16,Sunday,False,True,106,15,Spring,True
17-04-23,2023,4,17,Monday,True,False,107,16,Spring,True
18-04-23,2023,4,18,Tuesday,True,False,108,16,Spring,False
19-04-23,2023,4,19,Wednesday,True,False,109,16,Spring,False
20-04-23,2023,4,20,Thursday,True,False,110,16,Spring,False
21-04-23,2023,4,21,Friday,True,False,111,16,Spring,False
22-04-23,2023,4,22,Saturday,False,True,112,16,Spring,False
23-04-23,2023,4,23,Sunday,False,True,113,16,Spring,False
24-04-23,2023,4,24,Monday,True,False,114,17,Spring,False
25-04-23,2023,4,25,Tuesday,True,False,115,17,Spring,False
26-04-23,2023,4,26,Wednesday,True,False,116,17,Spring,False
27-04-23,2023,4,27,Thursday,True,False,117,17,Spring,False
28-04-23,2023,4,28,Friday,True,False,118,17,Spring,False
29-04-23,2023,4,29,Saturday,False,True,119,17,Spring,False
30-04-23,2023,4,30,Sunday,False,True,120,17,Spring,False
01-05-23,2023,5,1,Monday,True,False,121,18,Spring,True
02-05-23,2023,5,2,Tuesday,True,False,122,18,Spring,False
03-05-23,2023,5,3,Wednesday,True,False,123,18,Spring,False
04-05-23,2023,5,4,Thursday,True,False,124,18,Spring,False
05-05-23,2023,5,5,Friday,True,False,125,18,Spring,False
06-05-23,2023,5,6,Saturday,False,True,126,18,Spring,False
07-05-23,2023,5,7,Sunday,False,True,127,18,Spring,False
08-05-23,2023,5,8,Monday,True,False,128,19,Spring,False
09-05-23,2023,5,9,Tuesday,True,False,129,19,Spring,False
10-05-23,2023,5,10,Wednesday,True,False,130,19,Spring,False
11-05-23,2023,5,11,Thursday,True,False,131,19,Spring,False
12-05-23,2023,5,12,Friday,True,False,132,19,Spring,False
13-05-23,2023,5,13,Saturday,False,True,133,19,Spring,False
14-05-23,2023,5,14,Sunday,False,True,134,19,Spring,False
15-05-23,2023,5,15,Monday,True,False,135,20,Spring,False
16-05-23,2023,5,16,Tuesday,True,False,136,20,Spring,False
17-05-23,2023,5,17,Wednesday,True,False,137,20,Spring,False
18-05-23,2023,5,18,Thursday,True,False,138,20,Spring,False
19-05-23,2023,5,19,Friday,True,False,139,20,Spring,False
20-05-23,2023,5,20,Saturday,False,True,140,20,Spring,False
21-05-23,2023,5,21,Sunday,False,True,141,20,Spring,False
22-05-23,2023,5,22,Monday,True,False,142,21,Spring,False
23-05-23,2023,5,23,Tuesday,True,False,143,21,Spring,False
24-05-23,2023,5,24,Wednesday,True,False,144,21,Spring,False
25-05-23,2023,5,25,Thursday,True,False,145,21,Spring,False
26-05-23,2023,5,26,Friday,True,False,146,21,Spring,False
27-05-23,2023,5,27,Saturday,False,True,147,21,Spring,False
28-05-23,2023,5,28,Sunday,False,True,148,21,Spring,False
29-05-23,2023,5,29,Monday,True,False,149,22,Spring,False
30-05-23,2023,5,30,Tuesday,True,False,150,22,Spring,False
31-05-23,2023,5,31,Wednesday,True,False,151,22,Spring,False
01-06-23,2023,6,1,Thursday,True,False,152,22,Summer,True
02-06-23,2023,6,2,Friday,True,False,153,22,Summer,False
03-06-23,2023,6,3,Saturday,False,True,154,22,Summer,False
04-06-23,2023,6,4,Sunday,False,True,155,22,Summer,True
05-06-23,2023,6,5,Monday,True,False,156,23,Summer,True
06-06-23,2023,6,6,Tuesday,True,False,157,23,Summer,False
07-06-23,2023,6,7,Wednesday,True,False,158,23,Summer,False
08-06-23,2023,6,8,Thursday,True,False,159,23,Summer,False
09-06-23,2023,6,9,Friday,True,False,160,23,Summer,False
10-06-23,2023,6,10,Saturday,False,True,161,23,Summer,False
11-06-23,2023,6,11,Sunday,False,True,162,23,Summer,False
12-06-23,2023,6,12,Monday,True,False,163,24,Summer,False
13-06-23,2023,6,13,Tuesday,True,False,164,24,Summer,False
14-06-23,2023,6,14,Wednesday,True,False,165,24,Summer,False
15-06-23,2023,6,15,Thursday,True,False,166,24,Summer,False
16-06-23,2023,6,16,Friday,True,False,167,24,Summer,False
17-06-23,2023,6,17,Saturday,False,True,168,24,Summer,False
18-06-23,2023,6,18,Sunday,False,True,169,24,Summer,False
19-06-23,2023,6,19,Monday,True,False,170,25,Summer,False
20-06-23,2023,6,20,Tuesday,True,False,171,25,Summer,False
21-06-23,2023,6,21,Wednesday,True,False,172,25,Summer,False
22-06-23,2023,6,22,Thursday,True,False,173,25,Summer,False
23-06-23,2023,6,23,Friday,True,False,174,25,Summer,False
24-06-23,2023,6,24,Saturday,False,True,175,25,Summer,False
25-06-23,2023,6,25,Sunday,False,True,176,25,Summer,False
26-06-23,2023,6,26,Monday,True,False,177,26,Summer,False
27-06-23,2023,6,27,Tuesday,True,False,178,26,Summer,False
28-06-23,2023,6,28,Wednesday,True,False,179,26,Summer,False
29-06-23,2023,6,29,Thursday,True,False,180,26,Summer,False
30-06-23,2023,6,30,Friday,True,False,181,26,Summer,False
01-07-23,2023,7,1,Saturday,False,True,182,26,Summer,False
02-07-23,2023,7,2,Sunday,False,True,183,26,Summer,False
03-07-23,2023,7,3,Monday,True,False,184,27,Summer,False
04-07-23,2023,7,4,Tuesday,True,False,185,27,Summer,False
05-07-23,2023,7,5,Wednesday,True,False,186,27,Summer,False
06-07-23,2023,7,6,Thursday,True,False,187,27,Summer,False
07-07-23,2023,7,7,Friday,True,False,188,27,Summer,False
08-07-23,2023,7,8,Saturday,False,True,189,27,Summer,False
09-07-23,2023,7,9,Sunday,False,True,190,27,Summer,False
10-07-23,2023,7,10,Monday,True,False,191,28,Summer,False
11-07-23,2023,7,11,Tuesday,True,False,192,28,Summer,False
12-07-23,2023,7,12,Wednesday,True,False,193,28,Summer,False
13-07-23,2023,7,13,Thursday,True,False,194,28,Summer,False
14-07-23,2023,7,14,Friday,True,False,195,28,Summer,False
15-07-23,2023,7,15,Saturday,False,True,196,28,Summer,False
16-07-23,2023,7,16,Sunday,False,True,197,28,Summer,False
17-07-23,2023,7,17,Monday,True,False,198,29,Summer,False
18-07-23,2023,7,18,Tuesday,True,False,199,29,Summer,False
19-07-23,2023,7,19,Wednesday,True,False,200,29,Summer,False
20-07-23,2023,7,20,Thursday,True,False,201,29,Summer,False
21-07-23,2023,7,21,Friday,True,False,202,29,Summer,False
22-07-23,2023,7,22,Saturday,False,True,203,29,Summer,False
23-07-23,2023,7,23,Sunday,False,True,204,29,Summer,False
24-07-23,2023,7,24,Monday,True,False,205,30,Summer,False
25-07-23,2023,7,25,Tuesday,True,False,206,30,Summer,False
26-07-23,2023,7,26,Wednesday,True,False,207,30,Summer,False
27-07-23,2023,7,27,Thursday,True,False,208,30,Summer,False
28-07-23,2023,7,28,Friday,True,False,209,30,Summer,False
29-07-23,2023,7,29,Saturday,False,True,210,30,Summer,False
30-07-23,2023,7,30,Sunday,False,True,211,30,Summer,False
31-07-23,2023,7,31,Monday,True,False,212,31,Summer,False
01-08-23,2023,8,1,Tuesday,True,False,213,31,Summer,False
02-08-23,2023,8,2,Wednesday,True,False,214,31,Summer,False
03-08-23,2023,8,3,Thursday,True,False,215,31,Summer,False
04-08-23,2023,8,4,Friday,True,False,216,31,Summer,False
05-08-23,2023,8,5,Saturday,False,True,217,31,Summer,False
06-08-23,2023,8,6,Sunday,False,True,218,31,Summer,False
07-08-23,2023,8,7,Monday,True,False,219,32,Summer,False
08-08-23,2023,8,8,Tuesday,True,False,220,32,Summer,False
09-08-23,2023,8,9,Wednesday,True,False,221,32,Summer,False
10-08-23,2023,8,10,Thursday,True,False,222,32,Summer,False
11-08-23,2023,8,11,Friday,True,False,223,32,Summer,False
12-08-23,2023,8,12,Saturday,False,True,224,32,Summer,False
13-08-23,2023,8,13,Sunday,False,True,225,32,Summer,False
14-08-23,2023,8,14,Monday,True,False,226,33,Summer,False
15-08-23,2023,8,15,Tuesday,True,False,227,33,Summer,True
16-08-23,2023,8,16,Wednesday,True,False,228,33,Summer,False
17-08-23,2023,8,17,Thursday,True,False,229,33,Summer,False
18-08-23,2023,8,18,Friday,True,False,230,33,Summer,False
19-08-23,2023,8,19,Saturday,False,True,231,33,Summer,False
20-08-23,2023,8,20,Sunday,False,True,232,33,Summer,False
21-08-23,2023,8,21,Monday,True,False,233,34,Summer,False
22-08-23,2023,8,22,Tuesday,True,False,234,34,Summer,False
23-08-23,2023,8,23,Wednesday,True,False,235,34,Summer,False
24-08-23,2023,8,24,Thursday,True,False,236,34,Summer,False
25-08-23,2023,8,25,Friday,True,False,237,34,Summer,False
26-08-23,2023,8,26,Saturday,False,True,238,34,Summer,False
27-08-23,2023,8,27,Sunday,False,True,239,34,Summer,False
28-08-23,2023,8,28,Monday,True,False,240,35,Summer,False
29-08-23,2023,8,29,Tuesday,True,False,241,35,Summer,False
30-08-23,2023,8,30,Wednesday,True,False,242,35,Summer,False
31-08-23,2023,8,31,Thursday,True,False,243,35,Summer,False
01-09-23,2023,9,1,Friday,True,False,244,35,Autumn,False
02-09-23,2023,9,2,Saturday,False,True,245,35,Autumn,False
03-09-23,2023,9,3,Sunday,False,True,246,35,Autumn,False
04-09-23,2023,9,4,Monday,True,False,247,36,Autumn,False
05-09-23,2023,9,5,Tuesday,True,False,248,36,Autumn,False
06-09-23,2023,9,6,Wednesday,True,False,249,36,Autumn,False
07-09-23,2023,9,7,Thursday,True,False,250,36,Autumn,False
08-09-23,2023,9,8,Friday,True,False,251,36,Autumn,False
09-09-23,2023,9,9,Saturday,False,True,252,36,Autumn,False
10-09-23,2023,9,10,Sunday,False,True,253,36,Autumn,False
11-09-23,2023,9,11,Monday,True,False,254,37,Autumn,False
12-09-23,2023,9,12,Tuesday,True,False,255,37,Autumn,False
13-09-23,2023,9,13,Wednesday,True,False,256,37,Autumn,False
14-09-23,2023,9,14,Thursday,True,False,257,37,Autumn,False
15-09-23,2023,9,15,Friday,True,False,258,37,Autumn,False
16-09-23,2023,9,16,Saturday,False,True,259,37,Autumn,False
17-09-23,2023,9,17,Sunday,False,True,260,37,Autumn,False
18-09-23,2023,9,18,Monday,True,False,261,38,Autumn,False
19-09-23,2023,9,19,Tuesday,True,False,262,38,Autumn,False
20-09-23,2023,9,20,Wednesday,True,False,263,38,Autumn,False
21-09-23,2023,9,21,Thursday,True,False,264,38,Autumn,False
22-09-23,2023,9,22,Friday,True,False,265,38,Autumn,False
23-09-23,2023,9,23,Saturday,False,True,266,38,Autumn,False
24-09-23,2023,9,24,Sunday,False,True,267,38,Autumn,False
25-09-23,2023,9,25,Monday,True,False,268,39,Autumn,False
26-09-23,2023,9,26,Tuesday,True,False,269,39,Autumn,False
27-09-23,2023,9,27,Wednesday,True,False,270,39,Autumn,False
28-09-23,2023,9,28,Thursday,True,False,271,39,Autumn,False
29-09-23,2023,9,29,Friday,True,False,272,39,Autumn,False
30-09-23,2023,9,30,Saturday,False,True,273,39,Autumn,False
01-10-23,2023,10,1,Sunday,False,True,274,39,Autumn,False
02-10-23,2023,10,2,Monday,True,False,275,40,Autumn,False
03-10-23,2023,10,3,Tuesday,True,False,276,40,Autumn,False
04-10-23,2023,10,4,Wednesday,True,False,277,40,Autumn,False
05-10-23,2023,10,5,Thursday,True,False,278,40,Autumn,False
06-10-23,2023,10,6,Friday,True,False,279,40,Autumn,False
07-10-23,2023,10,7,Saturday,False,True,280,40,Autumn,False
08-10-23,2023,10,8,Sunday,False,True,281,40,Autumn,False
09-10-23,2023,10,9,Monday,True,False,282,41,Autumn,False
10-10-23,2023,10,10,Tuesday,True,False,283,41,Autumn,False
11-10-23,2023,10,11,Wednesday,True,False,284,41,Autumn,False
12-10-23,2023,10,12,Thursday,True,False,285,41,Autumn,False
13-10-23,2023,10,13,Friday,True,False,286,41,Autumn,False
14-10-23,2023,10,14,Saturday,False,True,287,41,Autumn,False
15-10-23,2023,10,15,Sunday,False,True,288,41,Autumn,False
16-10-23,2023,10,16,Monday,True,False,289,42,Autumn,False
17-10-23,2023,10,17,Tuesday,True,False,290,42,Autumn,False
18-10-23,2023,10,18,Wednesday,True,False,291,42,Autumn,False
19-10-23,2023,10,19,Thursday,True,False,292,42,Autumn,False
20-10-23,2023,10,20,Friday,True,False,293,42,Autumn,False
21-10-23,2023,10,21,Saturday,False,True,294,42,Autumn,False
22-10-23,2023,10,22,Sunday,False,True,295,42,Autumn,False
23-10-23,2023,10,23,Monday,True,False,296,43,Autumn,False
24-10-23,2023,10,24,Tuesday,True,False,297,43,Autumn,False
25-10-23,2023,10,25,Wednesday,True,False,298,43,Autumn,False
26-10-23,2023,10,26,Thursday,True,False,299,43,Autumn,False
27-10-23,2023,10,27,Friday,True,False,300,43,Autumn,False
28-10-23,2023,10,28,Saturday,False,True,301,43,Autumn,False
29-10-23,2023,10,29,Sunday,False,True,302,43,Autumn,False
30-10-23,2023,10,30,Monday,True,False,303,44,Autumn,False
31-10-23,2023,10,31,Tuesday,True,False,304,44,Autumn,False
01-11-23,2023,11,1,Wednesday,True,False,305,44,Autumn,False
02-11-23,2023,11,2,Thursday,True,False,306,44,Autumn,False
03-11-23,2023,11,3,Friday,True,False,307,44,Autumn,False
04-11-23,2023,11,4,Saturday,False,True,308,44,Autumn,False
05-11-23,2023,11,5,Sunday,False,True,309,44,Autumn,False
06-11-23,2023,11,6,Monday,True,False,310,45,Autumn,False
07-11-23,2023,11,7,Tuesday,True,False,311,45,Autumn,False
08-11-23,2023,11,8,Wednesday,True,False,312,45,Autumn,False
09-11-23,2023,11,9,Thursday,True,False,313,45,Autumn,False
10-11-23,2023,11,10,Friday,True,False,314,45,Autumn,False
11-11-23,2023,11,11,Saturday,False,True,315,45,Autumn,False
12-11-23,2023,11,12,Sunday,False,True,316,45,Autumn,False
13-11-23,2023,11,13,Monday,True,False,317,46,Autumn,False
14-11-23,2023,11,14,Tuesday,True,False,318,46,Autumn,False
15-11-23,2023,11,15,Wednesday,True,False,319,46,Autumn,False
16-11-23,2023,11,16,Thursday,True,False,320,46,Autumn,False
17-11-23,2023,11,17,Friday,True,False,321,46,Autumn,False
18-11-23,2023,11,18,Saturday,False,True,322,46,Autumn,False
19-11-23,2023,11,19,Sunday,False,True,323,46,Autumn,False
20-11-23,2023,11,20,Monday,True,False,324,47,Autumn,False
21-11-23,2023,11,21,Tuesday,True,False,325,47,Autumn,False
22-11-23,2023,11,22,Wednesday,True,False,326,47,Autumn,False
23-11-23,2023,11,23,Thursday,True,False,327,47,Autumn,False
24-11-23,2023,11,24,Friday,True,False,328,47,Autumn,False
25-11-23,2023,11,25,Saturday,False,True,329,47,Autumn,False
26-11-23,2023,11,26,Sunday,False,True,330,47,Autumn,False
27-11-23,2023,11,27,Monday,True,False,331,48,Autumn,False
28-11-23,2023,11,28,Tuesday,True,False,332,48,Autumn,False
29-11-23,2023,11,29,Wednesday,True,False,333,48,Autumn,False
30-11-23,2023,11,30,Thursday,True,False,334,48,Autumn,True
01-12-23,2023,12,1,Friday,True,False,335,48,Winter,True
02-12-23,2023,12,2,Saturday,False,True,336,48,Winter,False
03-12-23,2023,12,3,Sunday,False,True,337,48,Winter,False
04-12-23,2023,12,4,Monday,True,False,338,49,Winter,False
05-12-23,2023,12,5,Tuesday,True,False,339,49,Winter,False
06-12-23,2023,12,6,Wednesday,True,False,340,49,Winter,False
07-12-23,2023,12,7,Thursday,True,False,341,49,Winter,False
08-12-23,2023,12,8,Friday,True,False,342,49,Winter,False
09-12-23,2023,12,9,Saturday,False,True,343,49,Winter,False
10-12-23,2023,12,10,Sunday,False,True,344,49,Winter,False
11-12-23,2023,12,11,Monday,True,False,345,50,Winter,False
12-12-23,2023,12,12,Tuesday,True,False,346,50,Winter,False
13-12-23,2023,12,13,Wednesday,True,False,347,50,Winter,False
14-12-23,2023,12,14,Thursday,True,False,348,50,Winter,False
15-12-23,2023,12,15,Friday,True,False,349,50,Winter,False
16-12-23,2023,12,16,Saturday,False,True,350,50,Winter,False
17-12-23,2023,12,17,Sunday,False,True,351,50,Winter,False
18-12-23,2023,12,18,Monday,True,False,352,51,Winter,False
19-12-23,2023,12,19,Tuesday,True,False,353,51,Winter,False
20-12-23,2023,12,20,Wednesday,True,False,354,51,Winter,False
21-12-23,2023,12,21,Thursday,True,False,355,51,Winter,False
22-12-23,2023,12,22,Friday,True,False,356,51,Winter,False
23-12-23,2023,12,23,Saturday,False,True,357,51,Winter,False
24-12-23,2023,12,24,Sunday,False,True,358,51,Winter,False
25-12-23,2023,12,25,Monday,True,False,359,52,Winter,True
26-12-23,2023,12,26,Tuesday,True,False,360,52,Winter,True
27-12-23,2023,12,27,Wednesday,True,False,361,52,Winter,False
28-12-23,2023,12,28,Thursday,True,False,362,52,Winter,False
29-12-23,2023,12,29,Friday,True,False,363,52,Winter,False
30-12-23,2023,12,30,Saturday,False,True,364,52,Winter,False
31-12-23,2023,12,31,Sunday,False,True,365,52,Winter,False
01-01-24,2024,1,1,Monday,True,False,1,1,Winter,True
02-01-24,2024,1,2,Tuesday,True,False,2,1,Winter,True
03-01-24,2024,1,3,Wednesday,True,False,3,1,Winter,False
04-01-24,2024,1,4,Thursday,True,False,4,1,Winter,False
05-01-24,2024,1,5,Friday,True,False,5,1,Winter,False
06-01-24,2024,1,6,Saturday,False,True,6,1,Winter,True
07-01-24,2024,1,7,Sunday,False,True,7,1,Winter,True
08-01-24,2024,1,8,Monday,True,False,8,2,Winter,False
09-01-24,2024,1,9,Tuesday,True,False,9,2,Winter,False
10-01-24,2024,1,10,Wednesday,True,False,10,2,Winter,False
11-01-24,2024,1,11,Thursday,True,False,11,2,Winter,False
12-01-24,2024,1,12,Friday,True,False,12,2,Winter,False
13-01-24,2024,1,13,Saturday,False,True,13,2,Winter,False
14-01-24,2024,1,14,Sunday,False,True,14,2,Winter,False
15-01-24,2024,1,15,Monday,True,False,15,3,Winter,False
16-01-24,2024,1,16,Tuesday,True,False,16,3,Winter,False
17-01-24,2024,1,17,Wednesday,True,False,17,3,Winter,False
18-01-24,2024,1,18,Thursday,True,False,18,3,Winter,False
19-01-24,2024,1,19,Friday,True,False,19,3,Winter,False
20-01-24,2024,1,20,Saturday,False,True,20,3,Winter,False
21-01-24,2024,1,21,Sunday,False,True,21,3,Winter,False
22-01-24,2024,1,22,Monday,True,False,22,4,Winter,False
23-01-24,2024,1,23,Tuesday,True,False,23,4,Winter,False
24-01-24,2024,1,24,Wednesday,True,False,24,4,Winter,True
25-01-24,2024,1,25,Thursday,True,False,25,4,Winter,False
26-01-24,2024,1,26,Friday,True,False,26,4,Winter,False
27-01-24,2024,1,27,Saturday,False,True,27,4,Winter,False
28-01-24,2024,1,28,Sunday,False,True,28,4,Winter,False
29-01-24,2024,1,29,Monday,True,False,29,5,Winter,False
30-01-24,2024,1,30,Tuesday,True,False,30,5,Winter,False
31-01-24,2024,1,31,Wednesday,True,False,31,5,Winter,False
01-02-24,2024,2,1,Thursday,True,False,32,5,Winter,False
02-02-24,2024,2,2,Friday,True,False,33,5,Winter,False
03-02-24,2024,2,3,Saturday,False,True,34,5,Winter,False
04-02-24,2024,2,4,Sunday,False,True,35,5,Winter,False
05-02-24,2024,2,5,Monday,True,False,36,6,Winter,False
06-02-24,2024,2,6,Tuesday,True,False,37,6,Winter,False
07-02-24,2024,2,7,Wednesday,True,False,38,6,Winter,False
08-02-24,2024,2,8,Thursday,True,False,39,6,Winter,False
09-02-24,2024,2,9,Friday,True,False,40,6,Winter,False
10-02-24,2024,2,10,Saturday,False,True,41,6,Winter,False
11-02-24,2024,2,11,Sunday,False,True,42,6,Winter,False
12-02-24,2024,2,12,Monday,True,False,43,7,Winter,False
13-02-24,2024,2,13,Tuesday,True,False,44,7,Winter,False
14-02-24,2024,2,14,Wednesday,True,False,45,7,Winter,False
15-02-24,2024,2,15,Thursday,True,False,46,7,Winter,False
16-02-24,2024,2,16,Friday,True,False,47,7,Winter,False
17-02-24,2024,2,17,Saturday,False,True,48,7,Winter,False
18-02-24,2024,2,18,Sunday,False,True,49,7,Winter,False
19-02-24,2024,2,19,Monday,True,False,50,8,Winter,False
20-02-24,2024,2,20,Tuesday,True,False,51,8,Winter,False
21-02-24,2024,2,21,Wednesday,True,False,52,8,Winter,False
22-02-24,2024,2,22,Thursday,True,False,53,8,Winter,False
23-02-24,2024,2,23,Friday,True,False,54,8,Winter,False
24-02-24,2024,2,24,Saturday,False,True,55,8,Winter,False
25-02-24,2024,2,25,Sunday,False,True,56,8,Winter,False
26-02-24,2024,2,26,Monday,True,False,57,9,Winter,False
27-02-24,2024,2,27,Tuesday,True,False,58,9,Winter,False
28-02-24,2024,2,28,Wednesday,True,False,59,9,Winter,False
29-02-24,2024,2,29,Thursday,True,False,60,9,Winter,False
01-03-24,2024,3,1,Friday,True,False,61,9,Spring,False
02-03-24,2024,3,2,Saturday,False,True,62,9,Spring,False
03-03-24,2024,3,3,Sunday,False,True,63,9,Spring,False
04-03-24,2024,3,4,Monday,True,False,64,10,Spring,False
05-03-24,2024,3,5,Tuesday,True,False,65,10,Spring,False
06-03-24,2024,3,6,Wednesday,True,False,66,10,Spring,False
07-03-24,2024,3,7,Thursday,True,False,67,10,Spring,False
08-03-24,2024,3,8,Friday,True,False,68,10,Spring,False
09-03-24,2024,3,9,Saturday,False,True,69,10,Spring,False
10-03-24,2024,3,10,Sunday,False,True,70,10,Spring,False
11-03-24,2024,3,11,Monday,True,False,71,11,Spring,False
12-03-24,2024,3,12,Tuesday,True,False,72,11,Spring,False
13-03-24,2024,3,13,Wednesday,True,False,73,11,Spring,False
14-03-24,2024,3,14,Thursday,True,False,74,11,Spring,False
15-03-24,2024,3,15,Friday,True,False,75,11,Spring,False
16-03-24,2024,3,16,Saturday,False,True,76,11,Spring,False
17-03-24,2024,3,17,Sunday,False,True,77,11,Spring,False
18-03-24,2024,3,18,Monday,True,False,78,12,Spring,False
19-03-24,2024,3,19,Tuesday,True,False,79,12,Spring,False
20-03-24,2024,3,20,Wednesday,True,False,80,12,Spring,False
21-03-24,2024,3,21,Thursday,True,False,81,12,Spring,False
22-03-24,2024,3,22,Friday,True,False,82,12,Spring,False
23-03-24,2024,3,23,Saturday,False,True,83,12,Spring,False
24-03-24,2024,3,24,Sunday,False,True,84,12,Spring,False
25-03-24,2024,3,25,Monday,True,False,85,13,Spring,False
26-03-24,2024,3,26,Tuesday,True,False,86,13,Spring,False
27-03-24,2024,3,27,Wednesday,True,False,87,13,Spring,False
28-03-24,2024,3,28,Thursday,True,False,88,13,Spring,False
29-03-24,2024,3,29,Friday,True,False,89,13,Spring,False
30-03-24,2024,3,30,Saturday,False,True,90,13,Spring,False
31-03-24,2024,3,31,Sunday,False,True,91,13,Spring,False
01-04-24,2024,4,1,Monday,True,False,92,14,Spring,False
02-04-24,2024,4,2,Tuesday,True,False,93,14,Spring,False
03-04-24,2024,4,3,Wednesday,True,False,94,14,Spring,False
04-04-24,2024,4,4,Thursday,True,False,95,14,Spring,False
05-04-24,2024,4,5,Friday,True,False,96,14,Spring,False
06-04-24,2024,4,6,Saturday,False,True,97,14,Spring,False
07-04-24,2024,4,7,Sunday,False,True,98,14,Spring,False
08-04-24,2024,4,8,Monday,True,False,99,15,Spring,False
09-04-24,2024,4,9,Tuesday,True,False,100,15,Spring,False
10-04-24,2024,4,10,Wednesday,True,False,101,15,Spring,False
11-04-24,2024,4,11,Thursday,True,False,102,15,Spring,False
12-04-24,2024,4,12,Friday,True,False,103,15,Spring,False
13-04-24,2024,4,13,Saturday,False,True,104,15,Spring,False
14-04-24,2024,4,14,Sunday,False,True,105,15,Spring,False
15-04-24,2024,4,15,Monday,True,False,106,16,Spring,False
16-04-24,2024,4,16,Tuesday,True,False,107,16,Spring,False
17-04-24,2024,4,17,Wednesday,True,False,108,16,Spring,False
18-04-24,2024,4,18,Thursday,True,False,109,16,Spring,False
19-04-24,2024,4,19,Friday,True,False,110,16,Spring,False
20-04-24,2024,4,20,Saturday,False,True,111,16,Spring,False
21-04-24,2024,4,21,Sunday,False,True,112,16,Spring,False
22-04-24,2024,4,22,Monday,True,False,113,17,Spring,False
23-04-24,2024,4,23,Tuesday,True,False,114,17,Spring,False
24-04-24,2024,4,24,Wednesday,True,False,115,17,Spring,False
25-04-24,2024,4,25,Thursday,True,False,116,17,Spring,False
26-04-24,2024,4,26,Friday,True,False,117,17,Spring,False
27-04-24,2024,4,27,Saturday,False,True,118,17,Spring,False
28-04-24,2024,4,28,Sunday,False,True,119,17,Spring,False
29-04-24,2024,4,29,Monday,True,False,120,18,Spring,False
30-04-24,2024,4,30,Tuesday,True,False,121,18,Spring,False
01-05-24,2024,5,1,Wednesday,True,False,122,18,Spring,True
02-05-24,2024,5,2,Thursday,True,False,123,18,Spring,False
03-05-24,2024,5,3,Friday,True,False,124,18,Spring,True
04-05-24,2024,5,4,Saturday,False,True,125,18,Spring,False
05-05-24,2024,5,5,Sunday,False,True,126,18,Spring,True
06-05-24,2024,5,6,Monday,True,False,127,19,Spring,True
07-05-24,2024,5,7,Tuesday,True,False,128,19,Spring,False
08-05-24,2024,5,8,Wednesday,True,False,129,19,Spring,False
09-05-24,2024,5,9,Thursday,True,False,130,19,Spring,False
10-05-24,2024,5,10,Friday,True,False,131,19,Spring,False
11-05-24,2024,5,11,Saturday,False,True,132,19,Spring,False
12-05-24,2024,5,12,Sunday,False,True,133,19,Spring,False
13-05-24,2024,5,13,Monday,True,False,134,20,Spring,False
14-05-24,2024,5,14,Tuesday,True,False,135,20,Spring,False
15-05-24,2024,5,15,Wednesday,True,False,136,20,Spring,False
16-05-24,2024,5,16,Thursday,True,False,137,20,Spring,False
17-05-24,2024,5,17,Friday,True,False,138,20,Spring,False
18-05-24,2024,5,18,Saturday,False,True,139,20,Spring,False
19-05-24,2024,5,19,Sunday,False,True,140,20,Spring,False
20-05-24,2024,5,20,Monday,True,False,141,21,Spring,False
21-05-24,2024,5,21,Tuesday,True,False,142,21,Spring,False
22-05-24,2024,5,22,Wednesday,True,False,143,21,Spring,False
23-05-24,2024,5,23,Thursday,True,False,144,21,Spring,False
24-05-24,2024,5,24,Friday,True,False,145,21,Spring,False
25-05-24,2024,5,25,Saturday,False,True,146,21,Spring,False
26-05-24,2024,5,26,Sunday,False,True,147,21,Spring,False
27-05-24,2024,5,27,Monday,True,False,148,22,Spring,False
28-05-24,2024,5,28,Tuesday,True,False,149,22,Spring,False
29-05-24,2024,5,29,Wednesday,True,False,150,22,Spring,False
30-05-24,2024,5,30,Thursday,True,False,151,22,Spring,False
31-05-24,2024,5,31,Friday,True,False,152,22,Spring,False
01-06-24,2024,6,1,Saturday,False,True,153,22,Summer,True
02-06-24,2024,6,2,Sunday,False,True,154,22,Summer,False
03-06-24,2024,6,3,Monday,True,False,155,23,Summer,False
04-06-24,2024,6,4,Tuesday,True,False,156,23,Summer,False
05-06-24,2024,6,5,Wednesday,True,False,157,23,Summer,False
06-06-24,2024,6,6,Thursday,True,False,158,23,Summer,False
07-06-24,2024,6,7,Friday,True,False,159,23,Summer,False
08-06-24,2024,6,8,Saturday,False,True,160,23,Summer,False
09-06-24,2024,6,9,Sunday,False,True,161,23,Summer,False
10-06-24,2024,6,10,Monday,True,False,162,24,Summer,False
11-06-24,2024,6,11,Tuesday,True,False,163,24,Summer,False
12-06-24,2024,6,12,Wednesday,True,False,164,24,Summer,False
13-06-24,2024,6,13,Thursday,True,False,165,24,Summer,False
14-06-24,2024,6,14,Friday,True,False,166,24,Summer,False
15-06-24,2024,6,15,Saturday,False,True,167,24,Summer,False
16-06-24,2024,6,16,Sunday,False,True,168,24,Summer,False
17-06-24,2024,6,17,Monday,True,False,169,25,Summer,False
18-06-24,2024,6,18,Tuesday,True,False,170,25,Summer,False
19-06-24,2024,6,19,Wednesday,True,False,171,25,Summer,False
20-06-24,2024,6,20,Thursday,True,False,172,25,Summer,False
21-06-24,2024,6,21,Friday,True,False,173,25,Summer,False
22-06-24,2024,6,22,Saturday,False,True,174,25,Summer,False
23-06-24,2024,6,23,Sunday,False,True,175,25,Summer,True
24-06-24,2024,6,24,Monday,True,False,176,26,Summer,True
25-06-24,2024,6,25,Tuesday,True,False,177,26,Summer,False
26-06-24,2024,6,26,Wednesday,True,False,178,26,Summer,False
27-06-24,2024,6,27,Thursday,True,False,179,26,Summer,False
28-06-24,2024,6,28,Friday,True,False,180,26,Summer,False
29-06-24,2024,6,29,Saturday,False,True,181,26,Summer,False
30-06-24,2024,6,30,Sunday,False,True,182,26,Summer,False
01-07-24,2024,7,1,Monday,True,False,183,27,Summer,False
02-07-24,2024,7,2,Tuesday,True,False,184,27,Summer,False
03-07-24,2024,7,3,Wednesday,True,False,185,27,Summer,False
04-07-24,2024,7,4,Thursday,True,False,186,27,Summer,False
05-07-24,2024,7,5,Friday,True,False,187,27,Summer,False
06-07-24,2024,7,6,Saturday,False,True,188,27,Summer,False
07-07-24,2024,7,7,Sunday,False,True,189,27,Summer,False
08-07-24,2024,7,8,Monday,True,False,190,28,Summer,False
09-07-24,2024,7,9,Tuesday,True,False,191,28,Summer,False
10-07-24,2024,7,10,Wednesday,True,False,192,28,Summer,False
11-07-24,2024,7,11,Thursday,True,False,193,28,Summer,False
12-07-24,2024,7,12,Friday,True,False,194,28,Summer,False
13-07-24,2024,7,13,Saturday,False,True,195,28,Summer,False
14-07-24,2024,7,14,Sunday,False,True,196,28,Summer,False
15-07-24,2024,7,15,Monday,True,False,197,29,Summer,False
16-07-24,2024,7,16,Tuesday,True,False,198,29,Summer,False
17-07-24,2024,7,17,Wednesday,True,False,199,29,Summer,False
18-07-24,2024,7,18,Thursday,True,False,200,29,Summer,False
19-07-24,2024,7,19,Friday,True,False,201,29,Summer,False
20-07-24,2024,7,20,Saturday,False,True,202,29,Summer,False
21-07-24,2024,7,21,Sunday,False,True,203,29,Summer,False
22-07-24,2024,7,22,Monday,True,False,204,30,Summer,False
23-07-24,2024,7,23,Tuesday,True,False,205,30,Summer,False
24-07-24,2024,7,24,Wednesday,True,False,206,30,Summer,False
25-07-24,2024,7,25,Thursday,True,False,207,30,Summer,False
26-07-24,2024,7,26,Friday,True,False,208,30,Summer,False
27-07-24,2024,7,27,Saturday,False,True,209,30,Summer,False
28-07-24,2024,7,28,Sunday,False,True,210,30,Summer,False
29-07-24,2024,7,29,Monday,True,False,211,31,Summer,False
30-07-24,2024,7,30,Tuesday,True,False,212,31,Summer,False
31-07-24,2024,7,31,Wednesday,True,False,213,31,Summer,False
01-08-24,2024,8,1,Thursday,True,False,214,31,Summer,False
02-08-24,2024,8,2,Friday,True,False,215,31,Summer,False
03-08-24,2024,8,3,Saturday,False,True,216,31,Summer,False
04-08-24,2024,8,4,Sunday,False,True,217,31,Summer,False
05-08-24,2024,8,5,Monday,True,False,218,32,Summer,False
06-08-24,2024,8,6,Tuesday,True,False,219,32,Summer,False
07-08-24,2024,8,7,Wednesday,True,False,220,32,Summer,False
08-08-24,2024,8,8,Thursday,True,False,221,32,Summer,False
09-08-24,2024,8,9,Friday,True,False,222,32,Summer,False
10-08-24,2024,8,10,Saturday,False,True,223,32,Summer,False
11-08-24,2024,8,11,Sunday,False,True,224,32,Summer,False
12-08-24,2024,8,12,Monday,True,False,225,33,Summer,False
13-08-24,2024,8,13,Tuesday,True,False,226,33,Summer,False
14-08-24,2024,8,14,Wednesday,True,False,227,33,Summer,False
15-08-24,2024,8,15,Thursday,True,False,228,33,Summer,True
16-08-24,2024,8,16,Friday,True,False,229,33,Summer,False
17-08-24,2024,8,17,Saturday,False,True,230,33,Summer,False
18-08-24,2024,8,18,Sunday,False,True,231,33,Summer,False
19-08-24,2024,8,19,Monday,True,False,232,34,Summer,False
20-08-24,2024,8,20,Tuesday,True,False,233,34,Summer,False
21-08-24,2024,8,21,Wednesday,True,False,234,34,Summer,False
22-08-24,2024,8,22,Thursday,True,False,235,34,Summer,False
23-08-24,2024,8,23,Friday,True,False,236,34,Summer,False
24-08-24,2024,8,24,Saturday,False,True,237,34,Summer,False
25-08-24,2024,8,25,Sunday,False,True,238,34,Summer,False
26-08-24,2024,8,26,Monday,True,False,239,35,Summer,False
27-08-24,2024,8,27,Tuesday,True,False,240,35,Summer,False
28-08-24,2024,8,28,Wednesday,True,False,241,35,Summer,False
29-08-24,2024,8,29,Thursday,True,False,242,35,Summer,False
30-08-24,2024,8,30,Friday,True,False,243,35,Summer,False
31-08-24,2024,8,31,Saturday,False,True,244,35,Summer,False
01-09-24,2024,9,1,Sunday,False,True,245,35,Autumn,False
02-09-24,2024,9,2,Monday,True,False,246,36,Autumn,False
03-09-24,2024,9,3,Tuesday,True,False,247,36,Autumn,False
04-09-24,2024,9,4,Wednesday,True,False,248,36,Autumn,False
05-09-24,2024,9,5,Thursday,True,False,249,36,Autumn,False
06-09-24,2024,9,6,Friday,True,False,250,36,Autumn,False
07-09-24,2024,9,7,Saturday,False,True,251,36,Autumn,False
08-09-24,2024,9,8,Sunday,False,True,252,36,Autumn,False
09-09-24,2024,9,9,Monday,True,False,253,37,Autumn,False
10-09-24,2024,9,10,Tuesday,True,False,254,37,Autumn,False
11-09-24,2024,9,11,Wednesday,True,False,255,37,Autumn,False
12-09-24,2024,9,12,Thursday,True,False,256,37,Autumn,False
13-09-24,2024,9,13,Friday,True,False,257,37,Autumn,False
14-09-24,2024,9,14,Saturday,False,True,258,37,Autumn,False
15-09-24,2024,9,15,Sunday,False,True,259,37,Autumn,False
16-09-24,2024,9,16,Monday,True,False,260,38,Autumn,False
17-09-24,2024,9,17,Tuesday,True,False,261,38,Autumn,False
18-09-24,2024,9,18,Wednesday,True,False,262,38,Autumn,False
19-09-24,2024,9,19,Thursday,True,False,263,38,Autumn,False
20-09-24,2024,9,20,Friday,True,False,264,38,Autumn,False
21-09-24,2024,9,21,Saturday,False,True,265,38,Autumn,False
22-09-24,2024,9,22,Sunday,False,True,266,38,Autumn,False
23-09-24,2024,9,23,Monday,True,False,267,39,Autumn,False
24-09-24,2024,9,24,Tuesday,True,False,268,39,Autumn,False
25-09-24,2024,9,25,Wednesday,True,False,269,39,Autumn,False
26-09-24,2024,9,26,Thursday,True,False,270,39,Autumn,False
27-09-24,2024,9,27,Friday,True,False,271,39,Autumn,False
28-09-24,2024,9,28,Saturday,False,True,272,39,Autumn,False
29-09-24,2024,9,29,Sunday,False,True,273,39,Autumn,False
30-09-24,2024,9,30,Monday,True,False,274,40,Autumn,False
01-10-24,2024,10,1,Tuesday,True,False,275,40,Autumn,False
02-10-24,2024,10,2,Wednesday,True,False,276,40,Autumn,False
03-10-24,2024,10,3,Thursday,True,False,277,40,Autumn,False
04-10-24,2024,10,4,Friday,True,False,278,40,Autumn,False
05-10-24,2024,10,5,Saturday,False,True,279,40,Autumn,False
06-10-24,2024,10,6,Sunday,False,True,280,40,Autumn,False
07-10-24,2024,10,7,Monday,True,False,281,41,Autumn,False
08-10-24,2024,10,8,Tuesday,True,False,282,41,Autumn,False
09-10-24,2024,10,9,Wednesday,True,False,283,41,Autumn,False
10-10-24,2024,10,10,Thursday,True,False,284,41,Autumn,False
11-10-24,2024,10,11,Friday,True,False,285,41,Autumn,False
12-10-24,2024,10,12,Saturday,False,True,286,41,Autumn,False
13-10-24,2024,10,13,Sunday,False,True,287,41,Autumn,False
14-10-24,2024,10,14,Monday,True,False,288,42,Autumn,False
15-10-24,2024,10,15,Tuesday,True,False,289,42,Autumn,False
16-10-24,2024,10,16,Wednesday,True,False,290,42,Autumn,False
17-10-24,2024,10,17,Thursday,True,False,291,42,Autumn,False
18-10-24,2024,10,18,Friday,True,False,292,42,Autumn,False
19-10-24,2024,10,19,Saturday,False,True,293,42,Autumn,False
20-10-24,2024,10,20,Sunday,False,True,294,42,Autumn,False
21-10-24,2024,10,21,Monday,True,False,295,43,Autumn,False
22-10-24,2024,10,22,Tuesday,True,False,296,43,Autumn,False
23-10-24,2024,10,23,Wednesday,True,False,297,43,Autumn,False
24-10-24,2024,10,24,Thursday,True,False,298,43,Autumn,False
25-10-24,2024,10,25,Friday,True,False,299,43,Autumn,False
26-10-24,2024,10,26,Saturday,False,True,300,43,Autumn,False
27-10-24,2024,10,27,Sunday,False,True,301,43,Autumn,False
28-10-24,2024,10,28,Monday,True,False,302,44,Autumn,False
29-10-24,2024,10,29,Tuesday,True,False,303,44,Autumn,False
30-10-24,2024,10,30,Wednesday,True,False,304,44,Autumn,False
31-10-24,2024,10,31,Thursday,True,False,305,44,Autumn,False
01-11-24,2024,11,1,Friday,True,False,306,44,Autumn,False
02-11-24,2024,11,2,Saturday,False,True,307,44,Autumn,False
03-11-24,2024,11,3,Sunday,False,True,308,44,Autumn,False
04-11-24,2024,11,4,Monday,True,False,309,45,Autumn,False
05-11-24,2024,11,5,Tuesday,True,False,310,45,Autumn,False
06-11-24,2024,11,6,Wednesday,True,False,311,45,Autumn,False
07-11-24,2024,11,7,Thursday,True,False,312,45,Autumn,False
08-11-24,2024,11,8,Friday,True,False,313,45,Autumn,False
09-11-24,2024,11,9,Saturday,False,True,314,45,Autumn,False
10-11-24,2024,11,10,Sunday,False,True,315,45,Autumn,False
11-11-24,2024,11,11,Monday,True,False,316,46,Autumn,False
12-11-24,2024,11,12,Tuesday,True,False,317,46,Autumn,False
13-11-24,2024,11,13,Wednesday,True,False,318,46,Autumn,False
14-11-24,2024,11,14,Thursday,True,False,319,46,Autumn,False
15-11-24,2024,11,15,Friday,True,False,320,46,Autumn,False
16-11-24,2024,11,16,Saturday,False,True,321,46,Autumn,False
17-11-24,2024,11,17,Sunday,False,True,322,46,Autumn,False
18-11-24,2024,11,18,Monday,True,False,323,47,Autumn,False
19-11-24,2024,11,19,Tuesday,True,False,324,47,Autumn,False
20-11-24,2024,11,20,Wednesday,True,False,325,47,Autumn,False
21-11-24,2024,11,21,Thursday,True,False,326,47,Autumn,False
22-11-24,2024,11,22,Friday,True,False,327,47,Autumn,False
23-11-24,2024,11,23,Saturday,False,True,328,47,Autumn,False
24-11-24,2024,11,24,Sunday,False,True,329,47,Autumn,False
25-11-24,2024,11,25,Monday,True,False,330,48,Autumn,False
26-11-24,2024,11,26,Tuesday,True,False,331,48,Autumn,False
27-11-24,2024,11,27,Wednesday,True,False,332,48,Autumn,False
28-11-24,2024,11,28,Thursday,True,False,333,48,Autumn,False
29-11-24,2024,11,29,Friday,True,False,334,48,Autumn,False
30-11-24,2024,11,30,Saturday,False,True,335,48,Autumn,True
01-12-24,2024,12,1,Sunday,False,True,336,48,Winter,True
02-12-24,2024,12,2,Monday,True,False,337,49,Winter,False
03-12-24,2024,12,3,Tuesday,True,False,338,49,Winter,False
04-12-24,2024,12,4,Wednesday,True,False,339,49,Winter,False
05-12-24,2024,12,5,Thursday,True,False,340,49,Winter,False
06-12-24,2024,12,6,Friday,True,False,341,49,Winter,False
07-12-24,2024,12,7,Saturday,False,True,342,49,Winter,False
08-12-24,2024,12,8,Sunday,False,True,343,49,Winter,False
09-12-24,2024,12,9,Monday,True,False,344,50,Winter,False
10-12-24,2024,12,10,Tuesday,True,False,345,50,Winter,False
11-12-24,2024,12,11,Wednesday,True,False,346,50,Winter,False
12-12-24,2024,12,12,Thursday,True,False,347,50,Winter,False
13-12-24,2024,12,13,Friday,True,False,348,50,Winter,False
14-12-24,2024,12,14,Saturday,False,True,349,50,Winter,False
15-12-24,2024,12,15,Sunday,False,True,350,50,Winter,False
16-12-24,2024,12,16,Monday,True,False,351,51,Winter,False
17-12-24,2024,12,17,Tuesday,True,False,352,51,Winter,False
18-12-24,2024,12,18,Wednesday,True,False,353,51,Winter,False
19-12-24,2024,12,19,Thursday,True,False,354,51,Winter,False
20-12-24,2024,12,20,Friday,True,False,355,51,Winter,False
21-12-24,2024,12,21,Saturday,False,True,356,51,Winter,False
22-12-24,2024,12,22,Sunday,False,True,357,51,Winter,False
23-12-24,2024,12,23,Monday,True,False,358,52,Winter,False
24-12-24,2024,12,24,Tuesday,True,False,359,52,Winter,False
25-12-24,2024,12,25,Wednesday,True,False,360,52,Winter,True
26-12-24,2024,12,26,Thursday,True,False,361,52,Winter,True
27-12-24,2024,12,27,Friday,True,False,362,52,Winter,False
28-12-24,2024,12,28,Saturday,False,True,363,52,Winter,False
29-12-24,2024,12,29,Sunday,False,True,364,52,Winter,False
30-12-24,2024,12,30,Monday,True,False,365,1,Winter,False
31-12-24,2024,12,31,Tuesday,True,False,366,1,Winter,False
01-01-25,2025,1,1,Wednesday,True,False,1,1,Winter,True
02-01-25,2025,1,2,Thursday,True,False,2,1,Winter,True
03-01-25,2025,1,3,Friday,True,False,3,1,Winter,False
04-01-25,2025,1,4,Saturday,False,True,4,1,Winter,False
05-01-25,2025,1,5,Sunday,False,True,5,1,Winter,False
06-01-25,2025,1,6,Monday,True,False,6,2,Winter,True
07-01-25,2025,1,7,Tuesday,True,False,7,2,Winter,True
08-01-25,2025,1,8,Wednesday,True,False,8,2,Winter,False
09-01-25,2025,1,9,Thursday,True,False,9,2,Winter,False
10-01-25,2025,1,10,Friday,True,False,10,2,Winter,False
11-01-25,2025,1,11,Saturday,False,True,11,2,Winter,False
12-01-25,2025,1,12,Sunday,False,True,12,2,Winter,False
13-01-25,2025,1,13,Monday,True,False,13,3,Winter,False
14-01-25,2025,1,14,Tuesday,True,False,14,3,Winter,False
15-01-25,2025,1,15,Wednesday,True,False,15,3,Winter,False
16-01-25,2025,1,16,Thursday,True,False,16,3,Winter,False
17-01-25,2025,1,17,Friday,True,False,17,3,Winter,False
18-01-25,2025,1,18,Saturday,False,True,18,3,Winter,False
19-01-25,2025,1,19,Sunday,False,True,19,3,Winter,False
20-01-25,2025,1,20,Monday,True,False,20,4,Winter,False
21-01-25,2025,1,21,Tuesday,True,False,21,4,Winter,False
22-01-25,2025,1,22,Wednesday,True,False,22,4,Winter,False
23-01-25,2025,1,23,Thursday,True,False,23,4,Winter,False
24-01-25,2025,1,24,Friday,True,False,24,4,Winter,True
25-01-25,2025,1,25,Saturday,False,True,25,4,Winter,False
26-01-25,2025,1,26,Sunday,False,True,26,4,Winter,False
27-01-25,2025,1,27,Monday,True,False,27,5,Winter,False
28-01-25,2025,1,28,Tuesday,True,False,28,5,Winter,False
29-01-25,2025,1,29,Wednesday,True,False,29,5,Winter,False
30-01-25,2025,1,30,Thursday,True,False,30,5,Winter,False
31-01-25,2025,1,31,Friday,True,False,31,5,Winter,False
01-02-25,2025,2,1,Saturday,False,True,32,5,Winter,False
02-02-25,2025,2,2,Sunday,False,True,33,5,Winter,False
03-02-25,2025,2,3,Monday,True,False,34,6,Winter,False
04-02-25,2025,2,4,Tuesday,True,False,35,6,Winter,False
05-02-25,2025,2,5,Wednesday,True,False,36,6,Winter,False
06-02-25,2025,2,6,Thursday,True,False,37,6,Winter,False
07-02-25,2025,2,7,Friday,True,False,38,6,Winter,False
08-02-25,2025,2,8,Saturday,False,True,39,6,Winter,False
09-02-25,2025,2,9,Sunday,False,True,40,6,Winter,False
10-02-25,2025,2,10,Monday,True,False,41,7,Winter,False
11-02-25,2025,2,11,Tuesday,True,False,42,7,Winter,False
12-02-25,2025,2,12,Wednesday,True,False,43,7,Winter,False
13-02-25,2025,2,13,Thursday,True,False,44,7,Winter,False
14-02-25,2025,2,14,Friday,True,False,45,7,Winter,False
15-02-25,2025,2,15,Saturday,False,True,46,7,Winter,False
16-02-25,2025,2,16,Sunday,False,True,47,7,Winter,False
17-02-25,2025,2,17,Monday,True,False,48,8,Winter,False
18-02-25,2025,2,18,Tuesday,True,False,49,8,Winter,False
19-02-25,2025,2,19,Wednesday,True,False,50,8,Winter,False
20-02-25,2025,2,20,Thursday,True,False,51,8,Winter,False
21-02-25,2025,2,21,Friday,True,False,52,8,Winter,False
22-02-25,2025,2,22,Saturday,False,True,53,8,Winter,False
23-02-25,2025,2,23,Sunday,False,True,54,8,Winter,False
24-02-25,2025,2,24,Monday,True,False,55,9,Winter,False
25-02-25,2025,2,25,Tuesday,True,False,56,9,Winter,False
26-02-25,2025,2,26,Wednesday,True,False,57,9,Winter,False
27-02-25,2025,2,27,Thursday,True,False,58,9,Winter,False
28-02-25,2025,2,28,Friday,True,False,59,9,Winter,False
01-03-25,2025,3,1,Saturday,False,True,60,9,Spring,False
02-03-25,2025,3,2,Sunday,False,True,61,9,Spring,False
03-03-25,2025,3,3,Monday,True,False,62,10,Spring,False
04-03-25,2025,3,4,Tuesday,True,False,63,10,Spring,False
05-03-25,2025,3,5,Wednesday,True,False,64,10,Spring,False
06-03-25,2025,3,6,Thursday,True,False,65,10,Spring,False
07-03-25,2025,3,7,Friday,True,False,66,10,Spring,False
08-03-25,2025,3,8,Saturday,False,True,67,10,Spring,False
09-03-25,2025,3,9,Sunday,False,True,68,10,Spring,False
10-03-25,2025,3,10,Monday,True,False,69,11,Spring,False
11-03-25,2025,3,11,Tuesday,True,False,70,11,Spring,False
12-03-25,2025,3,12,Wednesday,True,False,71,11,Spring,False
13-03-25,2025,3,13,Thursday,True,False,72,11,Spring,False
14-03-25,2025,3,14,Friday,True,False,73,11,Spring,False
15-03-25,2025,3,15,Saturday,False,True,74,11,Spring,False
16-03-25,2025,3,16,Sunday,False,True,75,11,Spring,False
17-03-25,2025,3,17,Monday,True,False,76,12,Spring,False
18-03-25,2025,3,18,Tuesday,True,False,77,12,Spring,False
19-03-25,2025,3,19,Wednesday,True,False,78,12,Spring,False
20-03-25,2025,3,20,Thursday,True,False,79,12,Spring,False
21-03-25,2025,3,21,Friday,True,False,80,12,Spring,False
22-03-25,2025,3,22,Saturday,False,True,81,12,Spring,False
23-03-25,2025,3,23,Sunday,False,True,82,12,Spring,False
24-03-25,2025,3,24,Monday,True,False,83,13,Spring,False
25-03-25,2025,3,25,Tuesday,True,False,84,13,Spring,False
26-03-25,2025,3,26,Wednesday,True,False,85,13,Spring,False
27-03-25,2025,3,27,Thursday,True,False,86,13,Spring,False
28-03-25,2025,3,28,Friday,True,False,87,13,Spring,False
29-03-25,2025,3,29,Saturday,False,True,88,13,Spring,False
30-03-25,2025,3,30,Sunday,False,True,89,13,Spring,False
31-03-25,2025,3,31,Monday,True,False,90,14,Spring,False
01-04-25,2025,4,1,Tuesday,True,False,91,14,Spring,False
02-04-25,2025,4,2,Wednesday,True,False,92,14,Spring,False
03-04-25,2025,4,3,Thursday,True,False,93,14,Spring,False
04-04-25,2025,4,4,Friday,True,False,94,14,Spring,False
05-04-25,2025,4,5,Saturday,False,True,95,14,Spring,False
06-04-25,2025,4,6,Sunday,False,True,96,14,Spring,False
07-04-25,2025,4,7,Monday,True,False,97,15,Spring,False
08-04-25,2025,4,8,Tuesday,True,False,98,15,Spring,False
09-04-25,2025,4,9,Wednesday,True,False,99,15,Spring,False
10-04-25,2025,4,10,Thursday,True,False,100,15,Spring,False
11-04-25,2025,4,11,Friday,True,False,101,15,Spring,False
12-04-25,2025,4,12,Saturday,False,True,102,15,Spring,False
13-04-25,2025,4,13,Sunday,False,True,103,15,Spring,False
14-04-25,2025,4,14,Monday,True,False,104,16,Spring,False
15-04-25,2025,4,15,Tuesday,True,False,105,16,Spring,False
16-04-25,2025,4,16,Wednesday,True,False,106,16,Spring,False
17-04-25,2025,4,17,Thursday,True,False,107,16,Spring,False
18-04-25,2025,4,18,Friday,True,False,108,16,Spring,True
19-04-25,2025,4,19,Saturday,False,True,109,16,Spring,False
20-04-25,2025,4,20,Sunday,False,True,110,16,Spring,True
21-04-25,2025,4,21,Monday,True,False,111,17,Spring,True
22-04-25,2025,4,22,Tuesday,True,False,112,17,Spring,False
23-04-25,2025,4,23,Wednesday,True,False,113,17,Spring,False
24-04-25,2025,4,24,Thursday,True,False,114,17,Spring,False
25-04-25,2025,4,25,Friday,True,False,115,17,Spring,False
26-04-25,2025,4,26,Saturday,False,True,116,17,Spring,False
27-04-25,2025,4,27,Sunday,False,True,117,17,Spring,False
28-04-25,2025,4,28,Monday,True,False,118,18,Spring,False
29-04-25,2025,4,29,Tuesday,True,False,119,18,Spring,False
30-04-25,2025,4,30,Wednesday,True,False,120,18,Spring,False
01-05-25,2025,5,1,Thursday,True,False,121,18,Spring,True
02-05-25,2025,5,2,Friday,True,False,122,18,Spring,False
03-05-25,2025,5,3,Saturday,False,True,123,18,Spring,False
04-05-25,2025,5,4,Sunday,False,True,124,18,Spring,False
05-05-25,2025,5,5,Monday,True,False,125,19,Spring,False
06-05-25,2025,5,6,Tuesday,True,False,126,19,Spring,False
07-05-25,2025,5,7,Wednesday,True,False,127,19,Spring,False
08-05-25,2025,5,8,Thursday,True,False,128,19,Spring,False
09-05-25,2025,5,9,Friday,True,False,129,19,Spring,False
10-05-25,2025,5,10,Saturday,False,True,130,19,Spring,False
11-05-25,2025,5,11,Sunday,False,True,131,19,Spring,False
12-05-25,2025,5,12,Monday,True,False,132,20,Spring,False
13-05-25,2025,5,13,Tuesday,True,False,133,20,Spring,False
14-05-25,2025,5,14,Wednesday,True,False,134,20,Spring,False
15-05-25,2025,5,15,Thursday,True,False,135,20,Spring,False
16-05-25,2025,5,16,Friday,True,False,136,20,Spring,False
17-05-25,2025,5,17,Saturday,False,True,137,20,Spring,False
18-05-25,2025,5,18,Sunday,False,True,138,20,Spring,False
19-05-25,2025,5,19,Monday,True,False,139,21,Spring,False
20-05-25,2025,5,20,Tuesday,True,False,140,21,Spring,False
21-05-25,2025,5,21,Wednesday,True,False,141,21,Spring,False
22-05-25,2025,5,22,Thursday,True,False,142,21,Spring,False
23-05-25,2025,5,23,Friday,True,False,143,21,Spring,False
24-05-25,2025,5,24,Saturday,False,True,144,21,Spring,False
25-05-25,2025,5,25,Sunday,False,True,145,21,Spring,False
26-05-25,2025,5,26,Monday,True,False,146,22,Spring,False
27-05-25,2025,5,27,Tuesday,True,False,147,22,Spring,False
28-05-25,2025,5,28,Wednesday,True,False,148,22,Spring,False
29-05-25,2025,5,29,Thursday,True,False,149,22,Spring,False
30-05-25,2025,5,30,Friday,True,False,150,22,Spring,False
31-05-25,2025,5,31,Saturday,False,True,151,22,Spring,False
01-06-25,2025,6,1,Sunday,False,True,152,22,Summer,True
02-06-25,2025,6,2,Monday,True,False,153,23,Summer,False
03-06-25,2025,6,3,Tuesday,True,False,154,23,Summer,False
04-06-25,2025,6,4,Wednesday,True,False,155,23,Summer,False
05-06-25,2025,6,5,Thursday,True,False,156,23,Summer,False
06-06-25,2025,6,6,Friday,True,False,157,23,Summer,False
07-06-25,2025,6,7,Saturday,False,True,158,23,Summer,False
08-06-25,2025,6,8,Sunday,False,True,159,23,Summer,True
09-06-25,2025,6,9,Monday,True,False,160,24,Summer,True
10-06-25,2025,6,10,Tuesday,True,False,161,24,Summer,False
11-06-25,2025,6,11,Wednesday,True,False,162,24,Summer,False
12-06-25,2025,6,12,Thursday,True,False,163,24,Summer,False
13-06-25,2025,6,13,Friday,True,False,164,24,Summer,False
14-06-25,2025,6,14,Saturday,False,True,165,24,Summer,False
15-06-25,2025,6,15,Sunday,False,True,166,24,Summer,False
16-06-25,2025,6,16,Monday,True,False,167,25,Summer,False
17-06-25,2025,6,17,Tuesday,True,False,168,25,Summer,False
18-06-25,2025,6,18,Wednesday,True,False,169,25,Summer,False
19-06-25,2025,6,19,Thursday,True,False,170,25,Summer,False
20-06-25,2025,6,20,Friday,True,False,171,25,Summer,False
21-06-25,2025,6,21,Saturday,False,True,172,25,Summer,False
22-06-25,2025,6,22,Sunday,False,True,173,25,Summer,False
23-06-25,2025,6,23,Monday,True,False,174,26,Summer,False
24-06-25,2025,6,24,Tuesday,True,False,175,26,Summer,False
25-06-25,2025,6,25,Wednesday,True,False,176,26,Summer,False
26-06-25,2025,6,26,Thursday,True,False,177,26,Summer,False
27-06-25,2025,6,27,Friday,True,False,178,26,Summer,False
28-06-25,2025,6,28,Saturday,False,True,179,26,Summer,False
29-06-25,2025,6,29,Sunday,False,True,180,26,Summer,False
30-06-25,2025,6,30,Monday,True,False,181,27,Summer,False
01-07-25,2025,7,1,Tuesday,True,False,182,27,Summer,False
02-07-25,2025,7,2,Wednesday,True,False,183,27,Summer,False
03-07-25,2025,7,3,Thursday,True,False,184,27,Summer,False
04-07-25,2025,7,4,Friday,True,False,185,27,Summer,False
05-07-25,2025,7,5,Saturday,False,True,186,27,Summer,False
06-07-25,2025,7,6,Sunday,False,True,187,27,Summer,False
07-07-25,2025,7,7,Monday,True,False,188,28,Summer,False
08-07-25,2025,7,8,Tuesday,True,False,189,28,Summer,False
09-07-25,2025,7,9,Wednesday,True,False,190,28,Summer,False
10-07-25,2025,7,10,Thursday,True,False,191,28,Summer,False
11-07-25,2025,7,11,Friday,True,False,192,28,Summer,False
12-07-25,2025,7,12,Saturday,False,True,193,28,Summer,False
13-07-25,2025,7,13,Sunday,False,True,194,28,Summer,False
14-07-25,2025,7,14,Monday,True,False,195,29,Summer,False
15-07-25,2025,7,15,Tuesday,True,False,196,29,Summer,False
16-07-25,2025,7,16,Wednesday,True,False,197,29,Summer,False
17-07-25,2025,7,17,Thursday,True,False,198,29,Summer,False
18-07-25,2025,7,18,Friday,True,False,199,29,Summer,False
19-07-25,2025,7,19,Saturday,False,True,200,29,Summer,False
20-07-25,2025,7,20,Sunday,False,True,201,29,Summer,False
21-07-25,2025,7,21,Monday,True,False,202,30,Summer,False
22-07-25,2025,7,22,Tuesday,True,False,203,30,Summer,False
23-07-25,2025,7,23,Wednesday,True,False,204,30,Summer,False
24-07-25,2025,7,24,Thursday,True,False,205,30,Summer,False
25-07-25,2025,7,25,Friday,True,False,206,30,Summer,False
26-07-25,2025,7,26,Saturday,False,True,207,30,Summer,False
27-07-25,2025,7,27,Sunday,False,True,208,30,Summer,False
28-07-25,2025,7,28,Monday,True,False,209,31,Summer,False
29-07-25,2025,7,29,Tuesday,True,False,210,31,Summer,False
30-07-25,2025,7,30,Wednesday,True,False,211,31,Summer,False
31-07-25,2025,7,31,Thursday,True,False,212,31,Summer,False
01-08-25,2025,8,1,Friday,True,False,213,31,Summer,False
02-08-25,2025,8,2,Saturday,False,True,214,31,Summer,False
03-08-25,2025,8,3,Sunday,False,True,215,31,Summer,False
04-08-25,2025,8,4,Monday,True,False,216,32,Summer,False
05-08-25,2025,8,5,Tuesday,True,False,217,32,Summer,False
06-08-25,2025,8,6,Wednesday,True,False,218,32,Summer,False
07-08-25,2025,8,7,Thursday,True,False,219,32,Summer,False
08-08-25,2025,8,8,Friday,True,False,220,32,Summer,False
09-08-25,2025,8,9,Saturday,False,True,221,32,Summer,False
10-08-25,2025,8,10,Sunday,False,True,222,32,Summer,False
11-08-25,2025,8,11,Monday,True,False,223,33,Summer,False
12-08-25,2025,8,12,Tuesday,True,False,224,33,Summer,False
13-08-25,2025,8,13,Wednesday,True,False,225,33,Summer,False
14-08-25,2025,8,14,Thursday,True,False,226,33,Summer,False
15-08-25,2025,8,15,Friday,True,False,227,33,Summer,True
16-08-25,2025,8,16,Saturday,False,True,228,33,Summer,False
17-08-25,2025,8,17,Sunday,False,True,229,33,Summer,False
18-08-25,2025,8,18,Monday,True,False,230,34,Summer,False
19-08-25,2025,8,19,Tuesday,True,False,231,34,Summer,False
20-08-25,2025,8,20,Wednesday,True,False,232,34,Summer,False
21-08-25,2025,8,21,Thursday,True,False,233,34,Summer,False
22-08-25,2025,8,22,Friday,True,False,234,34,Summer,False
23-08-25,2025,8,23,Saturday,False,True,235,34,Summer,False
24-08-25,2025,8,24,Sunday,False,True,236,34,Summer,False
25-08-25,2025,8,25,Monday,True,False,237,35,Summer,False
26-08-25,2025,8,26,Tuesday,True,False,238,35,Summer,False
27-08-25,2025,8,27,Wednesday,True,False,239,35,Summer,False
28-08-25,2025,8,28,Thursday,True,False,240,35,Summer,False
29-08-25,2025,8,29,Friday,True,False,241,35,Summer,False
30-08-25,2025,8,30,Saturday,False,True,242,35,Summer,False
31-08-25,2025,8,31,Sunday,False,True,243,35,Summer,False
01-09-25,2025,9,1,Monday,True,False,244,36,Autumn,False
02-09-25,2025,9,2,Tuesday,True,False,245,36,Autumn,False
03-09-25,2025,9,3,Wednesday,True,False,246,36,Autumn,False
04-09-25,2025,9,4,Thursday,True,False,247,36,Autumn,False
05-09-25,2025,9,5,Friday,True,False,248,36,Autumn,False
06-09-25,2025,9,6,Saturday,False,True,249,36,Autumn,False
07-09-25,2025,9,7,Sunday,False,True,250,36,Autumn,False
08-09-25,2025,9,8,Monday,True,False,251,37,Autumn,False
09-09-25,2025,9,9,Tuesday,True,False,252,37,Autumn,False
10-09-25,2025,9,10,Wednesday,True,False,253,37,Autumn,False
11-09-25,2025,9,11,Thursday,True,False,254,37,Autumn,False
12-09-25,2025,9,12,Friday,True,False,255,37,Autumn,False
13-09-25,2025,9,13,Saturday,False,True,256,37,Autumn,False
14-09-25,2025,9,14,Sunday,False,True,257,37,Autumn,False
15-09-25,2025,9,15,Monday,True,False,258,38,Autumn,False
16-09-25,2025,9,16,Tuesday,True,False,259,38,Autumn,False
17-09-25,2025,9,17,Wednesday,True,False,260,38,Autumn,False
18-09-25,2025,9,18,Thursday,True,False,261,38,Autumn,False
19-09-25,2025,9,19,Friday,True,False,262,38,Autumn,False
20-09-25,2025,9,20,Saturday,False,True,263,38,Autumn,False
21-09-25,2025,9,21,Sunday,False,True,264,38,Autumn,False
22-09-25,2025,9,22,Monday,True,False,265,39,Autumn,False
23-09-25,2025,9,23,Tuesday,True,False,266,39,Autumn,False
24-09-25,2025,9,24,Wednesday,True,False,267,39,Autumn,False
25-09-25,2025,9,25,Thursday,True,False,268,39,Autumn,False
26-09-25,2025,9,26,Friday,True,False,269,39,Autumn,False
27-09-25,2025,9,27,Saturday,False,True,270,39,Autumn,False
28-09-25,2025,9,28,Sunday,False,True,271,39,Autumn,False
29-09-25,2025,9,29,Monday,True,False,272,40,Autumn,False
30-09-25,2025,9,30,Tuesday,True,False,273,40,Autumn,False
01-10-25,2025,10,1,Wednesday,True,False,274,40,Autumn,False
02-10-25,2025,10,2,Thursday,True,False,275,40,Autumn,False
03-10-25,2025,10,3,Friday,True,False,276,40,Autumn,False
04-10-25,2025,10,4,Saturday,False,True,277,40,Autumn,False
05-10-25,2025,10,5,Sunday,False,True,278,40,Autumn,False
06-10-25,2025,10,6,Monday,True,False,279,41,Autumn,False
07-10-25,2025,10,7,Tuesday,True,False,280,41,Autumn,False
08-10-25,2025,10,8,Wednesday,True,False,281,41,Autumn,False
09-10-25,2025,10,9,Thursday,True,False,282,41,Autumn,False
10-10-25,2025,10,10,Friday,True,False,283,41,Autumn,False
11-10-25,2025,10,11,Saturday,False,True,284,41,Autumn,False
12-10-25,2025,10,12,Sunday,False,True,285,41,Autumn,False
13-10-25,2025,10,13,Monday,True,False,286,42,Autumn,False
14-10-25,2025,10,14,Tuesday,True,False,287,42,Autumn,False
15-10-25,2025,10,15,Wednesday,True,False,288,42,Autumn,False
16-10-25,2025,10,16,Thursday,True,False,289,42,Autumn,False
17-10-25,2025,10,17,Friday,True,False,290,42,Autumn,False
18-10-25,2025,10,18,Saturday,False,True,291,42,Autumn,False
19-10-25,2025,10,19,Sunday,False,True,292,42,Autumn,False
20-10-25,2025,10,20,Monday,True,False,293,43,Autumn,False
21-10-25,2025,10,21,Tuesday,True,False,294,43,Autumn,False
22-10-25,2025,10,22,Wednesday,True,False,295,43,Autumn,False
23-10-25,2025,10,23,Thursday,True,False,296,43,Autumn,False
24-10-25,2025,10,24,Friday,True,False,297,43,Autumn,False
25-10-25,2025,10,25,Saturday,False,True,298,43,Autumn,False
26-10-25,2025,10,26,Sunday,False,True,299,43,Autumn,False
27-10-25,2025,10,27,Monday,True,False,300,44,Autumn,False
28-10-25,2025,10,28,Tuesday,True,False,301,44,Autumn,False
29-10-25,2025,10,29,Wednesday,True,False,302,44,Autumn,False
30-10-25,2025,10,30,Thursday,True,False,303,44,Autumn,False
31-10-25,2025,10,31,Friday,True,False,304,44,Autumn,False
01-11-25,2025,11,1,Saturday,False,True,305,44,Autumn,False
02-11-25,2025,11,2,Sunday,False,True,306,44,Autumn,False
03-11-25,2025,11,3,Monday,True,False,307,45,Autumn,False
04-11-25,2025,11,4,Tuesday,True,False,308,45,Autumn,False
05-11-25,2025,11,5,Wednesday,True,False,309,45,Autumn,False
06-11-25,2025,11,6,Thursday,True,False,310,45,Autumn,False
07-11-25,2025,11,7,Friday,True,False,311,45,Autumn,False
08-11-25,2025,11,8,Saturday,False,True,312,45,Autumn,False
09-11-25,2025,11,9,Sunday,False,True,313,45,Autumn,False
10-11-25,2025,11,10,Monday,True,False,314,46,Autumn,False
11-11-25,2025,11,11,Tuesday,True,False,315,46,Autumn,False
12-11-25,2025,11,12,Wednesday,True,False,316,46,Autumn,False
13-11-25,2025,11,13,Thursday,True,False,317,46,Autumn,False
14-11-25,2025,11,14,Friday,True,False,318,46,Autumn,False
15-11-25,2025,11,15,Saturday,False,True,319,46,Autumn,False
16-11-25,2025,11,16,Sunday,False,True,320,46,Autumn,False
17-11-25,2025,11,17,Monday,True,False,321,47,Autumn,False
18-11-25,2025,11,18,Tuesday,True,False,322,47,Autumn,False
19-11-25,2025,11,19,Wednesday,True,False,323,47,Autumn,False
20-11-25,2025,11,20,Thursday,True,False,324,47,Autumn,False
21-11-25,2025,11,21,Friday,True,False,325,47,Autumn,False
22-11-25,2025,11,22,Saturday,False,True,326,47,Autumn,False
23-11-25,2025,11,23,Sunday,False,True,327,47,Autumn,False
24-11-25,2025,11,24,Monday,True,False,328,48,Autumn,False
25-11-25,2025,11,25,Tuesday,True,False,329,48,Autumn,False
26-11-25,2025,11,26,Wednesday,True,False,330,48,Autumn,False
27-11-25,2025,11,27,Thursday,True,False,331,48,Autumn,False
28-11-25,2025,11,28,Friday,True,False,332,48,Autumn,False
29-11-25,2025,11,29,Saturday,False,True,333,48,Autumn,False
30-11-25,2025,11,30,Sunday,False,True,334,48,Autumn,True
01-12-25,2025,12,1,Monday,True,False,335,49,Winter,True
02-12-25,2025,12,2,Tuesday,True,False,336,49,Winter,False
03-12-25,2025,12,3,Wednesday,True,False,337,49,Winter,False
04-12-25,2025,12,4,Thursday,True,False,338,49,Winter,False
05-12-25,2025,12,5,Friday,True,False,339,49,Winter,False
06-12-25,2025,12,6,Saturday,False,True,340,49,Winter,False
07-12-25,2025,12,7,Sunday,False,True,341,49,Winter,False
08-12-25,2025,12,8,Monday,True,False,342,50,Winter,False
09-12-25,2025,12,9,Tuesday,True,False,343,50,Winter,False
10-12-25,2025,12,10,Wednesday,True,False,344,50,Winter,False
11-12-25,2025,12,11,Thursday,True,False,345,50,Winter,False
12-12-25,2025,12,12,Friday,True,False,346,50,Winter,False
13-12-25,2025,12,13,Saturday,False,True,347,50,Winter,False
14-12-25,2025,12,14,Sunday,False,True,348,50,Winter,False
15-12-25,2025,12,15,Monday,True,False,349,51,Winter,False
16-12-25,2025,12,16,Tuesday,True,False,350,51,Winter,False
17-12-25,2025,12,17,Wednesday,True,False,351,51,Winter,False
18-12-25,2025,12,18,Thursday,True,False,352,51,Winter,False
19-12-25,2025,12,19,Friday,True,False,353,51,Winter,False
20-12-25,2025,12,20,Saturday,False,True,354,51,Winter,False
21-12-25,2025,12,21,Sunday,False,True,355,51,Winter,False
22-12-25,2025,12,22,Monday,True,False,356,52,Winter,False
23-12-25,2025,12,23,Tuesday,True,False,357,52,Winter,False
24-12-25,2025,12,24,Wednesday,True,False,358,52,Winter,False
25-12-25,2025,12,25,Thursday,True,False,359,52,Winter,True
26-12-25,2025,12,26,Friday,True,False,360,52,Winter,True
27-12-25,2025,12,27,Saturday,False,True,361,52,Winter,False
28-12-25,2025,12,28,Sunday,False,True,362,52,Winter,False
29-12-25,2025,12,29,Monday,True,False,363,1,Winter,False
30-12-25,2025,12,30,Tuesday,True,False,364,1,Winter,False
31-12-25,2025,12,31,Wednesday,True,False,365,1,Winter,False
01-01-26,2026,1,1,Thursday,True,False,1,1,Winter,True
02-01-26,2026,1,2,Friday,True,False,2,1,Winter,True
03-01-26,2026,1,3,Saturday,False,True,3,1,Winter,False
04-01-26,2026,1,4,Sunday,False,True,4,1,Winter,False
05-01-26,2026,1,5,Monday,True,False,5,2,Winter,False
06-01-26,2026,1,6,Tuesday,True,False,6,2,Winter,True
07-01-26,2026,1,7,Wednesday,True,False,7,2,Winter,True
08-01-26,2026,1,8,Thursday,True,False,8,2,Winter,False
09-01-26,2026,1,9,Friday,True,False,9,2,Winter,False
10-01-26,2026,1,10,Saturday,False,True,10,2,Winter,False
11-01-26,2026,1,11,Sunday,False,True,11,2,Winter,False
12-01-26,2026,1,12,Monday,True,False,12,3,Winter,False
13-01-26,2026,1,13,Tuesday,True,False,13,3,Winter,False
14-01-26,2026,1,14,Wednesday,True,False,14,3,Winter,False
15-01-26,2026,1,15,Thursday,True,False,15,3,Winter,False
16-01-26,2026,1,16,Friday,True,False,16,3,Winter,False
17-01-26,2026,1,17,Saturday,False,True,17,3,Winter,False
18-01-26,2026,1,18,Sunday,False,True,18,3,Winter,False
19-01-26,2026,1,19,Monday,True,False,19,4,Winter,False
20-01-26,2026,1,20,Tuesday,True,False,20,4,Winter,False
21-01-26,2026,1,21,Wednesday,True,False,21,4,Winter,False
22-01-26,2026,1,22,Thursday,True,False,22,4,Winter,False
23-01-26,2026,1,23,Friday,True,False,23,4,Winter,False
24-01-26,2026,1,24,Saturday,False,True,24,4,Winter,True
25-01-26,2026,1,25,Sunday,False,True,25,4,Winter,False
26-01-26,2026,1,26,Monday,True,False,26,5,Winter,False
27-01-26,2026,1,27,Tuesday,True,False,27,5,Winter,False
28-01-26,2026,1,28,Wednesday,True,False,28,5,Winter,False
29-01-26,2026,1,29,Thursday,True,False,29,5,Winter,False
30-01-26,2026,1,30,Friday,True,False,30,5,Winter,False
31-01-26,2026,1,31,Saturday,False,True,31,5,Winter,False
01-02-26,2026,2,1,Sunday,False,True,32,5,Winter,False
02-02-26,2026,2,2,Monday,True,False,33,6,Winter,False
03-02-26,2026,2,3,Tuesday,True,False,34,6,Winter,False
04-02-26,2026,2,4,Wednesday,True,False,35,6,Winter,False
05-02-26,2026,2,5,Thursday,True,False,36,6,Winter,False
06-02-26,2026,2,6,Friday,True,False,37,6,Winter,False
07-02-26,2026,2,7,Saturday,False,True,38,6,Winter,False
08-02-26,2026,2,8,Sunday,False,True,39,6,Winter,False
09-02-26,2026,2,9,Monday,True,False,40,7,Winter,False
10-02-26,2026,2,10,Tuesday,True,False,41,7,Winter,False
11-02-26,2026,2,11,Wednesday,True,False,42,7,Winter,False
12-02-26,2026,2,12,Thursday,True,False,43,7,Winter,False
13-02-26,2026,2,13,Friday,True,False,44,7,Winter,False
14-02-26,2026,2,14,Saturday,False,True,45,7,Winter,False
15-02-26,2026,2,15,Sunday,False,True,46,7,Winter,False
16-02-26,2026,2,16,Monday,True,False,47,8,Winter,False
17-02-26,2026,2,17,Tuesday,True,False,48,8,Winter,False
18-02-26,2026,2,18,Wednesday,True,False,49,8,Winter,False
19-02-26,2026,2,19,Thursday,True,False,50,8,Winter,False
20-02-26,2026,2,20,Friday,True,False,51,8,Winter,False
21-02-26,2026,2,21,Saturday,False,True,52,8,Winter,False
22-02-26,2026,2,22,Sunday,False,True,53,8,Winter,False
23-02-26,2026,2,23,Monday,True,False,54,9,Winter,False
24-02-26,2026,2,24,Tuesday,True,False,55,9,Winter,False
25-02-26,2026,2,25,Wednesday,True,False,56,9,Winter,False
26-02-26,2026,2,26,Thursday,True,False,57,9,Winter,False
27-02-26,2026,2,27,Friday,True,False,58,9,Winter,False
28-02-26,2026,2,28,Saturday,False,True,59,9,Winter,False
01-03-26,2026,3,1,Sunday,False,True,60,9,Spring,False
02-03-26,2026,3,2,Monday,True,False,61,10,Spring,False
03-03-26,2026,3,3,Tuesday,True,False,62,10,Spring,False
04-03-26,2026,3,4,Wednesday,True,False,63,10,Spring,False
05-03-26,2026,3,5,Thursday,True,False,64,10,Spring,False
06-03-26,2026,3,6,Friday,True,False,65,10,Spring,False
07-03-26,2026,3,7,Saturday,False,True,66,10,Spring,False
08-03-26,2026,3,8,Sunday,False,True,67,10,Spring,False
09-03-26,2026,3,9,Monday,True,False,68,11,Spring,False
10-03-26,2026,3,10,Tuesday,True,False,69,11,Spring,False
11-03-26,2026,3,11,Wednesday,True,False,70,11,Spring,False
12-03-26,2026,3,12,Thursday,True,False,71,11,Spring,False
13-03-26,2026,3,13,Friday,True,False,72,11,Spring,False
14-03-26,2026,3,14,Saturday,False,True,73,11,Spring,False
15-03-26,2026,3,15,Sunday,False,True,74,11,Spring,False
16-03-26,2026,3,16,Monday,True,False,75,12,Spring,False
17-03-26,2026,3,17,Tuesday,True,False,76,12,Spring,False
18-03-26,2026,3,18,Wednesday,True,False,77,12,Spring,False
19-03-26,2026,3,19,Thursday,True,False,78,12,Spring,False
20-03-26,2026,3,20,Friday,True,False,79,12,Spring,False
21-03-26,2026,3,21,Saturday,False,True,80,12,Spring,False
22-03-26,2026,3,22,Sunday,False,True,81,12,Spring,False
23-03-26,2026,3,23,Monday,True,False,82,13,Spring,False
24-03-26,2026,3,24,Tuesday,True,False,83,13,Spring,False
25-03-26,2026,3,25,Wednesday,True,False,84,13,Spring,False
26-03-26,2026,3,26,Thursday,True,False,85,13,Spring,False
27-03-26,2026,3,27,Friday,True,False,86,13,Spring,False
28-03-26,2026,3,28,Saturday,False,True,87,13,Spring,False
29-03-26,2026,3,29,Sunday,False,True,88,13,Spring,False
30-03-26,2026,3,30,Monday,True,False,89,14,Spring,False
31-03-26,2026,3,31,Tuesday,True,False,90,14,Spring,False
01-04-26,2026,4,1,Wednesday,True,False,91,14,Spring,False
02-04-26,2026,4,2,Thursday,True,False,92,14,Spring,False
03-04-26,2026,4,3,Friday,True,False,93,14,Spring,False
04-04-26,2026,4,4,Saturday,False,True,94,14,Spring,False
05-04-26,2026,4,5,Sunday,False,True,95,14,Spring,False
06-04-26,2026,4,6,Monday,True,False,96,15,Spring,False
07-04-26,2026,4,7,Tuesday,True,False,97,15,Spring,False
08-04-26,2026,4,8,Wednesday,True,False,98,15,Spring,False
09-04-26,2026,4,9,Thursday,True,False,99,15,Spring,False
10-04-26,2026,4,10,Friday,True,False,100,15,Spring,True
11-04-26,2026,4,11,Saturday,False,True,101,15,Spring,False
12-04-26,2026,4,12,Sunday,False,True,102,15,Spring,True
13-04-26,2026,4,13,Monday,True,False,103,16,Spring,True
14-04-26,2026,4,14,Tuesday,True,False,104,16,Spring,False
15-04-26,2026,4,15,Wednesday,True,False,105,16,Spring,False
16-04-26,2026,4,16,Thursday,True,False,106,16,Spring,False
17-04-26,2026,4,17,Friday,True,False,107,16,Spring,False
18-04-26,2026,4,18,Saturday,False,True,108,16,Spring,False
19-04-26,2026,4,19,Sunday,False,True,109,16,Spring,False
20-04-26,2026,4,20,Monday,True,False,110,17,Spring,False
21-04-26,2026,4,21,Tuesday,True,False,111,17,Spring,False
22-04-26,2026,4,22,Wednesday,True,False,112,17,Spring,False
23-04-26,2026,4,23,Thursday,True,False,113,17,Spring,False
24-04-26,2026,4,24,Friday,True,False,114,17,Spring,False
25-04-26,2026,4,25,Saturday,False,True,115,17,Spring,False
26-04-26,2026,4,26,Sunday,False,True,116,17,Spring,False
27-04-26,2026,4,27,Monday,True,False,117,18,Spring,False
28-04-26,2026,4,28,Tuesday,True,False,118,18,Spring,False
29-04-26,2026,4,29,Wednesday,True,False,119,18,Spring,False
30-04-26,2026,4,30,Thursday,True,False,120,18,Spring,False
01-05-26,2026,5,1,Friday,True,False,121,18,Spring,True
02-05-26,2026,5,2,Saturday,False,True,122,18,Spring,False
03-05-26,2026,5,3,Sunday,False,True,123,18,Spring,False
04-05-26,2026,5,4,Monday,True,False,124,19,Spring,False
05-05-26,2026,5,5,Tuesday,True,False,125,19,Spring,False
06-05-26,2026,5,6,Wednesday,True,False,126,19,Spring,False
07-05-26,2026,5,7,Thursday,True,False,127,19,Spring,False
08-05-26,2026,5,8,Friday,True,False,128,19,Spring,False
09-05-26,2026,5,9,Saturday,False,True,129,19,Spring,False
10-05-26,2026,5,10,Sunday,False,True,130,19,Spring,False
11-05-26,2026,5,11,Monday,True,False,131,20,Spring,False
12-05-26,2026,5,12,Tuesday,True,False,132,20,Spring,False
13-05-26,2026,5,13,Wednesday,True,False,133,20,Spring,False
14-05-26,2026,5,14,Thursday,True,False,134,20,Spring,False
15-05-26,2026,5,15,Friday,True,False,135,20,Spring,False
16-05-26,2026,5,16,Saturday,False,True,136,20,Spring,False
17-05-26,2026,5,17,Sunday,False,True,137,20,Spring,False
18-05-26,2026,5,18,Monday,True,False,138,21,Spring,False
19-05-26,2026,5,19,Tuesday,True,False,139,21,Spring,False
20-05-26,2026,5,20,Wednesday,True,False,140,21,Spring,False
21-05-26,2026,5,21,Thursday,True,False,141,21,Spring,False
22-05-26,2026,5,22,Friday,True,False,142,21,Spring,False
23-05-26,2026,5,23,Saturday,False,True,143,21,Spring,False
24-05-26,2026,5,24,Sunday,False,True,144,21,Spring,False
25-05-26,2026,5,25,Monday,True,False,145,22,Spring,False
26-05-26,2026,5,26,Tuesday,True,False,146,22,Spring,False
27-05-26,2026,5,27,Wednesday,True,False,147,22,Spring,False
28-05-26,2026,5,28,Thursday,True,False,148,22,Spring,False
29-05-26,2026,5,29,Friday,True,False,149,22,Spring,False
30-05-26,2026,5,30,Saturday,False,True,150,22,Spring,False
31-05-26,2026,5,31,Sunday,False,True,151,22,Spring,True
01-06-26,2026,6,1,Monday,True,False,152,23,Summer,True
02-06-26,2026,6,2,Tuesday,True,False,153,23,Summer,False
03-06-26,2026,6,3,Wednesday,True,False,154,23,Summer,False
04-06-26,2026,6,4,Thursday,True,False,155,23,Summer,False
05-06-26,2026,6,5,Friday,True,False,156,23,Summer,False
06-06-26,2026,6,6,Saturday,False,True,157,23,Summer,False
07-06-26,2026,6,7,Sunday,False,True,158,23,Summer,False
08-06-26,2026,6,8,Monday,True,False,159,24,Summer,False
09-06-26,2026,6,9,Tuesday,True,False,160,24,Summer,False
10-06-26,2026,6,10,Wednesday,True,False,161,24,Summer,False
11-06-26,2026,6,11,Thursday,True,False,162,24,Summer,False
12-06-26,2026,6,12,Friday,True,False,163,24,Summer,False
13-06-26,2026,6,13,Saturday,False,True,164,24,Summer,False
14-06-26,2026,6,14,Sunday,False,True,165,24,Summer,False
15-06-26,2026,6,15,Monday,True,False,166,25,Summer,False
16-06-26,2026,6,16,Tuesday,True,False,167,25,Summer,False
17-06-26,2026,6,17,Wednesday,True,False,168,25,Summer,False
18-06-26,2026,6,18,Thursday,True,False,169,25,Summer,False
19-06-26,2026,6,19,Friday,True,False,170,25,Summer,False
20-06-26,2026,6,20,Saturday,False,True,171,25,Summer,False
21-06-26,2026,6,21,Sunday,False,True,172,25,Summer,False
22-06-26,2026,6,22,Monday,True,False,173,26,Summer,False
23-06-26,2026,6,23,Tuesday,True,False,174,26,Summer,False
24-06-26,2026,6,24,Wednesday,True,False,175,26,Summer,False
25-06-26,2026,6,25,Thursday,True,False,176,26,Summer,False
26-06-26,2026,6,26,Friday,True,False,177,26,Summer,False
27-06-26,2026,6,27,Saturday,False,True,178,26,Summer,False
28-06-26,2026,6,28,Sunday,False,True,179,26,Summer,False
29-06-26,2026,6,29,Monday,True,False,180,27,Summer,False
30-06-26,2026,6,30,Tuesday,True,False,181,27,Summer,False
01-07-26,2026,7,1,Wednesday,True,False,182,27,Summer,False
02-07-26,2026,7,2,Thursday,True,False,183,27,Summer,False
03-07-26,2026,7,3,Friday,True,False,184,27,Summer,False
04-07-26,2026,7,4,Saturday,False,True,185,27,Summer,False
05-07-26,2026,7,5,Sunday,False,True,186,27,Summer,False
06-07-26,2026,7,6,Monday,True,False,187,28,Summer,False
07-07-26,2026,7,7,Tuesday,True,False,188,28,Summer,False
08-07-26,2026,7,8,Wednesday,True,False,189,28,Summer,False
09-07-26,2026,7,9,Thursday,True,False,190,28,Summer,False
10-07-26,2026,7,10,Friday,True,False,191,28,Summer,False
11-07-26,2026,7,11,Saturday,False,True,192,28,Summer,False
12-07-26,2026,7,12,Sunday,False,True,193,28,Summer,False
13-07-26,2026,7,13,Monday,True,False,194,29,Summer,False
14-07-26,2026,7,14,Tuesday,True,False,195,29,Summer,False
15-07-26,2026,7,15,Wednesday,True,False,196,29,Summer,False
16-07-26,2026,7,16,Thursday,True,False,197,29,Summer,False
17-07-26,2026,7,17,Friday,True,False,198,29,Summer,False
18-07-26,2026,7,18,Saturday,False,True,199,29,Summer,False
19-07-26,2026,7,19,Sunday,False,True,200,29,Summer,False
20-07-26,2026,7,20,Monday,True,False,201,30,Summer,False
21-07-26,2026,7,21,Tuesday,True,False,202,30,Summer,False
22-07-26,2026,7,22,Wednesday,True,False,203,30,Summer,False
23-07-26,2026,7,23,Thursday,True,False,204,30,Summer,False
24-07-26,2026,7,24,Friday,True,False,205,30,Summer,False
25-07-26,2026,7,25,Saturday,False,True,206,30,Summer,False
26-07-26,2026,7,26,Sunday,False,True,207,30,Summer,False
27-07-26,2026,7,27,Monday,True,False,208,31,Summer,False
28-07-26,2026,7,28,Tuesday,True,False,209,31,Summer,False
29-07-26,2026,7,29,Wednesday,True,False,210,31,Summer,False
30-07-26,2026,7,30,Thursday,True,False,211,31,Summer,False
31-07-26,2026,7,31,Friday,True,False,212,31,Summer,False
01-08-26,2026,8,1,Saturday,False,True,213,31,Summer,False
02-08-26,2026,8,2,Sunday,False,True,214,31,Summer,False
03-08-26,2026,8,3,Monday,True,False,215,32,Summer,False
04-08-26,2026,8,4,Tuesday,True,False,216,32,Summer,False
05-08-26,2026,8,5,Wednesday,True,False,217,32,Summer,False
06-08-26,2026,8,6,Thursday,True,False,218,32,Summer,False
07-08-26,2026,8,7,Friday,True,False,219,32,Summer,False
08-08-26,2026,8,8,Saturday,False,True,220,32,Summer,False
09-08-26,2026,8,9,Sunday,False,True,221,32,Summer,False
10-08-26,2026,8,10,Monday,True,False,222,33,Summer,False
11-08-26,2026,8,11,Tuesday,True,False,223,33,Summer,False
12-08-26,2026,8,12,Wednesday,True,False,224,33,Summer,False
