date,temp_max,temp_min,temp_mean,apparent_temp_max,apparent_temp_min,precipitation,rain,snowfall,wind_max,wind_mean,weather_code,is_forecast,ideal_temp,temp_score,rain_score,wind_score,sunshine_percentage,snow_bonus,nice_day_score,nice_day_label,heavy_rain,sunny_day,outdoor_score,comfort_score_v2,rain_score_v2,wind_score_v2,hazard_factor,nice_day_score_v2,nice_day_label_v2,outdoor_score_v2
01-01-20,4.6,-3.2,0.5,-1.1,-7.0,0.0,0.0,0.0,19.6,11.0,3,False,0,97.5,100.0,80.8,56.40712760079026,0,80.2,Nice,False,False,79.8,15.6,100.0,100.0,1.0,57.5,Average,31.9
02-01-20,4.2,-5.9,-1.7,0.2,-9.9,0.0,0.0,0.0,5.4,3.1,3,False,0,91.5,100.0,100.0,96.61325517068457,0,93.4,Excellent,False,True,95.7,20.8,100.0,100.0,1.0,67.6,Pleasant,51.1
03-01-20,6.9,-5.1,-1.1,2.9,-9.1,0.0,0.0,0.0,8.0,4.9,2,False,0,94.5,100.0,100.0,97.87141563690577,0,95.1,Excellent,False,True,97.2,31.6,100.0,100.0,1.0,72.2,Pleasant,58.1
04-01-20,4.7,-5.3,-0.4,0.9,-9.5,0.0,0.0,0.0,8.4,4.5,3,False,0,98.0,100.0,100.0,72.40578095393772,0,87.5,Nice,False,True,88.3,23.6,100.0,100.0,1.0,63.9,Pleasant,43.1
05-01-20,1.3,-1.3,0.0,-2.7,-5.3,2.8,0.0,1.96,21.0,12.5,73,False,0,100.0,88.8,78.0,43.790134962635875,10,75.1,Nice,False,False,73.6,9.2,100.0,100.0,1.0,52.4,Average,23.0
06-01-20,1.6,-3.5,-1.7,-2.3,-7.0,0.0,0.0,0.0,13.0,6.7,3,False,0,91.5,100.0,94.0,74.77148345155526,0,85.3,Nice,False,True,86.3,10.8,100.0,100.0,1.0,59.3,Average,36.4
07-01-20,1.4,-8.2,-3.8,-2.4,-12.5,0.0,0.0,0.0,6.1,3.3,1,False,0,81.0,100.0,100.0,97.90964280689765,0,89.7,Nice,False,True,92.5,10.4,100.0,100.0,1.0,63.7,Pleasant,45.4
08-01-20,2.0,-7.8,-3.8,-1.8,-12.4,0.0,0.0,0.0,8.9,5.3,1,False,0,81.0,100.0,100.0,97.92004320295806,0,89.7,Nice,False,True,92.5,12.8,100.0,100.0,1.0,64.7,Pleasant,46.8
09-01-20,2.3,-8.1,-3.3,-1.2,-12.2,0.4,0.0,0.28,8.1,3.8,73,False,0,83.5,98.4,100.0,66.01730966059269,0,79.3,Nice,False,False,80.4,15.2,100.0,100.0,1.0,59.3,Average,35.5
10-01-20,6.1,-4.2,0.9,3.6,-7.9,0.0,0.0,0.0,8.3,4.5,3,False,0,95.5,100.0,100.0,97.94161982156801,0,95.5,Excellent,False,True,97.6,34.4,100.0,100.0,1.0,73.3,Pleasant,59.8
11-01-20,5.3,-3.1,0.8,2.2,-6.5,0.0,0.0,0.0,7.6,4.1,2,False,0,96.0,100.0,100.0,97.95270673327865,0,95.7,Excellent,False,True,97.8,28.8,100.0,100.0,1.0,71.1,Pleasant,56.5
12-01-20,4.6,-1.6,1.4,1.9,-4.8,0.0,0.0,0.0,8.8,3.8,3,False,0,93.0,100.0,100.0,77.15198851095639,0,87.2,Nice,False,True,88.4,27.6,100.0,100.0,1.0,66.5,Pleasant,47.4
13-01-20,5.2,-3.3,-0.5,1.8,-6.9,0.0,0.0,0.0,7.3,5.1,3,False,0,97.5,100.0,100.0,97.97550294322933,0,96.3,Excellent,False,True,98.3,27.2,100.0,100.0,1.0,70.5,Pleasant,55.5
14-01-20,2.5,-5.1,-2.4,-0.7,-8.4,0.0,0.0,0.0,6.0,3.8,3,False,0,88.0,100.0,100.0,94.43170538874371,0,91.3,Excellent,False,True,93.6,17.2,100.0,100.0,1.0,65.8,Pleasant,48.1
15-01-20,3.4,-5.8,-2.8,-0.0,-10.1,0.0,0.0,0.0,9.7,6.5,2,False,0,86.0,100.0,100.0,98.00087212130158,0,91.7,Excellent,False,True,94.3,20.0,100.0,100.0,1.0,67.6,Pleasant,51.2
16-01-20,6.9,-6.6,-1.3,3.6,-10.4,0.0,0.0,0.0,8.7,5.1,3,False,0,93.5,100.0,100.0,98.00315248253412,0,94.7,Excellent,False,True,96.9,34.4,100.0,100.0,1.0,73.4,Pleasant,59.8
17-01-20,3.3,-7.2,-2.7,-0.3,-11.3,0.0,0.0,0.0,12.4,7.3,1,False,0,86.5,100.0,95.2,97.77669352875009,0,91.4,Excellent,False,True,93.9,18.8,100.0,100.0,1.0,67.1,Pleasant,50.4
18-01-20,8.9,-4.6,0.4,4.8,-8.7,0.0,0.0,0.0,12.7,9.3,2,False,0,98.0,100.0,94.6,97.54736397498779,0,95.9,Excellent,False,True,97.8,39.2,100.0,100.0,1.0,75.2,Nice,62.5
19-01-20,-1.8,-7.0,-4.2,-5.5,-11.2,0.0,0.0,0.0,8.4,5.6,3,False,0,79.0,100.0,100.0,41.227106371161305,0,69.0,Pleasant,False,False,69.1,0.0,100.0,100.0,1.0,48.2,Average,16.5
20-01-20,0.6,-3.6,-1.9,-2.7,-6.8,0.0,0.0,0.0,5.8,3.3,3,False,0,90.5,100.0,100.0,54.3925270821549,0,78.2,Nice,False,False,78.4,9.2,100.0,100.0,1.0,54.6,Average,27.3
21-01-20,2.2,-4.9,-1.9,-1.6,-9.0,0.0,0.0,0.0,7.2,4.1,3,False,0,90.5,100.0,100.0,96.57221880190203,0,93.0,Excellent,False,True,95.3,13.6,100.0,100.0,1.0,64.8,Pleasant,46.8
22-01-20,2.3,-6.2,-2.8,-1.6,-10.0,0.0,0.0,0.0,8.1,4.2,3,False,0,86.0,100.0,100.0,96.6118999819122,0,91.2,Excellent,False,True,93.7,13.6,100.0,100.0,1.0,64.8,Pleasant,46.8
23-01-20,4.0,-4.4,-0.3,-1.8,-8.3,0.0,0.0,0.0,18.4,9.0,3,False,0,98.5,100.0,83.2,76.69029921962255,0,87.9,Nice,False,True,88.5,12.8,100.0,100.0,1.0,60.5,Pleasant,38.4
24-01-20,4.2,-5.5,-0.9,0.4,-9.8,0.0,0.0,0.0,8.4,5.0,2,False,0,95.5,100.0,100.0,96.07119231169527,0,94.8,Excellent,False,True,96.9,21.6,100.0,100.0,1.0,67.9,Pleasant,51.4
25-01-20,7.3,-5.8,1.1,3.8,-10.2,0.0,0.0,0.0,9.6,4.6,3,False,0,94.5,100.0,100.0,95.1566141474913,0,94.1,Excellent,False,True,96.1,35.2,100.0,100.0,1.0,73.1,Pleasant,59.2
26-01-20,10.4,-0.1,4.6,8.1,-3.7,0.0,0.0,0.0,9.4,5.1,3,False,0,77.0,100.0,100.0,95.25842375533404,0,87.1,Nice,False,True,90.1,52.4,100.0,100.0,1.0,80.0,Nice,69.5
27-01-20,5.7,-2.0,1.5,2.4,-5.8,0.2,0.2,0.0,9.4,6.7,51,False,0,92.5,99.2,100.0,0.0,0,59.9,Average,False,False,57.3,29.6,90.0,100.0,1.0,48.8,Average,16.0
28-01-20,6.7,0.5,3.0,3.8,-3.1,0.1,0.1,0.0,9.3,4.7,51,False,0,85.0,99.6,100.0,69.99784316925876,0,81.4,Nice,False,False,82.7,35.2,90.0,100.0,1.0,65.1,Pleasant,44.2
29-01-20,6.0,-0.1,3.5,1.6,-4.0,1.4,1.4,0.0,27.3,14.1,53,False,0,82.5,94.4,65.4,73.1262274759612,0,78.0,Nice,False,True,78.8,26.4,90.0,100.0,1.0,62.2,Pleasant,40.6
30-01-20,4.1,-3.1,1.2,-1.4,-6.9,0.8,0.0,0.56,23.5,13.9,73,False,0,94.0,96.8,73.0,93.60366302334631,0,90.7,Excellent,False,True,92.2,14.4,100.0,100.0,1.0,64.5,Pleasant,46.1
31-01-20,8.6,-1.6,3.6,6.1,-5.6,2.9,2.9,0.0,21.3,8.6,63,False,0,82.0,88.4,77.4,35.294987261501895,0,64.6,Pleasant,False,False,63.8,44.4,90.0,100.0,1.0,61.8,Pleasant,36.7
01-02-20,13.5,2.3,7.8,10.6,0.4,0.0,0.0,0.0,20.0,9.2,3,False,2,71.0,100.0,80.0,85.90630373190204,0,79.9,Nice,False,True,82.2,62.4,100.0,100.0,1.0,82.1,Nice,71.8
02-02-20,12.9,-0.6,6.5,8.5,-4.1,0.6,0.6,0.0,26.9,12.6,51,False,2,77.5,97.6,66.2,72.93017859764292,0,76.5,Nice,False,True,77.6,54.0,90.0,100.0,1.0,73.2,Pleasant,55.4
03-02-20,10.2,2.0,7.2,4.9,-1.7,4.8,4.8,0.0,29.3,18.3,53,False,2,74.0,80.8,61.4,0.0,0,46.6,Average,False,False,44.2,39.6,75.0,100.0,1.0,48.3,Average,17.8
04-02-20,7.7,2.5,5.3,4.4,-0.8,4.6,4.6,0.0,20.0,9.5,53,False,2,83.5,81.6,80.0,0.0,0,52.0,Average,False,False,49.5,37.6,75.0,100.0,1.0,47.5,Average,16.9
05-02-20,4.3,-0.2,2.4,0.6,-6.1,4.2,3.3,0.63,19.3,14.9,73,False,2,98.0,83.2,81.4,0.0,0,58.2,Average,False,False,54.9,22.4,75.0,100.0,1.0,41.5,Average,10.1
06-02-20,1.3,-2.7,-1.0,-3.9,-9.0,0.1,0.0,0.07,21.0,14.3,71,False,2,85.0,99.6,78.0,87.794691618749,0,85.9,Nice,False,True,87.6,4.4,100.0,100.0,1.0,59.3,Average,37.8
07-02-20,4.0,-3.1,1.0,-1.8,-8.4,3.3,0.8,1.75,24.1,13.0,73,False,2,95.0,86.8,71.8,35.861251189396484,10,69.5,Pleasant,False,False,67.8,12.8,90.0,100.0,1.0,49.3,Average,19.8
08-02-20,1.3,-7.3,-3.5,-3.0,-11.5,0.0,0.0,0.0,12.5,5.2,3,False,2,72.5,100.0,95.0,71.07770569971169,0,76.5,Nice,False,True,78.3,8.0,100.0,100.0,1.0,57.4,Average,33.2
09-02-20,6.8,-4.5,0.6,3.4,-9.1,0.0,0.0,0.0,9.4,4.7,2,False,2,93.0,100.0,100.0,93.43602180129699,0,92.9,Excellent,False,True,94.9,33.6,100.0,100.0,1.0,72.1,Pleasant,57.5
10-02-20,12.9,-5.1,2.4,7.9,-9.6,1.0,1.0,0.0,16.6,9.4,51,False,2,98.0,96.0,86.8,56.66990381096176,0,80.4,Nice,False,False,80.0,51.6,90.0,100.0,1.0,69.0,Pleasant,48.3
11-02-20,9.1,-0.3,4.3,5.7,-3.6,1.3,1.3,0.0,26.1,12.3,53,False,2,88.5,94.8,67.8,37.695184046188125,0,68.2,Pleasant,False,False,67.1,42.8,90.0,100.0,1.0,61.7,Pleasant,36.7
12-02-20,5.8,-0.2,3.0,-0.8,-3.8,0.1,0.1,0.0,31.8,19.5,51,False,2,95.0,99.6,56.4,94.51516076834245,0,90.5,Excellent,False,True,91.6,16.8,90.0,100.0,1.0,62.6,Pleasant,43.1
13-02-20,6.8,-3.3,2.3,1.1,-7.5,2.2,0.5,1.19,21.1,12.7,73,False,2,98.5,91.2,77.8,93.9545951316712,10,92.4,Excellent,False,True,93.5,24.4,90.0,100.0,1.0,65.6,Pleasant,47.0
14-02-20,10.3,-3.2,3.7,6.0,-7.6,0.2,0.2,0.0,18.2,10.2,51,False,2,91.5,99.2,83.6,46.228700045425185,0,74.3,Pleasant,False,False,73.8,44.0,90.0,100.0,1.0,63.8,Pleasant,40.4
15-02-20,6.5,-2.2,3.1,3.5,-5.8,0.5,0.5,0.0,9.2,6.4,51,False,2,94.5,98.0,100.0,35.100995147120415,0,72.8,Pleasant,False,False,71.8,34.0,90.0,100.0,1.0,57.6,Average,31.0
16-02-20,9.2,-3.2,2.1,5.9,-6.9,0.0,0.0,0.0,9.8,5.3,1,False,2,99.5,100.0,100.0,95.90886498801163,0,96.4,Excellent,False,True,98.2,43.6,100.0,100.0,1.0,76.6,Nice,64.5
17-02-20,12.2,-3.0,3.7,8.7,-7.0,0.0,0.0,0.0,8.7,4.7,3,False,2,91.5,100.0,100.0,83.8677981383839,0,89.0,Nice,False,True,90.6,54.8,100.0,100.0,1.0,78.7,Nice,66.4
18-02-20,12.5,0.5,5.9,8.5,-3.2,0.0,0.0,0.0,17.1,7.1,3,False,2,80.5,100.0,85.8,88.25749664053649,0,85.0,Nice,False,True,87.1,54.0,100.0,100.0,1.0,79.3,Nice,67.7
19-02-20,6.4,0.9,4.0,3.5,-1.6,2.9,2.9,0.0,10.1,5.1,53,False,2,90.0,88.4,99.8,36.25239292128882,0,69.9,Pleasant,False,False,69.2,34.0,90.0,100.0,1.0,57.9,Average,31.4
20-02-20,7.5,-0.3,2.8,4.5,-4.0,2.4,2.4,0.0,11.2,5.8,53,False,2,96.0,90.4,97.6,74.75777613781798,0,85.9,Nice,False,True,86.8,38.0,90.0,100.0,1.0,67.2,Pleasant,47.4
21-02-20,6.1,-0.5,2.7,3.2,-3.9,0.7,0.7,0.0,14.8,4.9,51,False,2,96.5,97.2,90.4,64.92747867406379,0,83.1,Nice,False,False,83.4,32.8,90.0,100.0,1.0,63.1,Pleasant,41.1
22-02-20,6.1,-0.5,2.5,2.6,-3.8,0.7,0.5,0.14,11.8,6.9,71,False,2,97.5,97.2,96.4,4.871718761898398,0,63.0,Pleasant,False,False,60.3,30.4,90.0,100.0,1.0,50.1,Average,18.2
23-02-20,10.5,-3.6,3.1,7.9,-7.6,0.0,0.0,0.0,8.4,4.9,3,False,2,94.5,100.0,100.0,56.25667498018289,0,80.5,Nice,False,False,80.6,51.6,100.0,100.0,1.0,71.9,Pleasant,53.5
24-02-20,11.9,-0.8,6.8,6.6,-4.7,5.8,5.8,0.0,33.6,19.4,61,False,2,76.0,76.8,52.8,59.49594255176679,0,67.0,Pleasant,False,False,67.2,46.4,75.0,100.0,1.0,63.0,Pleasant,38.7
25-02-20,15.0,-2.4,5.4,12.5,-6.6,0.0,0.0,0.0,13.3,6.0,3,False,2,83.0,100.0,93.4,98.52804010949632,0,90.2,Excellent,False,True,92.8,70.0,100.0,100.0,1.0,87.7,Nice,81.4
26-02-20,16.8,1.2,8.6,13.9,-2.6,0.4,0.4,0.0,9.9,6.7,51,False,2,67.0,98.4,100.0,93.9874003134675,0,82.5,Nice,False,True,85.8,75.6,90.0,100.0,1.0,86.0,Nice,74.7
27-02-20,6.8,1.8,3.5,5.3,-2.5,12.5,12.4,0.07,19.3,12.1,71,False,2,92.5,50.0,81.4,0.0,0,51.0,Average,True,False,48.0,41.2,20.0,100.0,1.0,32.5,Poor,4.9
28-02-20,9.2,-4.1,1.5,4.7,-7.8,2.5,1.9,0.42,14.4,8.2,73,False,2,97.5,90.0,91.2,60.14662394958511,0,80.8,Nice,False,False,80.8,38.8,90.0,100.0,1.0,64.5,Pleasant,42.6
29-02-20,6.4,-1.6,2.4,3.7,-5.3,1.2,0.7,0.35,15.6,7.5,73,False,2,98.0,95.2,88.8,67.8369959502955,0,84.3,Nice,False,False,84.6,34.8,90.0,100.0,1.0,64.5,Pleasant,43.2
01-03-20,12.2,-1.2,5.6,8.0,-5.3,0.1,0.1,0.0,13.8,10.3,51,False,8,88.0,99.6,92.4,80.35495118062819,0,85.7,Nice,False,True,87.1,52.0,90.0,100.0,1.0,73.9,Pleasant,57.0
02-03-20,15.4,3.0,8.4,11.8,-1.1,1.1,1.1,0.0,24.5,12.8,53,False,8,98.0,95.6,71.0,71.44099209708831,0,84.2,Nice,False,True,84.3,67.2,90.0,100.0,1.0,78.2,Nice,62.0
03-03-20,18.3,5.4,11.4,14.3,2.1,0.1,0.1,0.0,25.8,12.9,51,False,8,83.0,99.6,68.4,53.323800881027694,0,72.3,Pleasant,False,False,72.2,77.2,90.0,100.0,1.0,78.5,Nice,60.9
04-03-20,16.3,5.3,10.1,13.1,2.5,1.9,1.9,0.0,22.2,12.7,53,False,8,89.5,92.4,75.6,88.12761750422708,0,86.6,Nice,False,True,88.0,72.4,90.0,100.0,1.0,83.6,Nice,70.8
05-03-20,6.6,3.1,4.2,4.0,0.6,14.3,14.3,0.0,11.5,5.3,55,False,8,81.0,42.8,97.0,0.0,0,46.6,Average,True,False,44.5,36.0,20.0,100.0,1.0,30.4,Poor,4.3
06-03-20,11.6,-0.1,5.9,6.8,-3.2,0.7,0.7,0.0,19.8,10.8,51,False,8,89.5,97.2,80.4,61.32561149787077,0,78.3,Nice,False,False,78.5,47.2,90.0,100.0,1.0,68.1,Pleasant,47.6
07-03-20,14.0,4.2,7.8,12.4,1.1,3.4,3.4,0.0,19.7,7.6,55,False,8,99.0,86.4,80.6,81.64289586105572,0,87.6,Nice,False,True,88.3,69.6,75.0,100.0,1.0,76.7,Nice,55.8
08-03-20,7.3,5.7,6.4,5.4,3.1,6.3,6.3,0.0,9.1,4.7,53,False,8,92.0,74.8,100.0,5.411276334932002,0,57.9,Average,False,False,55.6,41.6,55.0,100.0,1.0,44.2,Average,14.9
09-03-20,6.8,4.2,5.3,5.0,2.0,5.1,5.1,0.0,8.5,3.6,53,False,8,86.5,79.6,100.0,0.0,0,54.5,Average,False,False,52.2,40.0,75.0,100.0,1.0,48.5,Average,18.0
10-03-20,8.6,5.2,6.8,6.1,2.9,0.6,0.6,0.0,10.7,5.9,51,False,8,94.0,97.6,98.6,0.0,0,60.1,Pleasant,False,False,57.4,44.4,90.0,100.0,1.0,54.8,Average,24.0
11-03-20,10.8,4.1,7.6,7.3,1.9,0.9,0.9,0.0,14.5,5.6,51,False,8,98.0,96.4,91.0,14.122541623411095,0,65.9,Pleasant,False,False,63.5,49.2,90.0,100.0,1.0,59.5,Average,31.7
12-03-20,18.0,3.6,10.8,16.9,1.4,0.0,0.0,0.0,11.7,5.3,2,False,8,86.0,100.0,96.6,93.70727267822484,0,89.9,Nice,False,True,92.2,87.6,100.0,100.0,1.0,93.8,Excellent,90.0
13-03-20,20.4,4.2,12.7,19.6,1.1,2.1,2.1,0.0,24.1,9.7,53,False,8,76.5,91.6,71.8,89.66323996410995,0,81.5,Nice,False,True,83.6,98.4,90.0,100.0,1.0,94.3,Excellent,85.4
14-03-20,12.1,5.4,8.2,8.4,2.2,0.0,0.0,0.0,16.0,6.4,3,False,8,99.0,100.0,88.0,85.12770209395133,0,91.4,Excellent,False,True,92.5,53.6,100.0,100.0,1.0,78.5,Nice,66.2
15-03-20,9.3,2.5,5.2,5.8,-1.0,0.0,0.0,0.0,10.8,6.8,3,False,8,86.0,100.0,98.4,63.23615718444403,0,79.4,Nice,False,False,80.2,43.2,100.0,100.0,1.0,69.9,Pleasant,51.2
16-03-20,11.4,-1.6,4.3,8.1,-5.9,0.0,0.0,0.0,11.3,8.2,3,False,8,81.5,100.0,97.4,92.5053230626074,0,87.8,Nice,False,True,90.3,52.4,100.0,100.0,1.0,79.5,Nice,68.4
17-03-20,13.8,-1.4,4.6,9.7,-5.1,0.0,0.0,0.0,10.2,6.0,3,False,8,83.0,100.0,99.6,91.99573940206339,0,88.4,Nice,False,True,90.8,58.8,100.0,100.0,1.0,81.9,Nice,72.1
18-03-20,12.3,-0.2,5.3,10.1,-4.2,0.0,0.0,0.0,9.4,4.5,2,False,8,86.5,100.0,100.0,91.48964886020808,0,89.6,Nice,False,True,91.9,60.4,100.0,100.0,1.0,82.5,Nice,72.8
19-03-20,15.9,-0.2,7.1,12.4,-3.9,0.0,0.0,0.0,11.2,5.2,3,False,8,95.5,100.0,97.6,91.372335022762,0,93.0,Excellent,False,True,94.7,69.6,100.0,100.0,1.0,86.1,Nice,78.3
20-03-20,18.2,3.9,10.5,16.8,0.8,0.0,0.0,0.0,7.1,3.8,3,False,8,87.5,100.0,100.0,91.49103429196722,0,90.0,Excellent,False,True,92.2,87.2,100.0,100.0,1.0,93.2,Excellent,88.9
21-03-20,17.8,5.0,11.3,16.5,1.3,0.5,0.5,0.0,11.8,6.6,51,False,8,83.5,98.0,96.4,90.10423010429372,0,87.3,Nice,False,True,89.6,86.0,90.0,100.0,1.0,89.4,Nice,78.9
22-03-20,7.5,1.1,4.1,5.7,-3.0,4.5,3.7,0.56,14.6,11.4,73,False,8,80.5,82.0,90.8,0.0,-20,51.4,Average,False,False,49.6,42.8,75.0,100.0,1.0,49.6,Average,19.3
23-03-20,1.4,-1.3,0.1,-1.8,-7.1,9.2,0.1,6.44,25.6,13.4,73,False,8,60.5,63.2,68.8,0.0,-20,38.8,Poor,False,False,37.5,12.8,90.0,100.0,1.0,42.1,Average,6.9
24-03-20,1.7,-2.7,-1.0,-4.7,-8.8,1.0,0.0,0.7,25.1,20.9,71,False,8,55.0,96.0,69.8,60.82783973299746,-20,62.9,Pleasant,False,False,65.0,1.2,100.0,97.0,1.0,52.3,Average,24.3
25-03-20,4.2,-2.6,0.5,-0.7,-8.5,0.0,0.0,0.0,20.5,17.5,3,False,8,62.5,100.0,79.0,63.13848577349896,0,68.4,Pleasant,False,False,70.0,17.2,100.0,100.0,1.0,59.5,Average,35.6
26-03-20,11.8,-1.4,4.9,8.4,-6.4,0.0,0.0,0.0,20.2,14.2,3,False,8,84.5,100.0,79.6,88.9796215044375,0,86.3,Nice,False,True,88.1,53.6,100.0,100.0,1.0,79.2,Nice,67.8
27-03-20,14.7,-0.3,7.4,11.4,-4.1,0.0,0.0,0.0,13.6,9.4,2,False,8,97.0,100.0,92.8,95.94685694177325,0,94.8,Excellent,False,True,96.6,65.6,100.0,100.0,1.0,85.4,Nice,77.7
28-03-20,14.9,0.5,7.3,13.2,-2.9,0.0,0.0,0.0,9.8,4.5,3,False,8,96.5,100.0,100.0,96.77838266184445,0,95.5,Excellent,False,True,97.5,72.8,100.0,100.0,1.0,88.5,Nice,82.4
29-03-20,15.8,1.1,8.3,12.8,-2.1,0.1,0.1,0.0,17.7,6.5,51,False,8,98.5,99.6,84.6,94.7128979616735,0,94.3,Excellent,False,True,95.8,71.2,90.0,100.0,1.0,84.4,Nice,72.5
30-03-20,14.6,2.1,7.5,11.4,-1.0,1.1,1.1,0.0,25.0,8.7,51,False,8,97.5,95.6,70.0,89.98302043905635,0,90.4,Excellent,False,True,91.5,65.6,90.0,100.0,1.0,81.2,Nice,67.8
31-03-20,2.4,-1.3,0.3,-1.2,-5.1,7.6,0.0,5.32,10.8,7.0,73,False,8,61.5,69.6,98.4,0.0,-20,42.5,Average,False,False,41.8,15.2,100.0,100.0,1.0,46.1,Average,9.1
01-04-20,5.7,-2.7,0.6,2.2,-7.0,0.0,0.0,0.0,9.6,5.7,3,False,15,28.0,100.0,100.0,91.4958855882156,0,66.2,Pleasant,False,True,71.4,28.8,100.0,100.0,1.0,69.8,Pleasant,53.9
02-04-20,8.1,-2.9,2.6,6.3,-7.1,0.0,0.0,0.0,8.1,4.3,3,False,15,38.0,100.0,100.0,98.76618709149922,0,72.8,Pleasant,False,True,77.8,45.2,100.0,100.0,1.0,77.8,Nice,66.6
03-04-20,14.5,-0.7,5.2,11.8,-3.7,0.0,0.0,0.0,10.9,4.2,1,False,15,51.0,100.0,98.2,98.76976797863621,0,77.8,Nice,False,True,82.2,67.2,100.0,100.0,1.0,86.6,Nice,79.8
04-04-20,15.4,-0.8,7.2,12.8,-4.6,0.0,0.0,0.0,10.9,6.4,3,False,15,61.0,100.0,98.2,92.45999886559554,0,79.6,Nice,False,True,83.2,71.2,100.0,100.0,1.0,87.0,Nice,79.7
05-04-20,15.1,2.0,8.3,11.2,-2.1,0.0,0.0,0.0,20.3,11.0,3,False,15,66.5,100.0,79.4,98.77592254004067,0,82.5,Nice,False,True,85.7,64.8,100.0,100.0,1.0,85.7,Nice,78.4
06-04-20,14.3,-1.1,7.4,11.1,-5.2,0.0,0.0,0.0,13.2,9.9,0,False,15,62.0,100.0,93.6,98.56865942259759,0,81.8,Nice,False,True,85.5,64.4,100.0,100.0,1.0,85.5,Nice,78.1
07-04-20,16.4,-1.3,7.2,14.3,-5.5,0.0,0.0,0.0,11.4,6.2,0,False,15,61.0,100.0,97.2,98.3370391163637,0,81.6,Nice,False,True,85.4,77.2,100.0,100.0,1.0,90.5,Excellent,85.7
08-04-20,17.5,0.5,8.6,15.6,-3.4,0.0,0.0,0.0,7.3,4.5,0,False,15,68.0,100.0,100.0,98.10723578836743,0,84.5,Nice,False,True,88.0,82.4,100.0,100.0,1.0,92.6,Excellent,88.7
09-04-20,20.0,6.0,12.2,18.8,2.8,0.0,0.0,0.0,9.0,4.7,0,False,15,86.0,100.0,100.0,97.87945424212985,0,91.7,Excellent,False,True,94.3,95.2,100.0,100.0,1.0,97.7,Excellent,96.3
10-04-20,20.6,5.9,12.7,18.1,2.9,0.0,0.0,0.0,12.6,6.0,3,False,15,88.5,100.0,94.8,97.65387157156339,0,92.2,Excellent,False,True,94.5,92.4,100.0,100.0,1.0,96.5,Excellent,94.5
11-04-20,18.8,5.2,11.7,15.9,1.7,0.0,0.0,0.0,11.8,7.1,3,False,15,83.5,100.0,96.4,97.3951581703612,0,90.2,Excellent,False,True,92.8,83.6,100.0,100.0,1.0,92.9,Excellent,89.1
12-04-20,18.5,5.9,12.5,15.5,2.6,0.0,0.0,0.0,16.5,11.2,3,False,15,87.5,100.0,87.0,97.01275344581838,0,90.9,Excellent,False,True,93.1,82.0,100.0,100.0,1.0,92.2,Excellent,88.0
13-04-20,20.9,6.9,14.5,19.3,3.3,0.0,0.0,0.0,11.3,7.5,3,False,15,97.5,100.0,97.4,84.8931610871957,0,91.5,Excellent,False,True,92.8,97.2,100.0,100.0,1.0,95.9,Excellent,92.3
14-04-20,16.6,3.7,10.6,13.1,0.6,6.4,6.4,0.0,23.2,12.3,61,False,15,78.0,74.4,73.6,8.45243168796464,0,51.2,Average,False,False,49.2,72.4,55.0,100.0,1.0,57.2,Average,25.8
15-04-20,10.1,-1.4,5.2,7.1,-4.8,0.0,0.0,0.0,13.1,9.0,3,False,15,51.0,100.0,93.8,95.89102845176967,0,76.5,Nice,False,True,80.6,48.4,100.0,100.0,1.0,78.5,Nice,67.4
16-04-20,17.3,-0.9,8.2,15.9,-4.3,0.0,0.0,0.0,7.2,3.8,3,False,15,66.0,100.0,100.0,95.52624859236562,0,82.8,Nice,False,True,86.3,83.6,100.0,100.0,1.0,92.5,Excellent,88.4
17-04-20,20.5,3.1,12.5,18.7,0.3,0.0,0.0,0.0,11.5,6.1,3,False,15,87.5,100.0,97.0,82.22640077564652,0,86.5,Nice,False,True,88.2,94.8,100.0,100.0,1.0,94.4,Excellent,89.8
18-04-20,21.3,7.7,14.2,19.4,5.0,0.0,0.0,0.0,20.4,8.2,3,False,15,96.0,100.0,79.2,89.08495887243913,0,90.9,Excellent,False,True,92.2,97.6,100.0,100.0,1.0,96.9,Excellent,94.2
19-04-20,19.8,7.7,13.4,18.7,6.0,2.2,2.2,0.0,15.0,6.1,53,False,15,92.0,91.2,90.0,76.89585620455149,0,84.6,Nice,False,True,85.6,94.8,90.0,100.0,1.0,90.3,Excellent,78.9
20-04-20,15.3,7.6,11.2,13.5,4.7,0.2,0.2,0.0,13.4,7.3,51,False,15,81.0,99.2,93.2,73.2325024002098,0,80.4,Nice,False,True,81.8,74.0,90.0,100.0,1.0,81.2,Nice,66.3
21-04-20,15.1,5.1,10.3,12.1,0.5,0.0,0.0,0.0,15.2,12.5,3,False,15,76.5,100.0,89.6,90.95902653581608,0,84.6,Nice,False,True,87.1,68.4,100.0,100.0,1.0,85.6,Nice,77.4
22-04-20,16.1,2.2,9.3,14.2,-1.3,0.0,0.0,0.0,17.5,7.5,1,False,15,71.5,100.0,85.0,93.68890873196925,0,83.2,Nice,False,True,86.0,76.8,100.0,100.0,1.0,89.5,Nice,83.6
23-04-20,17.3,2.9,10.3,14.9,-0.4,0.0,0.0,0.0,11.4,6.1,3,False,15,76.5,100.0,97.2,93.26819552485148,0,86.0,Nice,False,True,88.8,79.6,100.0,100.0,1.0,90.5,Excellent,85.1
24-04-20,19.6,3.4,11.7,17.6,0.7,0.0,0.0,0.0,12.6,4.8,3,False,15,83.5,100.0,94.8,92.8525483288012,0,88.5,Nice,False,True,90.8,90.4,100.0,100.0,1.0,94.7,Excellent,91.4
25-04-20,21.0,4.6,13.8,16.7,1.6,0.0,0.0,0.0,26.3,13.7,3,False,15,94.0,100.0,67.4,92.47655778539985,0,90.4,Excellent,False,True,91.6,86.8,100.0,100.0,1.0,93.2,Excellent,89.1
26-04-20,13.7,4.8,10.1,10.6,2.2,0.3,0.3,0.0,10.6,7.2,51,False,15,75.5,98.8,98.8,60.43715756604398,0,74.1,Pleasant,False,False,75.3,62.4,90.0,100.0,1.0,74.0,Pleasant,55.5
27-04-20,17.4,2.7,10.7,15.7,0.0,0.0,0.0,0.0,7.9,4.2,3,False,15,78.5,100.0,100.0,93.66933743732008,0,87.2,Nice,False,True,89.9,82.8,100.0,100.0,1.0,91.9,Excellent,87.1
28-04-20,21.3,4.6,12.9,20.5,2.1,0.3,0.3,0.0,8.0,5.2,51,False,15,89.5,98.8,100.0,93.26964507460754,0,91.3,Excellent,False,True,93.5,100.0,90.0,100.0,1.0,95.7,Excellent,87.6
29-04-20,19.7,8.8,13.7,18.7,7.1,1.0,1.0,0.0,9.5,5.3,51,False,15,93.5,96.0,100.0,72.8879224642399,0,85.3,Nice,False,True,86.3,94.8,90.0,100.0,1.0,89.5,Nice,77.4
30-04-20,18.5,8.6,13.3,16.2,7.8,1.7,1.7,0.0,17.7,7.1,61,False,15,91.5,93.2,84.6,87.11672461174854,0,87.8,Nice,False,True,89.3,84.8,90.0,100.0,1.0,88.3,Nice,77.2
01-05-20,18.5,7.2,12.9,18.3,5.7,0.9,0.9,0.0,16.1,5.5,53,False,20,64.5,96.4,87.8,67.60112623908569,0,70.9,Pleasant,False,False,72.9,93.2,90.0,100.0,1.0,87.8,Nice,74.7
02-05-20,19.7,6.9,13.8,18.7,5.6,0.0,0.0,0.0,11.2,5.2,3,False,20,69.0,100.0,97.6,84.81151946956271,0,80.1,Nice,False,True,82.8,94.8,100.0,100.0,1.0,94.9,Excellent,90.8
03-05-20,14.4,9.9,12.1,12.0,7.6,7.0,7.0,0.0,26.2,11.7,61,False,20,60.5,72.0,67.6,15.597736351172632,0,45.9,Average,False,False,45.0,68.0,55.0,100.0,1.0,56.8,Average,25.9
04-05-20,12.0,9.1,10.2,9.7,6.7,14.8,14.8,0.0,14.1,9.2,61,False,20,51.0,40.8,91.8,4.358770377706527,0,35.4,Poor,True,False,34.9,58.8,20.0,100.0,1.0,40.4,Average,7.4
05-05-20,17.8,7.0,12.7,14.8,5.8,0.6,0.6,0.0,14.5,6.3,51,False,20,63.5,97.6,91.0,87.66055106384646,0,78.0,Nice,False,True,81.0,79.2,90.0,100.0,1.0,86.2,Nice,74.3
06-05-20,11.3,6.0,9.1,9.2,3.0,8.3,8.3,0.0,24.7,11.6,61,False,20,45.5,66.8,70.6,33.36051892912259,0,45.5,Average,False,False,46.3,56.8,55.0,100.0,1.0,55.9,Average,26.1
07-05-20,16.4,7.5,11.1,12.4,2.4,0.9,0.9,0.0,25.9,18.3,51,False,20,55.5,96.4,68.2,42.07009935035765,0,56.8,Average,False,False,57.5,69.6,90.0,100.0,1.0,73.3,Pleasant,52.7
08-05-20,17.6,4.6,11.4,15.5,1.9,0.0,0.0,0.0,9.8,7.0,3,False,20,57.0,100.0,100.0,94.91265356293286,0,79.0,Nice,False,True,82.9,82.0,100.0,100.0,1.0,91.8,Excellent,87.2
09-05-20,21.1,5.5,13.6,21.1,3.5,0.0,0.0,0.0,9.4,3.5,3,False,20,68.0,100.0,100.0,89.28143160573566,0,81.4,Nice,False,True,84.5,100.0,100.0,100.0,1.0,97.9,Excellent,95.7
10-05-20,24.2,7.9,15.9,24.0,6.3,0.0,0.0,0.0,9.3,4.7,3,False,20,79.5,100.0,100.0,94.60445558206013,0,87.9,Nice,False,True,90.7,100.0,100.0,100.0,1.0,98.9,Excellent,97.8
11-05-20,27.2,12.8,21.1,26.0,11.2,0.0,0.0,0.0,23.2,12.5,3,False,20,94.5,100.0,73.6,81.33457829960673,0,87.2,Nice,False,True,88.0,100.0,100.0,100.0,1.0,96.3,Excellent,92.5
12-05-20,21.5,10.7,17.5,18.7,7.9,1.1,1.1,0.0,26.6,15.4,51,False,20,87.5,95.6,66.8,78.8844789430916,0,82.3,Nice,False,True,83.2,94.8,90.0,100.0,1.0,90.7,Excellent,79.6
13-05-20,20.9,8.3,14.4,19.6,5.7,0.0,0.0,0.0,19.6,11.9,3,False,20,72.0,100.0,80.8,95.00301248429538,0,83.5,Nice,False,True,86.3,98.4,100.0,100.0,1.0,98.4,Excellent,97.0
14-05-20,28.4,15.3,20.8,26.2,12.4,0.0,0.0,0.0,27.0,15.6,3,False,20,96.0,100.0,66.0,66.54949594852663,0,82.0,Nice,False,False,81.8,100.0,100.0,100.0,1.0,93.3,Excellent,86.6
15-05-20,28.6,11.8,20.9,28.8,10.9,0.0,0.0,0.0,22.1,11.3,3,False,20,95.5,100.0,75.8,87.02025249032611,0,89.7,Nice,False,True,90.8,86.2,100.0,100.0,1.0,91.9,Excellent,86.5
16-05-20,21.0,13.9,17.8,19.3,11.6,0.1,0.1,0.0,19.4,13.9,51,False,20,89.0,99.6,81.2,83.44327991164234,0,86.2,Nice,False,True,87.6,97.2,90.0,100.0,1.0,92.6,Excellent,82.5
17-05-20,21.6,11.8,16.4,22.1,10.3,1.5,1.5,0.0,12.6,6.9,55,False,20,82.0,94.0,94.8,35.63943292354142,0,67.0,Pleasant,False,False,66.5,100.0,90.0,100.0,1.0,84.1,Nice,66.8
18-05-20,21.8,13.3,17.0,21.8,13.1,1.0,1.0,0.0,11.0,5.2,53,False,20,85.0,96.0,98.0,80.95462345586441,0,84.6,Nice,False,True,86.3,100.0,90.0,100.0,1.0,93.2,Excellent,83.1
19-05-20,25.2,10.9,18.3,25.5,9.6,0.5,0.5,0.0,10.4,6.4,53,False,20,91.5,98.0,99.2,69.1063413987844,0,83.4,Nice,False,False,84.3,100.0,90.0,100.0,1.0,90.8,Excellent,78.9
20-05-20,20.0,13.4,16.2,20.4,13.0,15.5,15.5,0.0,13.0,5.4,63,False,20,81.0,38.0,94.0,12.296150516926913,0,49.9,Average,True,False,48.4,100.0,20.0,100.0,1.0,58.5,Average,13.0
21-05-20,15.0,9.5,12.6,13.7,7.4,9.9,9.9,0.0,13.9,6.2,61,False,20,63.0,60.4,92.2,56.39833065763554,0,61.4,Pleasant,False,False,62.9,74.8,40.0,100.0,1.0,63.2,Pleasant,27.0
22-05-20,15.7,6.9,11.4,12.5,4.4,1.8,1.8,0.0,13.2,9.2,51,False,20,57.0,92.8,93.6,74.26036135561812,0,70.2,Pleasant,False,True,72.9,70.0,90.0,100.0,1.0,79.9,Nice,64.5
23-05-20,18.4,9.3,13.7,17.2,6.4,0.7,0.7,0.0,12.2,7.0,53,False,20,68.5,97.2,95.6,90.81716163432327,0,81.4,Nice,False,True,84.4,88.8,90.0,100.0,1.0,90.7,Excellent,80.6
24-05-20,18.1,7.3,11.8,16.1,5.6,3.8,3.8,0.0,22.8,9.1,61,False,20,59.0,84.8,74.4,7.61544641403035,0,44.9,Average,False,False,43.9,84.4,75.0,100.0,1.0,67.8,Pleasant,40.3
25-05-20,15.8,7.1,11.1,15.7,4.9,6.0,6.0,0.0,12.4,5.3,63,False,20,55.5,76.0,95.2,86.5994520997697,0,71.5,Pleasant,False,True,75.0,82.8,55.0,100.0,1.0,76.9,Nice,46.4
26-05-20,15.4,8.6,11.1,14.9,6.9,15.5,15.5,0.0,11.3,3.9,63,False,20,55.5,38.0,97.4,51.138844643427696,0,53.6,Average,True,False,55.3,79.6,20.0,100.0,1.0,58.1,Average,13.6
27-05-20,15.2,8.7,11.3,13.9,7.2,8.1,8.1,0.0,12.3,6.4,61,False,20,56.5,67.6,95.4,38.040935487401086,0,53.7,Average,False,False,54.7,75.6,55.0,100.0,1.0,64.3,Pleasant,33.3
28-05-20,14.5,8.4,11.6,13.8,6.8,11.5,11.5,0.0,13.5,8.3,63,False,20,58.0,54.0,93.0,86.81593014398487,0,69.1,Pleasant,True,True,72.4,75.2,40.0,100.0,1.0,69.4,Pleasant,31.9
29-05-20,17.6,8.7,12.8,17.5,7.1,7.0,7.0,0.0,12.3,7.2,61,False,20,64.0,72.0,95.4,74.78565640720272,0,70.2,Pleasant,False,True,72.7,90.0,55.0,100.0,1.0,77.5,Nice,46.2
30-05-20,17.2,9.7,12.9,16.6,7.8,3.8,3.8,0.0,20.1,10.2,53,False,20,64.5,84.8,79.8,90.15660430214281,0,76.5,Nice,False,True,79.3,86.4,75.0,100.0,1.0,85.1,Nice,65.9
31-05-20,16.6,7.4,12.2,12.0,5.2,0.1,0.1,0.0,23.8,13.8,51,False,20,61.0,99.6,72.4,68.6881146546402,0,69.2,Pleasant,False,False,71.0,68.0,90.0,100.0,1.0,77.9,Nice,61.4
01-06-20,15.4,10.0,12.5,13.3,7.9,1.9,1.9,0.0,15.0,11.5,53,False,24,42.5,92.4,90.0,34.395568288736314,0,50.1,Average,False,False,51.5,73.2,90.0,100.0,1.0,73.2,Pleasant,51.9
02-06-20,13.8,7.6,10.7,12.0,5.7,12.7,12.7,0.0,12.0,6.3,63,False,24,33.5,49.2,96.0,86.47970815416825,0,58.7,Average,True,True,63.3,68.0,20.0,100.0,1.0,60.5,Pleasant,15.1
03-06-20,17.3,6.1,12.0,16.5,3.8,0.5,0.5,0.0,12.2,5.7,51,False,24,40.0,98.0,95.6,91.7288173059142,0,70.5,Pleasant,False,True,75.0,86.0,90.0,100.0,1.0,89.7,Nice,79.5
04-06-20,21.4,7.2,14.7,23.0,5.4,0.0,0.0,0.0,16.3,5.9,3,False,24,53.5,100.0,87.4,96.4474992502993,0,77.1,Nice,False,True,81.0,100.0,100.0,100.0,1.0,99.3,Excellent,98.6
05-06-20,25.6,13.5,19.8,24.0,12.1,0.0,0.0,0.0,22.9,12.8,3,False,24,79.0,100.0,74.2,78.70290989746165,0,80.1,Nice,False,True,81.6,100.0,100.0,100.0,1.0,95.7,Excellent,91.5
06-06-20,26.5,15.9,20.7,27.4,16.2,0.2,0.2,0.0,14.5,7.2,51,False,24,83.5,99.2,91.0,87.98136165669727,0,86.4,Nice,False,True,88.4,96.9,90.0,100.0,1.0,93.4,Excellent,84.0
07-06-20,25.8,14.2,20.2,25.4,14.3,0.0,0.0,0.0,19.1,9.3,3,False,24,81.0,100.0,81.8,94.27944393909165,0,86.9,Nice,False,True,89.2,100.0,100.0,100.0,1.0,98.9,Excellent,97.7
08-06-20,26.3,12.7,20.3,27.4,12.3,0.1,0.1,0.0,9.7,4.5,51,False,24,81.5,99.6,100.0,80.99490111135825,0,83.9,Nice,False,True,85.9,96.9,90.0,100.0,1.0,92.0,Excellent,81.5
09-06-20,24.4,14.4,19.6,26.1,14.6,2.9,2.9,0.0,6.6,3.7,55,False,24,78.0,88.4,100.0,75.27586282844746,0,78.8,Nice,False,True,80.7,100.0,90.0,100.0,1.0,92.1,Excellent,81.1
10-06-20,24.5,14.8,19.6,25.6,15.3,0.6,0.6,0.0,9.0,4.2,51,False,24,78.0,97.6,100.0,74.79121905286857,0,80.0,Nice,False,True,81.9,100.0,90.0,100.0,1.0,92.0,Excellent,80.9
11-06-20,21.5,14.8,18.3,23.8,15.8,3.3,3.3,0.0,7.8,3.4,53,False,24,71.5,86.8,100.0,53.235540695431126,0,68.3,Pleasant,False,False,69.3,100.0,75.0,100.0,1.0,83.1,Nice,61.0
12-06-20,21.0,15.5,17.8,20.3,15.7,22.4,22.4,0.0,16.5,9.7,63,False,24,69.0,10.400000000000006,87.0,50.241410562742026,0,53.7,Average,True,False,54.5,100.0,20.0,100.0,1.0,66.0,Pleasant,16.0
13-06-20,23.7,15.6,18.9,25.2,15.7,25.0,25.0,0.0,12.6,7.0,63,False,24,74.5,0.0,94.8,36.891167213376,0,50.3,Average,True,False,50.3,100.0,0.0,100.0,1.0,57.4,Average,0.0
14-06-20,24.0,17.3,19.9,26.3,18.7,14.0,14.0,0.0,9.9,3.5,61,False,24,79.5,44.0,100.0,62.06144860482921,0,68.1,Pleasant,True,False,69.2,100.0,20.0,100.0,1.0,68.4,Pleasant,17.0
15-06-20,21.2,16.2,18.6,22.6,17.4,3.0,3.0,0.0,6.2,3.9,53,False,24,73.0,88.0,100.0,27.26409390785458,0,59.9,Average,False,False,59.7,100.0,75.0,100.0,1.0,78.0,Nice,53.2
16-06-20,23.4,14.7,19.1,25.5,15.4,0.9,0.9,0.0,9.7,5.0,53,False,24,75.5,96.4,100.0,86.64143178626036,0,83.0,Nice,False,True,85.5,100.0,90.0,100.0,1.0,94.3,Excellent,85.2
17-06-20,20.9,15.8,17.7,22.1,17.2,10.4,10.4,0.0,11.1,4.5,61,False,24,68.5,58.4,97.8,43.967345946116,0,59.4,Average,True,False,60.1,100.0,40.0,100.0,1.0,70.8,Pleasant,31.0
18-06-20,21.6,14.9,17.9,24.6,15.5,13.2,13.2,0.0,8.1,4.3,63,False,24,69.5,47.2,100.0,25.005725061350038,0,51.6,Average,True,False,51.4,100.0,20.0,100.0,1.0,61.0,Pleasant,14.0
19-06-20,22.4,15.2,18.7,21.6,15.5,2.5,2.5,0.0,22.2,12.5,51,False,24,73.5,90.0,75.6,87.20785056562946,0,79.5,Nice,False,True,81.7,100.0,90.0,100.0,1.0,94.4,Excellent,85.4
20-06-20,23.0,14.1,18.8,22.6,14.6,0.0,0.0,0.0,19.7,10.8,1,False,24,74.0,100.0,80.6,94.77789962804265,0,84.2,Nice,False,True,86.9,100.0,100.0,100.0,1.0,99.0,Excellent,97.9
21-06-20,22.0,15.0,17.8,22.1,15.2,5.1,5.1,0.0,15.5,7.9,53,False,24,69.0,79.6,89.0,76.22499016503139,0,73.3,Pleasant,False,True,75.5,100.0,75.0,100.0,1.0,87.7,Nice,67.9
22-06-20,20.8,15.5,18.1,22.0,16.8,3.2,3.2,0.0,10.2,4.7,53,False,24,70.5,87.2,99.6,54.00392050033725,0,68.1,Pleasant,False,False,69.3,100.0,75.0,100.0,1.0,83.3,Nice,61.2
23-06-20,23.2,16.3,19.0,25.4,17.9,26.6,26.6,0.0,9.7,3.7,63,False,24,75.0,0.0,100.0,58.2187549915259,0,58.4,Average,True,False,59.5,100.0,0.0,100.0,1.0,61.6,Pleasant,0.0
24-06-20,23.3,16.4,19.3,28.3,18.0,3.5,3.5,0.0,10.4,4.1,55,False,24,76.5,86.0,99.2,67.78469674786805,0,75.2,Nice,False,False,76.7,90.0,75.0,100.0,1.0,82.1,Nice,60.8
25-06-20,26.0,16.9,20.7,28.1,18.5,0.1,0.1,0.0,9.6,5.2,51,False,24,83.5,99.6,100.0,92.44217488994174,0,88.7,Nice,False,True,91.1,91.5,90.0,100.0,1.0,92.1,Excellent,82.7
26-06-20,25.8,17.0,21.3,26.6,17.3,0.0,0.0,0.0,15.5,10.9,3,False,24,86.5,100.0,89.0,91.36694401126853,0,88.7,Nice,False,True,90.7,100.0,100.0,100.0,1.0,98.3,Excellent,96.5
27-06-20,27.3,16.2,22.1,28.2,16.8,0.0,0.0,0.0,17.7,11.1,1,False,24,90.5,100.0,84.6,95.55546747150323,0,91.4,Excellent,False,True,93.4,90.8,100.0,100.0,1.0,95.4,Excellent,92.7
28-06-20,28.3,17.7,22.9,32.6,17.9,1.8,1.8,0.0,10.1,3.5,61,False,24,94.5,92.8,99.8,95.61070719521918,0,93.2,Excellent,False,True,95.2,56.9,90.0,100.0,1.0,78.9,Nice,65.2
29-06-20,28.8,16.9,23.2,33.0,18.3,0.0,0.0,0.0,8.4,3.6,3,False,24,96.0,100.0,100.0,95.67363808576187,0,94.9,Excellent,False,True,96.9,53.8,100.0,100.0,1.0,80.7,Nice,70.6
30-06-20,24.8,17.4,21.0,24.6,18.3,0.0,0.0,0.0,22.3,12.6,3,False,24,85.0,100.0,75.4,94.29659365468251,0,88.0,Nice,False,True,90.0,100.0,100.0,100.0,1.0,98.9,Excellent,97.7
01-07-20,28.0,15.8,22.4,30.3,16.6,0.0,0.0,0.0,7.0,4.7,3,False,26,82.0,100.0,100.0,95.82205206118559,0,89.3,Nice,False,True,92.0,74.6,100.0,100.0,1.0,89.0,Nice,83.1
02-07-20,29.8,15.5,23.4,31.8,16.3,0.1,0.1,0.0,13.5,7.7,51,False,26,87.0,99.6,93.0,95.77055694108128,0,90.7,Excellent,False,True,93.0,63.1,90.0,100.0,1.0,81.4,Nice,68.5
03-07-20,27.8,19.4,22.1,31.0,20.9,8.3,8.3,0.0,15.0,7.0,61,False,26,80.5,66.8,90.0,58.73402468654706,0,70.0,Pleasant,False,False,70.7,69.2,55.0,100.0,1.0,65.9,Pleasant,35.8
04-07-20,24.9,17.5,20.7,27.9,19.1,6.2,6.2,0.0,11.4,4.3,61,False,26,73.5,75.2,97.2,54.9711496691773,0,67.7,Pleasant,False,False,68.7,93.1,55.0,100.0,1.0,74.7,Pleasant,42.8
05-07-20,25.3,18.2,21.2,29.2,20.4,5.3,5.3,0.0,7.4,4.0,53,False,26,76.0,78.8,100.0,66.72584537663137,0,73.6,Pleasant,False,False,75.1,83.1,75.0,100.0,1.0,79.1,Nice,57.4
06-07-20,27.4,17.5,22.3,29.6,19.2,0.6,0.6,0.0,10.0,4.9,51,False,26,81.5,97.6,100.0,92.30597035025288,0,87.5,Nice,False,True,90.1,80.0,90.0,100.0,1.0,87.5,Nice,76.4
07-07-20,22.2,14.0,17.7,23.8,11.8,12.8,12.8,0.0,25.7,10.1,63,False,26,58.5,48.8,68.6,56.97604351957023,0,56.1,Average,True,False,57.4,100.0,20.0,100.0,1.0,67.4,Pleasant,16.6
08-07-20,20.4,12.2,16.5,21.4,11.5,0.0,0.0,0.0,13.5,5.6,3,False,26,52.5,100.0,93.0,94.62974262278547,0,76.6,Nice,False,True,80.5,100.0,100.0,100.0,1.0,98.9,Excellent,97.9
09-07-20,26.0,11.3,19.0,27.7,10.8,0.0,0.0,0.0,6.2,3.2,3,False,26,65.0,100.0,100.0,96.70116510577854,0,82.8,Nice,False,True,86.4,94.6,100.0,100.0,1.0,97.2,Excellent,95.4
10-07-20,28.6,13.8,22.0,29.5,13.6,0.0,0.0,0.0,18.0,10.6,0,False,26,80.0,100.0,84.0,96.84140981724413,0,87.6,Nice,False,True,90.1,80.8,100.0,100.0,1.0,91.7,Excellent,87.2
11-07-20,29.2,18.6,24.3,28.8,18.5,0.0,0.0,0.0,23.1,15.0,0,False,26,91.5,100.0,73.8,96.98803652569455,0,91.4,Excellent,False,True,93.2,86.2,100.0,100.0,1.0,93.9,Excellent,90.5
12-07-20,24.3,14.6,19.8,24.0,13.7,2.9,2.9,0.0,25.1,12.3,53,False,26,69.0,88.4,69.8,67.45876854203591,0,70.1,Pleasant,False,False,71.4,100.0,90.0,100.0,1.0,90.5,Excellent,78.3
13-07-20,19.3,12.9,15.7,18.5,11.0,1.1,1.1,0.0,14.1,8.3,51,False,26,48.5,95.6,91.8,60.11408491157941,0,62.1,Pleasant,False,False,64.5,94.0,90.0,100.0,1.0,86.6,Nice,72.4
14-07-20,21.8,8.7,16.3,22.9,7.5,0.0,0.0,0.0,7.2,4.1,3,False,26,51.5,100.0,100.0,78.40001472897336,0,71.0,Pleasant,False,True,74.4,100.0,100.0,100.0,1.0,95.7,Excellent,91.4
15-07-20,24.3,13.4,19.4,24.6,13.4,0.1,0.1,0.0,9.9,6.0,51,False,26,67.0,99.6,100.0,85.08252075970924,0,79.5,Nice,False,True,82.4,100.0,90.0,100.0,1.0,94.0,Excellent,84.6
16-07-20,24.5,14.9,19.5,24.1,15.9,1.9,1.9,0.0,14.0,6.1,53,False,26,67.5,92.4,92.0,84.75606707113809,0,77.9,Nice,False,True,80.6,100.0,90.0,100.0,1.0,94.0,Excellent,84.5
17-07-20,25.0,13.0,19.6,25.4,13.1,0.1,0.1,0.0,7.4,3.9,51,False,26,68.0,99.6,100.0,83.57367807969143,0,79.4,Nice,False,True,82.2,100.0,90.0,100.0,1.0,93.7,Excellent,84.1
18-07-20,18.6,13.8,16.9,20.2,14.1,13.8,13.8,0.0,7.6,5.2,63,False,26,54.49999999999999,44.8,100.0,0.0,0,36.5,Poor,True,False,35.8,100.0,20.0,100.0,1.0,56.0,Average,12.0
19-07-20,21.4,15.4,17.8,21.7,15.9,8.0,8.0,0.0,9.0,6.0,55,False,26,59.0,68.0,100.0,39.36294064411349,0,55.6,Average,False,False,56.6,100.0,55.0,100.0,1.0,74.4,Pleasant,41.7
20-07-20,21.9,14.7,17.9,21.9,14.8,3.2,3.2,0.0,15.6,8.0,53,False,26,59.49999999999999,87.2,88.8,84.5185757691062,0,73.6,Pleasant,False,True,76.6,100.0,75.0,100.0,1.0,89.4,Nice,70.4
21-07-20,24.7,14.4,20.0,25.7,15.1,1.2,1.2,0.0,7.1,4.1,51,False,26,70.0,95.2,100.0,97.2992755252314,0,84.3,Nice,False,True,87.7,100.0,90.0,100.0,1.0,96.5,Excellent,89.0
22-07-20,27.2,14.4,20.8,30.2,15.1,1.1,1.1,0.0,16.0,4.0,53,False,26,74.0,95.6,88.0,86.62362353196775,0,81.3,Nice,False,True,83.7,75.4,90.0,100.0,1.0,84.5,Nice,71.9
23-07-20,26.1,16.0,20.4,28.9,17.4,3.2,3.2,0.0,10.4,4.3,61,False,26,72.0,87.2,99.2,89.16307738034148,0,81.0,Nice,False,True,83.9,85.4,75.0,100.0,1.0,84.5,Nice,65.2
24-07-20,25.8,16.6,21.2,27.9,18.0,1.1,1.1,0.0,11.3,5.7,53,False,26,76.0,95.6,97.4,94.04132344156754,0,85.4,Nice,False,True,88.3,93.1,90.0,100.0,1.0,93.0,Excellent,84.1
25-07-20,24.1,17.9,20.7,24.1,18.3,0.9,0.9,0.0,18.0,10.9,51,False,26,73.5,96.4,84.0,44.79462543669436,0,66.3,Pleasant,False,False,66.5,100.0,90.0,100.0,1.0,86.0,Nice,70.1
26-07-20,24.9,15.9,19.8,26.4,16.9,1.3,1.3,0.0,11.9,6.4,53,False,26,69.0,94.8,96.2,78.46562050360046,0,77.0,Nice,False,True,79.4,100.0,90.0,100.0,1.0,92.7,Excellent,82.2
27-07-20,23.9,15.1,19.4,26.4,15.9,5.9,5.9,0.0,11.4,4.7,63,False,26,67.0,76.4,97.2,65.04941849611969,0,68.8,Pleasant,False,False,70.6,100.0,75.0,100.0,1.0,85.5,Nice,64.5
28-07-20,25.5,15.6,20.4,27.6,16.9,0.1,0.1,0.0,7.9,4.1,51,False,26,72.0,99.6,100.0,94.2565828629914,0,84.7,Nice,False,True,87.8,95.4,90.0,100.0,1.0,94.0,Excellent,85.4
29-07-20,29.3,15.5,22.8,32.8,16.2,0.0,0.0,0.0,9.6,4.3,2,False,26,84.0,100.0,100.0,97.73485116248588,0,90.8,Excellent,False,True,93.5,55.4,100.0,100.0,1.0,81.7,Nice,72.3
30-07-20,30.8,18.1,24.3,34.3,19.4,0.4,0.4,0.0,9.0,4.7,51,False,26,91.5,98.4,100.0,96.20558743640237,0,93.0,Excellent,False,True,95.3,43.8,90.0,100.0,1.0,73.8,Pleasant,58.3
31-07-20,30.8,18.1,24.5,30.4,20.0,0.2,0.2,0.0,22.2,9.0,51,False,26,92.5,99.2,75.6,93.8650917110785,0,90.8,Excellent,False,True,92.4,73.8,90.0,100.0,1.0,85.3,Nice,73.7
01-08-20,25.4,17.7,21.5,25.9,17.4,1.2,1.2,0.0,13.5,7.7,51,False,25,82.5,95.2,93.0,86.89427130351243,0,85.1,Nice,False,True,87.2,100.0,90.0,100.0,1.0,94.4,Excellent,85.3
02-08-20,25.8,14.4,20.1,26.6,14.1,0.0,0.0,0.0,8.8,4.3,2,False,25,75.5,100.0,100.0,93.92768145229027,0,86.1,Nice,False,True,89.0,100.0,100.0,100.0,1.0,98.8,Excellent,97.6
03-08-20,27.6,15.3,21.8,26.2,15.4,0.0,0.0,0.0,21.8,12.2,2,False,25,84.0,100.0,76.4,95.66079416068342,0,88.2,Nice,False,True,90.3,100.0,100.0,100.0,1.0,99.1,Excellent,98.3
04-08-20,29.7,19.7,24.4,28.7,16.9,0.0,0.0,0.0,22.2,17.9,3,False,25,97.0,100.0,75.6,93.35009158121113,0,92.5,Excellent,False,True,93.9,86.9,100.0,100.0,1.0,93.4,Excellent,89.5
05-08-20,28.6,17.1,23.5,30.3,17.8,0.0,0.0,0.0,18.1,10.1,1,False,25,92.5,100.0,83.8,93.07596634482465,0,91.3,Excellent,False,True,93.0,74.6,100.0,100.0,1.0,88.5,Nice,82.0
06-08-20,29.0,15.5,22.3,28.1,15.4,0.0,0.0,0.0,16.4,8.7,3,False,25,86.5,100.0,87.2,92.80853855460688,0,89.1,Nice,False,True,91.1,91.5,100.0,100.0,1.0,95.2,Excellent,92.0
07-08-20,29.2,16.7,23.2,29.7,16.5,0.1,0.1,0.0,13.9,7.5,51,False,25,91.0,99.6,92.2,91.87231475484204,0,90.9,Excellent,False,True,92.8,79.2,90.0,100.0,1.0,87.1,Nice,75.9
08-08-20,30.3,19.4,24.8,32.2,20.4,0.0,0.0,0.0,8.0,4.4,3,False,25,99.0,100.0,100.0,90.94203594821232,0,94.4,Excellent,False,True,96.0,60.0,100.0,100.0,1.0,82.2,Nice,72.4
09-08-20,28.4,17.7,23.5,30.4,18.7,0.0,0.0,0.0,8.0,4.5,2,False,25,92.5,100.0,100.0,92.05177443013869,0,92.2,Excellent,False,True,94.2,73.8,100.0,100.0,1.0,87.9,Nice,81.1
10-08-20,28.5,15.9,22.0,29.9,15.9,2.6,2.6,0.0,14.5,5.0,61,False,25,85.0,89.6,91.0,77.13231194350749,0,81.7,Nice,False,True,83.1,77.7,90.0,100.0,1.0,83.5,Nice,69.7
11-08-20,28.0,17.3,22.2,29.7,19.0,0.8,0.8,0.0,5.2,3.3,51,False,25,86.0,96.8,100.0,90.8048100161586,0,88.7,Nice,False,True,90.9,79.2,90.0,100.0,1.0,86.9,Nice,75.5
12-08-20,27.2,17.4,21.9,30.5,18.8,2.1,2.1,0.0,11.5,4.1,53,False,25,84.5,91.6,97.0,91.10338462700463,0,87.2,Nice,False,True,89.5,73.1,90.0,100.0,1.0,84.5,Nice,72.3
13-08-20,28.6,15.5,21.9,28.8,16.2,0.0,0.0,0.0,12.6,6.2,2,False,25,84.5,100.0,94.8,91.4716539505407,0,88.4,Nice,False,True,90.6,86.2,100.0,100.0,1.0,92.8,Excellent,88.3
14-08-20,29.6,14.5,22.4,30.2,14.8,0.0,0.0,0.0,10.2,4.3,3,False,25,87.0,100.0,99.6,88.95803709585631,0,88.9,Nice,False,True,91.0,75.4,100.0,100.0,1.0,87.9,Nice,80.8
15-08-20,23.8,18.5,20.8,25.1,20.4,10.6,10.6,0.0,11.5,4.8,63,False,25,79.0,57.6,97.0,30.175095769017048,0,58.6,Average,True,False,58.1,100.0,40.0,100.0,1.0,68.0,Pleasant,28.8
16-08-20,25.6,17.9,20.5,23.7,18.2,1.5,1.5,0.0,21.3,10.7,53,False,25,77.5,94.0,77.4,39.5663074396706,0,65.1,Pleasant,False,False,64.8,100.0,90.0,100.0,1.0,84.9,Nice,68.2
17-08-20,27.2,16.1,21.8,26.9,15.9,0.0,0.0,0.0,17.9,10.6,3,False,25,84.0,100.0,84.2,90.82255581787855,0,87.1,Nice,False,True,89.1,100.0,100.0,100.0,1.0,98.2,Excellent,96.3
18-08-20,28.6,15.3,22.3,30.0,15.5,0.0,0.0,0.0,9.4,5.4,3,False,25,86.5,100.0,100.0,92.97491107784145,0,90.1,Excellent,False,True,92.5,76.9,100.0,100.0,1.0,89.4,Nice,83.3
19-08-20,19.9,17.2,18.3,21.6,18.2,12.9,12.9,0.0,9.7,3.6,63,False,25,66.5,48.4,100.0,0.0,0,41.9,Average,True,False,40.5,100.0,20.0,100.0,1.0,56.0,Average,12.0
20-08-20,22.3,16.7,18.6,23.3,17.1,13.5,13.5,0.0,17.4,10.0,63,False,25,68.0,46.0,85.2,33.79070640693733,0,52.7,Average,True,False,52.7,100.0,20.0,100.0,1.0,62.8,Pleasant,14.7
21-08-20,25.9,16.0,20.5,27.1,16.8,0.3,0.3,0.0,6.2,4.0,51,False,25,77.5,98.8,100.0,92.51016173046234,0,86.2,Nice,False,True,88.9,99.2,90.0,100.0,1.0,95.2,Excellent,86.9
22-08-20,28.0,15.2,21.7,30.7,15.9,0.0,0.0,0.0,5.6,2.9,0,False,25,83.5,100.0,100.0,94.28762076068351,0,89.4,Nice,False,True,91.9,71.5,100.0,100.0,1.0,87.5,Nice,80.6
23-08-20,29.2,15.9,22.6,30.9,16.7,0.2,0.2,0.0,11.3,5.6,51,False,25,88.0,99.2,97.4,94.62742674866631,0,91.0,Excellent,False,True,93.3,70.0,90.0,100.0,1.0,83.9,Nice,71.9
24-08-20,25.3,18.1,20.9,27.5,20.1,5.4,5.4,0.0,11.5,4.5,61,False,25,79.5,78.4,97.0,73.1971367755261,0,76.9,Nice,False,True,78.6,96.2,75.0,100.0,1.0,85.6,Nice,65.2
25-08-20,23.7,16.5,18.9,25.7,17.3,17.6,17.6,0.0,16.3,7.4,63,False,25,69.5,29.599999999999994,87.4,39.731787140643405,0,53.1,Average,True,False,53.4,100.0,20.0,100.0,1.0,63.9,Pleasant,15.2
26-08-20,24.8,15.2,19.4,26.0,15.6,0.1,0.1,0.0,6.3,3.4,51,False,25,72.0,99.6,100.0,94.07998518202315,0,84.7,Nice,False,True,87.8,100.0,90.0,100.0,1.0,95.8,Excellent,87.9
27-08-20,26.4,11.7,19.2,25.5,11.2,0.0,0.0,0.0,26.5,10.5,3,False,25,71.0,100.0,67.0,96.03961757352623,0,82.4,Nice,False,True,85.0,100.0,100.0,100.0,1.0,99.2,Excellent,98.4
28-08-20,26.9,11.4,19.6,27.6,9.7,0.0,0.0,0.0,9.2,4.8,2,False,25,73.0,100.0,100.0,96.40499987640385,0,85.9,Nice,False,True,89.1,95.4,100.0,100.0,1.0,97.4,Excellent,95.8
29-08-20,31.2,14.5,22.4,30.1,13.2,0.0,0.0,0.0,21.4,11.5,1,False,25,87.0,100.0,77.2,96.77495398020083,0,89.8,Nice,False,True,91.9,76.2,100.0,100.0,1.0,89.8,Nice,84.4
30-08-20,31.9,17.2,24.4,30.0,16.6,0.0,0.0,0.0,19.6,13.4,0,False,25,97.0,100.0,80.8,97.11545487456947,0,94.3,Excellent,False,True,95.9,76.9,100.0,100.0,1.0,90.2,Excellent,85.0
31-08-20,31.7,15.7,24.2,33.7,15.5,0.0,0.0,0.0,10.7,4.7,1,False,25,96.0,100.0,98.6,97.25969760958907,0,95.3,Excellent,False,True,97.4,48.5,100.0,100.0,1.0,78.8,Nice,68.0
01-09-20,30.4,17.7,22.9,29.9,18.6,0.0,0.0,0.0,21.8,12.5,3,False,21,90.5,100.0,76.4,87.23604473917976,0,87.8,Nice,False,True,89.2,77.7,100.0,100.0,1.0,88.5,Nice,81.5
02-09-20,21.6,14.8,18.2,21.2,15.2,0.0,0.0,0.0,7.3,3.8,3,False,21,86.0,100.0,100.0,96.41143401075466,0,91.1,Excellent,False,True,93.7,100.0,100.0,100.0,1.0,99.3,Excellent,98.6
03-09-20,18.6,14.5,16.4,19.4,14.8,20.6,20.6,0.0,7.9,4.6,63,False,21,77.0,17.599999999999994,100.0,0.6220006503203734,0,41.7,Average,True,False,39.8,97.6,20.0,100.0,1.0,55.2,Average,11.8
04-09-20,22.2,15.6,18.3,20.6,14.9,2.2,2.2,0.0,16.6,10.7,53,False,21,86.5,91.2,86.8,93.47580135350336,0,87.9,Nice,False,True,90.0,100.0,90.0,100.0,1.0,95.7,Excellent,87.7
05-09-20,23.0,12.2,17.5,23.1,11.1,0.0,0.0,0.0,9.4,5.3,3,False,21,82.5,100.0,100.0,82.43688637315314,0,84.9,Nice,False,True,86.8,100.0,100.0,100.0,1.0,96.5,Excellent,93.0
06-09-20,25.5,12.7,18.6,26.0,12.1,0.0,0.0,0.0,8.3,5.8,0,False,21,88.0,100.0,100.0,98.14826987182497,0,92.6,Excellent,False,True,95.1,100.0,100.0,100.0,1.0,99.6,Excellent,99.3
07-09-20,29.0,12.9,20.8,30.0,12.3,0.0,0.0,0.0,8.9,6.1,1,False,21,99.0,100.0,100.0,96.78945730932803,0,96.5,Excellent,False,True,98.4,76.9,100.0,100.0,1.0,90.1,Excellent,84.9
08-09-20,24.9,16.9,20.5,26.3,18.2,0.3,0.3,0.0,7.2,4.9,51,False,21,97.5,98.8,100.0,94.08399192372939,0,94.7,Excellent,False,True,96.6,100.0,90.0,100.0,1.0,95.8,Excellent,87.9
09-09-20,24.2,13.3,18.4,24.5,13.2,0.0,0.0,0.0,8.4,3.7,0,False,21,87.0,100.0,100.0,97.0932565955033,0,91.8,Excellent,False,True,94.3,100.0,100.0,100.0,1.0,99.4,Excellent,98.8
10-09-20,25.7,13.0,19.1,27.0,12.0,0.0,0.0,0.0,8.7,4.7,2,False,21,90.5,100.0,100.0,96.81712489782002,0,93.1,Excellent,False,True,95.4,100.0,100.0,100.0,1.0,99.4,Excellent,98.7
11-09-20,26.5,13.6,19.6,26.0,13.0,0.0,0.0,0.0,15.4,8.6,2,False,21,93.0,100.0,89.2,94.29977928742615,0,92.3,Excellent,False,True,94.2,100.0,100.0,100.0,1.0,98.9,Excellent,97.7
12-09-20,26.7,15.1,20.3,26.0,15.5,0.0,0.0,0.0,14.7,8.1,3,False,21,96.5,100.0,90.6,80.37031359643896,0,89.0,Nice,False,True,90.0,100.0,100.0,100.0,1.0,96.1,Excellent,92.1
13-09-20,27.0,17.2,21.5,28.6,16.7,0.0,0.0,0.0,10.9,4.8,2,False,21,97.5,100.0,98.2,95.01148869005218,0,95.1,Excellent,False,True,96.9,87.7,100.0,100.0,1.0,94.1,Excellent,90.6
14-09-20,27.0,14.5,20.8,28.4,14.6,0.0,0.0,0.0,7.3,4.2,1,False,21,99.0,100.0,100.0,95.37568137315434,0,96.0,Excellent,False,True,97.8,89.2,100.0,100.0,1.0,94.8,Excellent,91.7
15-09-20,26.6,14.5,20.3,27.2,14.3,0.0,0.0,0.0,9.8,7.2,0,False,21,96.5,100.0,100.0,95.01603370033355,0,94.9,Excellent,False,True,96.8,98.5,100.0,100.0,1.0,98.4,Excellent,97.1
16-09-20,27.2,13.6,20.4,27.0,13.5,0.0,0.0,0.0,13.8,8.9,3,False,21,97.0,100.0,92.4,95.38749552159742,0,94.6,Excellent,False,True,96.3,100.0,100.0,100.0,1.0,99.1,Excellent,98.2
17-09-20,27.2,13.1,20.2,27.6,12.1,0.0,0.0,0.0,8.7,5.4,3,False,21,96.0,100.0,100.0,95.2578902828059,0,94.7,Excellent,False,True,96.7,95.4,100.0,100.0,1.0,97.2,Excellent,95.3
18-09-20,23.4,15.9,19.0,23.8,16.1,0.8,0.8,0.0,11.7,6.8,53,False,21,90.0,96.8,96.6,83.33100792686949,0,87.4,Nice,False,True,89.0,100.0,90.0,100.0,1.0,93.7,Excellent,84.0
19-09-20,21.1,12.3,15.7,20.8,8.7,1.0,1.0,0.0,13.4,7.1,53,False,21,73.5,96.0,93.2,73.2411269512056,0,76.9,Nice,False,True,78.7,100.0,90.0,100.0,1.0,91.6,Excellent,80.4
20-09-20,22.3,7.5,14.8,19.9,5.4,0.0,0.0,0.0,11.6,8.0,3,False,21,69.0,100.0,96.8,96.00198130298051,0,83.9,Nice,False,True,87.2,99.6,100.0,100.0,1.0,99.0,Excellent,98.2
21-09-20,25.0,9.3,16.9,22.9,7.4,0.0,0.0,0.0,12.6,9.7,3,False,21,79.5,100.0,94.8,95.86480143674099,0,87.9,Nice,False,True,90.7,100.0,100.0,100.0,1.0,99.2,Excellent,98.3
22-09-20,25.3,10.6,18.3,23.3,8.7,0.0,0.0,0.0,17.0,11.6,3,False,21,86.5,100.0,86.0,96.50822522621856,0,90.3,Excellent,False,True,92.5,100.0,100.0,100.0,1.0,99.3,Excellent,98.6
23-09-20,25.3,10.8,18.5,23.5,9.5,0.0,0.0,0.0,16.3,11.0,3,False,21,87.5,100.0,87.4,85.19919739103938,0,86.8,Nice,False,True,88.4,100.0,100.0,100.0,1.0,97.0,Excellent,94.1
24-09-20,23.8,13.7,18.6,23.7,12.8,0.0,0.0,0.0,10.0,4.5,3,False,21,88.0,100.0,100.0,72.09675320562647,0,83.4,Nice,False,True,84.6,100.0,100.0,100.0,1.0,94.4,Excellent,88.8
25-09-20,25.6,11.1,18.7,23.3,10.2,0.0,0.0,0.0,21.6,11.4,3,False,21,88.5,100.0,76.8,95.64697086136164,0,90.0,Excellent,False,True,91.9,100.0,100.0,100.0,1.0,99.1,Excellent,98.3
26-09-20,22.5,14.4,17.9,21.6,13.1,17.8,17.8,0.0,19.9,12.4,63,False,21,84.5,28.799999999999997,80.2,30.051076994718024,0,55.1,Average,True,False,53.9,100.0,20.0,100.0,1.0,62.0,Pleasant,14.4
27-09-20,17.0,10.0,13.7,14.9,8.2,5.0,5.0,0.0,15.5,7.6,61,False,21,63.5,80.0,89.0,94.37364813436415,0,77.6,Nice,False,True,80.9,79.6,75.0,100.0,1.0,83.2,Nice,64.1
28-09-20,18.8,8.0,12.4,15.8,5.2,2.2,2.2,0.0,19.1,11.4,61,False,21,57.0,91.2,81.8,54.06663329648546,0,61.9,Pleasant,False,False,63.4,83.2,90.0,100.0,1.0,81.1,Nice,64.4
29-09-20,15.2,10.9,12.9,14.1,8.9,16.2,16.2,0.0,22.4,9.5,63,False,21,59.5,35.2,75.2,1.207663710837063,0,35.5,Poor,True,False,34.1,76.4,20.0,100.0,1.0,46.8,Average,9.3
30-09-20,14.0,9.2,11.2,11.4,7.1,7.6,7.6,0.0,16.9,8.6,55,False,21,51.0,69.6,86.2,0.0,0,37.7,Poor,False,False,36.9,65.6,55.0,100.0,1.0,52.7,Average,21.6
01-10-20,14.3,10.5,11.8,13.4,10.0,6.4,6.4,0.0,8.5,3.9,61,False,15,84.0,74.4,100.0,32.13152024963127,0,64.0,Pleasant,False,False,63.4,73.6,55.0,100.0,1.0,62.4,Pleasant,31.4
02-10-20,20.3,10.6,14.6,19.1,9.9,0.7,0.7,0.0,11.2,6.1,51,False,15,98.0,97.2,97.6,85.40637089967498,0,91.5,Excellent,False,True,92.8,96.4,90.0,100.0,1.0,92.6,Excellent,82.8
03-10-20,24.1,12.1,17.7,21.8,10.1,0.0,0.0,0.0,19.8,12.9,3,False,15,86.5,100.0,80.4,94.15608799282552,0,89.0,Nice,False,True,91.0,100.0,100.0,100.0,1.0,98.8,Excellent,97.7
04-10-20,26.4,17.8,21.2,24.9,15.3,0.1,0.1,0.0,25.0,16.5,51,False,15,69.0,99.6,70.0,29.013940038658625,0,58.3,Average,False,False,57.7,100.0,90.0,100.0,1.0,82.8,Nice,64.4
05-10-20,27.9,15.1,21.4,26.4,14.5,0.0,0.0,0.0,22.5,11.9,3,False,15,68.0,100.0,75.0,76.44669461089438,0,75.0,Nice,False,True,76.9,100.0,100.0,100.0,1.0,95.3,Excellent,90.6
06-10-20,19.6,14.9,16.9,20.8,15.2,9.8,9.8,0.0,12.3,6.5,63,False,15,90.5,60.8,95.4,28.498475995222773,0,62.9,Pleasant,False,False,61.7,100.0,40.0,100.0,1.0,67.7,Pleasant,28.6
07-10-20,21.5,13.4,16.1,19.5,12.9,0.8,0.8,0.0,14.0,6.4,51,False,15,94.5,96.8,92.0,76.52794684055561,0,86.5,Nice,False,True,87.4,98.0,90.0,100.0,1.0,91.5,Excellent,80.5
08-10-20,15.0,12.9,13.8,14.1,12.5,12.2,12.2,0.0,14.8,8.3,61,False,15,94.0,51.2,90.4,0.0,0,52.5,Average,True,False,49.6,76.4,20.0,100.0,1.0,46.6,Average,9.2
09-10-20,15.0,12.4,13.5,14.9,11.4,9.3,9.3,0.0,12.7,7.5,61,False,15,92.5,62.8,94.6,0.0,0,54.0,Average,False,False,51.3,79.6,40.0,100.0,1.0,53.8,Average,19.1
10-10-20,16.8,12.3,14.2,16.6,12.2,0.7,0.7,0.0,6.4,3.5,53,False,15,96.0,97.2,100.0,58.2033731505698,0,81.4,Nice,False,False,81.5,86.4,90.0,100.0,1.0,83.2,Nice,67.6
11-10-20,17.9,10.8,14.3,17.6,9.7,0.4,0.4,0.0,7.1,3.9,51,False,15,96.5,98.4,100.0,62.60375295556826,0,83.3,Nice,False,False,83.6,90.4,90.0,100.0,1.0,85.7,Nice,71.4
12-10-20,21.3,8.8,14.3,19.9,7.2,0.0,0.0,0.0,14.5,10.5,3,False,15,96.5,100.0,91.0,90.04648649865493,0,92.4,Excellent,False,True,93.9,99.6,100.0,100.0,1.0,97.8,Excellent,95.8
13-10-20,17.1,6.7,12.1,17.6,2.9,10.2,10.2,0.0,26.0,12.8,61,False,15,85.5,59.2,68.0,36.190506827942286,0,61.2,Pleasant,True,False,60.1,90.4,40.0,100.0,1.0,65.4,Pleasant,27.5
14-10-20,15.6,3.3,9.2,13.8,0.6,0.1,0.1,0.0,10.3,6.5,51,False,15,71.0,99.6,99.4,93.49263491544015,0,84.0,Nice,False,True,87.1,75.2,90.0,100.0,1.0,85.8,Nice,74.3
15-10-20,17.2,9.6,12.9,15.1,7.2,0.0,0.0,0.0,13.6,9.8,3,False,15,89.5,100.0,92.8,56.57005118966818,0,78.0,Nice,False,False,78.2,80.4,100.0,100.0,1.0,83.5,Nice,70.9
16-10-20,18.0,11.6,13.9,18.0,9.4,0.7,0.7,0.0,12.7,8.4,51,False,15,94.5,97.2,94.6,84.73796463705511,0,89.6,Nice,False,True,91.0,92.0,90.0,100.0,1.0,90.7,Excellent,80.2
17-10-20,13.2,7.6,10.6,11.4,3.9,6.8,6.8,0.0,16.8,10.8,55,False,15,78.0,72.8,86.4,66.03566440946447,0,72.1,Pleasant,False,False,73.3,65.6,55.0,100.0,1.0,65.9,Pleasant,36.2
18-10-20,10.2,4.9,7.7,5.9,2.0,0.0,0.0,0.0,18.5,10.9,3,False,15,63.5,100.0,83.0,90.82996247857105,0,78.8,Nice,False,True,81.9,43.6,100.0,100.0,1.0,75.6,Nice,62.5
19-10-20,10.9,4.4,7.6,8.7,1.8,0.0,0.0,0.0,10.2,4.6,3,False,15,63.0,100.0,99.6,91.53179845429497,0,80.2,Nice,False,True,83.6,54.8,100.0,100.0,1.0,80.2,Nice,69.5
20-10-20,13.0,1.2,6.6,10.7,-2.1,0.0,0.0,0.0,8.4,6.4,0,False,15,58.0,100.0,100.0,93.52821148599182,0,78.9,Nice,False,True,82.7,62.8,100.0,100.0,1.0,83.8,Nice,75.1
21-10-20,15.5,-0.2,7.4,12.9,-3.8,0.0,0.0,0.0,9.1,5.7,3,False,15,62.0,100.0,100.0,89.53430065484362,0,79.1,Nice,False,True,82.5,71.6,100.0,100.0,1.0,86.5,Nice,78.8
22-10-20,16.9,1.4,9.0,15.3,-2.0,0.0,0.0,0.0,9.7,5.1,3,False,15,70.0,100.0,100.0,94.6500995579167,0,84.1,Nice,False,True,87.4,81.2,100.0,100.0,1.0,91.4,Excellent,86.6
23-10-20,17.3,3.2,10.8,15.7,-0.4,0.0,0.0,0.0,10.2,4.3,2,False,15,79.0,100.0,99.6,94.86870961162332,0,87.8,Nice,False,True,90.6,82.8,100.0,100.0,1.0,92.1,Excellent,87.6
24-10-20,17.0,8.2,11.4,16.3,5.4,4.4,4.4,0.0,8.7,4.4,61,False,15,82.0,82.4,100.0,22.730493524320337,0,61.1,Pleasant,False,False,60.2,85.2,75.0,100.0,1.0,71.1,Pleasant,45.2
25-10-20,13.4,9.1,10.9,12.7,7.3,2.5,2.5,0.0,12.8,7.4,51,False,15,79.5,90.0,94.4,0.0,0,52.9,Average,False,False,50.8,70.8,90.0,100.0,1.0,65.3,Pleasant,38.2
26-10-20,15.8,10.1,12.2,15.5,9.3,3.4,3.4,0.0,6.6,3.7,53,False,15,86.0,86.4,100.0,80.23290849015316,0,83.4,Nice,False,True,85.2,82.0,75.0,100.0,1.0,81.3,Nice,61.0
27-10-20,16.7,6.2,10.7,14.8,4.3,0.0,0.0,0.0,10.0,6.3,1,False,15,78.5,100.0,100.0,96.4121411664329,0,88.1,Nice,False,True,91.0,79.2,100.0,100.0,1.0,91.0,Excellent,86.1
28-10-20,14.8,6.9,9.9,13.5,4.8,0.0,0.0,0.0,10.7,4.8,3,False,15,74.5,100.0,98.6,91.54814491686383,0,84.7,Nice,False,True,87.6,74.0,100.0,100.0,1.0,87.9,Nice,81.0
29-10-20,14.3,6.9,9.6,13.8,4.8,0.0,0.0,0.0,7.1,2.9,3,False,15,73.0,100.0,100.0,96.01993436945472,0,85.8,Nice,False,True,89.0,75.2,100.0,100.0,1.0,89.3,Nice,83.5
30-10-20,11.5,6.1,9.0,8.4,3.8,8.1,8.1,0.0,23.5,11.7,63,False,15,70.0,67.6,73.0,78.4958665657486,0,71.5,Pleasant,False,True,73.3,53.6,55.0,100.0,1.0,63.6,Pleasant,35.0
31-10-20,11.4,5.3,7.6,8.7,2.6,9.9,9.9,0.0,23.9,8.8,61,False,15,63.0,60.4,72.2,9.125060422112645,0,43.2,Average,False,False,42.0,54.8,40.0,100.0,1.0,45.7,Average,14.6
01-11-20,11.2,2.3,6.3,8.3,-0.9,0.0,0.0,0.0,8.7,5.2,0,False,8,91.5,100.0,100.0,97.57806377189353,0,93.8,Excellent,False,True,96.1,53.2,100.0,100.0,1.0,80.8,Nice,71.0
02-11-20,12.2,1.1,6.8,10.2,-2.1,0.0,0.0,0.0,7.2,4.7,3,False,8,94.0,100.0,100.0,87.85215702267968,0,91.3,Excellent,False,True,93.0,60.8,100.0,100.0,1.0,81.9,Nice,71.6
03-11-20,11.1,8.5,9.8,10.8,7.3,2.9,2.9,0.0,5.0,1.9,53,False,8,91.0,88.4,100.0,2.9962098366448764,0,58.7,Average,False,False,56.3,63.2,90.0,100.0,1.0,62.9,Pleasant,35.2
04-11-20,12.5,7.0,10.4,11.2,5.2,0.0,0.0,0.0,10.0,5.7,3,False,8,88.0,100.0,100.0,36.227443624762394,0,70.9,Pleasant,False,False,70.3,64.8,100.0,100.0,1.0,73.2,Pleasant,53.4
05-11-20,13.4,7.2,9.4,12.0,5.2,0.2,0.2,0.0,7.0,5.1,51,False,8,93.0,99.2,100.0,63.65536368276118,0,82.4,Nice,False,False,82.9,68.0,90.0,100.0,1.0,76.9,Nice,59.6
06-11-20,11.7,5.5,9.0,10.4,3.2,2.5,2.5,0.0,8.7,4.9,53,False,8,95.0,90.0,100.0,12.254644405710739,0,63.8,Pleasant,False,False,61.7,61.6,90.0,100.0,1.0,64.1,Pleasant,37.7
07-11-20,11.6,5.1,8.5,10.1,2.4,0.2,0.2,0.0,8.4,4.7,51,False,8,97.5,99.2,100.0,90.99523437431458,0,93.7,Excellent,False,True,95.4,60.4,90.0,100.0,1.0,79.4,Nice,65.4
08-11-20,11.7,1.7,6.2,10.1,-1.4,0.0,0.0,0.0,8.4,4.4,3,False,8,91.0,100.0,100.0,92.94429160759383,0,91.9,Excellent,False,True,94.0,60.4,100.0,100.0,1.0,82.7,Nice,73.4
09-11-20,11.9,0.7,5.2,10.0,-2.5,0.0,0.0,0.0,7.8,4.9,3,False,8,86.0,100.0,100.0,96.45386952099368,0,91.2,Excellent,False,True,93.7,60.0,100.0,100.0,1.0,83.3,Nice,74.6
10-11-20,9.9,1.0,4.8,8.0,-2.2,0.0,0.0,0.0,8.0,4.3,3,False,8,84.0,100.0,100.0,89.83756230449626,0,88.0,Nice,False,True,90.3,52.0,100.0,100.0,1.0,78.8,Nice,67.1
11-11-20,9.5,1.4,4.6,7.1,-1.5,0.0,0.0,0.0,7.6,6.0,3,False,8,83.0,100.0,100.0,89.42034701337852,0,87.5,Nice,False,True,89.8,48.4,100.0,100.0,1.0,77.2,Nice,64.8
12-11-20,9.6,1.3,3.9,7.1,-1.4,0.0,0.0,0.0,7.4,5.1,3,False,8,79.5,100.0,100.0,90.07983046046108,0,86.3,Nice,False,True,88.9,48.4,100.0,100.0,1.0,77.4,Nice,65.1
13-11-20,7.5,0.4,4.3,5.2,-2.5,0.0,0.0,0.0,5.7,4.3,3,False,8,81.5,100.0,100.0,41.73144660668201,0,70.2,Pleasant,False,False,70.2,40.8,100.0,100.0,1.0,64.7,Pleasant,41.2
14-11-20,9.1,5.2,6.7,7.3,3.2,0.1,0.1,0.0,5.2,2.5,51,False,8,93.5,99.6,100.0,30.72272856632054,0,71.1,Pleasant,False,False,70.0,49.2,90.0,100.0,1.0,62.8,Pleasant,37.6
15-11-20,8.9,1.8,5.2,6.6,-1.0,0.0,0.0,0.0,6.9,5.1,3,False,8,86.0,100.0,100.0,92.06892366790844,0,89.6,Nice,False,True,91.9,46.4,100.0,100.0,1.0,77.0,Nice,64.7
16-11-20,9.2,-0.7,4.4,7.2,-3.8,0.0,0.0,0.0,7.3,4.8,3,False,8,82.0,100.0,100.0,87.51040338490155,0,86.4,Nice,False,True,88.7,48.8,100.0,100.0,1.0,77.0,Nice,64.3
17-11-20,10.8,3.0,6.4,8.6,-0.1,4.2,4.2,0.0,8.3,4.9,55,False,8,92.0,83.2,100.0,43.64769007852637,0,72.6,Pleasant,False,False,72.1,54.4,75.0,100.0,1.0,63.0,Pleasant,37.6
18-11-20,9.1,5.1,7.3,7.9,2.7,1.9,1.9,0.0,7.2,4.5,51,False,8,96.5,92.4,100.0,1.5223085580537299,0,61.0,Pleasant,False,False,58.2,51.6,90.0,100.0,1.0,57.9,Average,28.4
19-11-20,10.6,3.1,5.8,7.4,0.1,0.0,0.0,0.0,11.9,7.0,2,False,8,89.0,100.0,96.2,93.49344715212551,0,91.0,Excellent,False,True,93.2,49.6,100.0,100.0,1.0,78.5,Nice,67.2
20-11-20,7.1,0.9,4.1,4.8,-1.7,2.4,2.4,0.0,7.1,3.6,53,False,8,80.5,90.4,100.0,43.10015848287442,0,68.8,Pleasant,False,False,69.0,39.2,90.0,100.0,1.0,61.3,Pleasant,36.7
21-11-20,4.8,-0.6,2.2,2.8,-3.7,8.6,7.2,0.98,10.5,5.3,73,False,8,71.0,65.6,99.0,0.0,-20,45.8,Average,False,False,44.6,31.2,55.0,100.0,1.0,39.0,Poor,10.3
22-11-20,4.5,-3.6,-0.0,1.9,-6.7,0.0,0.0,0.0,6.2,3.0,3,False,8,60.0,100.0,100.0,68.2306630450915,0,70.9,Pleasant,False,False,73.3,27.6,100.0,100.0,1.0,64.7,Pleasant,43.9
23-11-20,4.0,-3.1,0.1,0.6,-6.7,0.0,0.0,0.0,8.1,4.5,3,False,8,60.5,100.0,100.0,74.15425927983912,0,73.2,Pleasant,False,True,75.8,22.4,100.0,100.0,1.0,63.8,Pleasant,43.1
24-11-20,4.4,-2.3,1.4,1.5,-5.9,0.0,0.0,0.0,8.0,4.5,3,False,8,67.0,100.0,100.0,50.15172228500082,0,67.4,Pleasant,False,False,68.5,26.0,100.0,100.0,1.0,60.4,Pleasant,35.7
25-11-20,4.9,-4.1,-0.6,2.3,-7.9,0.0,0.0,0.0,7.2,4.6,0,False,8,57.0,100.0,100.0,93.96205443271222,0,78.7,Nice,False,True,82.5,29.2,100.0,100.0,1.0,70.5,Pleasant,55.1
26-11-20,7.2,-3.7,0.5,4.3,-7.6,0.0,0.0,0.0,8.7,4.4,1,False,8,62.5,100.0,100.0,94.37612601444604,0,81.0,Nice,False,True,84.6,37.2,100.0,100.0,1.0,73.8,Pleasant,60.1
27-11-20,5.0,-3.1,-0.3,1.4,-6.8,0.0,0.0,0.0,7.1,3.3,3,False,8,58.5,100.0,100.0,88.44910030680782,0,77.4,Nice,False,True,80.9,25.6,100.0,100.0,1.0,67.9,Pleasant,50.7
28-11-20,-1.3,-4.5,-2.6,-4.6,-8.0,0.0,0.0,0.0,6.2,3.6,3,False,8,47.0,100.0,100.0,0.0,0,41.8,Average,False,False,41.4,1.6,100.0,100.0,1.0,40.6,Average,1.0
29-11-20,1.1,-2.2,-0.7,-1.6,-5.4,0.0,0.0,0.0,5.1,3.1,3,False,8,56.5,100.0,100.0,54.57995980352373,0,64.7,Pleasant,False,False,66.6,13.6,100.0,100.0,1.0,56.4,Average,30.0
30-11-20,2.1,-3.5,-1.0,-1.5,-6.8,0.5,0.0,0.35,7.5,3.5,71,False,8,55.0,98.0,100.0,90.94283719742191,-20,76.1,Nice,False,True,80.3,14.0,100.0,100.0,1.0,63.8,Pleasant,44.8
01-12-20,1.9,-5.7,-2.5,-2.3,-9.7,0.0,0.0,0.0,9.8,6.0,3,False,2,77.5,100.0,100.0,93.73935021754235,0,86.8,Nice,False,True,89.6,10.8,100.0,100.0,1.0,63.1,Pleasant,44.0
02-12-20,4.9,-6.7,-2.9,0.3,-10.6,0.0,0.0,0.0,10.3,8.1,3,False,2,75.5,100.0,99.4,94.05455488659548,0,86.1,Nice,False,True,89.0,21.2,100.0,100.0,1.0,67.3,Pleasant,50.3
03-12-20,8.8,-3.3,1.3,3.7,-8.1,0.0,0.0,0.0,17.1,12.8,3,False,2,96.5,100.0,85.8,93.10248245861371,0,93.0,Excellent,False,True,94.6,34.8,100.0,100.0,1.0,72.5,Pleasant,58.1
04-12-20,8.4,0.7,5.0,3.6,-3.3,0.5,0.5,0.0,21.1,15.4,51,False,2,85.0,98.0,77.8,46.89153117870997,0,71.3,Pleasant,False,False,71.0,34.4,90.0,100.0,1.0,60.1,Pleasant,35.5
05-12-20,11.2,3.3,6.7,8.4,-0.5,0.1,0.1,0.0,15.1,11.8,51,False,2,76.5,99.6,89.8,22.621029577310352,0,60.6,Pleasant,False,False,59.7,53.6,90.0,100.0,1.0,63.0,Pleasant,37.1
06-12-20,7.9,4.1,6.5,3.6,-1.0,0.0,0.0,0.0,22.6,17.6,3,False,2,77.5,100.0,74.8,23.417311125548473,0,60.2,Pleasant,False,False,59.0,34.4,100.0,100.0,1.0,58.4,Average,30.0
07-12-20,4.8,1.0,3.3,0.1,-3.6,2.0,1.8,0.14,21.5,19.1,71,False,2,93.5,92.0,77.0,28.987970022109405,0,67.5,Pleasant,False,False,65.8,20.4,90.0,100.0,1.0,51.0,Average,21.5
08-12-20,4.6,-0.7,1.5,0.6,-5.3,1.4,0.0,0.98,18.2,14.6,73,False,2,97.5,94.4,83.6,14.240150906778565,0,64.8,Pleasant,False,False,62.3,22.4,100.0,100.0,1.0,51.8,Average,19.1
09-12-20,7.2,2.5,4.4,2.6,-1.4,1.2,1.2,0.0,17.7,15.2,51,False,2,88.0,95.2,84.6,53.3982385525086,0,74.9,Pleasant,False,False,74.9,30.4,90.0,100.0,1.0,59.8,Average,35.6
10-12-20,10.8,2.2,5.3,7.1,-1.6,6.0,6.0,0.0,17.2,10.6,61,False,2,83.5,76.0,85.6,40.73668509802826,0,65.9,Pleasant,False,False,65.5,48.4,55.0,100.0,1.0,54.0,Average,24.9
11-12-20,6.2,4.3,5.0,4.6,2.0,17.6,17.6,0.0,6.1,3.8,61,False,2,85.0,29.599999999999994,100.0,0.0,0,46.4,Average,True,False,44.2,38.4,20.0,100.0,1.0,31.4,Poor,4.6
12-12-20,6.9,2.2,4.1,3.8,-0.7,2.0,2.0,0.0,11.7,7.4,51,False,2,89.5,92.0,96.6,43.990462330441524,0,72.7,Pleasant,False,False,72.4,35.2,90.0,100.0,1.0,59.9,Average,34.8
13-12-20,6.1,3.7,4.6,4.0,1.6,1.8,1.8,0.0,6.4,3.9,51,False,2,87.0,92.8,100.0,0.0,0,56.7,Average,False,False,54.4,36.0,90.0,100.0,1.0,51.4,Average,19.4
14-12-20,5.2,4.2,4.6,2.7,1.6,1.6,1.6,0.0,7.6,5.1,51,False,2,87.0,93.6,100.0,0.0,0,56.8,Average,False,False,54.5,30.8,90.0,100.0,1.0,49.3,Average,16.6
15-12-20,4.5,1.8,3.6,2.5,-1.3,0.6,0.6,0.0,8.7,5.7,51,False,2,92.0,97.6,100.0,26.39219197925295,0,68.7,Pleasant,False,False,67.4,30.0,90.0,100.0,1.0,54.3,Average,25.7
16-12-20,6.9,-1.2,1.7,4.2,-4.3,0.0,0.0,0.0,7.2,4.7,3,False,2,98.5,100.0,100.0,93.30415683503792,0,95.1,Excellent,False,True,96.8,36.8,100.0,100.0,1.0,73.4,Pleasant,59.4
17-12-20,5.4,-1.2,1.4,3.3,-4.3,0.0,0.0,0.0,6.0,2.6,3,False,2,97.0,100.0,100.0,72.14570257461253,0,87.1,Nice,False,True,87.8,33.2,100.0,100.0,1.0,67.7,Pleasant,48.8
18-12-20,5.5,-0.7,2.1,3.2,-3.6,0.0,0.0,0.0,5.3,3.5,3,False,2,99.5,100.0,100.0,41.361029407052825,0,77.3,Nice,False,False,76.4,32.8,100.0,100.0,1.0,61.4,Pleasant,36.2
19-12-20,4.2,-0.2,2.1,1.6,-3.2,0.0,0.0,0.0,7.2,3.8,3,False,2,99.5,100.0,100.0,63.2575236706865,0,84.9,Nice,False,False,85.1,26.4,100.0,100.0,1.0,63.2,Pleasant,41.1
20-12-20,5.3,0.6,2.4,1.9,-2.1,0.0,0.0,0.0,9.7,5.3,3,False,2,98.0,100.0,100.0,85.63000728098609,0,92.2,Excellent,False,True,93.6,27.6,100.0,100.0,1.0,68.2,Pleasant,50.8
21-12-20,4.9,-0.6,1.9,2.2,-3.9,0.0,0.0,0.0,7.5,4.8,2,False,2,99.5,100.0,100.0,92.77334726132523,0,95.3,Excellent,False,True,96.9,28.8,100.0,100.0,1.0,70.1,Pleasant,54.4
22-12-20,6.1,-2.0,1.4,2.7,-5.4,0.1,0.1,0.0,8.7,4.9,51,False,2,97.0,99.6,100.0,93.94636049718665,0,94.6,Excellent,False,True,96.5,30.8,90.0,100.0,1.0,68.1,Pleasant,50.5
23-12-20,7.1,2.2,4.4,4.9,-0.3,1.4,1.4,0.0,8.5,4.5,51,False,2,88.0,94.4,100.0,36.07325854234821,0,70.0,Pleasant,False,False,69.4,39.6,90.0,100.0,1.0,60.1,Pleasant,34.4
24-12-20,10.8,4.1,6.2,9.3,1.8,0.3,0.3,0.0,8.1,5.2,51,False,2,79.0,98.8,100.0,48.547119114735956,0,71.4,Pleasant,False,False,71.9,57.2,90.0,100.0,1.0,69.6,Pleasant,48.4
25-12-20,8.2,4.6,6.7,6.6,1.6,10.4,10.4,0.0,9.9,5.7,61,False,2,76.5,58.4,100.0,0.0,0,47.4,Average,True,False,45.5,46.4,40.0,100.0,1.0,40.6,Average,11.1
26-12-20,5.3,1.8,3.5,3.3,-1.3,9.0,8.9,0.07,7.9,6.3,71,False,2,92.5,64.0,100.0,0.0,0,54.6,Average,False,False,52.0,33.2,55.0,100.0,1.0,39.8,Poor,11.0
27-12-20,4.5,0.2,2.1,0.3,-4.4,1.1,1.1,0.0,15.5,10.8,51,False,2,99.5,95.6,89.0,42.81362027218169,0,76.2,Nice,False,False,75.2,21.2,90.0,100.0,1.0,54.0,Average,26.9
28-12-20,10.2,2.6,6.7,7.0,-0.9,5.0,5.0,0.0,25.4,14.0,61,False,2,76.5,80.0,69.2,57.45023194862389,0,68.2,Pleasant,False,False,68.7,48.0,75.0,100.0,1.0,63.2,Pleasant,38.8
29-12-20,10.9,6.4,8.4,8.1,2.4,1.3,1.3,0.0,30.6,14.6,53,False,2,68.0,94.8,58.8,57.3340043578321,0,66.2,Pleasant,False,False,66.8,52.4,90.0,100.0,1.0,69.4,Pleasant,48.9
30-12-20,12.7,5.5,8.3,9.1,1.7,0.2,0.2,0.0,17.0,12.2,51,False,2,68.5,99.2,86.0,83.12499900469625,0,78.3,Nice,False,True,80.7,56.4,90.0,100.0,1.0,76.2,Nice,60.4
31-12-20,11.6,1.9,6.3,8.9,-1.1,1.4,1.4,0.0,14.5,9.1,53,False,2,78.5,94.4,91.0,92.22234519043748,0,85.1,Nice,False,True,87.6,55.6,90.0,100.0,1.0,77.7,Nice,63.2
01-01-21,6.8,0.0,3.3,2.8,-3.2,1.1,1.1,0.0,14.6,7.6,51,False,0,83.5,95.6,90.8,97.86070907529381,0,89.3,Nice,False,True,91.8,31.2,90.0,100.0,1.0,69.1,Pleasant,52.1
02-01-21,8.4,-3.0,1.5,4.4,-6.9,0.0,0.0,0.0,13.1,9.5,3,False,0,92.5,100.0,93.8,97.86865315157132,0,93.8,Excellent,False,True,95.9,37.6,100.0,100.0,1.0,74.6,Pleasant,61.7
03-01-21,7.1,0.8,3.9,3.7,-3.8,3.9,3.9,0.0,14.3,11.9,61,False,0,80.5,84.4,91.4,49.688711657567325,0,69.6,Pleasant,False,False,69.9,34.8,75.0,100.0,1.0,56.4,Average,30.6
04-01-21,6.2,2.0,4.0,3.5,-1.5,6.8,6.8,0.0,12.6,9.3,61,False,0,80.0,72.8,94.8,2.0623663056023473,0,51.2,Average,False,False,49.2,34.0,55.0,100.0,1.0,40.5,Average,11.7
05-01-21,6.2,1.9,4.6,3.9,-0.4,17.7,17.7,0.0,10.0,5.5,63,False,0,77.0,29.200000000000003,100.0,0.5077259842112906,0,43.4,Average,True,False,41.5,35.6,20.0,100.0,1.0,30.3,Poor,4.3
06-01-21,9.1,-1.1,2.7,5.4,-4.4,0.4,0.4,0.0,15.6,8.5,51,False,0,86.5,98.4,88.8,93.02518391128636,0,89.0,Nice,False,True,91.1,41.6,90.0,100.0,1.0,72.2,Pleasant,56.0
07-01-21,6.5,-0.8,2.4,2.2,-4.5,2.3,2.3,0.0,16.6,8.2,53,False,0,88.0,90.8,86.8,77.13422262019199,0,82.8,Nice,False,True,84.0,28.8,90.0,100.0,1.0,63.9,Pleasant,43.3
08-01-21,1.4,-1.3,0.2,-1.3,-4.7,5.3,0.2,3.57,7.3,4.8,73,False,0,99.0,78.8,100.0,0.0,10,59.6,Average,False,False,56.5,14.8,90.0,100.0,1.0,42.9,Average,8.0
09-01-21,2.2,-3.3,-1.0,-0.9,-6.9,0.0,0.0,0.0,6.9,4.2,3,False,0,95.0,100.0,100.0,57.489266116108716,0,81.1,Nice,False,False,81.2,16.4,100.0,100.0,1.0,58.1,Average,32.8
10-01-21,2.4,-3.2,-1.9,-1.3,-6.3,1.2,0.0,0.84,7.1,3.8,73,False,0,90.5,95.2,100.0,51.8978842039492,0,76.6,Nice,False,False,76.7,14.8,100.0,100.0,1.0,56.3,Average,29.6
11-01-21,-0.3,-2.0,-1.5,-3.7,-6.3,6.8,0.0,4.76,14.0,8.4,73,False,0,92.5,72.8,92.0,0.0,10,55.5,Average,False,False,52.5,5.2,100.0,100.0,1.0,42.1,Average,3.1
12-01-21,1.4,-1.5,-0.1,-1.1,-5.0,0.9,0.0,0.63,8.9,5.6,71,False,0,99.5,96.4,100.0,0.006398987043442322,0,62.3,Pleasant,False,False,59.3,15.6,100.0,100.0,1.0,46.2,Average,9.4
13-01-21,1.6,-2.0,-0.5,-2.2,-6.3,1.1,0.0,0.77,22.3,9.7,73,False,0,97.5,95.6,75.4,9.827655058680845,0,62.8,Pleasant,False,False,59.9,11.2,100.0,100.0,1.0,46.4,Average,10.7
14-01-21,2.3,-4.6,-1.7,-1.1,-8.1,3.8,0.0,2.66,15.5,7.2,73,False,0,91.5,84.8,89.0,42.77903775372478,10,71.6,Pleasant,False,False,70.8,15.6,100.0,100.0,1.0,54.8,Average,26.5
15-01-21,0.5,-3.4,-2.1,-4.1,-7.8,0.6,0.0,0.42,14.5,10.4,71,False,0,89.5,97.6,91.0,96.56662526924138,0,91.5,Excellent,False,True,93.7,3.6,100.0,100.0,1.0,60.8,Pleasant,40.8
16-01-21,-3.0,-8.5,-5.3,-6.1,-12.6,2.4,0.0,1.68,13.3,6.9,73,False,0,73.5,90.4,93.4,86.38880350137596,10,80.9,Nice,False,True,83.2,0.0,100.0,100.0,1.0,57.3,Average,34.6
17-01-21,-3.9,-10.4,-6.9,-7.5,-15.0,0.4,0.0,0.28,7.0,3.8,71,False,0,65.5,98.4,100.0,67.27984105392018,0,72.5,Pleasant,False,False,74.6,0.0,100.0,100.0,1.0,53.5,Average,26.9
18-01-21,-3.9,-9.6,-6.5,-9.7,-13.8,0.1,0.0,0.07,18.1,9.5,71,False,0,67.5,99.6,83.8,55.93310176251125,0,68.2,Pleasant,False,False,69.3,0.0,100.0,100.0,1.0,51.2,Average,22.4
19-01-21,-0.9,-9.1,-4.8,-4.8,-13.7,0.0,0.0,0.0,12.2,5.1,3,False,0,76.0,100.0,95.6,66.36874409336508,0,76.3,Nice,False,False,77.7,0.8,100.0,100.0,1.0,53.6,Average,27.0
20-01-21,3.4,-4.0,-0.6,0.2,-7.7,0.1,0.0,0.07,9.4,5.0,71,False,0,97.0,99.6,100.0,0.0,0,61.7,Pleasant,False,False,58.9,20.8,100.0,100.0,1.0,48.3,Average,12.5
21-01-21,10.9,-2.7,2.3,7.2,-6.0,0.0,0.0,0.0,10.2,6.3,3,False,0,88.5,100.0,99.6,96.65136918861135,0,92.2,Excellent,False,True,94.6,48.8,100.0,100.0,1.0,78.9,Nice,67.9
22-01-21,11.8,-1.8,3.9,7.8,-5.6,0.0,0.0,0.0,15.4,10.5,3,False,0,80.5,100.0,89.2,85.68877395946691,0,84.3,Nice,False,True,86.4,51.2,100.0,100.0,1.0,77.6,Nice,65.0
23-01-21,12.5,0.9,6.3,8.6,-3.5,0.0,0.0,0.0,17.2,11.2,3,False,0,68.5,100.0,85.6,86.97956143292548,0,79.7,Nice,False,True,82.3,54.4,100.0,100.0,1.0,79.2,Nice,67.4
24-01-21,11.2,3.0,6.4,8.6,-0.7,0.3,0.3,0.0,18.0,9.6,51,False,0,68.0,98.8,84.0,86.13740651135518,0,78.9,Nice,False,True,81.5,54.4,90.0,100.0,1.0,76.0,Nice,60.4
25-01-21,5.0,0.1,2.9,1.3,-4.4,4.6,4.6,0.0,30.0,17.1,53,False,0,85.5,81.6,60.0,13.548002399251732,0,56.0,Average,False,False,53.6,25.2,75.0,100.0,1.0,45.3,Average,15.4
26-01-21,2.3,-2.0,-0.2,-1.5,-5.5,1.4,0.1,0.91,12.3,6.8,73,False,0,99.0,94.4,95.4,10.609910570521038,0,65.1,Pleasant,False,False,62.6,14.0,90.0,100.0,1.0,44.7,Average,11.4
27-01-21,0.7,-2.5,-1.3,-4.9,-6.8,0.1,0.0,0.07,18.7,12.5,71,False,0,93.5,99.6,82.6,5.58351013689995,0,60.9,Pleasant,False,False,58.2,0.4,100.0,100.0,1.0,41.3,Average,2.5
28-01-21,0.7,-3.6,-1.5,-4.7,-7.3,0.5,0.0,0.35,19.3,12.3,71,False,0,92.5,98.0,81.4,32.932183565684234,0,69.7,Pleasant,False,False,68.4,1.2,100.0,100.0,1.0,47.1,Average,13.9
29-01-21,4.2,-4.1,0.2,1.3,-8.0,0.3,0.0,0.21,8.0,5.4,71,False,0,99.0,98.8,100.0,26.852064561936277,0,71.8,Pleasant,False,False,70.2,25.2,100.0,100.0,1.0,55.5,Average,25.9
30-01-21,8.7,-1.3,3.4,4.3,-5.3,0.3,0.3,0.0,24.3,9.0,51,False,0,83.0,98.8,71.4,92.17005091860598,0,86.0,Nice,False,True,87.9,37.2,90.0,100.0,1.0,70.3,Pleasant,53.3
31-01-21,6.2,1.0,2.7,2.9,-2.9,2.0,2.0,0.0,10.0,6.1,53,False,0,86.5,92.0,100.0,27.110845255723948,0,65.9,Pleasant,False,False,64.9,31.6,90.0,100.0,1.0,55.1,Average,26.8
01-02-21,5.1,0.9,2.1,2.1,-3.0,2.6,2.6,0.0,12.6,8.2,53,False,2,99.5,89.6,94.8,40.76545446968023,0,75.1,Nice,False,False,74.1,28.4,90.0,100.0,1.0,56.5,Average,30.0
02-02-21,9.0,0.6,4.2,6.6,-2.6,0.1,0.1,0.0,10.5,6.1,51,False,2,89.0,99.6,99.0,76.58262789580294,0,85.3,Nice,False,True,86.6,46.4,90.0,100.0,1.0,70.9,Pleasant,52.6
03-02-21,10.3,0.7,4.2,7.8,-2.2,0.0,0.0,0.0,8.9,5.6,3,False,2,89.0,100.0,100.0,71.26862104833879,0,83.5,Nice,False,True,84.7,51.2,100.0,100.0,1.0,74.7,Pleasant,59.2
04-02-21,12.8,1.7,7.6,9.8,-1.2,1.4,1.4,0.0,21.9,13.0,53,False,2,72.0,94.4,76.2,50.85535536197682,0,66.9,Pleasant,False,False,67.3,59.2,90.0,100.0,1.0,70.9,Pleasant,50.3
05-02-21,11.9,-0.4,6.4,9.1,-3.8,0.0,0.0,0.0,17.6,7.4,3,False,2,78.0,100.0,84.8,60.51228693581747,0,74.2,Pleasant,False,False,75.0,56.4,100.0,100.0,1.0,74.7,Pleasant,58.0
06-02-21,13.6,3.4,8.0,11.1,0.3,0.0,0.0,0.0,13.2,5.9,3,False,2,70.0,100.0,93.6,69.94359866135693,0,75.0,Nice,False,False,76.8,64.4,100.0,100.0,1.0,79.7,Nice,66.6
07-02-21,12.6,4.1,8.1,9.0,0.7,0.0,0.0,0.0,17.0,12.1,3,False,2,69.5,100.0,86.0,62.61923960800004,0,71.6,Pleasant,False,False,73.0,56.0,100.0,100.0,1.0,74.9,Pleasant,58.6
08-02-21,11.2,6.8,8.8,6.9,3.5,3.1,3.1,0.0,25.6,13.5,53,False,2,66.0,87.6,68.8,8.198961253565031,0,47.9,Average,False,False,46.4,47.6,75.0,100.0,1.0,53.2,Average,23.9
09-02-21,14.0,3.1,8.1,9.4,1.0,3.7,3.7,0.0,18.9,9.7,61,False,2,69.5,85.2,82.2,89.03965782389275,0,78.3,Nice,False,True,80.9,57.6,75.0,100.0,1.0,73.3,Pleasant,52.6
10-02-21,11.8,3.7,8.3,9.7,1.3,0.5,0.5,0.0,12.7,6.9,51,False,2,68.5,98.0,94.6,44.89402096771812,0,65.4,Pleasant,False,False,66.1,58.8,90.0,100.0,1.0,69.5,Pleasant,47.9
11-02-21,10.9,-3.0,5.3,9.4,-9.2,5.9,5.5,0.28,30.0,14.2,71,False,2,83.5,76.4,60.0,12.837496710187002,0,54.2,Average,False,False,51.8,57.6,75.0,100.0,1.0,58.1,Average,29.8
12-02-21,-3.2,-9.2,-6.4,-9.6,-15.4,0.2,0.0,0.14,29.1,21.3,71,False,2,58.0,99.2,61.8,55.96613254460948,0,62.6,Pleasant,False,False,63.7,0.0,100.0,95.7,1.0,50.8,Average,21.4
13-02-21,-4.3,-9.5,-7.6,-10.3,-15.5,0.0,0.0,0.0,17.3,12.7,3,False,2,52.0,100.0,85.4,93.22976584914589,0,75.3,Nice,False,True,79.0,0.0,100.0,100.0,1.0,58.6,Average,37.3
14-02-21,-1.6,-8.4,-5.1,-6.3,-12.5,0.2,0.0,0.14,9.6,5.4,71,False,2,64.5,99.2,100.0,88.72109112154672,0,79.7,Nice,False,True,82.9,0.0,100.0,100.0,1.0,57.7,Average,35.5
15-02-21,-0.7,-4.2,-2.6,-6.2,-9.0,0.7,0.0,0.49,16.6,12.4,71,False,2,77.0,97.2,86.8,29.533426451555027,0,62.7,Pleasant,False,False,62.0,0.0,100.0,100.0,1.0,45.9,Average,11.8
16-02-21,0.5,-6.4,-3.6,-3.3,-10.7,0.0,0.0,0.0,14.1,6.5,3,False,2,72.0,100.0,91.8,96.57318306380432,0,84.9,Nice,False,True,88.0,6.8,100.0,100.0,1.0,62.0,Pleasant,42.7
17-02-21,2.4,-6.7,-2.5,-1.4,-10.9,0.9,0.0,0.63,6.5,4.1,73,False,2,77.5,96.4,100.0,38.50990722651602,0,66.9,Pleasant,False,False,67.0,14.4,100.0,100.0,1.0,53.5,Average,24.0
18-02-21,1.4,-1.9,-0.2,-1.3,-4.8,6.6,0.1,4.55,5.5,3.0,73,False,2,89.0,73.6,100.0,0.0,10,54.8,Average,False,False,52.2,14.8,90.0,100.0,1.0,42.9,Average,8.0
19-02-21,6.7,-2.0,1.2,4.3,-5.9,0.0,0.0,0.0,8.4,5.3,3,False,2,96.0,100.0,100.0,53.5168775603262,0,80.1,Nice,False,False,80.0,37.2,100.0,100.0,1.0,65.6,Pleasant,43.7
20-02-21,3.6,-1.4,1.2,1.5,-5.0,5.7,1.9,2.66,7.1,3.4,73,False,2,96.0,77.2,100.0,1.1060047406533178,10,58.6,Average,False,False,55.6,26.0,90.0,100.0,1.0,47.6,Average,14.4
21-02-21,7.7,-2.3,2.2,5.5,-5.7,0.0,0.0,0.0,6.8,3.4,3,False,2,99.0,100.0,100.0,87.08188454949037,0,93.1,Excellent,False,True,94.5,42.0,100.0,100.0,1.0,74.2,Pleasant,60.0
22-02-21,9.9,-2.7,2.6,7.7,-6.2,0.0,0.0,0.0,6.5,3.3,2,False,2,97.0,100.0,100.0,98.50512141500306,0,96.3,Excellent,False,True,98.4,50.8,100.0,100.0,1.0,80.0,Nice,69.9
23-02-21,13.1,-0.5,4.8,10.8,-4.7,0.0,0.0,0.0,9.5,6.1,0,False,2,86.0,100.0,100.0,98.51530966497496,0,91.9,Excellent,False,True,94.5,63.2,100.0,100.0,1.0,85.0,Nice,77.3
24-02-21,13.4,3.5,6.9,10.8,0.3,0.0,0.0,0.0,7.7,4.3,3,False,2,75.5,100.0,100.0,98.20419346172123,0,87.6,Nice,False,True,90.7,63.2,100.0,100.0,1.0,84.9,Nice,77.2
25-02-21,14.9,3.0,7.8,13.8,-0.1,0.0,0.0,0.0,7.5,4.2,1,False,2,71.0,100.0,100.0,98.53527795224333,0,85.9,Nice,False,True,89.3,75.2,100.0,100.0,1.0,89.8,Nice,84.5
26-02-21,15.9,1.6,7.8,14.4,-1.9,0.0,0.0,0.0,10.1,5.7,0,False,2,71.0,100.0,99.8,98.41313318669232,0,85.8,Nice,False,True,89.2,77.6,100.0,100.0,1.0,90.7,Excellent,85.9
27-02-21,12.9,2.2,6.1,10.1,-1.5,1.5,1.5,0.0,20.0,7.3,53,False,2,79.5,94.0,80.0,53.93427809112672,0,71.2,Pleasant,False,False,71.5,60.4,90.0,100.0,1.0,71.9,Pleasant,52.0
28-02-21,8.2,-1.6,3.0,3.6,-5.5,0.0,0.0,0.0,15.3,10.1,3,False,2,95.0,100.0,89.4,94.0569237279807,0,93.1,Excellent,False,True,94.8,34.4,100.0,100.0,1.0,72.6,Pleasant,58.3
01-03-21,6.1,-1.1,2.5,3.3,-4.6,3.8,2.3,1.05,14.7,7.4,73,False,8,72.5,84.8,90.6,24.301527256541874,-20,57.1,Average,False,False,56.9,33.2,90.0,100.0,1.0,55.1,Average,26.7
02-03-21,10.3,-1.7,3.9,6.8,-5.5,0.0,0.0,0.0,9.9,5.5,2,False,8,79.5,100.0,100.0,97.60610073977405,0,89.0,Nice,False,True,91.9,47.2,100.0,100.0,1.0,78.4,Nice,67.4
03-03-21,13.9,0.8,5.6,10.9,-2.5,0.0,0.0,0.0,9.0,3.6,0,False,8,88.0,100.0,100.0,97.41096349086129,0,92.3,Excellent,False,True,94.8,63.6,100.0,100.0,1.0,84.9,Nice,77.1
04-03-21,13.5,-2.2,4.8,10.4,-5.5,0.0,0.0,0.0,9.2,3.7,3,False,8,84.0,100.0,100.0,93.47640781144942,0,89.3,Nice,False,True,91.8,61.6,100.0,100.0,1.0,83.3,Nice,74.4
05-03-21,10.8,-2.1,4.6,7.8,-5.3,0.0,0.0,0.0,17.3,5.9,3,False,8,83.0,100.0,85.4,73.8814818441053,0,80.9,Nice,False,True,82.1,51.2,100.0,100.0,1.0,75.3,Nice,60.3
06-03-21,4.2,-2.6,1.2,1.1,-6.4,3.6,0.1,2.45,14.8,10.4,73,False,8,66.0,85.6,90.4,45.331992765415876,-20,61.9,Pleasant,False,False,63.1,24.4,90.0,100.0,1.0,55.8,Average,29.5
07-03-21,5.4,-5.7,-1.3,1.4,-9.3,0.0,0.0,0.0,8.6,3.9,3,False,8,53.5,100.0,100.0,96.02430287811025,0,78.0,Nice,False,True,82.1,25.6,100.0,100.0,1.0,69.4,Pleasant,53.8
08-03-21,7.7,-5.6,0.6,3.1,-9.3,0.0,0.0,0.0,13.2,6.3,3,False,8,63.0,100.0,93.6,95.58016557091408,0,81.1,Nice,False,True,84.6,32.4,100.0,100.0,1.0,72.1,Pleasant,57.7
09-03-21,6.4,-3.8,1.4,3.4,-8.0,0.0,0.0,0.0,13.2,7.5,3,False,8,67.0,100.0,93.6,60.656476591818794,0,70.5,Pleasant,False,False,72.1,33.6,100.0,100.0,1.0,65.6,Pleasant,44.4
10-03-21,1.8,0.2,1.0,-0.8,-3.4,5.9,0.5,3.85,11.8,6.7,73,False,8,65.0,76.4,96.4,0.0,-20,44.8,Average,False,False,43.8,16.8,90.0,100.0,1.0,43.7,Average,9.1
11-03-21,6.1,-2.0,1.5,3.3,-5.6,1.1,0.0,0.77,14.8,7.8,73,False,8,67.5,95.6,90.4,94.27038412562909,-20,81.2,Nice,False,True,84.7,33.2,100.0,100.0,1.0,72.1,Pleasant,57.6
12-03-21,10.0,0.4,4.1,6.2,-4.4,0.1,0.0,0.14,23.3,11.7,71,False,8,80.5,99.6,73.4,36.14067755402645,-20,65.3,Pleasant,False,False,64.9,44.8,100.0,100.0,1.0,65.1,Pleasant,41.3
13-03-21,9.3,0.5,4.0,6.5,-2.6,2.6,2.6,0.0,9.6,5.4,53,False,8,80.0,89.6,100.0,67.93218669463208,0,77.2,Nice,False,False,78.6,46.0,90.0,100.0,1.0,69.0,Pleasant,49.3
14-03-21,15.5,-0.8,5.9,13.1,-4.7,0.0,0.0,0.0,10.1,7.2,3,False,8,89.5,100.0,99.8,89.38873941636294,0,90.1,Excellent,False,True,92.1,72.4,100.0,100.0,1.0,86.8,Nice,79.2
15-03-21,10.3,1.0,5.0,7.9,-2.3,10.0,10.0,0.0,15.6,8.0,55,False,8,85.0,60.0,88.8,7.622218856663665,0,52.8,Average,True,False,50.7,51.6,40.0,100.0,1.0,44.2,Average,13.6
16-03-21,5.1,1.6,3.0,1.6,-2.2,16.6,14.6,1.4,17.6,14.8,73,False,8,75.0,33.599999999999994,84.8,0.0,-20,41.4,Average,True,False,39.8,26.4,20.0,100.0,1.0,26.6,Poor,3.2
17-03-21,2.5,1.2,1.8,-1.6,-3.0,14.9,6.3,6.02,19.9,15.0,73,False,8,69.0,40.4,80.2,0.0,-20,39.7,Poor,True,False,38.2,13.6,55.0,100.0,1.0,31.9,Poor,4.5
18-03-21,4.3,0.8,1.7,1.3,-3.3,5.3,2.0,2.31,13.9,7.7,73,False,8,68.5,78.8,92.2,7.2517223794518815,-20,48.7,Average,False,False,47.9,25.2,90.0,100.0,1.0,48.5,Average,16.2
19-03-21,3.1,-1.8,0.7,-1.6,-5.6,8.4,0.5,5.53,19.4,8.0,73,False,8,63.5,66.4,81.2,28.19384796654618,-20,51.3,Average,False,False,51.6,13.6,90.0,100.0,1.0,48.1,Average,17.5
20-03-21,5.0,-6.4,-0.3,2.0,-9.9,0.0,0.0,0.0,7.3,3.8,3,False,8,58.5,100.0,100.0,90.74851501254403,0,78.2,Nice,False,True,81.8,28.0,100.0,100.0,1.0,69.3,Pleasant,53.1
21-03-21,6.4,-4.3,1.2,2.4,-8.1,0.0,0.0,0.0,10.8,6.5,3,False,8,66.0,100.0,98.4,70.40230976539569,0,73.9,Pleasant,False,True,76.1,29.6,100.0,100.0,1.0,65.9,Pleasant,45.9
22-03-21,4.2,-0.2,1.7,1.5,-3.5,2.8,1.2,1.12,11.5,4.5,73,False,8,68.5,88.8,97.0,16.990465485474058,-20,54.0,Average,False,False,53.8,26.0,90.0,100.0,1.0,50.8,Average,20.2
23-03-21,4.9,-1.1,1.8,0.6,-5.8,3.3,0.0,2.31,17.1,11.9,73,False,8,69.0,86.8,85.8,61.1894323180332,-20,68.5,Pleasant,False,False,70.2,22.4,100.0,100.0,1.0,61.2,Pleasant,37.9
24-03-21,3.2,-3.3,0.5,-2.2,-7.7,1.1,0.0,0.77,16.7,11.9,73,False,8,62.5,95.6,86.6,83.20257449213909,-20,75.0,Nice,False,True,78.2,11.2,100.0,100.0,1.0,61.1,Pleasant,40.0
25-03-21,6.7,-4.8,1.0,2.3,-8.5,0.0,0.0,0.0,11.9,6.3,3,False,8,65.0,100.0,96.2,82.03136400458114,0,77.4,Nice,False,True,80.2,29.2,100.0,100.0,1.0,68.1,Pleasant,50.3
26-03-21,10.1,-2.8,2.7,7.2,-6.9,0.0,0.0,0.0,9.7,5.5,1,False,8,73.5,100.0,100.0,95.25751362791752,0,85.7,Nice,False,True,88.8,48.8,100.0,100.0,1.0,78.6,Nice,67.4
27-03-21,13.7,-1.4,4.9,11.8,-4.8,0.0,0.0,0.0,9.9,3.7,3,False,8,84.5,100.0,100.0,96.10044647604732,0,90.4,Excellent,False,True,93.0,67.2,100.0,100.0,1.0,86.1,Nice,78.8
28-03-21,13.5,0.7,6.3,9.0,-2.2,0.8,0.8,0.0,24.1,9.3,51,False,8,91.5,96.8,71.8,79.8644491528789,0,84.8,Nice,False,True,85.7,56.0,90.0,100.0,1.0,75.4,Nice,59.0
29-03-21,11.5,0.3,4.9,7.4,-3.7,0.0,0.0,0.0,17.7,5.6,3,False,8,84.5,100.0,84.6,64.69722783348767,0,78.2,Nice,False,False,78.9,49.6,100.0,100.0,1.0,72.8,Pleasant,55.6
30-03-21,13.4,-0.2,6.0,11.5,-3.6,0.0,0.0,0.0,9.9,4.1,3,False,8,90.0,100.0,100.0,97.24599237580604,0,93.0,Excellent,False,True,95.4,66.0,100.0,100.0,1.0,85.8,Nice,78.5
31-03-21,14.8,0.6,7.7,13.1,-2.8,0.0,0.0,0.0,6.9,4.2,3,False,8,98.5,100.0,100.0,93.69190411901663,0,95.2,Excellent,False,True,97.0,72.4,100.0,100.0,1.0,87.7,Nice,80.9
01-04-21,17.3,5.5,10.6,16.0,2.9,0.0,0.0,0.0,7.9,3.9,3,False,15,78.0,100.0,100.0,97.4022240802748,0,88.3,Nice,False,True,91.3,84.0,100.0,100.0,1.0,93.1,Excellent,89.4
02-04-21,16.1,5.3,10.1,13.7,2.7,17.3,17.3,0.0,27.8,7.7,63,False,15,75.5,30.799999999999997,64.4,76.76544711538979,0,66.8,Pleasant,True,True,68.2,74.8,20.0,100.0,1.0,61.3,Pleasant,15.1
03-04-21,10.5,3.4,6.6,8.7,0.8,7.2,7.2,0.0,17.1,7.0,55,False,15,58.0,71.2,85.8,28.189832579764772,0,50.6,Average,False,False,50.8,54.8,55.0,100.0,1.0,54.1,Average,24.3
04-04-21,8.1,1.3,4.6,5.7,-1.6,2.7,2.7,0.0,7.6,4.5,53,False,15,48.0,89.2,100.0,88.9083772965241,0,71.7,Pleasant,False,True,75.7,42.8,90.0,100.0,1.0,71.9,Pleasant,55.1
05-04-21,10.1,1.4,5.0,6.9,-2.5,1.1,1.1,0.0,12.1,6.3,51,False,15,50.0,95.6,95.8,84.87539680998592,0,71.7,Pleasant,False,True,75.4,47.6,90.0,100.0,1.0,73.0,Pleasant,56.3
06-04-21,15.0,-0.2,5.7,12.9,-4.2,1.1,0.8,0.21,22.3,11.9,71,False,15,53.5,95.6,75.4,76.00794866476713,-20,68.0,Pleasant,False,True,71.0,71.6,90.0,100.0,1.0,80.8,Nice,66.0
07-04-21,5.5,-1.4,1.7,1.4,-5.4,7.1,0.2,4.83,15.3,9.3,75,False,15,33.5,71.6,89.4,63.40070439183505,-20,53.1,Average,False,False,56.8,25.6,90.0,100.0,1.0,59.9,Average,36.6
08-04-21,6.1,-4.9,1.0,1.2,-8.7,0.7,0.1,0.42,21.9,12.0,73,False,15,30.0,97.2,76.2,98.15103671535995,-20,66.6,Pleasant,False,True,72.0,24.8,90.0,100.0,1.0,66.6,Pleasant,48.7
09-04-21,8.9,-1.8,3.3,6.1,-5.9,0.1,0.0,0.07,10.1,5.0,71,False,15,41.5,99.6,99.8,89.73731629429192,-20,70.5,Pleasant,False,True,75.3,44.4,100.0,100.0,1.0,75.7,Nice,62.5
10-04-21,13.6,-1.8,5.0,10.9,-5.3,0.0,0.0,0.0,8.5,4.8,3,False,15,50.0,100.0,100.0,97.69359335437049,0,77.2,Nice,False,True,81.6,63.6,100.0,100.0,1.0,85.0,Nice,77.2
11-04-21,17.3,0.2,8.2,14.2,-3.1,0.0,0.0,0.0,18.9,9.8,3,False,15,66.0,100.0,82.2,97.46959485775389,0,82.1,Nice,False,True,85.3,76.8,100.0,100.0,1.0,90.2,Excellent,85.1
12-04-21,19.6,3.8,11.0,18.6,-0.2,0.0,0.0,0.0,13.0,7.1,3,False,15,80.0,100.0,94.0,89.05299124730561,0,85.7,Nice,False,True,88.0,94.4,100.0,100.0,1.0,95.6,Excellent,92.3
13-04-21,17.1,5.2,10.9,14.8,2.1,1.4,1.4,0.0,13.0,7.6,53,False,15,79.5,94.4,94.0,34.19054405140868,0,65.4,Pleasant,False,False,65.1,79.2,90.0,100.0,1.0,75.5,Nice,55.1
14-04-21,8.9,2.8,4.7,7.8,-1.0,19.0,19.0,0.0,18.0,12.9,61,False,15,48.5,24.0,84.0,0.0,0,29.7,Poor,True,False,29.0,51.2,20.0,100.0,1.0,36.5,Poor,6.1
15-04-21,6.5,1.4,3.8,3.5,-1.5,0.8,0.8,0.0,15.3,8.9,51,False,15,44.0,96.8,89.4,62.36795196970791,0,61.1,Pleasant,False,False,63.8,34.0,90.0,100.0,1.0,63.1,Pleasant,40.8
16-04-21,8.7,-0.2,3.7,4.6,-3.6,0.1,0.1,0.0,19.7,11.8,51,False,15,43.5,99.6,80.6,95.61450194140342,0,72.3,Pleasant,False,True,76.5,38.4,90.0,100.0,1.0,71.5,Pleasant,55.2
17-04-21,12.0,-2.3,5.1,10.2,-5.6,0.0,0.0,0.0,10.9,6.0,3,False,15,50.5,100.0,98.2,74.70239524907123,0,69.2,Pleasant,False,True,72.4,60.8,100.0,100.0,1.0,79.3,Nice,66.4
18-04-21,8.1,4.2,5.8,5.2,1.1,2.0,2.0,0.0,12.5,8.5,53,False,15,54.0,92.0,95.0,14.555119625647386,0,48.1,Average,False,False,48.0,40.8,90.0,100.0,1.0,56.2,Average,27.3
19-04-21,11.2,5.2,7.6,8.9,3.0,0.7,0.7,0.0,6.0,3.1,53,False,15,63.0,97.2,100.0,33.60224271434064,0,59.5,Average,False,False,60.1,55.6,90.0,100.0,1.0,66.0,Pleasant,42.1
20-04-21,11.7,5.7,7.7,8.8,3.2,8.1,8.1,0.0,14.8,8.1,53,False,15,63.5,67.6,90.4,39.98117587371125,0,56.8,Average,False,False,57.4,55.2,55.0,100.0,1.0,56.6,Average,27.0
21-04-21,13.2,2.7,7.7,12.3,0.4,2.2,2.2,0.0,12.5,4.9,61,False,15,63.5,91.2,95.0,93.88104228819394,0,79.5,Nice,False,True,83.0,69.2,90.0,100.0,1.0,83.5,Nice,71.2
22-04-21,16.5,0.8,8.5,15.9,-2.0,0.3,0.3,0.0,10.2,3.4,51,False,15,67.5,98.8,99.6,84.95412150874336,0,79.5,Nice,False,True,82.4,83.6,90.0,100.0,1.0,87.4,Nice,75.7
23-04-21,13.1,3.1,8.4,8.8,0.3,0.7,0.7,0.0,26.3,10.3,51,False,15,67.0,97.2,67.4,81.11569305594696,0,75.2,Nice,False,True,77.2,55.2,90.0,100.0,1.0,75.3,Nice,59.0
24-04-21,14.2,0.6,8.4,11.9,-2.3,0.0,0.0,0.0,10.8,6.0,3,False,15,67.0,100.0,98.4,93.64279251539413,0,82.4,Nice,False,True,85.7,67.6,100.0,100.0,1.0,85.8,Nice,78.0
25-04-21,15.1,2.7,9.1,13.2,0.0,0.0,0.0,0.0,9.8,6.1,3,False,15,70.5,100.0,100.0,93.22195427471638,0,83.8,Nice,False,True,87.0,72.8,100.0,100.0,1.0,87.8,Nice,81.0
26-04-21,14.1,3.7,9.1,12.2,0.5,0.1,0.1,0.0,12.6,7.4,51,False,15,70.5,99.6,94.8,82.61343142894701,0,79.6,Nice,False,True,82.1,68.8,90.0,100.0,1.0,81.0,Nice,66.9
27-04-21,9.9,5.8,7.7,8.3,3.1,2.2,2.2,0.0,9.0,4.4,51,False,15,63.5,91.2,100.0,17.68215897825059,0,53.3,Average,False,False,53.0,53.2,90.0,100.0,1.0,61.8,Pleasant,35.1
28-04-21,14.6,5.0,8.9,11.9,1.2,2.1,2.1,0.0,20.1,16.2,51,False,15,69.5,91.6,79.8,63.414035522428904,0,70.1,Pleasant,False,False,71.4,67.6,90.0,100.0,1.0,76.7,Nice,59.3
29-04-21,18.9,8.3,13.1,19.1,6.0,0.0,0.0,0.0,13.9,8.5,3,False,15,90.5,100.0,92.2,86.04908234663499,0,88.7,Nice,False,True,90.3,96.4,100.0,100.0,1.0,95.8,Excellent,92.3
30-04-21,21.2,8.3,14.2,20.8,6.0,0.0,0.0,0.0,12.4,7.6,3,False,15,96.0,100.0,95.2,87.33334512749259,0,91.6,Excellent,False,True,93.1,100.0,100.0,100.0,1.0,97.5,Excellent,94.9
01-05-21,24.9,9.5,16.5,23.3,7.6,0.1,0.1,0.0,15.3,8.7,51,False,20,82.5,99.6,89.4,49.844336239922356,0,72.5,Pleasant,False,False,72.7,100.0,90.0,100.0,1.0,87.0,Nice,71.9
02-05-21,24.1,14.4,19.0,23.3,14.2,0.7,0.7,0.0,18.8,9.5,51,False,20,95.0,97.2,82.4,90.38874111660225,0,90.8,Excellent,False,True,92.2,100.0,90.0,100.0,1.0,95.1,Excellent,86.5
03-05-21,15.8,9.8,13.5,14.2,5.6,1.2,1.2,0.0,27.7,17.3,53,False,20,67.5,95.2,64.6,90.09926513268177,0,78.0,Nice,False,True,80.4,76.8,90.0,100.0,1.0,85.7,Nice,73.9
04-05-21,16.3,4.0,10.6,14.7,0.7,0.0,0.0,0.0,13.4,5.6,0,False,20,53.0,100.0,93.2,95.11525438756587,0,76.9,Nice,False,True,80.9,78.8,100.0,100.0,1.0,90.5,Excellent,85.3
05-05-21,20.4,5.5,13.3,18.6,2.5,0.7,0.7,0.0,12.4,7.2,53,False,20,66.5,97.2,95.2,61.22072823558222,0,70.2,Pleasant,False,False,71.9,94.4,90.0,100.0,1.0,87.0,Nice,73.0
06-05-21,16.0,9.9,12.8,14.0,7.3,0.3,0.3,0.0,18.7,11.6,51,False,20,64.0,98.8,82.6,87.33728693233294,0,77.6,Nice,False,True,80.4,76.0,90.0,100.0,1.0,84.9,Nice,72.5
07-05-21,19.3,6.8,13.4,17.7,4.2,2.7,2.7,0.0,14.9,7.8,55,False,20,67.0,89.2,90.2,61.04260388157204,0,68.8,Pleasant,False,False,70.3,90.8,90.0,100.0,1.0,85.5,Nice,71.0
08-05-21,14.0,7.1,10.4,11.5,4.2,8.7,8.7,0.0,21.7,11.2,61,False,20,52.0,65.2,76.6,79.68689116277659,0,64.6,Pleasant,False,True,67.5,66.0,55.0,100.0,1.0,68.8,Pleasant,39.3
09-05-21,17.3,2.3,10.8,16.1,-0.3,0.0,0.0,0.0,10.3,5.9,1,False,20,54.0,100.0,99.4,95.4624639307137,0,78.0,Nice,False,True,82.0,84.4,100.0,100.0,1.0,92.9,Excellent,88.8
10-05-21,23.0,6.2,14.6,21.7,3.6,0.0,0.0,0.0,19.9,11.9,1,False,20,73.0,100.0,80.2,95.95232636883152,0,84.2,Nice,False,True,87.0,100.0,100.0,100.0,1.0,99.2,Excellent,98.4
11-05-21,24.3,7.4,16.3,23.8,5.1,0.0,0.0,0.0,17.2,11.9,0,False,20,81.5,100.0,85.6,95.76497549438918,0,88.0,Nice,False,True,90.4,100.0,100.0,100.0,1.0,99.2,Excellent,98.3
12-05-21,23.9,11.8,17.8,22.1,9.2,0.0,0.0,0.0,19.9,14.7,3,False,20,89.0,100.0,80.2,94.39713670093309,0,90.1,Excellent,False,True,91.9,100.0,100.0,100.0,1.0,98.9,Excellent,97.8
13-05-21,18.2,12.1,14.8,17.7,11.4,9.3,9.3,0.0,16.6,7.0,63,False,20,74.0,62.8,86.8,51.39954223586483,0,64.0,Pleasant,False,False,64.6,90.8,40.0,100.0,1.0,68.6,Pleasant,30.0
14-05-21,17.2,9.8,13.3,15.2,9.1,2.9,2.9,0.0,17.6,6.4,53,False,20,66.5,88.4,84.8,58.83875454849726,0,67.2,Pleasant,False,False,68.6,80.8,90.0,100.0,1.0,81.1,Nice,64.8
15-05-21,19.8,6.9,13.7,19.3,5.8,0.0,0.0,0.0,9.4,4.2,3,False,20,68.5,100.0,100.0,92.70302684063641,0,82.8,Nice,False,True,86.1,97.2,100.0,100.0,1.0,97.4,Excellent,95.4
16-05-21,17.4,8.8,13.0,17.0,7.4,2.9,2.9,0.0,16.3,6.7,61,False,20,65.0,88.4,87.4,52.287805979199284,0,64.6,Pleasant,False,False,65.7,88.0,90.0,100.0,1.0,82.7,Nice,66.3
17-05-21,19.5,9.2,14.1,19.9,7.7,0.6,0.6,0.0,9.7,4.8,51,False,20,70.5,97.6,100.0,64.9729510714114,0,73.6,Pleasant,False,False,75.3,99.6,90.0,100.0,1.0,89.8,Nice,77.2
18-05-21,13.0,10.0,11.6,11.5,6.1,3.7,3.7,0.0,33.3,21.4,55,False,20,58.0,85.2,53.400000000000006,39.69891090367884,0,54.1,Average,False,False,54.3,66.0,75.0,95.3,1.0,66.4,Pleasant,39.7
19-05-21,18.3,10.4,14.0,18.1,7.4,0.4,0.4,0.0,19.1,10.1,51,False,20,70.0,98.4,81.8,88.60639850597448,0,80.3,Nice,False,True,82.9,92.4,90.0,100.0,1.0,91.7,Excellent,81.8
20-05-21,14.3,10.3,11.8,12.8,9.2,18.6,18.6,0.0,12.2,6.2,63,False,20,59.0,25.599999999999994,95.6,11.506429806045158,0,39.1,Poor,True,False,38.7,71.2,20.0,100.0,1.0,46.8,Average,9.5
21-05-21,16.7,9.3,12.7,16.6,7.8,5.5,5.5,0.0,11.8,7.6,61,False,20,63.5,78.0,96.4,72.28381070002582,0,70.1,Pleasant,False,True,72.5,86.4,75.0,100.0,1.0,81.5,Nice,60.6
22-05-21,21.9,5.8,14.5,21.2,3.6,0.0,0.0,0.0,11.4,6.1,3,False,20,72.5,100.0,97.2,80.42740560312369,0,79.9,Nice,False,True,82.3,100.0,100.0,100.0,1.0,96.1,Excellent,92.2
23-05-21,24.6,10.9,17.7,23.6,10.0,0.0,0.0,0.0,15.3,7.3,3,False,20,88.5,100.0,89.4,93.0368019649411,0,90.1,Excellent,False,True,92.1,100.0,100.0,100.0,1.0,98.6,Excellent,97.2
24-05-21,20.2,12.8,16.3,20.9,10.9,0.2,0.2,0.0,19.6,10.1,51,False,20,81.5,99.2,80.8,77.87887012733815,0,81.2,Nice,False,True,82.6,100.0,90.0,100.0,1.0,92.6,Excellent,82.0
25-05-21,25.5,14.1,19.4,24.7,12.2,0.1,0.1,0.0,23.4,15.8,51,False,20,97.0,99.6,73.2,73.96156661985725,0,85.5,Nice,False,True,85.8,100.0,90.0,100.0,1.0,91.8,Excellent,80.6
26-05-21,19.6,14.6,16.8,20.3,15.0,16.9,16.9,0.0,11.5,5.1,63,False,20,84.0,32.400000000000006,97.0,63.63854922760777,0,68.5,Pleasant,True,False,69.4,100.0,20.0,100.0,1.0,68.7,Pleasant,17.1
27-05-21,21.7,14.4,17.5,23.5,14.9,6.7,6.7,0.0,17.3,4.3,63,False,20,87.5,73.2,85.4,67.79271082858013,0,76.5,Nice,False,False,77.3,100.0,55.0,100.0,1.0,80.1,Nice,47.9
28-05-21,16.1,13.1,14.6,16.3,12.5,30.6,30.6,0.0,16.7,8.2,63,False,20,73.0,0.0,86.6,0.0,0,36.1,Poor,True,False,34.2,85.2,0.0,100.0,1.0,44.1,Average,0.0
29-05-21,19.6,11.6,15.1,18.7,10.6,2.0,2.0,0.0,14.5,7.1,53,False,20,75.5,92.0,91.0,88.42786078443498,0,82.2,Nice,False,True,84.7,94.8,90.0,100.0,1.0,92.6,Excellent,83.0
30-05-21,15.8,10.8,13.1,14.7,9.3,1.2,1.2,0.0,11.2,7.1,51,False,20,65.5,95.2,97.6,76.26398793027687,0,75.0,Nice,False,True,77.5,78.8,90.0,100.0,1.0,83.8,Nice,70.0
31-05-21,16.4,8.7,12.0,16.7,7.2,1.5,1.5,0.0,9.4,5.3,51,False,20,60.0,94.0,100.0,87.35294366088084,0,76.7,Nice,False,True,80.0,86.8,90.0,100.0,1.0,89.2,Nice,78.3
01-06-21,12.7,10.0,11.2,11.5,8.6,11.8,11.8,0.0,11.8,7.7,61,False,24,36.0,52.8,96.4,0.14082636797886888,0,30.1,Poor,True,False,30.2,66.0,40.0,100.0,1.0,48.4,Average,15.9
02-06-21,15.5,8.4,12.2,13.6,6.7,1.9,1.9,0.0,14.7,7.8,51,False,24,41.0,92.4,90.6,57.27394565306978,0,57.6,Average,False,False,60.2,74.4,90.0,100.0,1.0,78.2,Nice,60.8
03-06-21,17.3,9.0,13.3,16.5,7.4,0.1,0.1,0.0,7.7,4.3,51,False,24,46.5,99.6,100.0,42.801525161933505,0,56.5,Average,False,False,58.3,86.0,90.0,100.0,1.0,80.0,Nice,61.8
04-06-21,20.1,10.3,15.7,19.9,9.3,0.0,0.0,0.0,7.1,4.1,3,False,24,58.5,100.0,100.0,91.824171763773,0,78.5,Nice,False,True,82.2,99.6,100.0,100.0,1.0,98.2,Excellent,96.5
05-06-21,22.4,8.6,16.3,23.1,7.4,0.0,0.0,0.0,11.1,3.9,3,False,24,61.5,100.0,97.8,96.3589005021191,0,81.1,Nice,False,True,84.8,100.0,100.0,100.0,1.0,99.3,Excellent,98.5
06-06-21,21.1,11.0,16.6,21.9,9.9,3.0,3.0,0.0,8.4,5.0,53,False,24,63.00000000000001,88.0,100.0,89.82512972067593,0,77.8,Nice,False,True,81.2,100.0,75.0,100.0,1.0,90.5,Excellent,71.9
07-06-21,23.5,11.9,18.1,25.1,11.3,0.0,0.0,0.0,7.0,3.4,3,False,24,70.5,100.0,100.0,95.27523184844112,0,84.5,Nice,False,True,87.8,100.0,100.0,100.0,1.0,99.1,Excellent,98.1
08-06-21,22.5,12.7,17.9,24.3,12.0,5.0,5.0,0.0,7.6,4.6,63,False,24,69.5,80.0,100.0,96.02736566527315,0,81.4,Nice,False,True,84.7,100.0,75.0,100.0,1.0,91.7,Excellent,73.8
09-06-21,24.4,11.9,18.3,26.1,11.3,0.8,0.8,0.0,11.9,4.8,51,False,24,71.5,96.8,96.2,92.06247127607847,0,83.0,Nice,False,True,86.0,100.0,90.0,100.0,1.0,95.4,Excellent,87.1
10-06-21,23.3,12.7,17.8,24.9,12.4,2.4,2.4,0.0,14.3,4.8,53,False,24,69.0,90.4,91.4,93.54097672238402,0,81.2,Nice,False,True,84.3,100.0,90.0,100.0,1.0,95.7,Excellent,87.7
11-06-21,22.0,12.2,16.8,22.6,11.6,5.3,5.3,0.0,9.7,5.3,61,False,24,64.0,78.8,100.0,85.139539816179,0,75.2,Nice,False,True,78.3,100.0,75.0,100.0,1.0,89.5,Nice,70.5
12-06-21,22.9,12.3,17.3,24.1,11.6,4.4,4.4,0.0,10.0,4.3,63,False,24,66.5,82.4,100.0,94.16676752428424,0,79.9,Nice,False,True,83.3,100.0,75.0,100.0,1.0,91.3,Excellent,73.3
13-06-21,18.2,11.9,15.4,16.7,9.9,11.8,11.8,0.0,27.8,12.3,63,False,24,57.0,52.8,64.4,56.73251620827339,0,55.7,Average,True,False,57.0,86.8,40.0,100.0,1.0,68.1,Pleasant,29.9
14-06-21,14.9,11.6,12.7,13.6,9.3,9.5,9.5,0.0,16.4,11.5,61,False,24,43.5,62.0,87.2,20.991353328503077,0,41.0,Average,False,False,41.6,74.4,40.0,100.0,1.0,56.0,Average,21.2
15-06-21,19.5,10.4,15.0,19.2,9.2,1.4,1.4,0.0,11.0,6.8,51,False,24,55.0,94.4,98.0,39.61156152796412,0,57.9,Average,False,False,59.1,96.8,90.0,100.0,1.0,83.6,Nice,66.5
16-06-21,23.7,14.4,18.5,25.5,14.2,2.4,2.4,0.0,10.1,7.3,61,False,24,72.5,90.4,99.8,85.54409972437284,0,80.5,Nice,False,True,83.1,100.0,90.0,100.0,1.0,94.1,Excellent,84.8
17-06-21,23.8,14.9,18.7,26.6,15.2,5.7,5.7,0.0,13.4,4.4,61,False,24,73.5,77.2,93.2,82.71820505736986,0,77.4,Nice,False,True,79.7,100.0,75.0,100.0,1.0,89.0,Nice,69.8
18-06-21,25.0,15.3,19.5,27.8,16.3,12.2,12.2,0.0,9.5,4.2,63,False,24,77.5,51.2,100.0,52.54824869858391,0,65.1,Pleasant,True,False,65.8,93.8,20.0,100.0,1.0,64.0,Pleasant,15.5
19-06-21,22.1,15.8,18.8,23.9,16.9,15.8,15.8,0.0,10.5,4.5,65,False,24,74.0,36.8,99.0,83.48157001380692,0,72.3,Pleasant,True,True,74.7,100.0,20.0,100.0,1.0,72.7,Pleasant,18.7
20-06-21,24.0,14.8,18.9,27.7,15.5,7.2,7.2,0.0,8.3,3.4,61,False,24,74.5,71.2,100.0,69.00447840478272,0,72.6,Pleasant,False,False,74.4,94.6,55.0,100.0,1.0,78.1,Nice,46.4
21-06-21,25.2,14.9,20.1,28.4,15.4,0.9,0.9,0.0,7.6,4.2,51,False,24,80.5,96.4,100.0,94.59540052052981,0,87.8,Nice,False,True,90.5,89.2,90.0,100.0,1.0,91.6,Excellent,82.2
22-06-21,29.0,15.6,22.5,32.6,16.7,0.2,0.2,0.0,8.7,4.4,51,False,24,92.5,99.2,100.0,92.26847762333138,0,92.2,Excellent,False,True,94.2,56.9,90.0,100.0,1.0,78.2,Nice,64.0
23-06-21,29.1,18.1,23.7,34.0,19.7,2.7,2.7,0.0,12.7,5.0,61,False,24,98.5,89.2,94.6,89.59135893870295,0,91.7,Excellent,False,True,93.2,46.2,90.0,100.0,1.0,73.4,Pleasant,57.2
24-06-21,30.9,19.3,25.0,36.3,20.7,0.9,0.9,0.0,11.5,4.8,53,False,24,95.0,96.4,97.0,95.43730166935747,0,93.6,Excellent,False,True,95.6,28.5,90.0,100.0,1.0,67.5,Pleasant,49.7
25-06-21,31.6,19.5,25.4,36.5,20.9,1.2,1.2,0.0,14.1,5.9,55,False,24,93.0,95.2,91.8,95.21403311758327,0,92.1,Excellent,False,True,94.1,26.9,90.0,100.0,1.0,66.8,Pleasant,48.8
26-06-21,28.6,17.6,21.8,30.6,19.3,2.9,2.9,0.0,11.9,6.5,61,False,24,89.0,88.4,96.2,82.43668258352993,0,85.4,Nice,False,True,87.0,72.3,90.0,100.0,1.0,82.4,Nice,68.7
27-06-21,25.5,16.6,21.3,28.7,17.8,0.4,0.4,0.0,10.1,3.8,51,False,24,86.5,98.4,99.8,95.25226001546491,0,90.7,Excellent,False,True,93.1,86.9,90.0,100.0,1.0,90.8,Excellent,81.2
28-06-21,26.8,15.6,21.6,28.7,16.7,0.0,0.0,0.0,6.4,3.9,3,False,24,88.0,100.0,100.0,95.60207442338229,0,91.7,Excellent,False,True,94.0,86.9,100.0,100.0,1.0,93.9,Excellent,90.4
29-06-21,30.0,15.0,22.9,32.8,15.4,0.0,0.0,0.0,9.0,6.2,2,False,24,94.5,100.0,100.0,95.66182482016906,0,94.3,Excellent,False,True,96.3,55.4,100.0,100.0,1.0,81.3,Nice,71.5
30-06-21,30.9,19.3,25.3,33.2,20.2,2.3,2.3,0.0,15.6,9.8,61,False,24,93.5,90.8,88.8,92.63469097565633,0,90.5,Excellent,False,True,92.3,52.3,90.0,100.0,1.0,76.5,Nice,61.6
01-07-21,27.6,18.3,23.3,30.9,18.6,14.5,14.5,0.0,16.2,7.6,63,False,26,86.5,42.0,87.6,78.95864443489172,0,75.5,Nice,True,True,76.9,70.0,20.0,100.0,1.0,59.8,Average,14.7
02-07-21,22.5,15.6,18.3,23.1,15.6,17.9,17.9,0.0,17.3,7.6,63,False,26,61.5,28.400000000000006,85.4,58.274219295177176,0,56.1,Average,True,False,57.6,100.0,20.0,100.0,1.0,67.7,Pleasant,16.7
03-07-21,19.8,13.1,16.4,19.6,12.8,4.4,4.4,0.0,17.7,7.3,55,False,26,51.99999999999999,82.4,84.6,58.15544237043715,0,60.3,Pleasant,False,False,62.3,98.4,75.0,100.0,1.0,83.5,Nice,61.7
04-07-21,20.9,14.0,17.3,21.2,15.0,2.8,2.8,0.0,13.8,5.4,53,False,26,56.5,88.8,92.4,58.97620234500285,0,64.0,Pleasant,False,False,65.9,100.0,90.0,100.0,1.0,88.8,Nice,75.2
05-07-21,23.8,14.5,19.4,24.7,14.7,2.0,2.0,0.0,7.9,4.7,51,False,26,67.0,92.0,100.0,90.46472115662031,0,80.3,Nice,False,True,83.4,100.0,90.0,100.0,1.0,95.1,Excellent,86.6
06-07-21,26.3,16.0,21.6,28.1,16.2,0.5,0.5,0.0,10.4,7.1,51,False,26,78.0,98.0,99.2,96.28078043061045,0,87.5,Nice,False,True,90.4,91.5,90.0,100.0,1.0,92.9,Excellent,84.1
07-07-21,28.7,18.7,23.6,31.4,19.8,0.1,0.1,0.0,6.5,3.2,51,False,26,88.0,99.6,100.0,96.06545800017531,0,91.8,Excellent,False,True,94.2,66.2,90.0,100.0,1.0,82.7,Nice,70.3
08-07-21,28.0,18.2,23.3,31.1,19.8,0.0,0.0,0.0,11.4,7.5,1,False,26,86.5,100.0,97.2,96.52176664146972,0,91.2,Excellent,False,True,93.6,68.5,100.0,100.0,1.0,86.7,Nice,79.7
09-07-21,29.0,19.5,24.1,29.6,20.5,0.0,0.0,0.0,24.3,14.8,2,False,26,90.5,100.0,71.4,96.65457052615527,0,90.7,Excellent,False,True,92.5,80.0,100.0,100.0,1.0,91.3,Excellent,86.7
10-07-21,29.5,18.5,23.7,31.0,19.6,0.0,0.0,0.0,10.1,6.1,3,False,26,88.5,100.0,99.8,95.18107728968603,0,91.7,Excellent,False,True,94.0,69.2,100.0,100.0,1.0,86.7,Nice,79.6
11-07-21,28.7,16.0,22.6,30.2,17.1,0.0,0.0,0.0,14.7,7.1,3,False,26,83.0,100.0,90.6,96.94405412494257,0,89.4,Nice,False,True,91.9,75.4,100.0,100.0,1.0,89.5,Nice,84.0
12-07-21,29.1,15.3,22.6,31.6,15.7,0.0,0.0,0.0,8.4,4.8,2,False,26,83.0,100.0,100.0,97.10034979501937,0,90.2,Excellent,False,True,92.9,64.6,100.0,100.0,1.0,85.3,Nice,77.6
13-07-21,29.6,16.4,23.2,32.3,17.7,0.0,0.0,0.0,9.0,5.5,1,False,26,86.0,100.0,100.0,97.26405226898122,0,91.4,Excellent,False,True,94.0,59.2,100.0,100.0,1.0,83.1,Nice,74.4
14-07-21,31.2,18.7,25.1,32.4,19.7,0.0,0.0,0.0,23.7,14.7,0,False,26,95.5,100.0,72.6,97.43498785761572,0,93.1,Excellent,False,True,94.7,58.5,100.0,100.0,1.0,82.9,Nice,74.1
15-07-21,31.7,21.4,26.3,35.7,22.5,0.9,0.9,0.0,20.1,11.3,53,False,26,98.5,96.4,79.8,92.56272490520246,0,92.6,Excellent,False,True,93.9,33.1,90.0,100.0,1.0,68.7,Pleasant,51.2
16-07-21,28.8,20.2,24.1,32.0,21.9,1.5,1.5,0.0,16.4,6.7,53,False,26,90.5,94.0,87.2,80.71903769956617,0,85.5,Nice,False,True,86.8,61.5,90.0,100.0,1.0,77.8,Nice,62.3
17-07-21,28.4,17.6,23.5,28.9,19.4,0.1,0.1,0.0,14.8,8.1,51,False,26,87.5,99.6,90.4,96.47281038858479,0,90.9,Excellent,False,True,93.2,85.4,90.0,100.0,1.0,90.4,Excellent,80.8
18-07-21,29.7,18.0,24.3,31.9,18.9,0.0,0.0,0.0,11.6,6.2,2,False,26,91.5,100.0,96.8,97.23147522526617,0,93.4,Excellent,False,True,95.6,62.3,100.0,100.0,1.0,84.4,Nice,76.3
19-07-21,29.5,18.5,23.9,32.0,20.4,0.0,0.0,0.0,6.9,4.6,3,False,26,89.5,100.0,100.0,70.84269792921796,0,83.6,Nice,False,True,84.7,61.5,100.0,100.0,1.0,78.8,Nice,65.3
20-07-21,24.2,18.9,21.4,24.7,20.4,14.9,14.9,0.0,19.5,9.1,63,False,26,77.0,40.4,81.0,81.64928703300814,0,71.9,Pleasant,True,True,73.8,100.0,20.0,100.0,1.0,72.3,Pleasant,18.5
21-07-21,20.3,16.4,18.2,20.4,15.9,14.6,14.6,0.0,15.8,10.2,63,False,26,61.0,41.6,88.4,59.76849050178264,0,58.6,Average,True,False,60.3,100.0,20.0,100.0,1.0,68.0,Pleasant,16.8
22-07-21,22.7,14.4,18.6,22.7,14.7,1.6,1.6,0.0,10.4,7.4,51,False,26,63.00000000000001,93.6,99.2,97.90746664700573,0,81.4,Nice,False,True,85.2,100.0,90.0,100.0,1.0,96.6,Excellent,89.2
23-07-21,23.5,13.4,19.2,24.4,13.5,0.0,0.0,0.0,6.6,3.8,3,False,26,66.0,100.0,100.0,98.05028229031537,0,83.7,Nice,False,True,87.3,100.0,100.0,100.0,1.0,99.6,Excellent,99.2
24-07-21,24.9,15.1,20.1,27.1,15.5,0.0,0.0,0.0,8.3,3.8,1,False,26,70.5,100.0,100.0,98.72890029957976,0,85.8,Nice,False,True,89.2,99.2,100.0,100.0,1.0,99.4,Excellent,99.0
25-07-21,27.7,14.5,21.8,28.5,14.4,0.0,0.0,0.0,16.6,9.7,3,False,26,79.0,100.0,86.8,97.67867129534889,0,87.7,Nice,False,True,90.4,88.5,100.0,100.0,1.0,94.9,Excellent,92.1
26-07-21,30.7,19.8,24.9,33.4,19.5,0.0,0.0,0.0,17.6,11.7,3,False,26,94.5,100.0,84.8,97.1641326806437,0,93.6,Excellent,False,True,95.4,50.8,100.0,100.0,1.0,79.7,Nice,69.3
27-07-21,31.8,19.8,25.4,35.0,20.7,0.0,0.0,0.0,10.6,5.5,3,False,26,97.0,100.0,98.8,94.37749841218933,0,94.7,Excellent,False,True,96.6,38.5,100.0,100.0,1.0,74.3,Pleasant,60.8
28-07-21,31.5,18.0,24.7,34.6,19.2,0.7,0.7,0.0,18.7,6.2,51,False,26,93.5,97.2,82.6,98.6865804835316,0,93.1,Excellent,False,True,95.0,41.5,90.0,100.0,1.0,73.4,Pleasant,58.0
29-07-21,33.0,18.4,25.6,35.2,19.5,0.0,0.0,0.0,20.5,7.8,2,False,26,98.0,100.0,79.0,97.76372352569493,0,94.7,Excellent,False,True,96.3,36.9,100.0,100.0,1.0,74.3,Pleasant,61.3
30-07-21,29.9,19.2,24.4,34.0,21.2,0.0,0.0,0.0,12.1,4.1,2,False,26,92.0,100.0,95.8,96.76860307687242,0,93.3,Excellent,False,True,95.5,46.2,100.0,100.0,1.0,77.8,Nice,66.4
31-07-21,30.4,18.6,24.1,33.6,20.5,5.4,5.4,0.0,8.9,4.5,61,False,26,90.5,78.4,100.0,91.05763261202694,0,87.8,Nice,False,True,89.9,49.2,75.0,100.0,1.0,70.4,Pleasant,49.5
01-08-21,32.7,17.8,25.1,34.2,18.9,0.0,0.0,0.0,12.9,7.4,1,False,25,99.5,100.0,94.2,95.4775817314194,0,95.8,Excellent,False,True,97.4,44.6,100.0,100.0,1.0,76.9,Nice,65.0
02-08-21,28.2,19.5,24.4,31.2,20.6,1.2,1.2,0.0,19.5,9.3,53,False,25,97.0,95.2,81.0,93.15617818853514,0,92.2,Excellent,False,True,93.6,67.7,90.0,100.0,1.0,82.7,Nice,70.1
03-08-21,26.8,17.8,21.7,27.9,19.0,0.0,0.0,0.0,9.7,4.5,3,False,25,83.5,100.0,100.0,92.19304702176686,0,88.7,Nice,False,True,91.1,93.1,100.0,100.0,1.0,95.7,Excellent,92.7
04-08-21,28.1,15.1,21.5,29.7,15.5,0.5,0.5,0.0,9.9,5.3,53,False,25,82.5,98.0,100.0,90.7310799327391,0,87.5,Nice,False,True,89.9,79.2,90.0,100.0,1.0,86.8,Nice,75.4
05-08-21,31.3,15.8,22.3,30.2,16.0,8.5,8.5,0.0,25.6,12.6,63,False,25,86.5,66.0,68.8,83.09724825250609,0,79.1,Nice,False,True,80.3,75.4,55.0,100.0,1.0,73.3,Pleasant,43.2
06-08-21,23.9,15.3,19.8,22.2,15.9,0.8,0.8,0.0,23.8,13.7,53,False,25,74.0,96.8,72.4,92.04953589208715,0,82.1,Nice,False,True,84.5,100.0,90.0,100.0,1.0,95.4,Excellent,87.1
07-08-21,26.0,14.7,20.5,27.3,14.6,0.0,0.0,0.0,11.7,4.5,2,False,25,77.5,100.0,96.6,92.46647164901725,0,86.1,Nice,False,True,88.8,97.7,100.0,100.0,1.0,97.6,Excellent,95.6
08-08-21,30.1,12.6,21.6,31.7,12.2,0.0,0.0,0.0,8.8,5.5,1,False,25,83.0,100.0,100.0,93.567887933104,0,88.9,Nice,False,True,91.5,63.8,100.0,100.0,1.0,84.3,Nice,75.7
09-08-21,30.0,15.9,23.3,33.2,16.1,0.0,0.0,0.0,9.2,5.1,1,False,25,91.5,100.0,100.0,91.98836649920133,0,91.8,Excellent,False,True,93.8,52.3,100.0,100.0,1.0,79.3,Nice,68.2
10-08-21,29.6,17.7,23.4,30.4,18.3,0.0,0.0,0.0,15.7,6.8,1,False,25,92.0,100.0,88.6,91.7234501472737,0,91.0,Excellent,False,True,92.7,73.8,100.0,100.0,1.0,87.9,Nice,81.0
11-08-21,29.2,17.1,23.0,30.8,19.1,0.0,0.0,0.0,14.3,4.5,2,False,25,90.0,100.0,91.4,91.48578579397633,0,90.3,Excellent,False,True,92.2,70.8,100.0,100.0,1.0,86.6,Nice,79.1
12-08-21,26.6,17.0,22.5,27.0,18.0,0.1,0.1,0.0,15.5,6.6,51,False,25,87.5,99.6,89.0,88.76897142405848,0,88.1,Nice,False,True,90.0,100.0,90.0,100.0,1.0,94.8,Excellent,86.0
13-08-21,26.9,14.8,21.1,27.8,15.3,0.0,0.0,0.0,9.9,4.4,3,False,25,80.5,100.0,100.0,92.06649505561096,0,87.4,Nice,False,True,90.0,93.8,100.0,100.0,1.0,96.0,Excellent,93.1
14-08-21,28.8,14.7,21.9,29.3,14.6,0.0,0.0,0.0,9.2,5.3,2,False,25,84.5,100.0,100.0,91.75388415783658,0,88.9,Nice,False,True,91.3,82.3,100.0,100.0,1.0,91.3,Excellent,86.1
15-08-21,30.4,16.5,23.5,32.3,17.3,0.0,0.0,0.0,6.1,3.7,2,False,25,92.5,100.0,100.0,91.9401312582891,0,92.2,Excellent,False,True,94.2,59.2,100.0,100.0,1.0,82.1,Nice,72.3
16-08-21,32.0,16.4,24.6,33.0,16.9,0.0,0.0,0.0,9.6,6.0,2,False,25,98.0,100.0,100.0,92.49869119441914,0,94.6,Excellent,False,True,96.3,53.8,100.0,100.0,1.0,80.0,Nice,69.3
17-08-21,32.1,21.3,26.2,32.4,21.1,0.0,0.0,0.0,22.1,11.2,3,False,25,94.0,100.0,75.8,89.05295326759376,0,89.8,Nice,False,True,91.1,58.5,100.0,100.0,1.0,81.2,Nice,70.7
18-08-21,19.9,16.1,17.8,20.7,16.8,17.9,17.9,0.0,16.2,7.2,61,False,25,64.0,28.400000000000006,87.6,25.49166971131205,0,45.8,Average,True,False,45.6,100.0,20.0,100.0,1.0,61.1,Pleasant,14.0
19-08-21,21.8,12.7,17.4,22.0,12.3,0.2,0.2,0.0,6.4,3.9,51,False,25,61.99999999999999,99.2,100.0,93.20095080901612,0,80.3,Nice,False,True,83.9,100.0,90.0,100.0,1.0,95.6,Excellent,87.6
20-08-21,25.3,11.5,18.3,26.2,10.7,0.0,0.0,0.0,7.6,4.3,3,False,25,66.5,100.0,100.0,93.52983391859426,0,82.3,Nice,False,True,85.7,100.0,100.0,100.0,1.0,98.7,Excellent,97.4
21-08-21,24.3,13.9,19.1,25.3,14.1,0.2,0.2,0.0,7.6,3.9,51,False,25,70.5,99.2,100.0,93.86388893735848,0,83.9,Nice,False,True,87.1,100.0,90.0,100.0,1.0,95.8,Excellent,87.8
22-08-21,25.2,15.7,20.0,26.9,15.8,0.0,0.0,0.0,11.8,4.8,2,False,25,75.0,100.0,96.4,94.20291751266457,0,85.7,Nice,False,True,88.6,100.0,100.0,100.0,1.0,98.8,Excellent,97.7
23-08-21,27.9,15.7,21.9,26.8,16.3,0.0,0.0,0.0,15.3,9.7,2,False,25,84.5,100.0,89.4,94.54675336954124,0,89.0,Nice,False,True,91.3,100.0,100.0,100.0,1.0,98.9,Excellent,97.8
24-08-21,24.5,18.2,21.6,24.4,18.6,1.9,1.9,0.0,17.4,10.7,55,False,25,83.0,92.4,85.2,81.11245523401594,0,82.3,Nice,False,True,83.9,100.0,90.0,100.0,1.0,93.2,Excellent,83.2
25-08-21,20.8,15.4,17.6,22.0,15.5,8.2,8.2,0.0,14.4,6.8,61,False,25,63.00000000000001,67.2,91.2,16.70328355268527,0,48.4,Average,False,False,47.9,100.0,55.0,100.0,1.0,69.8,Pleasant,36.7
26-08-21,21.1,12.8,16.8,20.9,12.3,0.2,0.2,0.0,8.6,5.1,51,False,25,59.0,99.2,100.0,95.60504819168567,0,79.9,Nice,False,True,83.8,100.0,90.0,100.0,1.0,96.1,Excellent,88.4
27-08-21,23.6,11.8,15.6,22.9,11.1,7.8,7.8,0.0,17.2,7.3,63,False,25,53.0,68.8,85.6,67.61097622992504,0,62.0,Pleasant,False,False,64.5,100.0,55.0,100.0,1.0,80.0,Nice,47.9
28-08-21,18.0,12.3,14.7,18.3,12.5,2.3,2.3,0.0,12.6,4.4,55,False,25,48.5,90.8,94.8,81.40631030341204,0,69.1,Pleasant,False,True,72.6,93.2,90.0,100.0,1.0,90.6,Excellent,79.6
29-08-21,17.2,12.4,14.5,17.0,10.1,26.3,26.3,0.0,18.6,6.9,63,False,25,47.5,0.0,82.8,25.608846451224714,0,34.6,Poor,True,False,35.1,88.0,0.0,100.0,1.0,50.3,Average,0.0
30-08-21,19.5,12.1,15.3,18.5,11.4,0.4,0.4,0.0,17.8,10.9,51,False,25,51.5,98.4,84.4,67.20350652962959,0,65.6,Pleasant,False,False,68.1,94.0,90.0,100.0,1.0,88.0,Nice,75.0
31-08-21,20.4,8.1,14.2,20.1,6.5,0.3,0.3,0.0,12.8,5.3,51,False,25,46.0,98.8,94.4,92.80505358860303,0,73.3,Pleasant,False,True,77.5,100.0,90.0,100.0,1.0,95.6,Excellent,87.4
01-09-21,18.1,8.8,13.8,15.3,7.7,2.2,2.2,0.0,23.5,12.7,53,False,21,64.0,91.2,73.0,61.29050194083231,0,66.6,Pleasant,False,False,67.9,81.2,90.0,100.0,1.0,81.7,Nice,65.9
02-09-21,18.5,12.7,15.1,15.7,11.2,0.6,0.6,0.0,17.7,13.3,51,False,21,70.5,97.6,84.6,75.20432982607964,0,75.9,Nice,False,True,77.9,82.8,90.0,100.0,1.0,85.2,Nice,71.8
03-09-21,19.5,7.5,13.8,17.8,5.9,0.0,0.0,0.0,8.5,5.2,3,False,21,64.0,100.0,100.0,96.48644304418526,0,82.4,Nice,False,True,86.0,91.2,100.0,100.0,1.0,95.8,Excellent,93.3
04-09-21,20.7,8.6,14.9,20.5,7.2,0.0,0.0,0.0,7.9,4.5,3,False,21,69.5,100.0,100.0,97.81476353252614,0,85.0,Nice,False,True,88.5,100.0,100.0,100.0,1.0,99.6,Excellent,99.1
05-09-21,21.6,8.9,16.0,21.4,7.5,0.3,0.3,0.0,11.9,4.2,51,False,21,75.0,98.8,96.2,97.05294849528437,0,86.5,Nice,False,True,89.5,100.0,90.0,100.0,1.0,96.4,Excellent,88.9
06-09-21,21.1,11.4,15.7,21.3,9.1,0.0,0.0,0.0,12.6,7.6,2,False,21,73.5,100.0,94.8,98.1120612953381,0,86.3,Nice,False,True,89.4,100.0,100.0,100.0,1.0,99.6,Excellent,99.2
07-09-21,21.2,10.6,16.1,21.1,8.7,0.0,0.0,0.0,9.8,6.3,2,False,21,75.5,100.0,100.0,95.92813394724823,0,86.8,Nice,False,True,89.8,100.0,100.0,100.0,1.0,99.2,Excellent,98.4
08-09-21,22.1,10.2,16.0,21.5,8.9,0.0,0.0,0.0,9.0,6.4,1,False,21,75.0,100.0,100.0,97.85522886139816,0,87.2,Nice,False,True,90.4,100.0,100.0,100.0,1.0,99.6,Excellent,99.1
09-09-21,22.5,8.1,15.7,21.1,6.3,0.0,0.0,0.0,12.2,9.1,3,False,21,73.5,100.0,95.6,96.37678954905296,0,85.8,Nice,False,True,88.8,100.0,100.0,100.0,1.0,99.3,Excellent,98.6
10-09-21,22.8,9.6,16.3,23.2,7.9,0.0,0.0,0.0,10.1,3.3,3,False,21,76.5,100.0,99.8,93.85742998033467,0,86.4,Nice,False,True,89.3,100.0,100.0,100.0,1.0,98.8,Excellent,97.5
11-09-21,23.6,10.2,16.7,24.1,8.9,0.0,0.0,0.0,4.6,2.8,3,False,21,78.5,100.0,100.0,96.3656785627965,0,88.1,Nice,False,True,91.0,100.0,100.0,100.0,1.0,99.3,Excellent,98.5
12-09-21,24.5,11.1,17.7,25.2,10.1,0.0,0.0,0.0,6.0,3.3,2,False,21,83.5,100.0,100.0,94.57131503469472,0,89.5,Nice,False,True,92.1,100.0,100.0,100.0,1.0,98.9,Excellent,97.8
13-09-21,24.4,12.0,18.2,25.4,11.1,0.0,0.0,0.0,6.1,3.7,3,False,21,86.0,100.0,100.0,95.65818206707853,0,90.9,Excellent,False,True,93.4,100.0,100.0,100.0,1.0,99.1,Excellent,98.3
14-09-21,24.7,11.9,18.2,25.8,11.5,0.3,0.3,0.0,7.0,3.6,51,False,21,86.0,98.8,100.0,94.49055531321464,0,90.3,Excellent,False,True,92.7,100.0,90.0,100.0,1.0,95.9,Excellent,88.0
15-09-21,24.5,13.1,18.1,25.1,13.2,0.2,0.2,0.0,5.8,3.3,51,False,21,85.5,99.2,100.0,94.94645333550451,0,90.3,Excellent,False,True,92.8,100.0,90.0,100.0,1.0,96.0,Excellent,88.2
16-09-21,26.9,11.4,19.1,27.0,10.4,0.0,0.0,0.0,7.6,4.8,3,False,21,90.5,100.0,100.0,94.9706000443949,0,92.4,Excellent,False,True,94.7,100.0,100.0,100.0,1.0,99.0,Excellent,98.0
17-09-21,24.6,15.7,19.7,25.9,16.0,4.1,4.1,0.0,9.9,5.1,63,False,21,93.5,83.6,100.0,82.47968806799378,0,86.8,Nice,False,True,88.3,100.0,75.0,100.0,1.0,89.0,Nice,69.7
18-09-21,19.5,13.6,16.5,18.7,11.2,0.9,0.9,0.0,23.6,15.7,51,False,21,77.5,96.4,72.8,94.26045567001206,0,84.3,Nice,False,True,86.6,94.8,90.0,100.0,1.0,93.8,Excellent,85.1
19-09-21,19.5,9.0,15.0,16.0,7.4,0.1,0.1,0.0,24.3,11.1,51,False,21,70.0,99.6,71.4,95.49442804925565,0,82.1,Nice,False,True,84.8,84.0,90.0,100.0,1.0,89.7,Nice,79.7
20-09-21,14.4,8.6,11.5,14.0,7.3,9.3,9.3,0.0,12.4,5.7,61,False,21,52.5,62.8,95.2,20.308581272168684,0,45.1,Average,False,False,45.4,76.0,40.0,100.0,1.0,56.5,Average,21.5
21-09-21,14.8,7.6,11.1,12.2,6.1,0.1,0.1,0.0,11.7,6.8,51,False,21,50.5,99.6,96.6,79.1060788355693,0,70.6,Pleasant,False,True,73.9,68.8,90.0,100.0,1.0,80.3,Nice,65.6
22-09-21,13.7,6.3,9.8,10.2,4.0,4.5,4.5,0.0,15.4,7.0,61,False,21,44.0,82.0,89.2,41.34280227577527,0,51.5,Average,False,False,53.2,60.8,75.0,100.0,1.0,65.1,Pleasant,39.8
23-09-21,11.7,7.1,9.5,9.8,4.8,0.4,0.4,0.0,16.8,9.9,51,False,21,42.5,98.4,86.4,36.835760880444575,0,51.6,Average,False,False,53.0,59.2,90.0,100.0,1.0,68.0,Pleasant,45.2
24-09-21,18.2,5.3,12.0,14.3,3.0,0.0,0.0,0.0,26.9,11.2,3,False,21,55.0,100.0,66.2,69.79020782762802,0,66.7,Pleasant,False,False,68.8,77.2,100.0,100.0,1.0,84.8,Nice,74.2
25-09-21,19.9,10.6,14.7,19.3,10.1,0.0,0.0,0.0,16.1,4.9,3,False,21,68.5,100.0,87.8,92.45406563385774,0,81.8,Nice,False,True,84.7,97.2,100.0,100.0,1.0,97.4,Excellent,95.3
26-09-21,22.3,8.9,15.5,22.5,7.2,0.0,0.0,0.0,8.2,5.2,0,False,21,72.5,100.0,100.0,96.01593542287536,0,85.6,Nice,False,True,88.8,100.0,100.0,100.0,1.0,99.2,Excellent,98.4
27-09-21,24.4,8.4,16.2,24.4,6.7,0.0,0.0,0.0,8.9,5.4,3,False,21,76.0,100.0,100.0,91.60376945074063,0,85.5,Nice,False,True,88.2,100.0,100.0,100.0,1.0,98.3,Excellent,96.6
28-09-21,18.7,14.2,16.2,19.4,13.5,7.9,7.9,0.0,11.9,6.9,61,False,21,76.0,68.4,96.2,6.785744724092492,0,50.7,Average,False,False,49.2,97.6,55.0,100.0,1.0,66.9,Pleasant,33.7
29-09-21,14.0,11.2,12.6,12.2,9.0,5.2,5.2,0.0,16.8,15.0,53,False,21,58.0,79.2,86.4,6.794730886622147,0,44.4,Average,False,False,43.5,68.8,75.0,100.0,1.0,61.4,Pleasant,33.0
30-09-21,17.8,10.3,13.8,15.5,7.4,0.0,0.0,0.0,15.5,10.2,3,False,21,64.0,100.0,89.0,92.26565285385298,0,80.0,Nice,False,True,83.2,82.0,100.0,100.0,1.0,91.3,Excellent,86.1
01-10-21,16.9,8.1,12.8,15.9,6.4,0.0,0.0,0.0,9.7,5.7,3,False,15,89.0,100.0,100.0,93.80675483903278,0,91.4,Excellent,False,True,93.7,83.6,100.0,100.0,1.0,92.2,Excellent,87.7
02-10-21,18.0,5.7,11.8,15.1,3.1,0.0,0.0,0.0,13.4,9.9,1,False,15,84.0,100.0,93.2,96.3988487036232,0,89.8,Nice,False,True,92.3,80.4,100.0,100.0,1.0,91.4,Excellent,86.8
03-10-21,19.3,4.0,11.5,17.4,1.0,0.0,0.0,0.0,10.9,8.5,1,False,15,82.5,100.0,98.2,95.86910252924557,0,89.4,Nice,False,True,92.0,89.6,100.0,100.0,1.0,95.0,Excellent,92.1
04-10-21,20.5,5.5,12.4,19.3,3.0,0.0,0.0,0.0,11.0,7.2,3,False,15,87.0,100.0,98.0,96.13390475475374,0,91.3,Excellent,False,True,93.7,97.2,100.0,100.0,1.0,98.1,Excellent,96.8
05-10-21,17.9,6.9,12.0,14.0,4.5,0.0,0.0,0.0,26.9,17.1,0,False,15,85.0,100.0,66.2,95.59787067212805,0,87.8,Nice,False,True,89.6,76.0,100.0,100.0,1.0,89.5,Nice,83.8
06-10-21,15.3,8.9,11.9,10.2,4.3,0.0,0.0,0.0,28.4,22.0,3,False,15,84.5,100.0,63.2,91.65485699405492,0,85.9,Nice,False,True,87.6,60.8,100.0,93.3,1.0,82.0,Nice,68.2
07-10-21,14.9,8.9,11.1,11.2,4.7,0.0,0.0,0.0,21.4,16.5,3,False,15,80.5,100.0,77.2,72.32572152784743,0,78.7,Nice,False,True,79.8,64.8,100.0,100.0,1.0,80.4,Nice,67.8
08-10-21,9.1,6.6,7.9,5.1,2.4,0.0,0.0,0.0,16.3,14.0,3,False,15,64.5,100.0,87.4,8.84330422296502,0,50.9,Average,False,False,49.9,40.4,100.0,100.0,1.0,57.9,Average,27.8
09-10-21,10.1,5.1,7.3,6.4,2.2,0.4,0.4,0.0,14.8,9.9,51,False,15,61.5,98.4,90.4,33.85017286836334,0,58.4,Average,False,False,58.9,45.6,90.0,100.0,1.0,62.0,Pleasant,36.8
10-10-21,14.2,4.5,8.3,10.8,0.1,0.3,0.3,0.0,16.0,13.8,51,False,15,66.5,98.8,88.0,77.59268715333667,0,75.6,Nice,False,True,77.9,63.2,90.0,100.0,1.0,77.8,Nice,62.1
11-10-21,14.9,6.3,10.0,11.6,2.0,1.2,1.2,0.0,13.4,9.8,53,False,15,75.0,95.2,93.2,30.491646730561673,0,62.4,Pleasant,False,False,62.0,66.4,90.0,100.0,1.0,69.7,Pleasant,46.8
12-10-21,10.3,7.4,8.8,8.3,5.6,2.8,2.8,0.0,15.9,6.4,53,False,15,69.0,88.8,88.2,0.0,0,48.0,Average,False,False,46.3,53.2,90.0,100.0,1.0,58.3,Average,28.7
13-10-21,10.8,2.4,7.3,8.1,-0.5,0.0,0.0,0.0,8.1,5.6,3,False,15,61.5,100.0,100.0,72.2959978893585,0,72.9,Pleasant,False,True,75.4,52.4,100.0,100.0,1.0,75.4,Nice,60.4
14-10-21,10.1,2.6,6.4,7.7,-0.3,0.4,0.4,0.0,6.3,3.6,51,False,15,57.0,98.4,100.0,43.10802143838759,0,60.6,Pleasant,False,False,62.0,50.8,90.0,100.0,1.0,65.9,Pleasant,43.0
15-10-21,6.8,4.8,5.6,4.5,2.6,1.2,1.2,0.0,9.4,5.8,51,False,15,53.0,95.2,100.0,0.0,0,43.5,Average,False,False,42.8,38.0,90.0,100.0,1.0,52.2,Average,20.5
16-10-21,10.3,5.8,8.2,8.9,4.1,2.4,2.4,0.0,5.4,3.8,51,False,15,66.0,90.4,100.0,0.0,0,48.0,Average,False,False,46.7,55.6,90.0,100.0,1.0,59.2,Average,30.0
17-10-21,11.3,8.3,9.3,10.6,7.0,0.6,0.6,0.0,6.3,3.5,51,False,15,71.5,97.6,100.0,13.573119822222996,0,56.0,Average,False,False,55.1,62.4,90.0,100.0,1.0,64.7,Pleasant,38.6
18-10-21,13.0,4.4,9.1,10.4,2.4,0.1,0.1,0.0,9.9,4.6,51,False,15,70.5,99.6,100.0,71.1839761177582,0,76.1,Nice,False,True,78.1,61.6,90.0,100.0,1.0,75.9,Nice,58.9
19-10-21,13.2,5.8,9.3,11.7,3.6,0.0,0.0,0.0,4.7,2.7,3,False,15,71.5,100.0,100.0,90.82454026511675,0,83.4,Nice,False,True,86.4,66.8,100.0,100.0,1.0,84.9,Nice,76.4
20-10-21,16.3,4.2,9.2,14.6,2.0,0.0,0.0,0.0,11.1,5.3,3,False,15,71.0,100.0,97.8,93.40874186468238,0,83.9,Nice,False,True,87.0,78.4,100.0,100.0,1.0,90.0,Excellent,84.4
21-10-21,18.2,2.7,10.6,17.0,-0.6,0.0,0.0,0.0,8.7,5.2,3,False,15,78.0,100.0,100.0,93.85945381098063,0,87.1,Nice,False,True,89.8,88.0,100.0,100.0,1.0,94.0,Excellent,90.3
22-10-21,18.5,7.5,12.4,16.3,5.6,0.0,0.0,0.0,14.0,5.9,3,False,15,87.0,100.0,92.0,86.06072752518305,0,87.3,Nice,False,True,89.1,85.2,100.0,100.0,1.0,91.3,Excellent,85.5
23-10-21,16.0,7.4,11.0,13.0,3.9,0.4,0.4,0.0,19.1,9.0,51,False,15,80.0,98.4,81.8,86.2702079433901,0,83.5,Nice,False,True,85.4,72.0,90.0,100.0,1.0,83.1,Nice,69.9
24-10-21,11.1,2.2,6.9,7.4,-0.7,0.0,0.0,0.0,11.6,6.5,3,False,15,59.5,100.0,96.8,95.23114185313453,0,79.9,Nice,False,True,83.6,49.6,100.0,100.0,1.0,78.9,Nice,67.9
25-10-21,12.0,-1.1,4.8,8.8,-4.9,0.0,0.0,0.0,9.9,7.1,0,False,15,49.0,100.0,100.0,95.6936272828911,0,76.1,Nice,False,True,80.4,55.2,100.0,100.0,1.0,81.2,Nice,71.4
26-10-21,13.9,-0.7,5.5,10.8,-4.5,0.0,0.0,0.0,10.3,7.6,0,False,15,52.5,100.0,99.4,96.13476555457171,0,77.6,Nice,False,True,81.8,63.2,100.0,100.0,1.0,84.5,Nice,76.4
27-10-21,12.4,2.3,6.2,9.1,-0.5,0.0,0.0,0.0,6.4,3.3,0,False,15,56.0,100.0,100.0,96.37262435587294,0,79.1,Nice,False,True,83.1,56.4,100.0,100.0,1.0,81.8,Nice,72.4
28-10-21,12.3,-1.3,4.5,9.3,-5.1,0.0,0.0,0.0,9.2,5.2,3,False,15,47.5,100.0,100.0,96.60893162575266,0,75.8,Nice,False,True,80.3,57.2,100.0,100.0,1.0,82.2,Nice,73.0
29-10-21,16.7,-1.6,6.3,12.5,-5.8,0.0,0.0,0.0,13.3,10.1,0,False,15,56.5,100.0,93.4,96.84343400126717,0,79.0,Nice,False,True,82.9,70.0,100.0,100.0,1.0,87.4,Nice,80.7
30-10-21,16.1,3.9,9.3,12.5,0.6,0.0,0.0,0.0,16.2,11.4,2,False,15,71.5,100.0,87.6,97.07573787972275,0,84.6,Nice,False,True,87.6,70.0,100.0,100.0,1.0,87.4,Nice,80.8
31-10-21,13.6,4.1,8.1,11.6,1.1,0.0,0.0,0.0,15.2,8.2,3,False,15,65.5,100.0,89.6,97.30535645594361,0,82.4,Nice,False,True,85.8,66.4,100.0,100.0,1.0,86.0,Nice,78.8
01-11-21,13.5,5.7,8.9,9.2,2.7,0.0,0.0,0.0,19.0,12.3,3,False,8,95.5,100.0,82.0,81.51462373146366,0,88.3,Nice,False,True,89.2,56.8,100.0,100.0,1.0,79.0,Nice,66.7
02-11-21,14.2,2.9,7.4,11.4,-0.6,2.4,2.4,0.0,18.1,9.6,61,False,8,97.0,90.4,83.8,51.45868419322891,0,77.1,Nice,False,False,76.5,65.6,90.0,100.0,1.0,73.5,Pleasant,53.9
03-11-21,12.8,3.7,7.2,10.7,1.0,0.0,0.0,0.0,12.6,6.7,3,False,8,96.0,100.0,94.8,94.93119267327799,0,94.2,Excellent,False,True,96.1,62.8,100.0,100.0,1.0,84.1,Nice,75.7
04-11-21,20.1,8.3,15.7,15.1,5.2,0.5,0.5,0.0,33.2,21.7,53,False,8,61.5,98.0,53.599999999999994,91.448997192015,0,75.6,Nice,False,True,78.2,80.4,90.0,94.3,1.0,86.9,Nice,72.0
05-11-21,18.0,8.9,12.8,16.8,7.6,0.2,0.2,0.0,17.6,8.2,51,False,8,76.0,99.2,84.8,71.33655015759304,0,77.0,Nice,False,True,78.5,87.2,90.0,100.0,1.0,86.1,Nice,72.8
06-11-21,11.8,8.6,10.4,11.2,7.4,7.8,7.8,0.0,7.4,4.2,63,False,8,88.0,68.8,100.0,36.79174320443108,0,66.4,Pleasant,False,False,65.8,64.8,55.0,100.0,1.0,59.8,Average,29.5
07-11-21,17.7,8.1,11.6,16.7,6.1,4.9,4.9,0.0,10.6,6.3,63,False,8,82.0,80.4,98.8,63.236119875466244,0,74.9,Pleasant,False,False,75.9,86.8,75.0,100.0,1.0,79.9,Nice,58.0
08-11-21,9.3,7.5,8.4,8.7,6.1,6.9,6.9,0.0,7.7,4.4,61,False,8,98.0,72.4,100.0,3.6964760723238386,0,59.4,Average,False,False,56.6,54.8,55.0,100.0,1.0,49.2,Average,18.9
09-11-21,7.8,3.9,6.4,6.8,1.3,14.5,14.5,0.0,10.4,5.0,63,False,8,92.0,42.0,99.2,21.29429681216954,0,58.5,Average,True,False,56.9,47.2,20.0,100.0,1.0,39.1,Poor,7.4
10-11-21,11.2,0.2,4.4,7.8,-3.5,0.0,0.0,0.0,13.8,8.4,3,False,8,82.0,100.0,92.4,95.67099108225366,0,88.7,Nice,False,True,91.2,51.2,100.0,100.0,1.0,79.6,Nice,69.0
11-11-21,10.9,-1.7,3.0,7.0,-5.2,0.0,0.0,0.0,11.4,6.9,3,False,8,75.0,100.0,97.2,97.1124063299769,0,86.8,Nice,False,True,89.8,48.0,100.0,100.0,1.0,78.6,Nice,67.6
12-11-21,9.5,-1.6,2.4,6.8,-5.4,0.0,0.0,0.0,8.7,5.6,3,False,8,72.0,100.0,100.0,96.41629799564762,0,85.5,Nice,False,True,88.8,47.2,100.0,100.0,1.0,78.2,Nice,66.9
13-11-21,12.9,-0.9,4.2,9.4,-4.8,0.0,0.0,0.0,9.4,6.7,3,False,8,81.0,100.0,100.0,95.7071708693559,0,88.9,Nice,False,True,91.6,57.6,100.0,100.0,1.0,82.2,Nice,72.8
14-11-21,11.1,0.4,4.5,8.5,-3.5,0.0,0.0,0.0,10.6,5.8,3,False,8,82.5,100.0,98.8,93.48965047381617,0,88.6,Nice,False,True,91.2,54.0,100.0,100.0,1.0,80.3,Nice,69.8
15-11-21,10.5,-2.8,3.0,6.5,-6.8,0.0,0.0,0.0,15.7,9.9,3,False,8,75.0,100.0,88.6,94.24709755167346,0,85.1,Nice,False,True,87.8,46.0,100.0,100.0,1.0,77.2,Nice,65.3
16-11-21,9.1,1.1,4.3,4.7,-3.1,0.0,0.0,0.0,18.3,12.8,3,False,8,81.5,100.0,83.4,73.80426414229537,0,80.1,Nice,False,True,81.4,38.8,100.0,100.0,1.0,70.3,Pleasant,52.8
17-11-21,8.2,-1.3,2.7,5.2,-4.5,0.0,0.0,0.0,9.7,5.9,3,False,8,73.5,100.0,100.0,81.53854153402725,0,80.9,Nice,False,True,83.3,40.8,100.0,100.0,1.0,72.6,Pleasant,57.1
18-11-21,8.2,1.1,3.6,5.7,-2.1,0.2,0.2,0.0,11.3,4.3,51,False,8,78.0,99.2,97.4,86.40507072672902,0,84.1,Nice,False,True,86.5,42.8,90.0,100.0,1.0,71.4,Pleasant,54.2
19-11-21,7.6,2.3,4.7,3.5,-0.7,2.3,2.3,0.0,17.3,9.7,53,False,8,83.5,90.8,85.4,45.77537414803871,0,69.9,Pleasant,False,False,69.7,34.0,90.0,100.0,1.0,59.8,Average,34.8
20-11-21,8.9,4.7,6.1,6.3,2.6,0.2,0.2,0.0,13.5,4.6,51,False,8,90.5,99.2,93.0,0.0,0,58.5,Average,False,False,55.9,45.2,90.0,100.0,1.0,55.1,Average,24.4
21-11-21,6.4,0.6,3.0,4.5,-2.7,0.0,0.0,0.0,8.6,4.5,3,False,8,75.0,100.0,100.0,73.81443942816858,0,78.8,Nice,False,True,80.8,38.0,100.0,100.0,1.0,70.0,Pleasant,52.3
22-11-21,8.8,0.3,3.4,7.0,-2.4,0.0,0.0,0.0,5.4,3.6,3,False,8,77.0,100.0,100.0,87.00834973209909,0,84.3,Nice,False,True,86.8,48.0,100.0,100.0,1.0,76.6,Nice,63.6
23-11-21,6.3,3.1,4.3,4.3,0.6,2.3,2.3,0.0,7.9,4.1,51,False,8,81.5,90.8,100.0,0.9301838737675018,0,54.5,Average,False,False,52.5,37.2,90.0,100.0,1.0,52.1,Average,20.4
24-11-21,6.0,-2.2,2.3,3.0,-6.0,0.0,0.0,0.0,8.8,4.7,3,False,8,71.5,100.0,100.0,92.22328787460641,0,83.9,Nice,False,True,86.9,32.0,100.0,100.0,1.0,71.2,Pleasant,56.1
25-11-21,8.5,-0.8,2.6,4.5,-4.1,0.0,0.0,0.0,13.3,9.7,3,False,8,73.0,100.0,93.4,84.64547677261614,0,81.3,Nice,False,True,83.7,38.0,100.0,100.0,1.0,72.1,Pleasant,56.7
26-11-21,10.0,-1.5,3.5,6.1,-5.4,0.5,0.5,0.0,23.2,14.0,51,False,8,77.5,98.0,73.6,56.52040592339501,0,71.4,Pleasant,False,False,71.8,44.4,90.0,100.0,1.0,66.1,Pleasant,44.3
27-11-21,11.1,2.0,6.6,8.4,-1.7,0.0,0.0,0.0,17.6,10.8,3,False,8,93.0,100.0,84.8,73.57199496316701,0,84.7,Nice,False,True,85.5,53.6,100.0,100.0,1.0,76.2,Nice,61.6
28-11-21,13.8,3.2,8.6,10.1,0.3,0.9,0.9,0.0,23.3,13.3,53,False,8,97.0,96.4,73.4,85.65798358172484,0,89.1,Nice,False,True,90.0,60.4,90.0,100.0,1.0,78.3,Nice,63.5
29-11-21,9.5,0.9,6.3,6.4,-3.3,6.1,6.1,0.0,21.8,15.4,61,False,8,91.5,75.6,76.4,28.03066556918895,0,63.9,Pleasant,False,False,62.2,45.6,55.0,100.0,1.0,50.3,Average,21.2
30-11-21,1.8,-0.4,1.0,-1.9,-5.1,3.0,0.2,1.96,19.0,11.2,73,False,8,65.0,88.0,82.0,0.0,-20,45.4,Average,False,False,44.2,12.4,90.0,100.0,1.0,42.0,Average,6.7
01-12-21,6.2,-1.2,2.9,2.5,-4.7,0.8,0.8,0.0,27.2,13.6,51,False,2,95.5,96.8,65.6,34.29695125095442,0,70.0,Pleasant,False,False,68.2,30.0,90.0,100.0,1.0,55.9,Average,28.5
02-12-21,11.6,-1.8,5.3,7.9,-5.8,0.0,0.0,0.0,19.6,10.3,3,False,2,83.5,100.0,80.8,88.41059386017682,0,85.8,Nice,False,True,87.7,51.6,100.0,100.0,1.0,78.3,Nice,66.3
03-12-21,10.6,2.1,7.1,8.7,-0.5,1.4,1.4,0.0,29.2,18.0,51,False,2,74.5,94.4,61.6,11.421390524687983,0,52.9,Average,False,False,51.0,54.8,90.0,100.0,1.0,61.2,Pleasant,33.7
04-12-21,4.8,-0.3,1.8,1.6,-3.6,0.0,0.0,0.0,8.3,5.0,3,False,2,99.0,100.0,100.0,67.66080012028587,0,86.3,Nice,False,False,86.7,26.4,100.0,100.0,1.0,64.1,Pleasant,42.9
05-12-21,7.5,-0.3,2.4,4.0,-3.9,0.0,0.0,0.0,11.9,8.5,3,False,2,98.0,100.0,96.2,81.12064658219468,0,90.3,Excellent,False,True,91.4,36.0,100.0,100.0,1.0,70.6,Pleasant,54.0
06-12-21,7.7,3.0,4.5,5.8,0.0,11.2,11.0,0.14,14.0,8.9,71,False,2,87.5,55.2,92.0,0.0,0,50.6,Average,True,False,48.1,43.2,40.0,100.0,1.0,39.3,Poor,10.4
07-12-21,4.0,1.4,2.3,1.8,-1.7,16.8,13.8,2.1,10.3,6.5,73,False,2,98.5,32.8,99.4,0.0,10,52.5,Average,True,False,49.3,27.2,20.0,100.0,1.0,26.9,Poor,3.3
08-12-21,2.8,0.3,1.5,-0.7,-2.3,1.7,1.2,0.35,11.2,5.5,71,False,2,97.5,93.2,97.6,0.0,0,60.8,Pleasant,False,False,57.9,17.2,90.0,100.0,1.0,43.9,Average,9.3
09-12-21,7.9,-1.7,2.5,3.8,-5.0,0.5,0.5,0.0,18.3,12.2,53,False,2,97.5,98.0,83.4,69.19092688333328,0,84.6,Nice,False,False,84.8,35.2,90.0,100.0,1.0,64.9,Pleasant,43.9
10-12-21,6.6,0.7,4.1,3.1,-2.6,3.8,3.8,0.0,13.3,9.1,61,False,2,89.5,84.8,93.4,13.590501286093712,0,60.7,Pleasant,False,False,58.8,32.4,75.0,100.0,1.0,48.2,Average,18.7
11-12-21,5.7,-0.7,2.5,2.7,-4.1,5.5,5.1,0.28,10.5,6.4,73,False,2,97.5,78.0,99.0,41.899947438493015,0,73.3,Pleasant,False,False,72.5,30.8,75.0,100.0,1.0,53.2,Average,26.4
12-12-21,10.4,1.9,4.3,8.7,-1.3,17.6,17.6,0.0,9.8,6.3,61,False,2,88.5,29.599999999999994,100.0,34.39425819705935,0,59.9,Average,True,False,59.2,54.8,20.0,100.0,1.0,44.8,Average,9.3
13-12-21,5.2,2.7,4.0,3.0,-0.6,0.0,0.0,0.0,9.2,5.7,3,False,2,90.0,100.0,100.0,0.0,0,59.0,Average,False,False,56.5,32.0,100.0,100.0,1.0,52.8,Average,19.2
14-12-21,3.2,1.8,2.3,0.1,-1.3,0.0,0.0,0.0,7.7,5.4,3,False,2,98.5,100.0,100.0,0.0,0,62.4,Pleasant,False,False,59.5,20.4,100.0,100.0,1.0,48.2,Average,12.2
15-12-21,3.0,1.4,1.9,-0.0,-1.7,2.1,1.4,0.49,8.2,4.6,73,False,2,99.5,91.6,100.0,0.0,0,61.5,Pleasant,False,False,58.6,20.0,90.0,100.0,1.0,45.0,Average,10.8
16-12-21,3.3,0.4,1.4,0.1,-2.8,2.7,0.5,1.54,9.0,4.3,73,False,2,97.0,89.2,100.0,0.0,10,60.4,Pleasant,False,False,57.3,20.4,90.0,100.0,1.0,45.2,Average,11.0
17-12-21,3.8,0.7,2.0,-0.2,-3.2,5.8,2.8,2.1,17.9,9.7,73,False,2,100.0,76.8,84.2,59.951276432615344,10,79.4,Nice,False,False,78.9,19.2,90.0,100.0,1.0,56.7,Average,32.0
18-12-21,3.1,-1.8,1.0,-1.6,-5.3,1.9,0.0,1.4,15.7,11.2,73,False,2,95.0,92.4,88.6,62.63563189930943,10,81.1,Nice,False,False,81.0,13.6,100.0,100.0,1.0,58.0,Average,33.2
19-12-21,3.2,-3.1,0.4,-0.9,-6.7,0.0,0.0,0.0,16.7,6.6,3,False,2,92.0,100.0,86.6,24.425627230093585,0,67.3,Pleasant,False,False,65.6,16.4,100.0,100.0,1.0,51.4,Average,19.6
20-12-21,3.2,-0.6,1.5,-1.0,-5.9,3.1,1.3,1.26,20.5,15.4,73,False,2,97.5,87.6,79.0,69.40094972362499,10,83.0,Nice,False,False,82.9,16.0,90.0,100.0,1.0,57.3,Average,33.6
21-12-21,-0.4,-4.9,-2.4,-5.4,-10.3,2.2,0.0,1.54,17.6,13.3,73,False,2,78.0,91.2,84.8,91.4742980677871,10,83.9,Nice,False,True,86.0,0.0,100.0,100.0,1.0,58.3,Average,36.6
22-12-21,-0.9,-6.2,-4.0,-6.0,-10.4,0.7,0.0,0.49,15.3,7.1,71,False,2,70.0,97.2,89.4,33.14760998995415,0,61.3,Pleasant,False,False,61.3,0.0,100.0,100.0,1.0,46.6,Average,13.3
23-12-21,-0.7,-7.9,-4.7,-5.6,-11.9,0.0,0.0,0.0,9.0,5.2,3,False,2,66.5,100.0,100.0,91.16115551510411,0,81.5,Nice,False,True,84.7,0.0,100.0,100.0,1.0,58.2,Average,36.5
24-12-21,7.5,-2.7,2.5,3.9,-7.3,0.0,0.0,0.0,13.9,7.7,3,False,2,97.5,100.0,92.2,24.19976754527037,0,69.8,Pleasant,False,False,68.0,35.6,100.0,100.0,1.0,59.1,Average,31.0
25-12-21,9.6,1.1,4.8,7.8,-1.9,0.7,0.7,0.0,12.0,5.3,51,False,2,86.0,97.2,96.0,0.0,0,56.7,Average,False,False,54.3,51.2,90.0,100.0,1.0,57.5,Average,27.6
26-12-21,6.9,3.0,5.3,5.0,0.7,6.8,6.8,0.0,9.8,5.1,55,False,2,83.5,72.8,100.0,0.0,0,52.3,Average,False,False,50.1,40.0,55.0,100.0,1.0,42.5,Average,13.2
27-12-21,4.7,2.7,3.6,1.7,-0.9,3.9,3.9,0.0,15.9,8.7,55,False,2,92.0,84.4,88.2,0.0,0,56.5,Average,False,False,53.7,26.8,75.0,100.0,1.0,43.2,Average,12.1
28-12-21,3.9,-1.9,1.6,1.4,-5.8,0.6,0.5,0.07,10.6,5.1,71,False,2,98.0,97.6,98.8,74.33850747470025,0,87.8,Nice,False,True,88.6,25.6,90.0,100.0,1.0,62.1,Pleasant,40.6
29-12-21,7.2,-1.9,2.5,5.0,-5.4,2.2,2.2,0.0,11.6,7.2,53,False,2,97.5,91.2,96.8,56.9419899453365,0,80.4,Nice,False,False,80.3,40.0,90.0,100.0,1.0,64.4,Pleasant,42.1
30-12-21,4.5,2.5,3.2,2.5,-0.1,1.2,1.2,0.0,6.0,3.3,51,False,2,94.0,95.2,100.0,0.0,0,59.9,Average,False,False,57.2,30.0,90.0,100.0,1.0,49.0,Average,16.2
31-12-21,9.0,-0.2,4.9,7.5,-3.1,0.0,0.0,0.0,12.4,5.1,3,False,2,85.5,100.0,95.2,45.23391999877811,0,72.6,Pleasant,False,False,72.5,50.0,100.0,100.0,1.0,69.0,Pleasant,48.1
01-01-22,10.8,3.8,8.1,8.0,0.9,0.0,0.0,0.0,17.2,10.4,3,False,0,59.5,100.0,85.6,33.412717222851626,0,57.3,Average,False,False,57.8,52.0,100.0,100.0,1.0,67.5,Pleasant,44.6
02-01-22,10.8,3.8,8.1,9.0,1.3,0.3,0.3,0.0,12.2,6.6,51,False,0,59.5,98.8,95.6,84.89882575777999,0,76.0,Nice,False,True,79.2,56.0,90.0,100.0,1.0,76.4,Nice,60.8
03-01-22,13.2,0.1,6.4,10.4,-3.3,0.1,0.1,0.0,22.5,10.7,51,False,0,68.0,99.6,75.0,55.04487708544454,0,67.4,Pleasant,False,False,68.3,61.6,90.0,100.0,1.0,72.6,Pleasant,53.1
04-01-22,11.6,3.1,6.9,8.9,0.1,0.0,0.0,0.0,16.9,8.2,3,False,0,65.5,100.0,86.2,66.32870743072205,0,71.3,Pleasant,False,False,73.1,55.6,100.0,100.0,1.0,75.5,Nice,59.9
05-01-22,14.8,3.0,7.2,12.4,-0.2,0.0,0.0,0.0,10.0,7.0,3,False,0,64.0,100.0,100.0,92.7352953508879,0,81.1,Nice,False,True,84.5,69.6,100.0,100.0,1.0,86.4,Nice,78.9
06-01-22,6.8,1.7,3.6,4.4,-2.7,0.6,0.6,0.0,23.7,11.4,53,False,0,82.0,97.6,72.6,48.98946690353133,0,70.4,Pleasant,False,False,70.2,37.6,90.0,100.0,1.0,61.8,Pleasant,37.9
07-01-22,2.0,-2.3,0.7,-1.4,-6.0,0.0,0.0,0.0,13.4,7.0,3,False,0,96.5,100.0,93.2,45.18107728631154,0,76.9,Nice,False,False,76.2,14.4,100.0,100.0,1.0,54.8,Average,26.7
08-01-22,4.5,1.5,2.6,0.8,-2.9,0.6,0.3,0.21,12.6,11.0,71,False,0,87.0,97.6,94.8,0.0,0,57.0,Average,False,False,54.6,23.2,90.0,100.0,1.0,46.3,Average,12.5
09-01-22,1.9,-0.7,0.6,-0.9,-3.9,1.3,0.6,0.49,12.5,5.8,71,False,0,97.0,94.8,95.0,0.0,0,60.6,Pleasant,False,False,57.7,16.4,90.0,100.0,1.0,43.6,Average,8.9
10-01-22,3.3,0.2,1.3,0.9,-2.6,1.0,0.2,0.56,7.6,3.0,73,False,0,93.5,96.0,100.0,1.4799022754777234,0,60.3,Pleasant,False,False,57.7,23.6,90.0,100.0,1.0,46.7,Average,13.3
11-01-22,3.0,-0.6,1.4,-0.0,-4.6,0.0,0.0,0.0,8.3,5.4,3,False,0,93.0,100.0,100.0,42.53614071882761,0,75.1,Nice,False,False,74.6,20.0,100.0,100.0,1.0,56.5,Average,29.0
12-01-22,-0.1,-5.9,-3.1,-3.8,-10.0,0.0,0.0,0.0,6.8,4.9,3,False,0,84.5,100.0,100.0,97.97250841038017,0,91.1,Excellent,False,True,93.8,4.8,100.0,100.0,1.0,61.5,Pleasant,42.1
13-01-22,0.3,-4.5,-2.7,-4.6,-8.4,0.0,0.0,0.0,10.8,4.5,3,False,0,86.5,100.0,98.4,62.87791764165457,0,79.5,Nice,False,False,80.3,1.6,100.0,100.0,1.0,53.2,Average,26.1
14-01-22,2.9,-5.4,-2.2,-0.8,-9.3,0.0,0.0,0.0,7.9,4.4,3,False,0,89.0,100.0,100.0,89.39813183129269,0,89.9,Nice,False,True,91.9,16.8,100.0,100.0,1.0,64.6,Pleasant,45.8
15-01-22,3.8,-3.2,0.6,-1.2,-7.5,0.0,0.0,0.0,16.9,9.9,3,False,0,97.0,100.0,86.2,98.01117729019614,0,95.0,Excellent,False,True,96.8,15.2,100.0,100.0,1.0,65.7,Pleasant,48.3
16-01-22,3.7,-3.9,-1.1,-0.1,-7.6,0.0,0.0,0.0,8.5,3.8,3,False,0,94.5,100.0,100.0,97.86781242657179,0,95.1,Excellent,False,True,97.2,19.6,100.0,100.0,1.0,67.4,Pleasant,50.9
17-01-22,3.1,-5.7,-0.3,-3.5,-10.1,1.0,0.5,0.35,30.2,16.4,71,False,0,98.5,96.0,59.6,37.01074227153327,0,71.5,Pleasant,False,False,69.6,6.0,90.0,100.0,1.0,46.8,Average,16.6
18-01-22,0.4,-1.7,-0.7,-5.6,-8.2,1.0,0.0,0.7,28.8,19.8,73,False,0,96.5,96.0,62.4,46.48334413358503,0,74.3,Pleasant,False,False,73.0,0.0,100.0,100.0,1.0,49.3,Average,18.6
19-01-22,2.2,-5.0,-1.4,-1.8,-9.0,0.0,0.0,0.0,15.6,6.9,3,False,0,93.0,100.0,88.8,97.17239447638411,0,93.3,Excellent,False,True,95.3,12.8,100.0,100.0,1.0,64.6,Pleasant,46.5
20-01-22,4.7,-5.1,-1.1,0.7,-8.7,0.0,0.0,0.0,10.0,5.1,3,False,0,94.5,100.0,100.0,75.29262910514382,0,87.2,Nice,False,True,88.2,22.8,100.0,100.0,1.0,64.2,Pleasant,43.8
21-01-22,2.0,-4.6,-1.6,-3.1,-10.2,4.2,0.0,2.94,24.3,13.9,73,False,0,92.0,83.2,71.4,84.42458409786482,10,84.7,Nice,False,True,85.6,7.6,100.0,100.0,1.0,59.9,Average,38.3
22-01-22,-1.1,-5.5,-3.5,-6.1,-10.7,0.5,0.0,0.35,21.1,13.9,71,False,0,82.5,98.0,77.8,96.48419738618097,0,87.7,Nice,False,True,89.9,0.0,100.0,100.0,1.0,59.3,Average,38.6
23-01-22,-1.8,-8.9,-4.1,-7.5,-13.7,3.4,0.0,2.38,19.5,12.6,75,False,0,79.5,86.4,81.0,24.744162604293336,10,60.1,Pleasant,False,False,58.8,0.0,100.0,100.0,1.0,44.9,Average,9.9
24-01-22,-4.3,-11.6,-7.1,-8.4,-15.6,0.2,0.0,0.14,9.6,5.0,71,False,0,64.5,99.2,100.0,88.87495519727847,0,79.8,Nice,False,True,83.0,0.0,100.0,100.0,1.0,57.8,Average,35.5
25-01-22,-3.0,-12.3,-7.8,-7.7,-16.3,0.9,0.0,0.63,8.7,3.1,71,False,0,61.0,96.4,100.0,74.2758546291837,0,72.9,Pleasant,False,True,75.5,0.0,100.0,100.0,1.0,54.9,Average,29.7
26-01-22,-2.4,-6.0,-4.0,-5.4,-10.3,2.6,0.0,1.82,8.7,2.6,71,False,0,80.0,89.6,100.0,0.0,10,53.6,Average,False,False,51.4,0.0,100.0,100.0,1.0,40.0,Average,0.0
27-01-22,3.4,-4.8,-1.5,-0.1,-9.1,0.6,0.0,0.42,16.6,5.8,71,False,0,92.5,97.6,86.8,74.18388963197117,0,84.5,Nice,False,True,85.4,19.6,100.0,100.0,1.0,62.7,Pleasant,41.4
28-01-22,4.9,-5.8,0.5,-0.2,-9.7,0.7,0.0,0.49,31.0,15.6,73,False,0,97.5,97.2,58.0,94.26814749124529,0,91.2,Excellent,False,True,92.2,19.2,100.0,100.0,1.0,66.5,Pleasant,49.2
29-01-22,3.8,-4.8,0.1,-1.0,-8.9,0.2,0.0,0.14,18.9,11.1,71,False,0,99.5,99.2,82.2,93.84860077239715,0,94.1,Excellent,False,True,95.5,16.0,100.0,100.0,1.0,65.2,Pleasant,47.1
30-01-22,6.0,-4.9,1.3,-0.9,-8.6,0.6,0.1,0.35,32.8,17.7,73,False,0,93.5,97.6,54.400000000000006,75.75781342812753,0,82.9,Nice,False,True,83.1,16.4,90.0,100.0,1.0,58.7,Average,36.1
31-01-22,4.0,-3.6,1.3,-1.5,-7.1,0.0,0.0,0.0,28.6,17.6,3,False,0,93.5,100.0,62.8,92.99957202974723,0,90.0,Excellent,False,True,91.2,14.0,100.0,100.0,1.0,64.2,Pleasant,45.6
01-02-22,2.3,-4.0,-0.8,-1.2,-8.0,0.4,0.1,0.21,7.4,4.7,71,False,2,86.0,98.4,100.0,13.438346696670486,0,61.9,Pleasant,False,False,60.2,15.2,90.0,100.0,1.0,45.8,Average,13.0
02-02-22,3.9,-3.3,-0.2,0.0,-6.7,0.0,0.0,0.0,15.3,5.9,3,False,2,89.0,100.0,89.4,57.03662182999376,0,77.7,Nice,False,False,77.9,20.0,100.0,100.0,1.0,59.4,Average,34.8
03-02-22,3.2,-3.1,0.3,-2.2,-7.1,0.7,0.0,0.49,18.4,10.9,71,False,2,91.5,97.2,83.2,81.52118531803453,0,86.4,Nice,False,True,87.5,11.2,100.0,100.0,1.0,60.8,Pleasant,39.3
04-02-22,5.3,-5.3,-0.2,1.2,-9.8,0.0,0.0,0.0,9.5,5.3,3,False,2,89.0,100.0,100.0,81.13827991354266,0,87.0,Nice,False,True,88.6,24.8,100.0,100.0,1.0,66.1,Pleasant,47.3
05-02-22,9.6,-2.1,2.6,5.2,-5.9,0.0,0.0,0.0,18.8,8.9,3,False,2,97.0,100.0,82.4,89.62436597756172,0,91.8,Excellent,False,True,93.0,40.8,100.0,100.0,1.0,74.2,Pleasant,60.3
06-02-22,6.8,-2.4,2.2,3.2,-5.9,0.0,0.0,0.0,11.8,6.7,3,False,2,99.0,100.0,96.4,85.6908154992723,0,92.3,Excellent,False,True,93.6,32.8,100.0,100.0,1.0,70.3,Pleasant,54.0
07-02-22,8.2,-0.9,3.5,4.3,-5.5,2.0,1.8,0.14,21.0,12.1,71,False,2,92.5,92.0,78.0,1.842333678209606,0,57.7,Average,False,False,54.7,37.2,90.0,100.0,1.0,52.2,Average,20.8
08-02-22,3.1,-2.2,1.0,-2.7,-5.9,0.2,0.0,0.14,22.7,16.5,71,False,2,95.0,99.2,74.6,49.468372570164235,0,76.2,Nice,False,False,75.4,9.2,100.0,100.0,1.0,53.6,Average,25.3
09-02-22,7.8,-2.3,3.4,3.6,-6.1,1.0,1.0,0.0,17.3,8.9,53,False,2,93.0,96.0,85.4,61.410327061110635,0,79.9,Nice,False,False,80.1,34.4,90.0,100.0,1.0,63.0,Pleasant,40.7
10-02-22,9.8,-0.7,4.0,7.3,-4.3,0.0,0.0,0.0,8.4,4.4,3,False,2,90.0,100.0,100.0,94.6413266644505,0,92.1,Excellent,False,True,94.4,49.2,100.0,100.0,1.0,78.6,Nice,67.4
11-02-22,12.9,-2.4,4.8,8.8,-5.9,0.0,0.0,0.0,16.6,4.7,3,False,2,86.0,100.0,86.8,93.92722337442189,0,89.2,Nice,False,True,91.4,55.2,100.0,100.0,1.0,80.9,Nice,70.7
12-02-22,6.3,-1.4,2.8,2.0,-5.2,1.7,1.2,0.35,13.4,7.1,73,False,2,96.0,93.2,93.2,73.76447544981613,0,85.7,Nice,False,True,86.4,28.0,90.0,100.0,1.0,63.0,Pleasant,41.7
13-02-22,7.1,-3.4,1.3,2.3,-7.5,0.0,0.0,0.0,17.1,11.9,3,False,2,96.5,100.0,85.8,88.2177228052339,0,91.3,Excellent,False,True,92.6,29.2,100.0,100.0,1.0,69.3,Pleasant,52.8
14-02-22,7.6,-2.3,1.5,4.4,-6.1,0.0,0.0,0.0,10.2,7.0,3,False,2,97.5,100.0,99.6,92.23595700933123,0,94.3,Excellent,False,True,96.0,37.6,100.0,100.0,1.0,73.5,Pleasant,59.5
15-02-22,10.8,-3.2,2.0,8.0,-7.2,0.0,0.0,0.0,11.6,8.0,3,False,2,100.0,100.0,96.8,95.18824172694956,0,96.1,Excellent,False,True,97.8,52.0,100.0,100.0,1.0,79.8,Nice,69.3
16-02-22,10.5,-0.3,4.1,8.8,-4.1,0.0,0.0,0.0,8.8,6.1,3,False,2,89.5,100.0,100.0,15.788391133046083,0,64.3,Pleasant,False,False,62.6,55.2,100.0,100.0,1.0,65.2,Pleasant,39.4
17-02-22,12.1,-0.6,4.8,10.4,-3.7,1.1,1.1,0.0,14.3,6.1,55,False,2,86.0,95.6,91.4,73.63364323937296,0,81.8,Nice,False,True,83.0,61.6,90.0,100.0,1.0,76.4,Nice,59.8
18-02-22,8.5,-0.5,5.4,2.5,-4.3,1.2,1.0,0.14,32.0,20.4,71,False,2,83.0,95.2,56.0,94.09688607209354,0,84.9,Nice,False,True,86.6,30.0,90.0,98.7,1.0,67.7,Pleasant,49.4
19-02-22,14.0,-1.3,7.2,10.4,-5.4,0.0,0.0,0.0,25.3,12.0,3,False,2,74.0,100.0,69.4,60.21348638400226,0,71.2,Pleasant,False,False,71.9,61.6,100.0,100.0,1.0,76.7,Nice,61.0
20-02-22,7.3,-0.1,4.4,5.0,-4.1,0.7,0.7,0.0,15.9,6.8,51,False,2,88.0,97.2,88.2,45.690498935257224,0,72.8,Pleasant,False,False,72.5,40.0,90.0,100.0,1.0,62.1,Pleasant,38.0
21-02-22,13.6,-1.1,4.9,10.5,-4.4,0.0,0.0,0.0,11.5,5.6,3,False,2,85.5,100.0,97.0,96.73394659306926,0,90.8,Excellent,False,True,93.3,62.0,100.0,100.0,1.0,84.1,Nice,75.9
22-02-22,7.0,2.6,4.9,4.4,-0.4,2.2,2.2,0.0,12.6,7.1,51,False,2,85.5,91.2,94.8,22.12184133526676,0,63.2,Pleasant,False,False,61.9,37.6,90.0,100.0,1.0,56.5,Average,28.3
23-02-22,8.1,-0.6,3.4,2.5,-3.6,2.5,2.2,0.21,22.4,10.6,71,False,2,93.0,90.0,75.2,75.48473441429209,0,83.1,Nice,False,True,83.8,30.0,90.0,100.0,1.0,64.1,Pleasant,43.4
24-02-22,5.2,-4.2,1.9,1.6,-8.2,1.1,0.9,0.14,9.6,6.2,71,False,2,99.5,95.6,100.0,29.43280050273989,0,72.4,Pleasant,False,False,70.9,26.4,90.0,100.0,1.0,53.4,Average,24.9
25-02-22,9.0,-4.6,1.5,6.1,-8.7,0.0,0.0,0.0,8.7,3.9,3,False,2,97.5,100.0,100.0,98.53366146669501,0,96.5,Excellent,False,True,98.5,44.4,100.0,100.0,1.0,77.5,Nice,66.1
26-02-22,7.2,-1.4,2.6,3.5,-5.1,0.2,0.2,0.0,11.2,6.3,51,False,2,97.0,99.2,97.6,58.9895972675628,0,82.1,Nice,False,False,82.2,34.0,90.0,100.0,1.0,62.4,Pleasant,39.6
27-02-22,7.1,-0.8,2.9,1.8,-4.7,0.6,0.0,0.49,17.8,13.1,71,False,2,95.5,97.6,84.4,89.93850673626741,0,91.1,Excellent,False,True,92.5,27.2,100.0,100.0,1.0,68.9,Pleasant,52.3
28-02-22,3.4,-2.2,0.9,-1.8,-6.2,0.0,0.0,0.0,15.8,7.8,3,False,2,94.5,100.0,88.4,46.362209269495494,0,76.1,Nice,False,False,75.5,12.8,100.0,100.0,1.0,54.4,Average,26.2
01-03-22,4.2,-3.3,0.5,0.8,-7.0,0.4,0.0,0.28,7.1,4.4,71,False,8,62.5,98.4,100.0,28.013341815586916,-20,57.2,Average,False,False,57.8,23.2,100.0,100.0,1.0,54.9,Average,25.1
02-03-22,3.6,-2.3,1.1,-0.7,-6.0,0.6,0.0,0.42,11.6,6.3,73,False,8,65.5,97.6,96.8,0.0,-20,48.2,Average,False,False,47.2,17.2,100.0,100.0,1.0,46.9,Average,10.3
03-03-22,4.9,-1.2,1.5,0.6,-4.5,2.2,0.6,1.12,12.2,8.5,73,False,8,67.5,91.2,95.6,53.26783421658748,-20,66.6,Pleasant,False,False,68.2,22.4,90.0,100.0,1.0,56.6,Average,31.3
04-03-22,3.5,-1.2,0.9,1.1,-4.3,4.0,1.6,1.68,5.5,3.3,73,False,8,64.5,84.0,100.0,13.104445575086773,-20,50.6,Average,False,False,50.4,24.4,90.0,100.0,1.0,49.4,Average,17.9
05-03-22,5.0,-3.4,0.8,1.6,-6.5,1.6,0.0,1.12,7.0,4.5,73,False,8,64.0,93.6,100.0,94.56280137344915,-20,80.3,Nice,False,True,84.3,26.4,100.0,100.0,1.0,69.5,Pleasant,53.7
06-03-22,4.5,-5.3,-0.3,-0.1,-9.3,0.1,0.0,0.07,15.2,11.5,71,False,8,58.5,99.6,89.6,82.36370325660056,-20,73.9,Pleasant,False,True,77.3,19.6,100.0,100.0,1.0,64.3,Pleasant,44.7
07-03-22,2.9,-1.0,0.6,-1.6,-5.2,6.3,0.1,4.34,14.6,7.6,73,False,8,63.0,74.8,90.8,1.0283673390591395,-20,43.6,Average,False,False,42.8,13.6,90.0,100.0,1.0,42.6,Average,7.7
08-03-22,2.3,-3.5,-1.4,-1.4,-7.7,1.2,0.0,0.84,8.4,4.9,73,False,8,53.0,95.2,100.0,58.8971838652076,-20,63.7,Pleasant,False,False,66.4,14.4,100.0,100.0,1.0,57.5,Average,32.2
09-03-22,2.7,-3.8,-1.0,-2.4,-7.5,0.5,0.0,0.35,16.2,8.4,73,False,8,55.0,98.0,87.6,70.30015942202958,-20,67.9,Pleasant,False,True,70.8,10.4,100.0,100.0,1.0,58.2,Average,34.4
10-03-22,1.5,-6.6,-2.5,-3.1,-10.6,1.9,0.0,1.33,10.2,5.5,73,False,8,47.5,92.4,99.6,84.69524529212663,-20,70.1,Pleasant,False,True,74.3,7.6,100.0,100.0,1.0,60.0,Pleasant,38.4
11-03-22,0.4,-7.0,-3.2,-4.8,-11.0,0.1,0.0,0.07,13.7,8.2,71,False,8,44.0,99.6,92.6,94.37602315167777,-20,72.6,Pleasant,False,True,77.4,0.8,100.0,100.0,1.0,59.2,Average,38.2
12-03-22,3.1,-7.0,-2.6,-1.1,-11.2,0.0,0.0,0.0,9.9,5.4,3,False,8,47.0,100.0,100.0,93.93682843173652,0,74.7,Pleasant,False,True,79.0,15.6,100.0,100.0,1.0,65.0,Pleasant,46.9
13-03-22,5.6,-6.0,-0.4,1.2,-10.5,0.0,0.0,0.0,10.3,4.8,3,False,8,58.0,100.0,99.4,45.653655782694244,0,62.1,Pleasant,False,False,63.5,24.8,100.0,100.0,1.0,59.1,Average,33.1
14-03-22,9.0,-5.8,0.5,5.5,-9.9,0.0,0.0,0.0,8.4,5.2,1,False,8,62.5,100.0,100.0,93.06879546651557,0,80.6,Nice,False,True,84.1,42.0,100.0,100.0,1.0,75.4,Nice,62.4
15-03-22,9.4,-3.2,3.0,5.6,-7.0,0.0,0.0,0.0,7.9,4.1,3,False,8,75.0,100.0,100.0,92.64042041907157,0,85.4,Nice,False,True,88.3,42.4,100.0,100.0,1.0,75.5,Nice,62.5
16-03-22,5.1,-1.6,1.5,2.1,-5.7,7.2,7.2,0.0,14.9,8.3,61,False,8,67.5,71.2,90.2,0.0,0,44.9,Average,False,False,43.3,28.4,55.0,100.0,1.0,37.9,Poor,9.4
17-03-22,4.2,-3.2,1.2,0.7,-7.1,0.6,0.6,0.0,14.7,10.5,51,False,8,66.0,97.6,90.6,16.884512247815902,0,54.2,Average,False,False,53.6,22.8,90.0,100.0,1.0,49.5,Average,18.4
18-03-22,5.3,-5.6,0.6,2.7,-9.3,0.0,0.0,0.0,13.5,6.3,3,False,8,63.0,100.0,93.0,91.71225497175399,0,79.7,Nice,False,True,83.0,30.8,100.0,100.0,1.0,70.7,Pleasant,55.2
19-03-22,6.2,-6.0,-0.7,1.4,-10.1,0.0,0.0,0.0,14.7,8.3,1,False,8,56.5,100.0,90.6,91.20708496253366,0,76.8,Nice,False,True,80.3,25.6,100.0,100.0,1.0,68.5,Pleasant,51.8
20-03-22,7.5,-5.0,-0.1,3.4,-9.3,0.0,0.0,0.0,10.4,5.6,2,False,8,59.5,100.0,99.2,91.76289407651417,0,78.9,Nice,False,True,82.5,33.6,100.0,100.0,1.0,71.8,Pleasant,56.9
21-03-22,9.6,-4.7,1.4,6.5,-8.4,0.0,0.0,0.0,11.8,3.6,0,False,8,67.0,100.0,96.4,91.88393469243154,0,81.7,Nice,False,True,84.8,46.0,100.0,100.0,1.0,76.8,Nice,64.4
22-03-22,14.2,-1.0,5.8,10.7,-4.8,0.0,0.0,0.0,9.6,4.7,0,False,8,89.0,100.0,100.0,92.00679867317973,0,90.8,Excellent,False,True,93.0,62.8,100.0,100.0,1.0,83.5,Nice,74.5
23-03-22,15.0,1.1,6.5,12.4,-3.0,0.0,0.0,0.0,11.8,4.8,0,False,8,92.5,100.0,96.4,92.87491485594008,0,92.2,Excellent,False,True,94.2,69.6,100.0,100.0,1.0,86.4,Nice,78.9
24-03-22,18.5,1.7,7.9,13.9,-2.3,0.0,0.0,0.0,20.5,8.0,0,False,8,99.5,100.0,79.0,94.47921418635433,0,94.2,Excellent,False,True,95.5,75.6,100.0,100.0,1.0,89.1,Nice,83.2
25-03-22,12.4,0.6,5.6,6.5,-3.4,0.0,0.0,0.0,27.6,12.4,3,False,8,88.0,100.0,64.8,86.6091312972197,0,85.7,Nice,False,True,86.9,46.0,100.0,100.0,1.0,75.7,Nice,62.2
26-03-22,15.2,-0.9,5.8,11.5,-4.7,0.0,0.0,0.0,17.0,7.3,2,False,8,89.0,100.0,86.0,94.71151146904886,0,90.6,Excellent,False,True,92.6,66.0,100.0,100.0,1.0,85.3,Nice,77.5
27-03-22,16.7,2.6,8.7,13.4,-1.7,0.0,0.0,0.0,16.6,10.5,3,False,8,96.5,100.0,86.8,73.62988453066778,0,86.3,Nice,False,True,86.9,73.6,100.0,100.0,1.0,84.2,Nice,73.6
28-03-22,16.0,0.4,6.6,13.0,-3.2,0.0,0.0,0.0,8.9,4.4,0,False,8,93.0,100.0,100.0,97.1213596479215,0,94.2,Excellent,False,True,96.4,72.0,100.0,100.0,1.0,88.2,Nice,82.0
29-03-22,18.9,1.0,8.5,16.4,-2.8,0.0,0.0,0.0,9.8,4.6,3,False,8,97.5,100.0,100.0,94.32485688753287,0,95.0,Excellent,False,True,96.9,85.6,100.0,100.0,1.0,93.1,Excellent,89.1
30-03-22,16.6,0.6,9.4,13.4,-3.4,0.0,0.0,0.0,17.8,7.7,3,False,8,93.0,100.0,84.4,73.77741675571156,0,84.8,Nice,False,True,85.5,73.6,100.0,100.0,1.0,84.2,Nice,73.7
31-03-22,16.1,3.9,9.6,12.4,0.7,4.4,4.4,0.0,18.6,10.7,63,False,8,92.0,82.4,82.8,18.95828794578748,0,62.4,Pleasant,False,False,60.4,69.6,75.0,100.0,1.0,64.1,Pleasant,37.0
01-04-22,16.3,7.3,11.7,13.7,4.8,5.0,5.0,0.0,19.3,10.9,63,False,15,83.5,80.0,81.4,42.569621020085485,0,66.8,Pleasant,False,False,66.4,74.8,75.0,100.0,1.0,70.9,Pleasant,46.4
02-04-22,9.9,4.9,7.2,8.4,2.6,8.8,8.8,0.0,9.0,5.0,61,False,15,61.0,64.8,100.0,12.235223037052718,0,46.4,Average,False,False,46.0,53.6,55.0,100.0,1.0,50.4,Average,20.4
03-04-22,5.4,1.0,3.0,0.9,-3.5,0.2,0.0,0.14,27.6,15.3,71,False,15,40.0,99.2,64.8,54.83920704229204,-20,54.9,Average,False,False,57.3,23.6,100.0,100.0,1.0,60.4,Pleasant,36.1
04-04-22,8.5,-2.6,2.4,4.5,-6.1,0.1,0.0,0.07,19.3,8.9,71,False,15,37.0,99.6,81.4,77.91791017730495,-20,63.1,Pleasant,False,True,67.2,38.0,100.0,100.0,1.0,70.8,Pleasant,54.0
05-04-22,14.6,-4.7,4.2,10.0,-8.3,0.0,0.0,0.0,15.8,8.2,2,False,15,46.0,100.0,88.4,98.77382761787996,0,75.0,Nice,False,True,79.4,60.0,100.0,100.0,1.0,83.8,Nice,75.5
06-04-22,17.3,-0.9,8.6,16.4,-4.6,0.0,0.0,0.0,10.0,5.1,2,False,15,68.0,100.0,100.0,98.66189686726693,0,84.7,Nice,False,True,88.3,85.6,100.0,100.0,1.0,94.0,Excellent,90.8
07-04-22,15.2,4.8,9.5,12.7,1.7,0.3,0.3,0.0,14.7,9.6,51,False,15,72.5,98.8,90.6,25.49896250706419,0,60.0,Pleasant,False,False,59.5,70.8,90.0,100.0,1.0,70.4,Pleasant,47.4
08-04-22,16.4,5.3,10.8,13.4,3.0,0.0,0.0,0.0,26.9,10.1,3,False,15,79.0,100.0,66.2,97.42914597968227,0,86.0,Nice,False,True,88.2,73.6,100.0,100.0,1.0,88.9,Nice,83.1
09-04-22,19.7,5.9,12.8,17.5,3.2,0.0,0.0,0.0,18.7,7.3,3,False,15,89.0,100.0,82.6,87.30759484255209,0,87.8,Nice,False,True,89.3,90.0,100.0,100.0,1.0,93.5,Excellent,88.9
10-04-22,10.3,3.3,5.7,9.0,-0.4,13.2,13.2,0.0,16.6,11.3,61,False,15,53.5,47.2,86.8,0.0,0,35.4,Poor,True,False,34.5,56.0,20.0,100.0,1.0,38.4,Poor,6.7
11-04-22,9.3,2.2,5.1,5.1,-1.6,1.5,1.3,0.14,18.8,12.3,71,False,15,50.5,94.0,82.4,83.69672287503896,-20,69.8,Pleasant,False,True,73.5,40.4,90.0,100.0,1.0,69.9,Pleasant,51.9
12-04-22,10.2,-1.6,5.0,7.3,-5.5,0.0,0.0,0.0,13.2,8.1,3,False,15,50.0,100.0,93.6,59.76156230518015,0,63.4,Pleasant,False,False,65.8,49.2,100.0,100.0,1.0,71.6,Pleasant,53.4
13-04-22,12.7,0.6,6.5,9.7,-2.3,0.0,0.0,0.0,11.8,6.4,2,False,15,57.5,100.0,96.4,96.81799788655412,0,79.6,Nice,False,True,83.5,58.8,100.0,100.0,1.0,82.9,Nice,74.0
14-04-22,17.6,1.6,9.5,16.1,-1.7,0.0,0.0,0.0,5.5,3.2,3,False,15,72.5,100.0,100.0,96.44984206338363,0,85.8,Nice,False,True,89.0,84.4,100.0,100.0,1.0,93.0,Excellent,89.2
15-04-22,20.2,2.3,11.5,19.3,-0.2,0.0,0.0,0.0,11.3,4.7,3,False,15,82.5,100.0,97.4,95.6897578265572,0,89.3,Nice,False,True,91.9,97.2,100.0,100.0,1.0,98.0,Excellent,96.6
16-04-22,17.3,6.5,11.5,14.9,3.8,4.2,4.2,0.0,19.5,8.8,61,False,15,82.5,83.2,81.0,88.30000840631246,0,82.9,Nice,False,True,84.8,79.6,75.0,100.0,1.0,82.0,Nice,62.3
17-04-22,9.2,-0.3,5.0,7.7,-3.7,4.6,4.6,0.0,16.9,8.3,53,False,15,50.0,81.6,86.2,0.18514035701157464,0,39.2,Poor,False,False,38.4,50.8,75.0,100.0,1.0,52.9,Average,22.9
18-04-22,8.3,-1.2,3.7,5.7,-4.2,0.1,0.1,0.0,6.8,3.1,51,False,15,43.5,99.6,100.0,95.00518366958333,0,73.6,Pleasant,False,True,78.2,42.8,90.0,100.0,1.0,73.1,Pleasant,57.3
19-04-22,9.8,-2.6,3.1,8.0,-6.3,0.4,0.3,0.07,9.0,4.8,71,False,15,40.5,98.4,100.0,78.52933354232292,-20,66.0,Pleasant,False,True,70.3,52.0,90.0,100.0,1.0,73.5,Pleasant,56.4
20-04-22,11.4,-3.2,4.6,9.7,-6.6,0.2,0.2,0.0,14.5,5.0,51,False,15,48.0,99.2,91.0,94.30253502543246,0,74.4,Pleasant,False,True,78.5,58.8,90.0,100.0,1.0,79.4,Nice,65.7
21-04-22,13.5,0.2,6.9,11.1,-2.8,0.0,0.0,0.0,8.6,6.0,3,False,15,59.5,100.0,100.0,93.9568103831109,0,79.7,Nice,False,True,83.4,64.4,100.0,100.0,1.0,84.6,Nice,76.2
22-04-22,15.7,1.6,9.1,13.5,-1.1,1.5,1.5,0.0,23.2,11.8,53,False,15,70.5,94.0,73.6,47.57460805666195,0,64.8,Pleasant,False,False,65.2,74.0,90.0,100.0,1.0,76.1,Nice,57.1
23-04-22,16.1,9.1,11.9,14.5,7.8,6.9,6.9,0.0,16.2,8.2,63,False,15,84.5,72.4,87.6,46.44763696664328,0,67.9,Pleasant,False,False,67.8,78.0,55.0,100.0,1.0,67.0,Pleasant,36.0
24-04-22,20.8,5.5,13.4,19.9,4.0,0.0,0.0,0.0,17.2,7.2,3,False,15,92.0,100.0,85.6,93.04389307481503,0,91.2,Excellent,False,True,93.0,99.6,100.0,100.0,1.0,98.4,Excellent,97.0
25-04-22,17.2,8.0,12.8,16.1,6.2,5.1,5.1,0.0,27.7,12.5,61,False,15,89.0,79.6,64.6,78.97728846913468,0,80.4,Nice,False,True,81.1,84.4,75.0,100.0,1.0,82.1,Nice,61.7
26-04-22,19.5,5.1,12.1,17.7,2.9,0.0,0.0,0.0,13.0,6.1,3,False,15,85.5,100.0,94.0,86.60637023165411,0,87.0,Nice,False,True,89.0,90.8,100.0,100.0,1.0,93.6,Excellent,89.1
27-04-22,18.0,7.8,12.1,17.8,5.9,11.5,11.5,0.0,10.3,4.8,63,False,15,85.5,54.0,99.4,91.78357138772225,0,82.4,Nice,True,True,84.7,91.2,40.0,100.0,1.0,76.8,Nice,36.6
28-04-22,12.5,8.4,10.0,11.7,7.3,15.4,15.4,0.0,13.8,5.8,63,False,15,75.0,38.4,92.4,13.559948771994835,0,47.9,Average,True,False,46.7,66.8,20.0,100.0,1.0,45.4,Average,9.1
29-04-22,15.2,7.4,10.6,14.7,5.5,2.3,2.3,0.0,10.6,4.7,53,False,15,78.0,90.8,98.8,70.42725816730967,0,77.4,Nice,False,True,79.0,78.8,90.0,100.0,1.0,82.6,Nice,67.9
30-04-22,17.1,5.1,11.0,16.2,2.4,0.1,0.1,0.0,8.7,6.2,51,False,15,80.0,99.6,100.0,93.3223320962454,0,87.6,Nice,False,True,90.3,84.8,90.0,100.0,1.0,89.6,Nice,79.4
01-05-22,17.6,6.7,12.4,14.9,4.5,0.1,0.1,0.0,15.8,10.1,51,False,20,62.0,99.6,88.4,93.61806678259074,0,79.6,Nice,False,True,82.9,79.6,90.0,100.0,1.0,87.6,Nice,76.7
02-05-22,17.6,7.2,12.9,15.2,5.0,0.0,0.0,0.0,16.6,11.1,3,False,20,64.5,100.0,86.8,93.24496175906559,0,80.4,Nice,False,True,83.6,80.8,100.0,100.0,1.0,91.0,Excellent,85.8
03-05-22,18.2,7.9,13.1,17.5,5.5,0.0,0.0,0.0,14.1,6.7,3,False,20,65.5,100.0,91.8,71.76248814238502,0,73.7,Pleasant,False,True,75.8,90.0,100.0,100.0,1.0,90.4,Excellent,82.7
04-05-22,18.7,8.3,12.4,18.1,6.2,6.1,6.1,0.0,15.0,6.0,61,False,20,62.0,75.6,90.0,84.25670464597414,0,72.8,Pleasant,False,True,75.7,92.4,55.0,100.0,1.0,80.3,Nice,49.0
05-05-22,19.2,7.2,13.0,19.3,5.5,0.0,0.0,0.0,8.6,5.1,3,False,20,65.0,100.0,100.0,91.4938916264459,0,81.0,Nice,False,True,84.3,97.2,100.0,100.0,1.0,97.2,Excellent,94.9
06-05-22,20.8,7.2,14.1,19.8,4.9,0.0,0.0,0.0,15.9,8.9,3,False,20,70.5,100.0,88.2,94.74014086644719,0,83.4,Nice,False,True,86.4,99.2,100.0,100.0,1.0,98.6,Excellent,97.4
07-05-22,21.0,8.2,15.3,20.7,5.6,0.0,0.0,0.0,13.5,9.7,3,False,20,76.5,100.0,93.0,84.62524983883361,0,82.7,Nice,False,True,84.9,100.0,100.0,100.0,1.0,96.9,Excellent,93.9
08-05-22,21.9,8.5,15.2,21.7,5.8,0.0,0.0,0.0,10.1,6.2,3,False,20,76.0,100.0,99.8,87.60261164644322,0,84.0,Nice,False,True,86.6,100.0,100.0,100.0,1.0,97.5,Excellent,95.0
09-05-22,21.1,9.7,14.6,21.6,7.3,11.4,11.4,0.0,16.2,5.0,65,False,20,73.0,54.4,87.6,72.89317817336371,0,69.9,Pleasant,True,True,71.6,100.0,40.0,100.0,1.0,76.6,Nice,35.7
10-05-22,18.9,9.7,13.7,20.2,8.6,4.1,4.1,0.0,12.3,4.7,63,False,20,68.5,83.6,95.4,81.01836139193188,0,75.9,Nice,False,True,78.5,100.0,75.0,100.0,1.0,88.7,Nice,69.3
11-05-22,21.2,6.5,14.2,20.7,4.8,0.1,0.1,0.0,10.7,4.9,51,False,20,71.0,99.6,98.6,94.1042974699165,0,84.2,Nice,False,True,87.3,100.0,90.0,100.0,1.0,95.8,Excellent,87.9
12-05-22,24.7,8.8,16.9,25.3,7.2,0.0,0.0,0.0,7.6,4.9,3,False,20,84.5,100.0,100.0,95.60934496586233,0,90.3,Excellent,False,True,92.8,100.0,100.0,100.0,1.0,99.1,Excellent,98.2
13-05-22,26.9,10.5,19.2,28.5,9.3,0.1,0.1,0.0,8.4,4.6,51,False,20,96.0,99.6,100.0,94.7328517161051,0,94.5,Excellent,False,True,96.4,88.5,90.0,100.0,1.0,91.3,Excellent,81.9
14-05-22,22.6,12.8,17.8,22.7,12.2,2.1,2.1,0.0,12.5,7.0,53,False,20,89.0,91.6,95.0,83.05505791893307,0,86.0,Nice,False,True,87.6,100.0,90.0,100.0,1.0,93.6,Excellent,83.9
15-05-22,22.5,11.6,17.6,23.5,10.7,0.0,0.0,0.0,9.7,5.0,3,False,20,88.0,100.0,100.0,92.73565139700229,0,90.7,Excellent,False,True,92.9,100.0,100.0,100.0,1.0,98.5,Excellent,97.1
16-05-22,24.5,10.1,17.6,24.1,9.1,0.0,0.0,0.0,14.2,6.2,3,False,20,88.0,100.0,91.6,95.15518653318668,0,90.8,Excellent,False,True,93.0,100.0,100.0,100.0,1.0,99.0,Excellent,98.1
17-05-22,23.9,12.9,17.1,24.3,11.1,3.0,3.0,0.0,14.5,4.6,61,False,20,85.5,88.0,91.0,59.971369224100044,0,75.7,Nice,False,False,76.2,100.0,75.0,100.0,1.0,84.5,Nice,63.0
18-05-22,15.6,10.3,13.7,14.8,6.6,14.1,14.1,0.0,22.6,12.9,63,False,20,68.5,43.6,74.8,65.30712324755731,0,62.8,Pleasant,True,False,64.1,79.2,20.0,100.0,1.0,60.7,Pleasant,14.7
19-05-22,19.6,5.3,13.0,18.2,2.5,0.0,0.0,0.0,9.7,6.5,2,False,20,65.0,100.0,100.0,96.31967232439266,0,82.7,Nice,False,True,86.3,92.8,100.0,100.0,1.0,96.4,Excellent,94.2
20-05-22,23.9,7.5,15.7,24.1,5.4,0.0,0.0,0.0,6.1,3.7,3,False,20,78.5,100.0,100.0,93.33659063997807,0,87.1,Nice,False,True,89.8,100.0,100.0,100.0,1.0,98.7,Excellent,97.3
21-05-22,28.0,8.8,18.8,28.6,6.6,0.0,0.0,0.0,23.3,9.8,3,False,20,94.0,100.0,73.4,95.78119331070177,0,92.0,Excellent,False,True,93.6,87.7,100.0,100.0,1.0,94.2,Excellent,90.9
22-05-22,19.7,13.6,17.5,16.8,12.1,0.0,0.0,0.0,16.3,12.0,3,False,20,87.5,100.0,87.4,56.9372949078145,0,76.9,Nice,False,False,77.1,87.2,100.0,100.0,1.0,86.3,Nice,75.1
23-05-22,20.7,10.2,15.5,18.0,8.9,0.4,0.4,0.0,15.6,7.9,51,False,20,77.5,98.4,88.8,78.14879018737453,0,80.2,Nice,False,True,82.0,92.0,90.0,100.0,1.0,89.4,Nice,77.8
24-05-22,22.8,8.5,15.0,24.0,6.6,1.1,1.1,0.0,12.5,6.1,51,False,20,75.0,95.6,95.0,61.26341769961474,0,73.4,Pleasant,False,False,74.6,100.0,90.0,100.0,1.0,89.3,Nice,76.1
25-05-22,26.2,10.1,18.4,27.7,8.9,0.5,0.5,0.0,11.2,7.5,53,False,20,92.0,98.0,97.6,89.30968076411854,0,90.6,Excellent,False,True,92.4,94.6,90.0,100.0,1.0,92.7,Excellent,83.2
26-05-22,22.7,15.3,19.1,21.5,15.0,16.0,16.0,0.0,23.2,15.0,65,False,20,95.5,36.0,73.6,84.90504423044825,0,79.2,Nice,True,True,80.1,100.0,20.0,100.0,1.0,73.0,Pleasant,18.8
27-05-22,24.4,11.1,18.2,23.6,10.1,0.0,0.0,0.0,16.4,7.6,3,False,20,91.0,100.0,87.2,97.28161348598707,0,92.4,Excellent,False,True,94.5,100.0,100.0,100.0,1.0,99.5,Excellent,98.9
28-05-22,20.3,11.0,15.5,19.9,10.1,3.8,3.8,0.0,14.4,6.5,55,False,20,77.5,84.8,91.2,36.41543507665704,0,63.8,Pleasant,False,False,63.5,99.6,75.0,100.0,1.0,79.6,Nice,55.7
29-05-22,17.3,11.5,14.1,16.4,11.2,2.6,2.6,0.0,12.3,7.4,53,False,20,70.5,89.6,95.4,38.54905237163723,0,62.8,Pleasant,False,False,63.1,85.6,90.0,100.0,1.0,78.9,Nice,60.1
30-05-22,22.3,13.4,17.2,22.5,12.8,6.0,6.0,0.0,14.1,7.4,61,False,20,86.0,76.0,91.8,92.1064532122705,0,85.4,Nice,False,True,87.5,100.0,55.0,100.0,1.0,84.9,Nice,53.3
31-05-22,23.1,12.7,17.9,25.1,12.2,1.3,1.3,0.0,8.9,4.5,61,False,20,89.5,94.8,100.0,96.07649453047998,0,91.6,Excellent,False,True,94.0,100.0,90.0,100.0,1.0,96.2,Excellent,88.6
01-06-22,25.4,12.4,18.8,27.3,12.2,0.0,0.0,0.0,10.9,5.4,3,False,24,74.0,100.0,98.2,93.32978870636612,0,85.1,Nice,False,True,88.1,97.7,100.0,100.0,1.0,97.7,Excellent,95.9
02-06-22,27.2,13.6,20.2,29.8,13.1,0.2,0.2,0.0,14.8,4.9,51,False,24,81.0,99.2,90.4,94.89119476508948,0,87.7,Nice,False,True,90.2,78.5,90.0,100.0,1.0,87.4,Nice,76.5
03-06-22,25.4,15.4,20.3,29.0,15.9,4.7,4.7,0.0,7.7,4.4,63,False,24,81.5,81.2,100.0,87.03114013211574,0,83.2,Nice,False,True,85.5,84.6,75.0,100.0,1.0,83.8,Nice,64.2
04-06-22,26.2,14.3,21.1,27.5,14.4,0.4,0.4,0.0,16.1,8.3,51,False,24,85.5,98.4,87.8,91.43598861727564,0,88.0,Nice,False,True,90.0,96.2,90.0,100.0,1.0,93.7,Excellent,84.8
05-06-22,24.1,16.3,19.5,27.6,17.0,18.2,18.2,0.0,15.5,6.0,63,False,24,77.5,27.200000000000003,89.0,56.90581199665674,0,62.1,Pleasant,True,False,62.9,95.4,20.0,100.0,1.0,65.5,Pleasant,16.0
06-06-22,23.8,14.6,18.7,25.2,14.7,0.1,0.1,0.0,12.0,7.4,51,False,24,73.5,99.6,96.0,92.33932178566921,0,84.3,Nice,False,True,87.2,100.0,90.0,100.0,1.0,95.5,Excellent,87.2
07-06-22,25.0,12.0,18.9,26.0,11.4,0.0,0.0,0.0,12.5,8.0,0,False,24,74.5,100.0,95.0,96.14569705274268,0,86.1,Nice,False,True,89.0,100.0,100.0,100.0,1.0,99.2,Excellent,98.5
08-06-22,24.9,13.5,19.9,25.4,13.2,0.9,0.9,0.0,16.9,11.3,53,False,24,79.5,96.4,86.2,95.04546115837472,0,86.4,Nice,False,True,88.9,100.0,90.0,100.0,1.0,96.0,Excellent,88.2
09-06-22,23.7,15.6,19.4,24.2,15.5,2.2,2.2,0.0,15.8,6.8,61,False,24,77.0,91.2,88.4,91.85339801392007,0,83.7,Nice,False,True,86.2,100.0,90.0,100.0,1.0,95.4,Excellent,87.1
10-06-22,24.8,13.2,19.1,24.9,13.5,0.1,0.1,0.0,16.6,8.1,51,False,24,75.5,99.6,86.8,90.70694870912781,0,83.8,Nice,False,True,86.3,100.0,90.0,100.0,1.0,95.1,Excellent,86.7
11-06-22,22.3,14.1,18.0,23.7,14.4,19.1,19.1,0.0,8.4,4.7,63,False,24,70.0,23.599999999999994,100.0,72.74696468113521,0,65.0,Pleasant,True,True,67.1,100.0,20.0,100.0,1.0,70.5,Pleasant,17.8
12-06-22,23.9,16.0,18.9,26.9,17.0,12.2,12.2,0.0,9.0,5.4,63,False,24,74.5,51.2,100.0,69.3813994852587,0,69.8,Pleasant,True,False,71.5,100.0,20.0,100.0,1.0,69.9,Pleasant,17.6
13-06-22,25.3,13.8,19.7,28.5,13.8,0.3,0.3,0.0,11.0,4.5,51,False,24,78.5,98.8,98.0,93.52164416906709,0,86.8,Nice,False,True,89.5,88.5,90.0,100.0,1.0,91.1,Excellent,81.4
14-06-22,23.0,13.1,18.4,22.8,12.8,0.7,0.7,0.0,14.3,8.9,51,False,24,72.0,97.2,91.4,91.9143815091191,0,82.9,Nice,False,True,85.7,100.0,90.0,100.0,1.0,95.4,Excellent,87.1
15-06-22,22.7,11.7,17.6,23.8,11.0,0.0,0.0,0.0,8.0,4.3,3,False,24,68.0,100.0,100.0,95.53347395624814,0,83.6,Nice,False,True,87.0,100.0,100.0,100.0,1.0,99.1,Excellent,98.2
16-06-22,24.3,11.8,18.4,25.6,11.0,0.0,0.0,0.0,6.7,3.1,3,False,24,72.0,100.0,100.0,95.49211774461058,0,85.2,Nice,False,True,88.4,100.0,100.0,100.0,1.0,99.1,Excellent,98.2
17-06-22,22.8,12.0,17.4,24.5,11.4,4.5,4.5,0.0,15.8,6.3,61,False,24,67.0,82.0,88.4,62.09739333279948,0,67.9,Pleasant,False,False,69.4,100.0,75.0,100.0,1.0,84.9,Nice,63.6
18-06-22,23.2,12.4,17.6,23.4,12.3,3.9,3.9,0.0,9.4,5.4,61,False,24,68.0,84.4,100.0,78.52550247681795,0,75.3,Nice,False,True,77.9,100.0,75.0,100.0,1.0,88.2,Nice,68.6
19-06-22,26.6,13.6,19.8,27.9,12.6,0.0,0.0,0.0,12.0,4.9,1,False,24,79.0,100.0,96.0,95.41354172593202,0,87.7,Nice,False,True,90.4,93.1,100.0,100.0,1.0,96.3,Excellent,94.0
20-06-22,27.8,13.9,21.3,30.4,14.0,0.0,0.0,0.0,8.3,4.8,3,False,24,86.5,100.0,100.0,95.40246678978296,0,91.0,Excellent,False,True,93.4,73.8,100.0,100.0,1.0,88.6,Nice,82.5
21-06-22,27.5,16.0,22.1,27.2,15.6,1.5,1.5,0.0,29.3,14.2,61,False,24,90.5,94.0,61.4,95.39894425168362,0,88.6,Nice,False,True,90.1,98.5,90.0,100.0,1.0,95.5,Excellent,87.5
22-06-22,24.0,12.6,18.7,22.7,10.2,0.0,0.0,0.0,16.5,12.0,3,False,24,73.5,100.0,87.0,95.22211398109114,0,84.7,Nice,False,True,87.5,100.0,100.0,100.0,1.0,99.0,Excellent,98.1
23-06-22,24.9,13.2,19.5,23.9,11.9,0.0,0.0,0.0,13.7,7.0,3,False,24,77.5,100.0,92.6,66.69763513513514,0,76.8,Nice,False,False,78.1,100.0,100.0,100.0,1.0,93.3,Excellent,86.7
24-06-22,26.2,13.2,20.2,27.1,12.3,0.0,0.0,0.0,9.5,4.1,3,False,24,81.0,100.0,100.0,95.43347297253354,0,88.8,Nice,False,True,91.5,99.2,100.0,100.0,1.0,98.8,Excellent,97.7
25-06-22,28.3,13.5,21.2,30.3,12.8,0.0,0.0,0.0,10.1,6.1,3,False,24,86.0,100.0,99.8,95.45997654866576,0,90.8,Excellent,False,True,93.3,74.6,100.0,100.0,1.0,88.9,Nice,83.0
26-06-22,23.8,17.5,20.6,26.3,17.3,1.5,1.5,0.0,9.7,5.7,53,False,24,83.0,94.0,100.0,71.48666356606145,0,80.3,Nice,False,True,81.7,100.0,90.0,100.0,1.0,91.3,Excellent,79.7
27-06-22,26.4,14.0,20.7,28.4,15.2,0.1,0.1,0.0,6.8,4.4,51,False,24,83.5,99.6,100.0,94.26053794530745,0,89.3,Nice,False,True,91.9,89.2,90.0,100.0,1.0,91.5,Excellent,82.1
28-06-22,26.8,14.7,21.5,28.7,15.2,0.4,0.4,0.0,14.1,5.0,51,False,24,87.5,98.4,91.8,95.58417062411685,0,90.6,Excellent,False,True,92.8,86.9,90.0,100.0,1.0,90.9,Excellent,81.3
29-06-22,30.9,15.4,23.6,31.9,15.9,0.0,0.0,0.0,11.3,7.1,0,False,24,98.0,100.0,97.4,95.64042600371084,0,95.5,Excellent,False,True,97.3,62.3,100.0,100.0,1.0,84.1,Nice,75.6
30-06-22,32.2,15.6,24.7,35.1,15.9,0.0,0.0,0.0,12.6,6.7,3,False,24,96.5,100.0,94.8,82.5634088231713,0,90.1,Excellent,False,True,91.3,37.7,100.0,100.0,1.0,71.6,Pleasant,55.6
01-07-22,32.1,18.0,25.4,35.4,19.1,0.0,0.0,0.0,12.1,4.8,3,False,26,97.0,100.0,95.8,95.06098479144708,0,94.7,Excellent,False,True,96.6,35.4,100.0,100.0,1.0,73.2,Pleasant,59.3
02-07-22,31.2,18.2,25.1,34.6,19.4,0.5,0.5,0.0,11.6,5.0,53,False,26,95.5,98.0,96.8,95.85355281193497,0,94.2,Excellent,False,True,96.1,41.5,90.0,100.0,1.0,72.8,Pleasant,56.9
03-07-22,30.5,17.7,24.4,33.6,19.1,0.6,0.6,0.0,9.0,4.8,53,False,26,92.0,97.6,100.0,95.31194978699484,0,92.8,Excellent,False,True,95.0,49.2,90.0,100.0,1.0,75.8,Nice,60.9
04-07-22,29.5,18.5,24.3,33.8,20.6,0.3,0.3,0.0,8.3,3.5,51,False,26,91.5,98.8,100.0,96.03530684703283,0,93.0,Excellent,False,True,95.3,47.7,90.0,100.0,1.0,75.3,Nice,60.3
05-07-22,31.1,17.6,24.6,32.7,19.0,0.0,0.0,0.0,13.1,5.5,3,False,26,93.0,100.0,93.8,84.13667116618461,0,89.2,Nice,False,True,90.6,56.2,100.0,100.0,1.0,79.3,Nice,67.3
06-07-22,23.0,17.4,20.1,24.8,18.1,5.7,5.7,0.0,13.9,7.1,61,False,26,70.5,77.2,92.2,23.04965234269866,0,55.2,Average,False,False,54.7,100.0,75.0,100.0,1.0,77.1,Nice,51.9
07-07-22,24.6,15.9,20.0,24.9,16.5,1.1,1.1,0.0,12.7,7.7,51,False,26,70.0,95.6,94.6,96.107957815538,0,83.5,Nice,False,True,86.7,100.0,90.0,100.0,1.0,96.2,Excellent,88.6
08-07-22,25.4,13.9,20.0,26.8,13.5,0.0,0.0,0.0,6.8,4.2,3,False,26,70.0,100.0,100.0,80.15532503141453,0,79.1,Nice,False,True,81.6,100.0,100.0,100.0,1.0,96.0,Excellent,92.1
09-07-22,23.0,15.6,19.2,24.6,15.5,2.6,2.6,0.0,15.4,7.6,53,False,26,66.0,89.6,89.2,75.57005390654706,0,73.4,Pleasant,False,True,75.7,100.0,90.0,100.0,1.0,92.1,Excellent,81.2
10-07-22,22.5,14.2,18.0,22.1,10.7,0.9,0.9,0.0,22.0,7.3,51,False,26,60.0,96.4,76.0,77.35779809279819,0,71.6,Pleasant,False,True,74.0,100.0,90.0,100.0,1.0,92.5,Excellent,81.8
11-07-22,20.4,11.8,15.7,18.9,10.2,2.6,2.6,0.0,16.6,7.6,53,False,26,48.5,89.6,86.8,87.69831334383287,0,70.5,Pleasant,False,True,74.2,95.6,90.0,100.0,1.0,92.8,Excellent,83.2
12-07-22,20.3,9.1,15.1,18.4,8.2,0.5,0.5,0.0,21.1,8.2,51,False,26,45.5,98.0,77.8,93.68896242550014,0,71.9,Pleasant,False,True,75.9,93.6,90.0,100.0,1.0,93.2,Excellent,84.3
13-07-22,23.4,9.5,17.3,20.7,8.2,0.0,0.0,0.0,21.6,9.6,3,False,26,56.5,100.0,76.8,63.55417456259954,0,66.0,Pleasant,False,False,67.9,100.0,100.0,100.0,1.0,92.7,Excellent,85.4
14-07-22,28.1,14.6,21.4,28.7,12.5,0.0,0.0,0.0,10.9,5.9,0,False,26,77.0,100.0,98.2,97.40472329933608,0,87.7,Nice,False,True,90.7,86.9,100.0,100.0,1.0,94.3,Excellent,91.1
15-07-22,29.9,13.4,22.8,29.7,13.2,0.0,0.0,0.0,17.7,7.4,3,False,26,84.0,100.0,84.6,97.5797334844494,0,89.5,Nice,False,True,91.9,79.2,100.0,100.0,1.0,91.2,Excellent,86.6
16-07-22,26.5,17.3,21.5,25.3,16.7,0.0,0.0,0.0,20.8,9.3,3,False,26,77.5,100.0,78.4,94.83059831894558,0,85.5,Nice,False,True,87.9,100.0,100.0,100.0,1.0,99.0,Excellent,97.9
17-07-22,25.2,15.2,20.2,23.8,14.3,0.0,0.0,0.0,15.9,10.2,3,False,26,71.0,100.0,88.2,97.94829164575441,0,84.7,Nice,False,True,87.8,100.0,100.0,100.0,1.0,99.6,Excellent,99.2
18-07-22,24.8,13.3,19.3,24.8,11.8,0.0,0.0,0.0,11.8,5.0,3,False,26,66.5,100.0,96.4,93.34964057489843,0,82.0,Nice,False,True,85.3,100.0,100.0,100.0,1.0,98.7,Excellent,97.3
19-07-22,27.2,12.2,20.1,28.1,10.9,0.0,0.0,0.0,9.6,4.4,1,False,26,70.5,100.0,100.0,98.34046817711555,0,85.6,Nice,False,True,89.0,91.5,100.0,100.0,1.0,96.3,Excellent,94.3
20-07-22,29.7,14.6,22.4,29.9,13.8,0.0,0.0,0.0,11.3,5.6,3,False,26,82.0,100.0,97.4,94.03978041987827,0,88.5,Nice,False,True,91.1,77.7,100.0,100.0,1.0,89.9,Nice,84.2
21-07-22,30.7,17.6,24.3,31.4,16.6,0.0,0.0,0.0,12.2,7.6,0,False,26,91.5,100.0,95.6,98.70450027916547,0,93.8,Excellent,False,True,96.1,66.2,100.0,100.0,1.0,86.2,Nice,79.2
22-07-22,32.1,17.4,24.6,32.4,16.7,0.0,0.0,0.0,8.1,4.9,0,False,26,93.0,100.0,100.0,98.76604212138778,0,94.8,Excellent,False,True,97.1,58.5,100.0,100.0,1.0,83.1,Nice,74.6
23-07-22,34.3,19.1,27.1,35.7,20.0,0.0,0.0,0.0,6.8,3.9,2,False,26,94.5,100.0,100.0,98.76594733991031,0,95.4,Excellent,False,True,97.6,33.1,100.0,100.0,1.0,73.0,Pleasant,59.4
24-07-22,33.4,19.1,26.0,32.8,19.2,0.3,0.3,0.0,27.7,11.1,51,False,26,100.0,98.8,64.6,87.62819404575355,0,90.7,Excellent,False,True,91.3,55.4,90.0,100.0,1.0,76.7,Nice,61.5
25-07-22,30.0,18.5,23.9,31.5,19.4,0.0,0.0,0.0,9.8,6.4,3,False,26,89.5,100.0,100.0,98.76578822694778,0,93.4,Excellent,False,True,95.8,65.4,100.0,100.0,1.0,85.9,Nice,78.7
26-07-22,32.8,17.4,25.0,34.0,17.3,0.0,0.0,0.0,9.7,4.8,3,False,26,95.0,100.0,100.0,97.1192237807792,0,95.0,Excellent,False,True,97.1,46.2,100.0,100.0,1.0,77.9,Nice,66.5
27-07-22,30.6,18.7,24.5,30.9,17.8,0.0,0.0,0.0,14.8,9.0,3,False,26,92.5,100.0,90.4,95.65126668420051,0,92.7,Excellent,False,True,94.7,70.0,100.0,100.0,1.0,87.1,Nice,80.3
28-07-22,27.0,17.9,21.5,29.0,18.8,32.0,32.0,0.0,11.2,6.7,65,False,26,77.5,0.0,97.6,50.998513461596396,0,56.7,Average,True,False,57.3,84.6,0.0,100.0,1.0,54.0,Average,0.0
29-07-22,28.2,17.6,22.5,29.4,19.6,5.8,5.8,0.0,15.2,7.6,63,False,26,82.5,76.8,89.6,87.55100971596768,0,82.3,Nice,False,True,84.4,81.5,75.0,100.0,1.0,82.6,Nice,63.0
30-07-22,29.1,18.5,23.4,29.6,20.2,1.8,1.8,0.0,16.6,8.6,53,False,26,87.0,92.8,86.8,82.88800025425171,0,84.7,Nice,False,True,86.2,80.0,90.0,100.0,1.0,85.6,Nice,73.0
31-07-22,24.9,17.6,20.5,24.2,17.6,8.4,8.4,0.0,21.5,10.9,63,False,26,72.5,66.4,77.0,77.58234127876808,0,72.3,Pleasant,False,True,74.1,100.0,55.0,100.0,1.0,82.0,Nice,50.1
01-08-22,21.3,15.9,18.4,20.9,15.0,0.6,0.6,0.0,17.1,8.8,51,False,25,67.0,97.6,85.8,50.75270931552621,0,66.1,Pleasant,False,False,67.0,100.0,90.0,100.0,1.0,87.2,Nice,72.3
02-08-22,26.0,15.8,20.5,26.4,16.8,0.3,0.3,0.0,13.7,6.9,51,False,25,77.5,98.8,92.6,92.40908475644771,0,85.6,Nice,False,True,88.2,100.0,90.0,100.0,1.0,95.5,Excellent,87.3
03-08-22,28.0,14.7,21.6,29.2,14.2,0.0,0.0,0.0,8.6,5.5,1,False,25,83.0,100.0,100.0,94.82258804614018,0,89.4,Nice,False,True,92.0,83.1,100.0,100.0,1.0,92.2,Excellent,87.8
04-08-22,28.7,15.5,22.6,29.9,16.0,0.0,0.0,0.0,8.2,4.0,1,False,25,88.0,100.0,100.0,94.54002043325478,0,91.3,Excellent,False,True,93.6,77.7,100.0,100.0,1.0,90.0,Excellent,84.4
05-08-22,30.3,16.0,23.4,32.2,16.3,0.0,0.0,0.0,8.4,3.6,0,False,25,92.0,100.0,100.0,94.26435214698351,0,92.8,Excellent,False,True,94.9,60.0,100.0,100.0,1.0,82.9,Nice,73.7
06-08-22,32.2,18.0,24.8,33.5,18.3,0.0,0.0,0.0,10.1,4.2,3,False,25,99.0,100.0,99.8,93.31778586264905,0,95.2,Excellent,False,True,97.0,50.0,100.0,100.0,1.0,78.7,Nice,67.3
07-08-22,30.0,18.9,24.3,32.3,20.0,0.0,0.0,0.0,13.0,6.0,1,False,25,96.5,100.0,94.0,91.69956579653777,0,93.2,Excellent,False,True,94.9,59.2,100.0,100.0,1.0,82.0,Nice,72.2
08-08-22,28.2,18.0,22.1,29.3,19.1,0.6,0.6,0.0,20.4,6.2,51,False,25,85.5,97.6,79.2,70.15944189292125,0,79.7,Nice,False,True,80.5,82.3,90.0,100.0,1.0,84.0,Nice,69.7
09-08-22,26.4,17.3,21.5,28.2,19.0,9.1,9.1,0.0,17.6,5.6,63,False,25,82.5,63.6,84.8,79.11305032490816,0,77.0,Nice,False,True,78.5,90.8,40.0,100.0,1.0,74.1,Pleasant,34.4
10-08-22,23.1,16.8,19.6,24.2,16.8,5.1,5.1,0.0,11.5,5.5,61,False,25,73.0,79.6,97.0,41.335997738294054,0,63.4,Pleasant,False,False,63.7,100.0,75.0,100.0,1.0,80.8,Nice,57.4
11-08-22,23.6,14.5,19.2,25.3,15.0,0.0,0.0,0.0,7.1,4.5,1,False,25,71.0,100.0,100.0,91.36021680867776,0,83.4,Nice,False,True,86.4,100.0,100.0,100.0,1.0,98.3,Excellent,96.5
12-08-22,26.6,13.2,20.3,27.6,12.8,0.0,0.0,0.0,7.8,3.6,3,False,25,76.5,100.0,100.0,91.79938558551275,0,85.7,Nice,False,True,88.5,95.4,100.0,100.0,1.0,96.5,Excellent,94.0
13-08-22,27.6,15.4,21.4,29.4,15.9,0.0,0.0,0.0,10.5,3.9,3,False,25,82.0,100.0,99.0,91.2793283269413,0,87.7,Nice,False,True,90.1,81.5,100.0,100.0,1.0,90.9,Excellent,85.4
14-08-22,25.1,16.2,20.5,26.8,16.3,0.0,0.0,0.0,7.6,4.1,3,False,25,77.5,100.0,100.0,57.995721969067894,0,74.3,Pleasant,False,False,75.3,100.0,100.0,100.0,1.0,91.6,Excellent,83.2
15-08-22,26.6,16.3,21.2,28.9,17.6,3.5,3.5,0.0,10.4,4.6,61,False,25,81.0,86.0,99.2,83.65157719274039,0,82.5,Nice,False,True,84.6,85.4,75.0,100.0,1.0,83.4,Nice,63.5
16-08-22,27.7,15.5,20.6,28.4,16.4,8.8,8.8,0.0,16.1,5.8,63,False,25,78.0,64.8,87.8,80.6949238959552,0,76.2,Nice,False,True,78.1,89.2,55.0,100.0,1.0,78.3,Nice,47.2
17-08-22,27.5,16.1,21.5,30.1,17.5,1.7,1.7,0.0,15.5,5.9,55,False,25,82.5,93.2,89.0,92.48200355541924,0,86.5,Nice,False,True,88.7,76.2,90.0,100.0,1.0,86.0,Nice,74.4
18-08-22,28.9,17.3,23.5,30.8,18.6,0.1,0.1,0.0,15.8,5.9,51,False,25,92.5,99.6,88.4,92.8039095034971,0,91.5,Excellent,False,True,93.3,70.8,90.0,100.0,1.0,83.9,Nice,71.6
19-08-22,29.7,17.3,23.5,32.6,18.4,0.0,0.0,0.0,8.2,5.5,0,False,25,92.5,100.0,100.0,93.13051047061553,0,92.6,Excellent,False,True,94.6,56.9,100.0,100.0,1.0,81.4,Nice,71.4
20-08-22,30.6,18.6,23.1,33.0,19.9,1.8,1.8,0.0,22.6,7.9,61,False,25,90.5,92.8,74.8,66.91408685455103,0,79.5,Nice,False,False,79.8,53.8,90.0,100.0,1.0,71.9,Pleasant,53.2
21-08-22,25.8,18.5,21.6,27.0,20.4,5.9,5.9,0.0,11.8,6.8,61,False,25,83.0,76.4,96.4,66.99110792842812,0,75.8,Nice,False,False,76.9,100.0,75.0,100.0,1.0,85.9,Nice,65.1
22-08-22,26.1,17.5,20.7,27.0,19.1,4.5,4.5,0.0,13.5,7.9,61,False,25,78.5,82.0,93.0,57.930097280322734,0,71.4,Pleasant,False,False,72.2,100.0,75.0,100.0,1.0,84.1,Nice,62.4
23-08-22,26.3,15.6,20.2,29.1,16.2,0.2,0.2,0.0,10.1,3.8,51,False,25,76.0,99.2,99.8,51.48596702776918,0,71.3,Pleasant,False,False,72.1,83.8,90.0,100.0,1.0,80.8,Nice,63.8
24-08-22,26.7,15.6,20.9,29.6,16.7,0.1,0.1,0.0,6.4,3.9,51,False,25,79.5,99.6,100.0,72.39920086073622,0,80.1,Nice,False,True,81.7,80.0,90.0,100.0,1.0,83.5,Nice,69.3
25-08-22,28.8,17.3,22.8,29.7,18.4,0.0,0.0,0.0,12.9,5.7,1,False,25,89.0,100.0,94.2,95.1774714111687,0,91.4,Excellent,False,True,93.6,79.2,100.0,100.0,1.0,90.7,Excellent,85.6
26-08-22,28.5,16.3,22.7,29.3,16.2,0.0,0.0,0.0,5.9,2.9,0,False,25,88.5,100.0,100.0,95.53141595521618,0,91.8,Excellent,False,True,94.2,82.3,100.0,100.0,1.0,92.0,Excellent,87.6
27-08-22,30.1,15.6,22.0,30.8,15.2,0.0,0.0,0.0,11.3,4.6,1,False,25,85.0,100.0,97.4,95.88847432831969,0,90.4,Excellent,False,True,92.8,70.8,100.0,100.0,1.0,87.5,Nice,80.8
28-08-22,30.9,15.0,22.8,32.2,14.8,0.0,0.0,0.0,6.5,3.8,1,False,25,89.0,100.0,100.0,96.24844933053855,0,92.3,Excellent,False,True,94.6,60.0,100.0,100.0,1.0,83.2,Nice,74.5
29-08-22,28.7,16.1,22.3,29.9,16.1,0.0,0.0,0.0,15.1,4.8,3,False,25,86.5,100.0,89.8,84.34412068467584,0,86.3,Nice,False,True,88.0,77.7,100.0,100.0,1.0,87.9,Nice,80.4
30-08-22,27.2,17.1,20.5,28.4,16.9,2.2,2.2,0.0,19.2,5.1,53,False,25,77.5,91.2,81.6,59.67777730118442,0,72.1,Pleasant,False,False,72.8,89.2,90.0,100.0,1.0,84.6,Nice,69.7
31-08-22,24.1,16.5,19.7,26.6,17.7,7.7,7.7,0.0,7.6,4.3,63,False,25,73.5,69.2,100.0,66.21763539734212,0,71.0,Pleasant,False,False,72.6,100.0,55.0,100.0,1.0,79.7,Nice,47.6
01-09-22,24.8,15.3,18.6,24.8,16.0,11.0,11.0,0.0,12.9,6.3,63,False,21,88.0,56.0,94.2,57.79566474259996,0,71.4,Pleasant,True,False,71.7,100.0,40.0,100.0,1.0,73.6,Pleasant,33.2
02-09-22,16.9,13.1,14.6,17.8,12.5,20.6,20.6,0.0,12.0,8.4,61,False,21,68.0,17.599999999999994,96.0,0.0,0,37.5,Poor,True,False,36.0,91.2,20.0,100.0,1.0,52.5,Average,10.9
03-09-22,19.3,12.8,15.3,19.7,12.5,2.9,2.9,0.0,9.0,4.6,53,False,21,71.5,88.4,100.0,44.904965968715835,0,65.6,Pleasant,False,False,66.2,98.8,90.0,100.0,1.0,85.5,Nice,69.5
04-09-22,21.5,11.5,16.8,22.0,11.4,0.5,0.5,0.0,5.4,2.2,51,False,21,79.0,98.0,100.0,88.00922102727161,0,85.1,Nice,False,True,87.6,100.0,90.0,100.0,1.0,94.6,Excellent,85.7
05-09-22,21.9,12.3,17.1,22.4,11.8,0.5,0.5,0.0,7.2,4.3,51,False,21,80.5,98.0,100.0,87.4750435604273,0,85.5,Nice,False,True,87.9,100.0,90.0,100.0,1.0,94.5,Excellent,85.5
06-09-22,22.7,12.4,17.3,23.3,12.0,0.2,0.2,0.0,8.9,4.2,51,False,21,81.5,99.2,100.0,96.72059196514687,0,89.3,Nice,False,True,92.1,100.0,90.0,100.0,1.0,96.3,Excellent,88.8
07-09-22,23.0,11.1,16.8,23.7,10.2,0.0,0.0,0.0,9.0,4.9,3,False,21,79.0,100.0,100.0,74.7445767392334,0,80.8,Nice,False,True,82.5,100.0,100.0,100.0,1.0,94.9,Excellent,89.9
08-09-22,26.1,11.1,18.6,26.8,10.2,0.0,0.0,0.0,11.6,6.9,3,False,21,88.0,100.0,96.8,88.67049836479052,0,89.0,Nice,False,True,90.9,100.0,100.0,100.0,1.0,97.7,Excellent,95.5
09-09-22,24.4,16.1,18.8,24.6,15.6,7.5,7.5,0.0,15.7,8.2,63,False,21,89.0,70.0,88.6,30.96590425269325,0,64.0,Pleasant,False,False,62.9,100.0,55.0,100.0,1.0,72.7,Pleasant,39.8
10-09-22,23.8,15.1,18.8,25.7,15.4,0.7,0.7,0.0,19.3,6.7,51,False,21,89.0,97.2,81.4,94.97195759556378,0,89.9,Nice,False,True,91.9,100.0,90.0,100.0,1.0,96.0,Excellent,88.2
11-09-22,21.2,12.7,16.7,18.5,12.6,0.0,0.0,0.0,23.7,11.0,3,False,21,78.5,100.0,72.6,92.27393317849392,0,84.5,Nice,False,True,86.6,94.0,100.0,100.0,1.0,96.1,Excellent,93.3
12-09-22,18.7,11.5,14.7,17.7,10.7,1.2,1.2,0.0,15.6,9.3,51,False,21,68.5,95.2,88.8,53.105874027541944,0,67.4,Pleasant,False,False,68.4,90.8,90.0,100.0,1.0,83.9,Nice,68.2
13-09-22,17.6,10.5,14.2,15.8,9.6,0.1,0.1,0.0,15.8,5.6,51,False,21,66.0,99.6,88.4,57.68277943367781,0,68.6,Pleasant,False,False,70.0,83.2,90.0,100.0,1.0,81.8,Nice,65.7
14-09-22,22.3,7.1,15.4,22.5,5.4,0.0,0.0,0.0,8.8,4.2,3,False,21,72.0,100.0,100.0,94.50547878264926,0,84.9,Nice,False,True,88.0,100.0,100.0,100.0,1.0,98.9,Excellent,97.8
15-09-22,25.4,15.8,20.3,25.1,15.5,0.8,0.8,0.0,21.2,9.1,53,False,21,96.5,96.8,77.6,63.75910730706656,0,81.6,Nice,False,False,81.6,100.0,90.0,100.0,1.0,89.8,Nice,77.0
16-09-22,23.0,16.4,19.3,23.2,16.9,0.3,0.3,0.0,19.5,10.0,51,False,21,91.5,98.8,81.0,67.71625279040155,0,81.6,Nice,False,False,82.0,100.0,90.0,100.0,1.0,90.5,Excellent,78.4
17-09-22,16.6,12.9,14.9,17.8,12.2,6.7,6.7,0.0,15.5,6.5,63,False,21,69.5,73.2,89.0,25.32508065709898,0,54.8,Average,False,False,54.3,91.2,55.0,100.0,1.0,68.0,Pleasant,35.7
18-09-22,13.7,9.5,11.8,12.4,4.2,6.1,6.1,0.0,32.8,25.1,63,False,21,54.0,75.6,54.400000000000006,84.81953076970264,0,67.0,Pleasant,False,True,69.6,69.6,55.0,83.0,1.0,69.6,Pleasant,34.6
19-09-22,14.4,5.7,9.6,12.5,3.3,6.2,6.2,0.0,15.8,6.7,63,False,21,43.0,75.2,88.4,47.29237063965808,0,52.1,Average,False,False,54.1,70.0,55.0,100.0,1.0,64.0,Pleasant,33.5
20-09-22,12.5,6.0,9.0,9.6,3.6,3.1,3.1,0.0,15.0,9.1,55,False,21,40.0,87.6,90.0,76.1138699652793,0,63.0,Pleasant,False,True,66.6,58.4,75.0,100.0,1.0,71.1,Pleasant,49.1
21-09-22,12.7,6.8,9.5,11.3,4.8,5.1,5.1,0.0,7.5,4.9,61,False,21,42.5,79.6,100.0,57.470766261160946,0,57.1,Average,False,False,59.8,65.2,75.0,100.0,1.0,70.1,Pleasant,46.6
22-09-22,13.3,7.4,9.8,11.0,5.9,7.5,7.5,0.0,12.3,6.3,61,False,21,44.0,70.0,95.4,55.56984572763458,0,55.2,Average,False,False,57.7,64.0,55.0,100.0,1.0,63.2,Pleasant,33.3
23-09-22,14.3,5.6,9.3,11.5,4.2,3.6,3.6,0.0,14.1,5.4,61,False,21,41.5,85.6,91.8,90.58541495104767,0,68.5,Pleasant,False,True,72.8,66.0,75.0,100.0,1.0,77.0,Nice,56.9
24-09-22,14.7,3.8,9.5,13.0,1.7,0.3,0.3,0.0,10.1,3.6,51,False,21,42.5,98.8,99.8,93.34616459179229,0,72.5,Pleasant,False,True,77.0,72.0,90.0,100.0,1.0,84.5,Nice,72.5
25-09-22,20.1,4.9,12.1,18.9,2.1,0.0,0.0,0.0,11.8,8.3,3,False,21,55.5,100.0,96.4,76.6234638403167,0,71.7,Pleasant,False,True,74.7,95.6,100.0,100.0,1.0,93.6,Excellent,88.0
26-09-22,20.9,10.2,15.5,20.2,8.3,1.1,1.1,0.0,12.5,7.4,53,False,21,72.5,95.6,95.0,55.70948983012265,0,70.4,Pleasant,False,False,71.5,100.0,90.0,100.0,1.0,88.1,Nice,74.1
27-09-22,19.7,10.6,14.8,19.2,9.5,9.0,9.0,0.0,10.1,4.8,61,False,21,69.0,64.0,99.8,89.8585322496779,0,76.6,Nice,False,True,79.7,96.8,40.0,100.0,1.0,78.7,Nice,37.6
28-09-22,15.9,10.1,13.1,16.0,8.9,0.3,0.3,0.0,11.2,5.7,51,False,21,60.5,98.8,97.6,75.78743495789001,0,73.4,Pleasant,False,True,76.1,84.0,90.0,100.0,1.0,85.8,Nice,72.6
29-09-22,21.4,8.4,14.1,20.5,6.8,3.1,3.1,0.0,11.4,7.5,61,False,21,65.5,87.6,97.2,48.74394494970916,0,64.2,Pleasant,False,False,65.3,100.0,75.0,100.0,1.0,82.2,Nice,59.6
30-09-22,24.2,9.4,15.3,23.1,7.8,0.0,0.0,0.0,13.6,7.4,3,False,21,71.5,100.0,92.8,87.29872546784068,0,81.6,Nice,False,True,84.2,100.0,100.0,100.0,1.0,97.5,Excellent,94.9
01-10-22,25.0,11.6,17.4,23.5,10.4,0.8,0.8,0.0,17.2,9.2,53,False,15,88.0,96.8,85.6,67.91543801613697,0,80.3,Nice,False,False,81.0,100.0,90.0,100.0,1.0,90.6,Excellent,78.4
02-10-22,16.2,11.7,14.2,15.9,8.6,0.9,0.9,0.0,29.2,19.1,51,False,15,96.0,96.4,61.6,93.92593418441865,0,90.7,Excellent,False,True,91.8,83.6,90.0,100.0,1.0,89.2,Nice,79.0
03-10-22,13.5,9.7,11.3,11.1,6.9,19.6,19.6,0.0,22.2,9.5,63,False,15,81.5,21.599999999999994,75.6,72.64885017349889,0,67.3,Pleasant,True,True,68.4,64.4,20.0,100.0,1.0,56.3,Average,13.5
04-10-22,13.9,6.5,10.0,11.5,4.2,4.4,4.4,0.0,12.4,7.5,61,False,15,75.0,82.4,95.2,87.22425133626197,0,80.5,Nice,False,True,83.0,66.0,75.0,100.0,1.0,76.3,Nice,55.9
05-10-22,15.0,5.1,10.2,13.9,3.2,0.0,0.0,0.0,6.6,3.3,3,False,15,76.0,100.0,100.0,88.8961943031939,0,84.5,Nice,False,True,87.2,75.6,100.0,100.0,1.0,88.0,Nice,80.9
06-10-22,17.5,4.3,10.9,16.4,1.6,0.0,0.0,0.0,8.6,5.0,3,False,15,79.5,100.0,100.0,94.56279759839221,0,87.9,Nice,False,True,90.7,85.6,100.0,100.0,1.0,93.2,Excellent,89.2
07-10-22,19.4,4.5,11.3,18.5,1.6,0.0,0.0,0.0,9.1,5.5,3,False,15,81.5,100.0,100.0,93.81681207499847,0,88.4,Nice,False,True,91.1,94.0,100.0,100.0,1.0,96.4,Excellent,93.9
08-10-22,19.1,7.8,12.5,18.7,5.5,0.0,0.0,0.0,9.7,4.8,3,False,15,87.5,100.0,100.0,94.89383630170754,0,91.2,Excellent,False,True,93.6,94.8,100.0,100.0,1.0,96.9,Excellent,94.8
09-10-22,19.2,9.4,13.9,18.2,8.2,0.9,0.9,0.0,9.8,3.7,53,False,15,94.5,96.4,100.0,91.96191812835568,0,92.4,Excellent,False,True,94.3,92.8,90.0,100.0,1.0,92.5,Excellent,83.2
10-10-22,19.0,9.7,13.8,16.8,8.2,0.1,0.1,0.0,16.1,9.5,51,False,15,94.0,99.6,87.8,92.53060246836799,0,91.9,Excellent,False,True,93.6,87.2,90.0,100.0,1.0,90.4,Excellent,80.4
11-10-22,17.4,7.7,13.0,17.1,5.5,0.0,0.0,0.0,11.2,5.5,3,False,15,90.0,100.0,97.6,79.92657687983775,0,86.8,Nice,False,True,88.2,88.4,100.0,100.0,1.0,91.3,Excellent,85.0
12-10-22,18.3,8.1,12.9,17.5,6.3,0.2,0.2,0.0,8.7,4.9,51,False,15,89.5,99.2,100.0,86.20365306464618,0,88.9,Nice,False,True,90.7,90.0,90.0,100.0,1.0,90.2,Excellent,79.6
13-10-22,15.2,9.2,12.1,14.9,7.6,6.8,6.8,0.0,8.4,4.1,63,False,15,85.5,72.8,100.0,56.5605283627488,0,72.9,Pleasant,False,False,73.5,79.6,55.0,100.0,1.0,69.7,Pleasant,38.7
14-10-22,17.4,8.2,11.7,15.5,6.2,0.0,0.0,0.0,10.2,6.2,3,False,15,83.5,100.0,99.6,91.45476311071005,0,88.4,Nice,False,True,90.8,82.0,100.0,100.0,1.0,91.1,Excellent,85.8
15-10-22,17.1,7.1,11.7,15.2,4.8,0.0,0.0,0.0,11.2,8.7,2,False,15,83.5,100.0,97.6,92.89396559381531,0,88.7,Nice,False,True,91.1,80.8,100.0,100.0,1.0,90.9,Excellent,85.6
16-10-22,16.8,5.3,10.7,15.6,3.0,0.0,0.0,0.0,8.1,4.9,0,False,15,78.5,100.0,100.0,93.48409763529895,0,87.1,Nice,False,True,89.9,82.4,100.0,100.0,1.0,91.7,Excellent,86.8
17-10-22,17.4,5.2,10.6,16.2,2.6,0.0,0.0,0.0,7.2,4.7,0,False,15,78.0,100.0,100.0,93.20750465074032,0,86.8,Nice,False,True,89.6,84.8,100.0,100.0,1.0,92.6,Excellent,88.2
18-10-22,18.3,6.9,11.7,16.9,4.5,0.0,0.0,0.0,7.2,5.0,3,False,15,83.5,100.0,100.0,92.92349362018946,0,88.9,Nice,False,True,91.4,87.6,100.0,100.0,1.0,93.6,Excellent,89.7
19-10-22,17.1,6.9,11.8,15.7,4.7,0.4,0.4,0.0,7.5,4.1,51,False,15,84.0,98.4,100.0,92.87084683507763,0,88.9,Nice,False,True,91.3,82.8,90.0,100.0,1.0,88.7,Nice,78.1
20-10-22,12.9,5.4,9.4,9.3,2.8,0.0,0.0,0.0,9.5,6.5,3,False,15,72.0,100.0,100.0,93.3207488575337,0,84.5,Nice,False,True,87.5,57.2,100.0,100.0,1.0,81.5,Nice,71.6
21-10-22,16.0,0.9,7.6,13.5,-2.6,0.0,0.0,0.0,10.7,7.3,3,False,15,63.0,100.0,98.6,93.81115119625949,0,80.9,Nice,False,True,84.4,74.0,100.0,100.0,1.0,88.4,Nice,81.9
22-10-22,18.8,6.6,12.7,17.9,3.3,0.0,0.0,0.0,9.7,5.8,3,False,15,88.5,100.0,100.0,94.22783820137903,0,91.4,Excellent,False,True,93.7,91.6,100.0,100.0,1.0,95.5,Excellent,92.7
23-10-22,16.8,9.5,13.5,14.6,8.1,0.1,0.1,0.0,22.6,12.6,51,False,15,92.5,99.6,74.8,94.68424251685445,0,91.1,Excellent,False,True,92.7,78.4,90.0,100.0,1.0,87.3,Nice,76.4
24-10-22,18.8,6.2,11.8,18.3,3.9,0.0,0.0,0.0,9.6,6.3,3,False,15,84.0,100.0,100.0,95.14199678737191,0,89.9,Nice,False,True,92.5,93.2,100.0,100.0,1.0,96.3,Excellent,94.0
25-10-22,19.6,9.0,13.1,18.1,7.3,0.1,0.1,0.0,21.5,9.2,51,False,15,90.5,99.6,77.0,80.05870943344918,0,85.3,Nice,False,True,86.3,92.4,90.0,100.0,1.0,90.0,Excellent,78.7
26-10-22,17.7,8.3,12.6,16.6,6.6,0.1,0.1,0.0,9.4,6.1,51,False,15,88.0,99.6,100.0,90.42932065699574,0,89.8,Nice,False,True,91.9,86.4,90.0,100.0,1.0,89.6,Nice,79.2
27-10-22,18.7,7.1,12.1,17.9,4.8,0.0,0.0,0.0,8.1,4.5,3,False,15,85.5,100.0,100.0,96.32262947542777,0,90.9,Excellent,False,True,93.5,91.6,100.0,100.0,1.0,95.9,Excellent,93.5
28-10-22,17.5,7.4,11.6,16.7,5.8,0.0,0.0,0.0,5.6,3.2,2,False,15,83.0,100.0,100.0,96.55369155358919,0,90.0,Excellent,False,True,92.7,86.8,100.0,100.0,1.0,94.0,Excellent,90.7
29-10-22,17.5,7.9,11.6,16.8,6.1,0.0,0.0,0.0,7.7,3.6,3,False,15,83.0,100.0,100.0,96.78167315645844,0,90.1,Excellent,False,True,92.8,87.2,100.0,100.0,1.0,94.2,Excellent,91.0
30-10-22,16.7,7.1,12.1,16.1,5.2,0.0,0.0,0.0,7.7,3.6,3,False,15,85.5,100.0,100.0,97.00641267405217,0,91.2,Excellent,False,True,93.7,84.4,100.0,100.0,1.0,93.2,Excellent,89.4
31-10-22,17.5,9.4,12.3,17.6,8.1,0.0,0.0,0.0,7.2,3.3,1,False,15,86.5,100.0,100.0,97.23047039876734,0,91.6,Excellent,False,True,94.2,90.4,100.0,100.0,1.0,95.6,Excellent,93.1
01-11-22,18.1,6.3,11.4,18.0,4.1,0.0,0.0,0.0,9.0,5.2,3,False,8,83.0,100.0,100.0,96.55648112593079,0,90.0,Excellent,False,True,92.7,92.0,100.0,100.0,1.0,96.1,Excellent,93.8
02-11-22,16.2,7.5,10.9,15.6,5.7,0.7,0.7,0.0,9.1,4.4,53,False,8,85.5,97.2,100.0,97.6773757652639,0,91.0,Excellent,False,True,93.6,82.4,90.0,100.0,1.0,89.5,Nice,79.7
03-11-22,13.6,5.5,10.6,12.8,3.0,0.0,0.0,0.0,8.8,3.8,3,False,8,87.0,100.0,100.0,65.6040447901549,0,80.8,Nice,False,False,81.7,71.2,100.0,100.0,1.0,81.6,Nice,69.0
04-11-22,17.8,5.1,11.1,15.2,2.5,0.0,0.0,0.0,14.7,9.9,3,False,8,84.5,100.0,90.6,91.26127808926599,0,88.0,Nice,False,True,90.1,80.8,100.0,100.0,1.0,90.6,Excellent,85.0
05-11-22,18.2,9.6,12.6,16.6,7.3,0.3,0.3,0.0,12.0,8.2,51,False,8,77.0,98.8,96.0,38.30991556514075,0,66.7,Pleasant,False,False,66.7,86.4,90.0,100.0,1.0,79.2,Nice,60.4
06-11-22,17.0,7.3,11.0,15.0,5.5,0.0,0.0,0.0,10.1,7.8,3,False,8,85.0,100.0,99.8,63.144314977764374,0,79.1,Nice,False,False,80.0,80.0,100.0,100.0,1.0,84.6,Nice,73.3
07-11-22,16.4,7.5,11.1,15.4,5.6,0.7,0.7,0.0,10.5,6.6,53,False,8,84.5,97.2,99.0,88.51462160665884,0,87.3,Nice,False,True,89.5,81.6,90.0,100.0,1.0,87.3,Nice,75.9
08-11-22,13.7,8.8,11.0,13.0,7.3,0.5,0.5,0.0,7.6,3.2,51,False,8,85.0,98.0,100.0,66.91238661097644,0,80.1,Nice,False,False,81.2,72.0,90.0,100.0,1.0,79.2,Nice,63.0
09-11-22,15.4,5.4,9.1,14.1,2.8,0.0,0.0,0.0,9.4,7.0,3,False,8,94.5,100.0,100.0,95.23906948117079,0,94.1,Excellent,False,True,96.2,76.4,100.0,100.0,1.0,89.6,Nice,83.9
10-11-22,14.1,4.7,9.0,12.8,2.2,0.0,0.0,0.0,8.1,4.8,3,False,8,95.0,100.0,100.0,94.54548317102633,0,94.1,Excellent,False,True,96.1,71.2,100.0,100.0,1.0,87.4,Nice,80.5
11-11-22,10.7,7.5,9.2,9.0,6.5,9.3,9.3,0.0,10.8,5.6,61,False,8,94.0,62.8,98.4,20.890901682313295,0,62.2,Pleasant,False,False,60.5,56.0,40.0,100.0,1.0,48.6,Average,16.8
12-11-22,11.2,3.5,7.2,9.3,1.1,0.4,0.4,0.0,9.7,4.6,51,False,8,96.0,98.4,100.0,94.19434712366176,0,94.1,Excellent,False,True,96.0,57.2,90.0,100.0,1.0,78.7,Nice,64.8
13-11-22,9.7,0.9,4.8,8.2,-2.3,0.0,0.0,0.0,7.8,4.2,3,False,8,84.0,100.0,100.0,92.38191123903255,0,88.9,Nice,False,True,91.4,52.8,100.0,100.0,1.0,79.6,Nice,68.6
14-11-22,11.4,0.8,4.9,9.1,-2.4,0.0,0.0,0.0,7.0,4.8,3,False,8,84.5,100.0,100.0,93.35321204251115,0,89.5,Nice,False,True,91.9,56.4,100.0,100.0,1.0,81.2,Nice,71.2
15-11-22,10.3,0.1,4.6,8.3,-3.4,0.0,0.0,0.0,8.3,5.3,3,False,8,83.0,100.0,100.0,92.93913734713655,0,88.7,Nice,False,True,91.2,53.2,100.0,100.0,1.0,79.9,Nice,69.1
16-11-22,9.8,2.2,5.8,8.0,-0.9,0.3,0.3,0.0,9.0,5.6,51,False,8,89.0,98.8,100.0,35.996882043178765,0,71.0,Pleasant,False,False,70.4,52.0,90.0,100.0,1.0,65.0,Pleasant,41.0
17-11-22,11.9,5.1,7.7,8.1,2.7,3.4,3.4,0.0,23.6,11.5,55,False,8,98.5,86.4,72.8,58.188262114585555,0,78.5,Nice,False,False,78.0,52.4,75.0,100.0,1.0,65.1,Pleasant,41.0
18-11-22,11.6,3.8,7.0,8.8,1.6,4.1,4.1,0.0,15.1,6.5,55,False,8,95.0,83.6,89.8,15.637081026840418,0,63.2,Pleasant,False,False,61.0,55.2,75.0,100.0,1.0,57.7,Average,29.5
19-11-22,8.7,5.2,7.2,7.2,2.4,4.7,4.7,0.0,22.2,9.6,61,False,8,96.0,81.2,75.6,19.376727551867468,0,63.4,Pleasant,False,False,61.1,48.8,75.0,100.0,1.0,55.9,Average,27.8
20-11-22,9.3,4.5,6.3,8.4,1.4,5.9,5.9,0.0,15.3,8.2,61,False,8,91.5,76.4,89.4,0.0,0,55.2,Average,False,False,52.4,53.6,75.0,100.0,1.0,53.9,Average,24.1
21-11-22,5.6,2.3,4.7,3.5,-0.8,14.1,14.1,0.0,14.7,9.0,61,False,8,83.5,43.6,90.6,0.0,0,47.2,Average,True,False,44.8,34.0,20.0,100.0,1.0,29.6,Poor,4.1
22-11-22,8.0,-2.1,3.5,4.0,-5.5,0.3,0.3,0.0,18.0,10.2,51,False,8,77.5,98.8,84.0,86.99533738490204,0,83.0,Nice,False,True,85.1,36.0,90.0,100.0,1.0,68.8,Pleasant,50.8
23-11-22,10.3,2.4,5.7,7.5,-0.7,0.1,0.1,0.0,14.6,9.3,51,False,8,88.5,99.6,90.8,52.19986838678332,0,75.9,Nice,False,False,75.9,50.0,90.0,100.0,1.0,67.4,Pleasant,45.8
24-11-22,5.5,3.1,4.1,3.7,-0.9,3.6,3.6,0.0,17.3,5.6,53,False,8,80.5,85.6,85.4,0.0,0,51.9,Average,False,False,49.6,34.8,75.0,100.0,1.0,46.4,Average,15.7
25-11-22,4.7,2.1,3.7,1.9,-0.4,2.7,2.7,0.0,13.7,7.9,51,False,8,78.5,89.2,92.6,0.0,0,52.2,Average,False,False,50.1,27.6,90.0,100.0,1.0,48.0,Average,14.9
26-11-22,5.1,0.4,2.6,2.5,-2.1,0.4,0.4,0.0,7.4,3.7,51,False,8,73.0,98.4,100.0,24.535279308910283,0,60.5,Pleasant,False,False,60.1,30.0,90.0,100.0,1.0,53.9,Average,25.0
27-11-22,5.5,-0.6,2.7,3.3,-3.4,0.2,0.2,0.0,5.4,3.3,51,False,8,73.5,99.2,100.0,44.1369975623504,0,67.7,Pleasant,False,False,68.3,33.2,90.0,100.0,1.0,59.1,Average,33.8
28-11-22,5.7,-0.9,2.3,2.6,-4.5,0.1,0.1,0.0,8.7,6.1,51,False,8,71.5,99.6,100.0,85.39193564210733,0,81.4,Nice,False,True,84.1,30.4,90.0,100.0,1.0,66.2,Pleasant,47.2
29-11-22,5.0,-2.4,0.1,1.5,-6.2,0.0,0.0,0.0,9.9,7.7,3,False,8,60.5,100.0,100.0,87.87548072888126,0,78.0,Nice,False,True,81.3,26.0,100.0,100.0,1.0,68.0,Pleasant,50.8
30-11-22,5.0,-1.1,1.0,1.8,-5.2,0.0,0.0,0.0,16.7,11.7,3,False,8,65.0,100.0,86.6,87.03216869800737,0,78.4,Nice,False,True,81.2,27.2,100.0,100.0,1.0,68.3,Pleasant,51.1
01-12-22,4.4,-1.8,0.7,0.8,-5.8,0.6,0.6,0.0,15.2,10.0,51,False,2,93.5,97.6,89.6,45.73381372251315,0,75.2,Nice,False,False,74.6,23.2,90.0,100.0,1.0,55.4,Average,29.0
02-12-22,6.3,0.7,2.7,3.7,-2.5,0.3,0.3,0.0,9.5,7.1,51,False,2,96.5,98.8,100.0,50.97140529592454,0,79.3,Nice,False,False,79.0,34.8,90.0,100.0,1.0,61.1,Pleasant,37.1
03-12-22,7.6,-0.6,2.7,4.9,-3.9,0.0,0.0,0.0,13.9,6.9,3,False,2,96.5,100.0,92.2,86.78346947627983,0,91.4,Excellent,False,True,92.7,39.6,100.0,100.0,1.0,73.2,Pleasant,58.5
04-12-22,6.4,0.7,3.8,2.4,-3.2,0.0,0.0,0.0,21.1,15.0,3,False,2,91.0,100.0,77.8,0.6495348700303991,0,57.9,Average,False,False,54.9,29.6,100.0,100.0,1.0,52.0,Average,18.0
05-12-22,8.6,4.3,5.8,4.6,0.6,0.2,0.2,0.0,15.3,11.5,51,False,2,81.0,99.2,89.4,51.62396902814892,0,72.5,Pleasant,False,False,72.8,38.4,90.0,100.0,1.0,62.7,Pleasant,39.3
06-12-22,9.0,4.7,6.3,5.1,1.1,2.7,2.7,0.0,16.7,10.8,61,False,2,78.5,89.2,86.6,54.707844214631294,0,70.9,Pleasant,False,False,71.4,40.4,90.0,100.0,1.0,64.1,Pleasant,41.5
07-12-22,5.8,3.5,4.4,3.2,1.0,2.8,2.8,0.0,10.3,4.0,53,False,2,88.0,88.8,99.4,31.28438969324039,0,67.4,Pleasant,False,False,66.6,32.8,90.0,100.0,1.0,56.4,Average,29.0
08-12-22,4.0,-1.1,1.9,0.7,-4.3,2.4,2.4,0.0,12.0,8.2,61,False,2,99.5,90.4,96.0,63.30302371331618,0,83.2,Nice,False,False,83.3,22.8,90.0,100.0,1.0,58.8,Average,35.1
09-12-22,10.2,1.5,6.1,7.1,-2.1,0.6,0.6,0.0,14.7,9.9,53,False,2,79.5,97.6,90.6,45.95225751817254,0,69.8,Pleasant,False,False,69.9,48.4,90.0,100.0,1.0,65.6,Pleasant,42.7
10-12-22,14.6,10.2,11.7,12.9,6.5,0.2,0.2,0.0,23.4,13.1,51,False,2,51.5,99.2,73.2,69.74730675857973,0,65.7,Pleasant,False,False,68.1,71.6,90.0,100.0,1.0,79.6,Nice,63.8
11-12-22,11.6,1.7,6.8,9.0,-2.2,10.2,9.1,0.77,26.5,13.9,73,False,2,76.0,59.2,67.0,7.336151507697862,0,47.2,Average,True,False,45.1,56.0,40.0,100.0,1.0,45.9,Average,14.6
12-12-22,2.5,-3.2,0.7,-1.0,-8.7,0.8,0.0,0.56,22.5,11.7,73,False,2,93.5,96.8,75.0,20.107526676380477,0,65.0,Pleasant,False,False,62.8,16.0,100.0,100.0,1.0,50.4,Average,17.6
13-12-22,-0.1,-5.7,-3.3,-4.0,-10.0,0.0,0.0,0.0,13.2,6.6,3,False,2,73.5,100.0,93.6,83.53884282348622,0,81.1,Nice,False,True,83.5,4.0,100.0,100.0,1.0,58.3,Average,35.8
14-12-22,2.4,-6.1,-1.8,-2.2,-10.4,0.1,0.1,0.0,16.6,11.7,51,False,2,81.0,99.6,86.8,18.56265794165505,0,60.8,Pleasant,False,False,59.4,11.2,90.0,100.0,1.0,45.2,Average,12.7
15-12-22,5.4,-1.1,1.9,3.2,-4.6,5.2,5.2,0.0,11.0,6.1,55,False,2,99.5,79.2,98.0,73.34411206300861,0,85.2,Nice,False,True,85.8,32.8,75.0,100.0,1.0,60.3,Pleasant,36.8
16-12-22,14.3,0.7,8.0,11.0,-2.3,9.2,9.2,0.0,26.6,15.1,63,False,2,70.0,63.2,66.8,39.49609067848017,0,56.6,Average,False,False,56.5,64.0,40.0,100.0,1.0,55.5,Average,21.7
17-12-22,12.0,1.9,8.8,10.7,-1.8,10.4,10.4,0.0,22.6,13.4,63,False,2,66.0,58.4,74.8,42.3838050108664,0,56.0,Average,True,False,56.3,62.8,40.0,100.0,1.0,55.6,Average,21.9
18-12-22,1.9,-1.8,0.4,-2.1,-4.8,0.0,0.0,0.0,17.0,9.0,3,False,2,92.0,100.0,86.0,8.137301084335151,0,61.5,Pleasant,False,False,59.1,11.6,100.0,100.0,1.0,46.3,Average,10.2
19-12-22,1.0,-5.6,-2.7,-3.0,-9.4,0.0,0.0,0.0,12.8,6.8,3,False,2,76.5,100.0,94.4,95.6928969147374,0,86.6,Nice,False,True,89.5,8.0,100.0,100.0,1.0,62.3,Pleasant,43.1
20-12-22,6.8,-4.6,-1.3,2.3,-9.2,0.0,0.0,0.0,11.4,6.8,3,False,2,83.5,100.0,97.2,85.00709747660589,0,85.9,Nice,False,True,87.9,29.2,100.0,100.0,1.0,68.7,Pleasant,51.5
21-12-22,5.0,-5.4,-0.7,1.3,-9.7,0.0,0.0,0.0,7.9,4.2,3,False,2,86.5,100.0,100.0,95.44201591454117,0,91.0,Excellent,False,True,93.5,25.2,100.0,100.0,1.0,69.2,Pleasant,53.3
22-12-22,6.1,-4.8,0.5,2.6,-9.2,0.0,0.0,0.0,9.7,4.5,3,False,2,92.5,100.0,100.0,75.90099505039366,0,86.6,Nice,False,True,87.7,30.4,100.0,100.0,1.0,67.3,Pleasant,48.6
23-12-22,7.5,-1.6,2.9,5.3,-5.2,0.0,0.0,0.0,10.0,5.0,3,False,2,95.5,100.0,100.0,68.92443853529245,0,85.3,Nice,False,False,86.0,41.2,100.0,100.0,1.0,70.3,Pleasant,52.3
24-12-22,7.6,0.7,4.1,5.5,-2.9,5.9,5.9,0.0,19.4,7.4,63,False,2,89.5,76.4,81.2,11.535821610054622,0,57.8,Average,False,False,55.5,42.0,75.0,100.0,1.0,51.6,Average,22.4
25-12-22,8.7,1.2,5.6,6.1,-1.6,0.9,0.9,0.0,19.1,10.7,51,False,2,82.0,96.4,81.8,92.11788121554395,0,86.0,Nice,False,True,88.2,44.4,90.0,100.0,1.0,73.2,Pleasant,57.1
26-12-22,7.8,-0.2,2.9,5.1,-3.7,0.0,0.0,0.0,9.5,5.9,3,False,2,95.5,100.0,100.0,84.87640874567498,0,90.9,Excellent,False,True,92.4,40.4,100.0,100.0,1.0,73.1,Pleasant,58.2
27-12-22,10.4,1.3,5.4,6.7,-1.5,3.4,3.4,0.0,22.5,11.1,55,False,2,83.0,86.4,75.0,47.34636902779897,0,68.7,Pleasant,False,False,68.4,46.8,75.0,100.0,1.0,60.7,Pleasant,35.3
28-12-22,4.4,-1.4,2.2,1.4,-5.1,0.0,0.0,0.0,8.5,5.4,3,False,2,99.0,100.0,100.0,91.34647403018653,0,94.6,Excellent,False,True,96.2,25.6,100.0,100.0,1.0,68.5,Pleasant,51.9
29-12-22,5.9,-3.0,0.0,2.4,-7.0,0.0,0.0,0.0,8.9,6.3,3,False,2,90.0,100.0,100.0,96.64481677438384,0,92.8,Excellent,False,True,95.2,29.6,100.0,100.0,1.0,71.2,Pleasant,56.4
30-12-22,8.0,-0.9,2.4,4.8,-4.3,0.0,0.0,0.0,9.5,5.5,3,False,2,98.0,100.0,100.0,55.46455892583522,0,81.6,Nice,False,False,81.5,39.2,100.0,100.0,1.0,66.8,Pleasant,45.7
31-12-22,11.6,1.4,6.1,9.9,-1.7,0.0,0.0,0.0,6.5,3.4,3,False,2,79.5,100.0,100.0,96.17521151190178,0,88.5,Nice,False,True,91.3,59.6,100.0,100.0,1.0,83.1,Nice,74.2
01-01-23,14.4,3.8,8.5,12.8,1.4,0.0,0.0,0.0,9.0,5.4,3,False,0,57.5,100.0,100.0,97.85431313194566,0,80.2,Nice,False,True,84.3,71.2,100.0,100.0,1.0,88.1,Nice,81.9
02-01-23,11.1,2.3,6.6,9.7,-1.2,0.0,0.0,0.0,9.8,5.2,3,False,0,67.0,100.0,100.0,97.86287494883275,0,84.1,Nice,False,True,87.6,58.8,100.0,100.0,1.0,83.1,Nice,74.4
03-01-23,10.7,4.2,6.9,9.0,1.7,0.0,0.0,0.0,9.4,3.9,3,False,0,65.5,100.0,100.0,92.78122187179524,0,81.7,Nice,False,True,85.0,56.0,100.0,100.0,1.0,81.0,Nice,70.7
04-01-23,7.7,3.0,5.3,6.2,0.2,4.4,4.4,0.0,8.7,4.8,55,False,0,73.5,82.4,100.0,0.0,0,49.8,Average,False,False,48.1,44.8,75.0,100.0,1.0,50.4,Average,20.2
05-01-23,10.1,0.5,5.0,6.9,-2.3,1.5,1.5,0.0,25.1,10.0,55,False,0,75.0,94.0,69.8,26.200547933454498,0,58.9,Average,False,False,57.8,47.6,90.0,100.0,1.0,61.3,Pleasant,35.1
06-01-23,7.6,3.5,6.2,3.5,1.0,0.8,0.8,0.0,26.5,15.4,51,False,0,69.0,96.8,67.0,1.6911715427326883,0,48.1,Average,False,False,46.0,34.0,90.0,100.0,1.0,50.9,Average,19.0
07-01-23,9.0,-0.2,3.6,6.8,-3.6,0.0,0.0,0.0,8.3,4.7,3,False,0,82.0,100.0,100.0,64.62611702249535,0,78.4,Nice,False,False,79.6,47.2,100.0,100.0,1.0,71.8,Pleasant,54.2
08-01-23,9.9,-0.2,3.6,7.9,-3.8,0.0,0.0,0.0,12.6,7.1,3,False,0,82.0,100.0,94.8,97.92313459819647,0,89.7,Nice,False,True,92.3,51.6,100.0,100.0,1.0,80.2,Nice,70.1
09-01-23,10.2,0.8,5.0,5.9,-3.3,0.0,0.0,0.0,18.9,12.0,3,False,0,75.0,100.0,82.2,88.23631156490238,0,82.5,Nice,False,True,84.8,43.6,100.0,100.0,1.0,75.1,Nice,61.5
10-01-23,9.0,5.2,6.5,7.0,0.4,7.5,7.5,0.0,28.3,12.2,61,False,0,67.5,70.0,63.4,12.614088221998337,0,47.0,Average,False,False,45.5,48.0,55.0,100.0,1.0,48.2,Average,18.6
11-01-23,7.7,3.2,4.7,5.7,0.7,3.0,3.0,0.0,10.2,5.8,53,False,0,76.5,88.0,99.6,46.769042032176564,0,68.1,Pleasant,False,False,68.6,42.8,75.0,100.0,1.0,59.0,Average,33.3
12-01-23,5.2,3.2,4.1,2.4,0.8,8.4,8.4,0.0,11.5,5.0,61,False,0,79.5,66.4,97.0,0.0,0,49.5,Average,False,False,47.5,29.6,55.0,100.0,1.0,38.3,Poor,9.8
13-01-23,6.0,1.7,4.2,4.0,-1.3,0.6,0.6,0.0,8.0,2.8,51,False,0,79.0,97.6,100.0,5.633724601915814,0,56.2,Average,False,False,54.5,36.0,90.0,100.0,1.0,52.5,Average,21.5
14-01-23,5.2,-0.4,2.9,3.0,-3.4,0.0,0.0,0.0,7.2,3.2,3,False,0,85.5,100.0,100.0,0.0,0,57.2,Average,False,False,54.9,32.0,100.0,100.0,1.0,52.8,Average,19.2
15-01-23,7.1,-1.1,3.0,3.8,-4.0,0.0,0.0,0.0,11.5,6.3,3,False,0,85.0,100.0,97.0,95.436640025305,0,90.2,Excellent,False,True,92.6,35.2,100.0,100.0,1.0,73.2,Pleasant,59.3
16-01-23,7.4,-0.4,3.9,3.3,-3.8,0.7,0.5,0.14,24.9,12.2,71,False,0,80.5,97.2,70.2,25.95285442421243,0,61.5,Pleasant,False,False,60.2,33.2,90.0,100.0,1.0,55.5,Average,27.3
17-01-23,9.1,3.7,6.4,5.6,-0.3,7.0,5.1,1.33,23.6,15.3,75,False,0,68.0,72.0,72.8,62.91413831164838,10,66.0,Pleasant,False,False,67.0,42.4,75.0,100.0,1.0,62.0,Pleasant,38.0
18-01-23,13.0,4.5,8.8,10.3,2.0,6.3,6.3,0.0,23.1,14.2,61,False,0,56.0,74.8,73.8,50.48203548404807,0,57.2,Average,False,False,58.4,61.2,55.0,100.0,1.0,61.1,Pleasant,31.3
19-01-23,13.6,6.5,9.2,10.3,3.3,7.3,7.3,0.0,23.8,11.8,61,False,0,54.0,70.8,72.4,68.78243395946433,0,62.1,Pleasant,False,False,64.3,61.2,55.0,100.0,1.0,64.7,Pleasant,35.3
20-01-23,10.0,2.1,6.2,7.5,-2.9,12.1,9.9,1.54,23.2,8.5,73,False,0,69.0,51.6,73.6,1.5246766384854398,10,42.0,Average,True,False,39.9,50.0,40.0,100.0,1.0,42.3,Average,12.2
21-01-23,2.5,-2.1,0.9,-0.6,-5.6,4.0,0.8,2.24,10.7,7.4,75,False,0,95.5,84.0,98.6,90.52340125490096,10,90.6,Excellent,False,True,92.1,17.6,90.0,100.0,1.0,62.1,Pleasant,42.1
22-01-23,9.2,0.8,4.7,7.3,-2.1,0.8,0.8,0.0,10.9,6.0,51,False,0,76.5,96.8,98.2,37.05851180458347,0,65.9,Pleasant,False,False,65.9,49.2,90.0,100.0,1.0,64.1,Pleasant,39.9
23-01-23,9.9,1.6,5.3,6.6,-2.9,0.0,0.0,0.0,14.1,9.5,3,False,0,73.5,100.0,91.8,96.33114864322117,0,85.5,Nice,False,True,88.4,46.4,100.0,100.0,1.0,77.8,Nice,66.4
24-01-23,4.5,-2.0,0.9,0.9,-5.9,0.0,0.0,0.0,14.9,9.9,3,False,0,95.5,100.0,90.2,89.23940487272456,0,91.6,Excellent,False,True,93.1,23.6,100.0,100.0,1.0,67.3,Pleasant,49.9
25-01-23,2.0,-4.2,-1.4,-1.4,-7.8,0.0,0.0,0.0,8.2,5.6,3,False,0,93.0,100.0,100.0,79.68316044184539,0,88.1,Nice,False,True,89.4,14.4,100.0,100.0,1.0,61.7,Pleasant,40.5
26-01-23,3.0,-4.5,-1.0,-1.4,-9.1,0.0,0.0,0.0,12.2,9.1,3,False,0,95.0,100.0,95.6,27.24707194219878,0,70.2,Pleasant,False,False,68.7,14.4,100.0,100.0,1.0,51.2,Average,19.5
27-01-23,1.4,-1.0,-0.4,-1.7,-4.2,7.8,0.0,5.46,8.6,4.9,73,False,0,98.0,68.8,100.0,4.277987124127111,20,59.4,Average,False,False,56.3,13.2,100.0,100.0,1.0,46.1,Average,9.6
28-01-23,1.1,-1.7,-0.4,-1.8,-4.7,5.5,0.0,3.85,5.6,3.4,73,False,0,98.0,78.0,100.0,0.0,10,59.1,Average,False,False,56.0,12.8,100.0,100.0,1.0,45.1,Average,7.7
29-01-23,1.5,-1.5,-0.0,-1.4,-4.8,1.7,0.1,1.12,9.8,5.9,71,False,0,100.0,93.2,100.0,0.0,10,62.2,Pleasant,False,False,59.0,14.4,90.0,100.0,1.0,42.8,Average,7.8
30-01-23,0.5,-4.2,-1.8,-3.2,-7.4,1.3,0.0,0.91,8.5,3.6,71,False,0,91.0,94.8,100.0,78.52956743020168,0,86.1,Nice,False,True,87.5,7.2,100.0,100.0,1.0,58.6,Average,35.7
31-01-23,2.6,-2.9,-0.0,-1.9,-6.7,3.5,0.0,2.45,19.5,11.5,73,False,0,100.0,86.0,81.0,39.88155018948752,10,73.5,Pleasant,False,False,72.0,12.4,100.0,100.0,1.0,52.9,Average,23.4
01-02-23,4.2,-3.8,0.7,-2.0,-7.7,6.5,0.3,4.34,27.1,12.2,75,False,2,93.5,74.0,65.8,53.249283867552755,10,72.6,Pleasant,False,False,71.7,12.0,90.0,100.0,1.0,52.4,Average,25.6
02-02-23,4.7,-2.3,1.6,-1.3,-5.8,0.5,0.2,0.21,27.8,14.9,71,False,2,98.0,98.0,64.4,73.28053706788013,0,84.7,Nice,False,True,84.8,14.8,90.0,100.0,1.0,57.6,Average,34.4
03-02-23,3.3,-2.1,0.7,-1.3,-5.7,1.9,0.2,1.19,20.1,12.6,73,False,2,93.5,92.4,79.8,74.73511189138921,10,84.0,Nice,False,True,84.5,14.8,90.0,100.0,1.0,57.9,Average,34.9
04-02-23,3.9,-1.6,1.0,-0.1,-5.1,9.0,1.2,5.46,15.4,9.0,75,False,2,95.0,64.0,89.2,19.929647359646566,20,62.1,Pleasant,False,False,59.7,19.6,90.0,100.0,1.0,48.8,Average,17.8
05-02-23,-0.8,-9.1,-4.9,-6.5,-13.6,3.4,0.0,2.38,21.3,12.1,73,False,2,65.5,86.4,77.4,46.19812330362347,10,61.7,Pleasant,False,False,62.1,0.0,100.0,100.0,1.0,49.2,Average,18.5
06-02-23,-1.7,-10.0,-5.8,-6.6,-14.7,0.5,0.0,0.35,12.0,6.4,71,False,2,61.0,98.0,96.0,57.17377174151787,0,66.8,Pleasant,False,False,68.5,0.0,100.0,100.0,1.0,51.4,Average,22.9
07-02-23,-1.9,-10.3,-6.0,-6.0,-14.4,0.1,0.0,0.07,8.2,5.0,71,False,2,60.0,99.6,100.0,85.32874711518589,0,76.8,Nice,False,True,80.1,0.0,100.0,100.0,1.0,57.1,Average,34.1
08-02-23,-2.1,-9.5,-5.6,-6.6,-13.9,1.4,0.0,1.05,9.7,5.2,73,False,2,62.0,94.4,100.0,87.75938882908744,10,77.9,Nice,False,True,81.0,0.0,100.0,100.0,1.0,57.6,Average,35.1
09-02-23,-2.8,-16.2,-8.9,-6.4,-21.2,0.0,0.0,0.0,9.9,5.6,3,False,2,45.5,100.0,100.0,94.27309704173024,0,74.2,Pleasant,False,True,78.6,0.0,100.0,100.0,1.0,58.9,Average,37.7
10-02-23,0.6,-11.1,-6.7,-2.8,-15.5,0.0,0.0,0.0,6.7,3.6,1,False,2,56.5,100.0,100.0,94.87398601517505,0,78.8,Nice,False,True,82.7,8.8,100.0,100.0,1.0,62.5,Pleasant,43.2
11-02-23,1.2,-9.0,-4.6,-2.5,-13.3,0.0,0.0,0.0,7.7,4.1,3,False,2,67.0,100.0,100.0,84.30856870862374,0,79.3,Nice,False,True,82.2,10.0,100.0,100.0,1.0,60.9,Pleasant,39.7
12-02-23,1.9,-4.1,-0.5,-1.5,-7.4,1.1,0.0,0.77,7.7,4.6,73,False,2,87.5,95.6,100.0,0.0,0,57.3,Average,False,False,55.0,14.0,100.0,100.0,1.0,45.6,Average,8.4
13-02-23,5.3,-5.6,-0.3,2.0,-9.2,0.0,0.0,0.0,6.2,3.3,3,False,2,88.5,100.0,100.0,90.77218532664077,0,90.2,Excellent,False,True,92.3,28.0,100.0,100.0,1.0,69.4,Pleasant,53.1
14-02-23,4.1,-3.3,0.6,0.1,-6.6,0.3,0.0,0.21,14.4,6.5,71,False,2,93.0,98.8,91.2,13.969649767559838,0,64.2,Pleasant,False,False,62.1,20.4,100.0,100.0,1.0,51.0,Average,17.8
15-02-23,6.5,-1.6,2.8,3.1,-5.4,0.1,0.1,0.0,8.1,5.6,51,False,2,96.0,99.6,100.0,78.34978061957571,0,88.8,Nice,False,True,89.9,32.4,90.0,100.0,1.0,65.6,Pleasant,45.7
16-02-23,7.0,-5.0,1.0,4.4,-9.1,0.0,0.0,0.0,8.4,4.4,3,False,2,95.0,100.0,100.0,94.89069739938863,0,94.2,Excellent,False,True,96.2,37.6,100.0,100.0,1.0,74.0,Pleasant,60.5
17-02-23,10.9,-2.5,3.5,6.2,-5.8,0.0,0.0,0.0,19.4,6.8,3,False,2,92.5,100.0,81.2,77.4929635029841,0,85.6,Nice,False,True,86.5,44.8,100.0,100.0,1.0,73.4,Pleasant,57.9
18-02-23,11.4,1.6,7.8,6.5,-1.4,0.0,0.0,0.0,29.4,16.2,3,False,2,71.0,100.0,61.2,38.9921825731438,0,61.9,Pleasant,False,False,61.6,46.0,100.0,100.0,1.0,66.2,Pleasant,43.2
19-02-23,12.4,6.3,9.3,7.4,2.5,0.5,0.5,0.0,30.1,19.8,51,False,2,63.5,98.0,59.8,40.687755114896184,0,59.1,Average,False,False,59.2,49.6,90.0,100.0,1.0,65.0,Pleasant,41.4
20-02-23,8.6,1.8,5.4,3.0,-1.6,4.5,4.3,0.14,29.0,15.6,71,False,2,83.0,82.0,62.0,83.71258639233548,0,79.8,Nice,False,True,81.0,32.0,75.0,100.0,1.0,62.0,Pleasant,39.5
21-02-23,14.2,1.8,8.7,7.9,-1.7,0.0,0.0,0.0,31.5,18.1,3,False,2,66.5,100.0,57.0,97.54497853412421,0,80.3,Nice,False,True,83.0,51.6,100.0,100.0,1.0,80.1,Nice,70.0
22-02-23,11.2,5.3,8.7,9.0,3.0,0.7,0.7,0.0,16.8,9.5,51,False,2,66.5,97.2,86.4,47.67233379096577,0,64.8,Pleasant,False,False,65.6,56.0,90.0,100.0,1.0,68.9,Pleasant,47.4
23-02-23,11.6,1.9,6.5,7.2,-1.0,0.1,0.1,0.0,21.4,10.7,51,False,2,77.5,99.6,77.2,88.72190166383488,0,83.2,Nice,False,True,85.3,48.8,90.0,100.0,1.0,74.3,Pleasant,58.3
24-02-23,9.8,3.7,6.6,7.0,0.7,0.0,0.0,0.0,16.4,9.0,3,False,2,77.0,100.0,87.2,43.56788608962301,0,68.0,Pleasant,False,False,68.1,48.0,100.0,100.0,1.0,67.9,Pleasant,46.2
25-02-23,14.3,3.7,7.7,11.7,0.4,3.2,3.2,0.0,28.6,12.0,61,False,2,71.5,87.2,62.8,64.33087017240088,0,69.2,Pleasant,False,False,70.1,66.8,75.0,100.0,1.0,72.1,Pleasant,49.4
26-02-23,5.0,-0.4,1.9,1.7,-3.1,10.8,4.0,4.76,14.9,6.4,73,False,2,99.5,56.8,90.2,1.6771762403880723,10,56.3,Average,True,False,53.0,26.8,75.0,100.0,1.0,43.6,Average,12.6
27-02-23,2.6,-0.4,1.0,-0.8,-4.5,7.9,5.1,1.96,14.7,7.4,73,False,2,95.0,68.4,90.6,0.0,10,55.7,Average,False,False,52.6,16.8,75.0,100.0,1.0,39.2,Poor,7.6
28-02-23,8.4,0.1,3.3,5.3,-2.7,0.3,0.3,0.0,11.9,6.1,51,False,2,93.5,98.8,96.2,21.805533040533327,0,67.5,Pleasant,False,False,65.9,41.2,90.0,100.0,1.0,57.8,Average,30.1
01-03-23,9.9,0.0,4.9,7.3,-3.6,0.0,0.0,0.0,9.5,5.1,3,False,8,84.5,100.0,100.0,81.59631294907793,0,85.4,Nice,False,True,87.2,49.2,100.0,100.0,1.0,76.0,Nice,62.2
02-03-23,10.6,0.5,4.8,7.6,-2.8,0.0,0.0,0.0,14.1,8.5,3,False,8,84.0,100.0,91.8,96.5659435383869,0,89.7,Nice,False,True,92.2,50.4,100.0,100.0,1.0,79.5,Nice,68.9
03-03-23,8.3,3.6,5.7,5.8,0.9,0.3,0.3,0.0,7.0,3.9,51,False,8,88.5,98.8,100.0,0.0,0,58.2,Average,False,False,55.8,43.2,90.0,100.0,1.0,54.3,Average,23.3
04-03-23,9.5,-0.1,5.1,5.8,-3.2,0.4,0.4,0.0,18.4,7.2,51,False,8,85.5,98.4,83.2,97.31926299644418,0,89.7,Nice,False,True,91.9,43.2,90.0,100.0,1.0,73.7,Pleasant,58.4
05-03-23,6.4,-1.7,2.0,1.9,-5.3,0.0,0.0,0.0,19.0,9.5,3,False,8,70.0,100.0,82.0,97.12826752673436,0,83.6,Nice,False,True,86.6,27.6,100.0,100.0,1.0,70.5,Pleasant,55.4
06-03-23,8.0,-2.7,2.1,4.9,-6.7,0.0,0.0,0.0,11.3,6.4,3,False,8,70.5,100.0,97.4,96.72290110083364,0,84.8,Nice,False,True,88.1,39.6,100.0,100.0,1.0,75.2,Nice,62.4
07-03-23,9.7,-0.5,4.4,6.7,-4.3,3.3,3.3,0.0,13.8,7.0,61,False,8,82.0,86.8,92.4,55.36982571084146,0,72.6,Pleasant,False,False,73.1,46.8,75.0,100.0,1.0,62.3,Pleasant,37.7
08-03-23,13.1,0.4,6.7,9.1,-2.6,1.0,1.0,0.0,16.7,7.5,53,False,8,93.5,96.0,86.6,70.34785819149934,0,83.3,Nice,False,True,83.9,56.4,90.0,100.0,1.0,73.6,Pleasant,55.8
09-03-23,15.1,4.3,9.6,12.4,0.9,1.7,1.7,0.0,15.9,9.3,53,False,8,92.0,93.2,88.2,16.897441355569125,0,63.8,Pleasant,False,False,61.8,69.6,90.0,100.0,1.0,68.2,Pleasant,43.7
10-03-23,17.0,3.1,9.8,13.4,0.4,0.4,0.4,0.0,17.3,9.1,51,False,8,91.0,98.4,85.4,65.01036566221602,0,80.7,Nice,False,False,81.2,73.6,90.0,100.0,1.0,79.4,Nice,63.1
11-03-23,11.8,2.5,7.9,7.9,-3.1,0.0,0.0,0.0,31.3,16.0,3,False,8,99.5,100.0,57.4,53.72793170299064,0,78.2,Nice,False,False,77.1,51.6,100.0,100.0,1.0,71.4,Pleasant,52.5
12-03-23,6.4,0.6,2.9,2.2,-3.4,0.3,0.1,0.14,21.7,11.3,71,False,8,74.5,98.8,76.6,91.2295160399169,-20,82.3,Nice,False,True,85.0,28.8,90.0,100.0,1.0,66.8,Pleasant,48.4
13-03-23,10.1,-2.9,2.5,7.0,-6.6,0.0,0.0,0.0,11.2,4.8,3,False,8,72.5,100.0,97.6,93.58969662521699,0,84.6,Nice,False,True,87.6,48.0,100.0,100.0,1.0,77.9,Nice,66.2
14-03-23,16.4,-1.0,6.7,10.6,-5.2,0.0,0.0,0.0,21.8,13.2,3,False,8,93.5,100.0,76.4,84.97038313140601,0,88.3,Nice,False,True,89.4,62.4,100.0,100.0,1.0,82.0,Nice,71.4
15-03-23,14.4,2.8,8.2,11.3,-1.2,0.0,0.0,0.0,11.6,7.3,3,False,8,99.0,100.0,96.8,49.05595515063948,0,79.5,Nice,False,False,79.0,65.2,100.0,100.0,1.0,75.9,Nice,58.7
16-03-23,5.0,1.7,3.1,2.1,-2.0,4.7,4.7,0.0,18.1,13.1,53,False,8,75.5,81.2,83.8,0.0,0,49.1,Average,False,False,47.0,28.4,75.0,100.0,1.0,43.9,Average,12.8
17-03-23,6.8,-1.9,3.2,3.9,-5.0,2.8,2.6,0.14,11.0,4.5,71,False,8,76.0,88.8,98.0,63.393308428027794,-20,73.3,Pleasant,False,False,75.1,35.6,90.0,100.0,1.0,63.9,Pleasant,42.0
18-03-23,8.7,-4.0,2.3,4.8,-7.8,0.0,0.0,0.0,14.7,7.9,2,False,8,71.5,100.0,90.6,91.84445302854438,0,83.0,Nice,False,True,85.8,39.2,100.0,100.0,1.0,74.0,Pleasant,60.3
19-03-23,14.8,-0.7,5.7,12.4,-4.2,0.0,0.0,0.0,7.1,4.9,3,False,8,88.5,100.0,100.0,91.34608572766575,0,90.4,Excellent,False,True,92.5,69.6,100.0,100.0,1.0,86.1,Nice,78.3
20-03-23,17.1,1.7,8.1,14.7,-1.1,0.0,0.0,0.0,8.4,4.1,3,False,8,99.5,100.0,100.0,87.00622479471092,0,93.3,Excellent,False,True,94.6,78.8,100.0,100.0,1.0,88.9,Nice,82.1
21-03-23,12.9,3.7,9.3,11.9,0.8,0.7,0.7,0.0,8.0,3.6,51,False,8,93.5,97.2,100.0,30.881071861825976,0,70.8,Pleasant,False,False,69.7,67.6,90.0,100.0,1.0,70.2,Pleasant,47.6
22-03-23,14.2,3.0,8.5,13.6,0.2,1.0,1.0,0.0,7.9,4.5,53,False,8,97.5,96.0,100.0,89.96617979185818,0,92.9,Excellent,False,True,94.5,74.4,90.0,100.0,1.0,84.8,Nice,72.6
23-03-23,16.4,2.8,9.0,14.4,-0.3,0.0,0.0,0.0,7.9,4.7,3,False,8,95.0,100.0,100.0,92.31223281804046,0,93.3,Excellent,False,True,95.2,77.6,100.0,100.0,1.0,89.5,Nice,83.5
24-03-23,19.1,4.7,11.2,17.2,2.4,0.0,0.0,0.0,10.8,5.0,3,False,8,84.0,100.0,98.4,90.3991484568931,0,88.1,Nice,False,True,90.4,88.8,100.0,100.0,1.0,93.6,Excellent,89.4
25-03-23,18.1,6.7,11.1,15.5,3.5,0.0,0.0,0.0,25.5,11.5,3,False,8,84.5,100.0,69.0,41.987040417437704,0,69.0,Pleasant,False,False,68.3,82.0,100.0,100.0,1.0,81.2,Nice,66.0
26-03-23,13.4,3.7,9.1,8.4,0.6,0.1,0.1,0.0,25.3,15.1,51,False,8,94.5,99.6,69.4,93.39301987306183,0,91.0,Excellent,False,True,92.3,53.6,90.0,100.0,1.0,77.1,Nice,62.6
27-03-23,14.8,1.6,7.9,11.3,-1.7,0.7,0.7,0.0,19.9,10.6,53,False,8,99.5,97.2,80.2,18.912051943668477,0,67.4,Pleasant,False,False,65.0,65.2,90.0,100.0,1.0,66.9,Pleasant,42.0
28-03-23,6.4,0.2,3.3,2.1,-4.8,3.1,0.4,1.89,29.2,21.0,73,False,8,76.5,87.6,61.6,50.86283841791621,-20,66.1,Pleasant,False,False,66.4,28.4,90.0,96.7,1.0,58.2,Average,32.5
29-03-23,5.1,-1.4,0.8,-0.8,-7.1,0.9,0.0,0.7,22.8,14.8,73,False,8,64.0,96.4,74.4,66.64791775958851,-20,68.9,Pleasant,False,False,71.0,16.8,100.0,100.0,1.0,60.0,Pleasant,36.7
30-03-23,11.1,-5.0,3.3,7.5,-9.5,0.0,0.0,0.0,8.0,4.8,3,False,8,76.5,100.0,100.0,94.4744323194789,0,86.7,Nice,False,True,89.6,50.0,100.0,100.0,1.0,78.9,Nice,67.8
31-03-23,14.1,1.7,7.9,10.3,-1.6,3.4,3.4,0.0,24.2,9.8,53,False,8,99.5,86.4,71.6,71.81124745800149,0,83.6,Nice,False,True,83.7,61.2,75.0,100.0,1.0,71.3,Pleasant,49.1
01-04-23,13.1,3.6,8.5,12.1,0.7,9.1,9.1,0.0,11.9,6.0,61,False,15,67.5,63.6,96.2,11.497576498260049,0,48.3,Average,False,False,47.4,68.4,40.0,100.0,1.0,51.7,Average,18.3
02-04-23,13.8,5.6,9.2,11.4,3.0,10.1,10.1,0.0,18.1,11.4,61,False,15,71.0,59.6,83.8,36.345727557355694,0,56.8,Average,True,False,56.7,65.6,40.0,100.0,1.0,55.5,Average,21.6
03-04-23,12.0,3.3,7.5,10.0,1.2,5.3,5.3,0.0,8.7,4.7,61,False,15,62.5,78.8,100.0,21.899736943915496,0,52.5,Average,False,False,52.5,60.0,75.0,100.0,1.0,60.9,Pleasant,33.6
04-04-23,7.0,1.3,2.6,4.6,-1.7,26.1,8.2,12.53,16.1,7.4,75,False,15,38.0,0.0,87.8,0.0,-20,21.8,Poor,True,False,22.1,38.4,55.0,100.0,1.0,41.9,Average,12.7
05-04-23,3.9,0.9,2.2,0.5,-1.7,1.5,1.4,0.07,9.9,5.8,71,False,15,36.0,94.0,100.0,0.0,-20,36.1,Poor,False,False,36.7,22.0,90.0,100.0,1.0,45.8,Average,11.9
06-04-23,3.8,0.4,2.2,-0.2,-3.7,3.0,1.2,1.26,20.1,11.8,71,False,15,36.0,88.0,79.8,4.930159637850753,-20,35.3,Poor,False,False,35.8,19.2,90.0,100.0,1.0,45.7,Average,12.1
07-04-23,4.0,-0.9,1.2,0.8,-3.9,1.4,0.6,0.56,6.6,3.4,71,False,15,31.0,94.4,100.0,2.5490059703695285,-20,35.1,Poor,False,False,36.0,23.2,90.0,100.0,1.0,46.8,Average,13.4
08-04-23,9.5,0.4,4.6,6.1,-2.2,0.0,0.0,0.0,11.1,5.1,3,False,15,48.0,100.0,97.8,66.35989014760544,0,65.2,Pleasant,False,False,68.1,44.4,100.0,100.0,1.0,71.0,Pleasant,53.2
09-04-23,12.5,0.9,6.5,10.6,-1.4,0.0,0.0,0.0,10.9,3.3,3,False,15,57.5,100.0,98.2,98.03600771729182,0,80.2,Nice,False,True,84.2,62.4,100.0,100.0,1.0,84.6,Nice,76.7
10-04-23,13.1,0.6,7.1,11.0,-2.4,0.6,0.6,0.0,7.9,4.6,51,False,15,60.5,97.6,100.0,97.35050781881085,0,80.9,Nice,False,True,84.8,64.0,90.0,100.0,1.0,82.1,Nice,69.6
11-04-23,14.2,3.3,8.6,10.7,0.6,0.7,0.7,0.0,16.5,9.7,51,False,15,68.0,97.2,87.0,87.48902909843139,0,79.4,Nice,False,True,82.1,62.8,90.0,100.0,1.0,79.6,Nice,65.4
12-04-23,11.4,5.2,7.9,7.2,2.7,4.1,4.1,0.0,22.9,15.0,55,False,15,64.5,83.6,74.2,56.06217763083077,0,63.9,Pleasant,False,False,65.0,48.8,75.0,100.0,1.0,63.2,Pleasant,38.8
13-04-23,16.3,5.5,10.2,14.9,2.7,0.0,0.0,0.0,10.6,5.2,3,False,15,76.0,100.0,98.8,96.92041591284121,0,87.2,Nice,False,True,90.2,79.6,100.0,100.0,1.0,91.2,Excellent,86.5
14-04-23,19.3,4.3,11.3,17.6,1.6,1.4,1.4,0.0,20.5,10.7,55,False,15,81.5,94.4,79.0,80.54591540242157,0,81.3,Nice,False,True,82.8,90.4,90.0,100.0,1.0,89.3,Nice,77.8
15-04-23,16.9,3.1,9.8,14.3,0.3,0.3,0.3,0.0,13.4,7.1,51,False,15,74.0,98.8,93.2,94.03515686729425,0,84.8,Nice,False,True,87.7,77.2,90.0,100.0,1.0,86.7,Nice,75.5
16-04-23,15.6,4.1,9.7,14.4,1.3,0.5,0.5,0.0,16.6,7.0,51,False,15,73.5,98.0,86.8,75.5596415690046,0,77.5,Nice,False,True,79.3,77.6,90.0,100.0,1.0,83.2,Nice,69.1
17-04-23,14.8,6.9,10.6,13.8,4.7,1.2,1.2,0.0,16.0,9.0,51,False,15,78.0,95.2,88.0,83.25562187857517,0,81.7,Nice,False,True,83.7,75.2,90.0,100.0,1.0,83.7,Nice,70.6
18-04-23,13.4,6.1,9.3,11.2,3.3,0.5,0.5,0.0,15.0,8.7,51,False,15,71.5,98.0,90.0,49.05766558022636,0,67.7,Pleasant,False,False,68.3,64.8,90.0,100.0,1.0,72.7,Pleasant,52.7
19-04-23,14.3,6.8,10.1,14.3,5.1,4.1,4.1,0.0,9.9,4.1,61,False,15,75.5,83.6,100.0,81.75421758148208,0,79.4,Nice,False,True,81.7,77.2,75.0,100.0,1.0,79.7,Nice,59.3
20-04-23,15.8,6.0,10.5,14.2,3.9,5.8,5.8,0.0,15.4,7.1,61,False,15,77.5,76.8,89.2,87.11284440577244,0,80.1,Nice,False,True,82.4,76.8,75.0,100.0,1.0,80.6,Nice,60.7
21-04-23,14.9,6.1,10.3,13.2,3.9,0.3,0.3,0.0,9.0,6.8,51,False,15,76.5,98.8,100.0,72.09985837899501,0,78.7,Nice,False,True,80.4,72.8,90.0,100.0,1.0,80.5,Nice,65.3
22-04-23,16.3,4.1,10.8,15.2,1.1,0.6,0.6,0.0,11.5,4.8,51,False,15,79.0,97.6,97.0,93.68386579666117,0,86.8,Nice,False,True,89.5,80.8,90.0,100.0,1.0,88.1,Nice,77.4
23-04-23,16.9,5.0,11.0,16.6,2.7,0.9,0.9,0.0,16.2,6.8,53,False,15,80.0,96.4,87.6,93.34725297783721,0,86.1,Nice,False,True,88.6,86.4,90.0,100.0,1.0,90.2,Excellent,80.3
24-04-23,17.8,6.4,12.5,16.4,3.6,0.0,0.0,0.0,10.2,6.2,3,False,15,87.5,100.0,99.6,85.8012709797722,0,88.0,Nice,False,True,89.9,85.6,100.0,100.0,1.0,91.4,Excellent,85.7
25-04-23,16.1,9.5,11.9,15.1,7.3,12.8,12.8,0.0,18.5,9.2,63,False,15,84.5,48.8,83.0,43.44494783698004,0,63.0,Pleasant,True,False,62.6,80.4,20.0,100.0,1.0,56.8,Average,13.1
26-04-23,10.0,6.2,8.3,7.5,3.6,4.4,4.4,0.0,17.9,12.4,53,False,15,66.5,82.4,84.2,22.94895143003142,0,53.7,Average,False,False,53.2,50.0,75.0,100.0,1.0,57.1,Average,29.4
27-04-23,10.8,3.2,7.0,6.3,0.3,0.0,0.0,0.0,16.4,10.2,3,False,15,60.0,100.0,87.2,62.86837955385414,0,68.0,Pleasant,False,False,69.9,45.2,100.0,100.0,1.0,70.7,Pleasant,52.3
28-04-23,12.9,1.5,7.8,10.5,-1.7,0.1,0.1,0.0,9.4,6.0,51,False,15,64.0,99.6,100.0,86.82671074753456,0,78.9,Nice,False,True,82.1,62.0,90.0,100.0,1.0,79.2,Nice,64.7
29-04-23,16.8,1.1,8.8,15.6,-2.5,0.0,0.0,0.0,13.2,8.3,3,False,15,69.0,100.0,93.6,84.40930776747345,0,79.6,Nice,False,True,82.3,82.4,100.0,100.0,1.0,89.8,Nice,83.2
30-04-23,17.4,5.2,11.4,15.7,2.9,1.2,1.2,0.0,13.0,6.6,53,False,15,82.0,95.2,94.0,87.20262519839918,0,85.1,Nice,False,True,87.3,82.8,90.0,100.0,1.0,87.6,Nice,76.1
01-05-23,19.9,7.7,13.1,18.7,5.8,0.8,0.8,0.0,9.4,5.7,53,False,20,65.5,96.8,100.0,92.38131989674876,0,81.1,Nice,False,True,84.4,94.8,90.0,100.0,1.0,93.4,Excellent,84.4
02-05-23,21.1,10.3,15.4,18.1,7.6,0.0,0.0,0.0,20.4,14.5,3,False,20,77.0,100.0,79.2,94.0330368242083,0,85.0,Nice,False,True,87.5,92.4,100.0,100.0,1.0,95.8,Excellent,93.1
03-05-23,20.9,9.3,14.6,18.4,6.6,0.0,0.0,0.0,18.1,12.0,3,False,20,73.0,100.0,83.8,77.67337474525763,0,78.1,Nice,False,True,80.0,93.6,100.0,100.0,1.0,93.0,Excellent,87.2
04-05-23,14.5,9.7,12.1,13.1,7.9,1.8,1.8,0.0,16.3,6.0,51,False,20,60.5,92.8,87.4,14.126172791468623,0,50.1,Average,False,False,49.5,72.4,90.0,100.0,1.0,68.8,Pleasant,44.2
05-05-23,18.4,7.4,12.9,17.4,6.3,0.2,0.2,0.0,4.9,2.5,51,False,20,64.5,99.2,100.0,66.91023496621,0,72.1,Pleasant,False,False,74.2,89.6,90.0,100.0,1.0,86.2,Nice,72.5
06-05-23,20.9,7.9,14.3,19.3,5.9,0.0,0.0,0.0,13.3,8.1,3,False,20,71.5,100.0,93.4,93.92263124602746,0,83.9,Nice,False,True,86.9,97.2,100.0,100.0,1.0,97.7,Excellent,95.9
07-05-23,20.4,9.7,15.8,20.3,7.8,0.1,0.1,0.0,17.3,9.7,51,False,20,79.0,99.6,85.4,94.24626226073707,0,86.4,Nice,False,True,88.8,100.0,90.0,100.0,1.0,95.8,Excellent,87.9
08-05-23,16.2,7.2,11.6,15.4,3.6,26.7,26.7,0.0,22.8,7.6,65,False,20,58.0,0.0,74.4,16.24009102170804,0,34.8,Poor,True,False,34.2,81.6,0.0,100.0,1.0,45.9,Average,0.0
09-05-23,14.4,4.6,9.5,12.8,1.9,0.3,0.3,0.0,17.2,10.4,51,False,20,47.5,98.8,85.6,92.2587643738002,0,73.0,Pleasant,False,True,76.9,71.2,90.0,100.0,1.0,83.9,Nice,71.7
10-05-23,15.4,6.4,10.7,13.1,3.2,0.0,0.0,0.0,20.0,14.7,2,False,20,53.5,100.0,80.0,93.23602595383593,0,75.4,Nice,False,True,79.0,72.4,100.0,100.0,1.0,87.6,Nice,80.7
11-05-23,16.5,8.1,11.9,12.7,5.0,0.0,0.0,0.0,23.6,17.7,3,False,20,59.5,100.0,72.8,93.84901734813396,0,77.5,Nice,False,True,80.6,70.8,100.0,100.0,1.0,87.1,Nice,80.0
12-05-23,11.6,8.2,10.2,7.1,4.7,0.4,0.4,0.0,24.0,16.7,51,False,20,51.0,98.4,72.0,0.0,0,40.9,Average,False,False,39.8,48.4,90.0,100.0,1.0,56.4,Average,26.1
13-05-23,16.9,7.7,11.9,14.8,4.6,1.0,1.0,0.0,16.6,11.0,51,False,20,59.5,96.0,86.8,74.58302053439627,0,71.2,Pleasant,False,True,73.7,79.2,90.0,100.0,1.0,83.6,Nice,69.6
14-05-23,17.7,6.8,12.7,13.6,4.2,0.0,0.0,0.0,23.7,14.6,3,False,20,63.5,100.0,72.6,41.404677704579115,0,60.7,Pleasant,False,False,61.0,74.4,100.0,100.0,1.0,78.0,Nice,61.2
15-05-23,21.1,12.7,16.7,18.4,9.4,0.0,0.0,0.0,24.1,17.7,3,False,20,83.5,100.0,71.8,40.712203349442625,0,68.4,Pleasant,False,False,67.7,93.6,100.0,100.0,1.0,85.6,Nice,72.4
16-05-23,23.0,14.6,18.1,22.2,13.7,0.4,0.4,0.0,21.1,11.0,51,False,20,90.5,98.4,77.8,31.101924389909218,0,68.1,Pleasant,False,False,66.7,100.0,90.0,100.0,1.0,83.2,Nice,65.2
17-05-23,16.6,12.4,14.6,14.7,11.4,7.2,7.2,0.0,15.0,10.6,61,False,20,73.0,71.2,90.0,8.795405034074033,0,50.2,Average,False,False,48.7,78.8,55.0,100.0,1.0,59.8,Average,27.9
18-05-23,20.2,11.0,14.8,19.8,10.5,3.8,3.8,0.0,13.0,6.1,55,False,20,74.0,84.8,94.0,55.20279700640644,0,69.2,Pleasant,False,False,70.1,99.2,75.0,100.0,1.0,83.2,Nice,61.2
19-05-23,20.8,10.5,15.8,23.2,9.5,5.9,5.9,0.0,10.0,4.4,63,False,20,79.0,76.4,100.0,89.58747745768386,0,82.4,Nice,False,True,84.9,100.0,75.0,100.0,1.0,90.4,Excellent,71.9
20-05-23,21.8,11.1,16.4,23.1,10.6,0.4,0.4,0.0,13.6,5.1,51,False,20,82.0,98.4,92.8,92.74570219752091,0,87.4,Nice,False,True,89.8,100.0,90.0,100.0,1.0,95.5,Excellent,87.4
21-05-23,22.0,10.7,16.3,23.4,9.8,9.7,9.7,0.0,10.7,5.4,63,False,20,81.5,61.2,98.6,94.51049137078562,0,82.7,Nice,False,True,85.4,100.0,40.0,100.0,1.0,80.9,Nice,39.1
22-05-23,22.1,10.8,16.3,22.7,10.0,0.1,0.1,0.0,7.2,4.1,51,False,20,81.5,99.6,100.0,96.95930856633244,0,89.5,Nice,False,True,92.2,100.0,90.0,100.0,1.0,96.4,Excellent,88.9
23-05-23,22.7,10.0,16.9,24.3,8.6,0.0,0.0,0.0,7.5,4.3,3,False,20,84.5,100.0,100.0,96.70427758435333,0,90.6,Excellent,False,True,93.3,100.0,100.0,100.0,1.0,99.3,Excellent,98.7
24-05-23,24.4,9.7,17.2,24.6,8.3,0.0,0.0,0.0,16.3,4.9,3,False,20,86.0,100.0,87.4,91.30968239436915,0,88.4,Nice,False,True,90.4,100.0,100.0,100.0,1.0,98.3,Excellent,96.5
25-05-23,22.1,13.9,17.9,24.8,13.4,0.9,0.9,0.0,7.4,3.9,53,False,20,89.5,96.4,100.0,88.93142766100935,0,89.4,Nice,False,True,91.4,100.0,90.0,100.0,1.0,94.8,Excellent,86.0
26-05-23,22.5,11.5,16.9,24.5,10.5,7.4,7.4,0.0,10.1,4.6,63,False,20,84.5,70.4,99.8,96.65577080464391,0,86.2,Nice,False,True,88.8,100.0,55.0,100.0,1.0,85.8,Nice,54.3
27-05-23,22.7,12.1,17.0,25.5,11.9,8.8,8.8,0.0,8.9,3.9,61,False,20,85.0,64.8,100.0,91.65827641913533,0,83.8,Nice,False,True,86.1,100.0,55.0,100.0,1.0,84.8,Nice,53.2
28-05-23,21.9,12.1,17.0,22.5,11.4,1.0,1.0,0.0,18.1,6.3,53,False,20,85.0,96.0,83.8,89.27593921640027,0,86.4,Nice,False,True,88.2,100.0,90.0,100.0,1.0,94.9,Excellent,86.1
29-05-23,22.4,12.4,17.5,23.3,12.0,0.0,0.0,0.0,10.2,4.7,3,False,20,87.5,100.0,99.6,95.99350445323584,0,91.6,Excellent,False,True,94.0,100.0,100.0,100.0,1.0,99.2,Excellent,98.4
30-05-23,22.3,12.7,17.5,24.2,12.2,12.9,12.9,0.0,7.5,4.1,63,False,20,87.5,48.4,100.0,92.44054483059662,0,82.6,Nice,True,True,84.9,100.0,20.0,100.0,1.0,74.5,Pleasant,19.4
31-05-23,23.2,11.9,18.1,24.1,11.0,0.0,0.0,0.0,13.0,5.7,3,False,20,90.5,100.0,94.0,79.54803369442726,0,86.6,Nice,False,True,87.9,100.0,100.0,100.0,1.0,95.9,Excellent,91.8
01-06-23,23.0,12.1,17.3,24.3,12.1,8.2,8.2,0.0,9.5,4.4,63,False,24,66.5,67.2,100.0,89.77689166628662,0,76.1,Nice,False,True,79.3,100.0,55.0,100.0,1.0,84.5,Nice,52.8
02-06-23,23.5,12.5,18.0,25.7,11.7,1.1,1.1,0.0,14.5,4.2,53,False,24,70.0,95.6,91.0,89.69092568835562,0,81.0,Nice,False,True,83.8,100.0,90.0,100.0,1.0,94.9,Excellent,86.3
03-06-23,21.6,12.0,17.3,22.7,12.0,2.4,2.4,0.0,14.6,7.4,61,False,24,66.5,90.4,90.8,91.50628865124939,0,79.5,Nice,False,True,82.5,100.0,90.0,100.0,1.0,95.3,Excellent,86.9
04-06-23,21.7,10.9,16.7,21.0,8.6,0.2,0.2,0.0,15.8,10.2,51,False,24,63.5,99.2,88.4,95.11967663408862,0,80.6,Nice,False,True,84.0,100.0,90.0,100.0,1.0,96.0,Excellent,88.2
05-06-23,23.2,12.8,18.1,23.1,12.4,0.8,0.8,0.0,18.9,9.3,53,False,24,70.5,96.8,82.2,84.0235785327453,0,78.7,Nice,False,True,81.0,100.0,90.0,100.0,1.0,93.8,Excellent,84.2
06-06-23,23.9,16.1,19.3,20.3,13.6,0.0,0.0,0.0,21.7,13.3,3,False,24,76.5,100.0,76.6,52.827063006501085,0,70.2,Pleasant,False,False,70.6,100.0,100.0,100.0,1.0,90.6,Excellent,81.1
07-06-23,24.0,16.2,19.6,22.6,14.0,0.5,0.5,0.0,19.6,13.8,51,False,24,78.0,98.0,80.8,75.82403530321739,0,78.9,Nice,False,True,80.4,100.0,90.0,100.0,1.0,92.2,Excellent,81.3
08-06-23,23.4,14.4,18.9,23.4,12.9,0.0,0.0,0.0,14.3,7.7,3,False,24,74.5,100.0,91.4,84.98379626993977,0,81.9,Nice,False,True,84.2,100.0,100.0,100.0,1.0,97.0,Excellent,94.0
09-06-23,24.0,12.5,18.8,25.0,12.0,0.6,0.6,0.0,12.4,6.1,53,False,24,74.0,97.6,95.2,72.64796686138052,0,77.3,Nice,False,True,79.1,100.0,90.0,100.0,1.0,91.5,Excellent,80.2
10-06-23,23.3,13.2,18.5,24.2,13.4,1.1,1.1,0.0,9.1,4.6,55,False,24,72.5,95.6,100.0,95.88486997123809,0,84.9,Nice,False,True,88.1,100.0,90.0,100.0,1.0,96.2,Excellent,88.5
11-06-23,25.0,13.6,19.0,28.0,13.5,5.5,5.5,0.0,11.8,4.9,63,False,24,75.0,78.0,96.4,87.23546072993298,0,79.9,Nice,False,True,82.5,92.3,75.0,100.0,1.0,86.9,Nice,67.7
12-06-23,19.3,14.3,16.6,20.5,14.7,10.5,10.5,0.0,9.7,5.0,61,False,24,63.00000000000001,58.0,100.0,37.12270741940047,0,54.9,Average,True,False,55.6,100.0,40.0,100.0,1.0,69.4,Pleasant,29.9
13-06-23,18.0,11.6,14.6,19.2,10.5,19.0,19.0,0.0,13.5,7.8,61,False,24,53.0,24.0,93.0,17.575187037543564,0,38.4,Poor,True,False,38.5,96.8,20.0,100.0,1.0,58.2,Average,13.0
14-06-23,21.3,14.5,16.9,22.4,14.9,4.2,4.2,0.0,5.1,3.3,61,False,24,64.5,83.2,100.0,62.60740709266568,0,68.2,Pleasant,False,False,70.1,100.0,75.0,100.0,1.0,85.0,Nice,63.8
15-06-23,20.0,13.3,16.6,20.9,13.2,1.1,1.1,0.0,8.7,4.1,51,False,24,63.00000000000001,95.6,100.0,16.36587070574808,0,53.3,Average,False,False,52.9,100.0,90.0,100.0,1.0,80.3,Nice,59.9
16-06-23,21.7,14.5,17.6,22.7,15.1,5.1,5.1,0.0,12.1,6.3,61,False,24,68.0,79.6,95.8,12.149251878241126,0,51.1,Average,False,False,50.2,100.0,75.0,100.0,1.0,74.9,Pleasant,48.6
17-06-23,21.3,15.4,17.6,23.4,16.5,11.7,11.7,0.0,17.0,5.9,65,False,24,68.0,53.2,86.0,48.53303292472672,0,59.0,Average,True,False,59.8,100.0,40.0,100.0,1.0,71.7,Pleasant,31.8
18-06-23,19.7,14.9,17.6,21.3,15.7,2.2,2.2,0.0,9.6,4.8,55,False,24,68.0,91.2,100.0,4.202574170351089,0,50.4,Average,False,False,49.2,100.0,90.0,100.0,1.0,77.8,Nice,55.5
19-06-23,23.9,12.5,18.3,24.7,12.5,0.7,0.7,0.0,15.3,6.0,51,False,24,71.5,97.2,89.4,94.89957272621736,0,83.5,Nice,False,True,86.5,100.0,90.0,100.0,1.0,96.0,Excellent,88.2
20-06-23,25.0,13.0,19.2,26.5,12.6,11.6,11.6,0.0,12.6,5.6,65,False,24,76.0,53.6,94.8,89.04228660592004,0,77.2,Nice,True,True,79.7,100.0,40.0,100.0,1.0,79.8,Nice,38.2
21-06-23,26.9,14.2,20.9,29.1,14.4,0.1,0.1,0.0,9.7,4.4,51,False,24,84.5,99.6,100.0,94.76195826412746,0,89.9,Nice,False,True,92.4,83.8,90.0,100.0,1.0,89.5,Nice,79.4
22-06-23,28.0,16.9,22.4,30.5,17.7,0.3,0.3,0.0,16.9,6.0,51,False,24,92.0,98.8,86.2,91.76386622984646,0,90.6,Excellent,False,True,92.3,73.1,90.0,100.0,1.0,84.6,Nice,72.5
23-06-23,29.8,16.0,23.1,34.2,17.0,0.1,0.1,0.0,9.0,5.2,51,False,24,95.5,99.6,100.0,93.08863133201146,0,93.7,Excellent,False,True,95.6,44.6,90.0,100.0,1.0,73.5,Pleasant,57.6
24-06-23,27.2,18.0,22.4,30.9,19.5,6.3,6.3,0.0,18.9,8.3,63,False,24,92.0,74.8,82.2,85.09205259582878,0,84.4,Nice,False,True,85.7,70.0,55.0,100.0,1.0,71.5,Pleasant,41.8
25-06-23,24.5,17.4,19.7,27.1,19.0,21.1,21.1,0.0,12.0,5.0,63,False,24,78.5,15.599999999999994,96.0,29.9496760546253,0,51.9,Average,True,False,51.4,99.2,20.0,100.0,1.0,61.7,Pleasant,14.3
26-06-23,23.8,16.6,19.6,26.0,17.0,9.1,9.1,0.0,12.3,7.3,63,False,24,78.0,63.6,95.4,75.26695255233763,0,74.7,Pleasant,False,True,76.5,100.0,40.0,100.0,1.0,77.1,Nice,36.0
27-06-23,25.9,13.3,20.2,26.7,13.3,0.0,0.0,0.0,19.7,7.8,3,False,24,81.0,100.0,80.6,93.03402823717529,0,86.4,Nice,False,True,88.6,100.0,100.0,100.0,1.0,98.6,Excellent,97.2
28-06-23,18.1,11.6,16.3,19.2,11.3,6.3,6.3,0.0,18.7,10.8,63,False,24,61.5,74.8,82.6,37.44742481352367,0,55.5,Average,False,False,56.0,96.8,55.0,100.0,1.0,72.7,Pleasant,40.2
29-06-23,20.5,11.1,16.0,19.6,10.2,1.0,1.0,0.0,18.6,7.2,51,False,24,60.0,96.0,82.8,89.50761127936923,0,76.4,Nice,False,True,79.5,98.4,90.0,100.0,1.0,94.3,Excellent,85.4
30-06-23,24.7,11.0,18.7,26.4,10.3,0.0,0.0,0.0,6.8,3.1,1,False,24,73.5,100.0,100.0,95.68326712287504,0,85.9,Nice,False,True,89.0,100.0,100.0,100.0,1.0,99.1,Excellent,98.3
01-07-23,26.8,12.1,20.0,29.1,11.6,0.4,0.4,0.0,7.3,4.5,51,False,26,70.0,98.4,100.0,93.5701980630798,0,83.5,Nice,False,True,86.7,83.8,90.0,100.0,1.0,89.3,Nice,79.0
02-07-23,23.8,15.2,19.7,26.5,15.9,2.8,2.8,0.0,15.5,4.8,53,False,26,68.5,88.8,89.0,82.49524859827216,0,76.7,Nice,False,True,79.2,100.0,90.0,100.0,1.0,93.5,Excellent,83.7
03-07-23,26.7,16.3,21.0,28.9,16.9,11.3,11.3,0.0,9.7,5.3,63,False,26,75.0,54.8,100.0,93.80855434050632,0,79.1,Nice,True,True,82.0,85.4,40.0,100.0,1.0,74.9,Pleasant,35.5
04-07-23,27.0,16.0,21.4,30.1,16.8,2.6,2.6,0.0,12.1,5.3,61,False,26,77.0,89.6,95.8,94.43912389591702,0,85.0,Nice,False,True,87.7,76.2,90.0,100.0,1.0,86.3,Nice,75.1
05-07-23,26.5,16.5,21.1,29.6,18.2,5.3,5.3,0.0,8.3,3.6,63,False,26,75.5,78.8,100.0,84.28600621088603,0,79.5,Nice,False,True,82.0,80.0,75.0,100.0,1.0,81.4,Nice,61.3
06-07-23,25.6,16.3,21.4,29.1,17.5,0.1,0.1,0.0,8.4,4.0,51,False,26,77.0,99.6,100.0,61.51263382473389,0,75.3,Nice,False,False,76.5,83.8,90.0,100.0,1.0,82.8,Nice,67.4
07-07-23,24.9,16.3,19.4,28.1,17.4,24.3,24.3,0.0,13.5,6.2,63,False,26,67.0,2.799999999999997,93.0,65.78941217466273,0,57.7,Average,True,False,59.5,91.5,20.0,100.0,1.0,65.8,Pleasant,16.2
08-07-23,23.8,16.2,19.5,24.2,16.1,15.8,15.8,0.0,12.6,9.8,63,False,26,67.5,36.8,94.8,75.12665751714465,0,66.4,Pleasant,True,True,68.7,100.0,20.0,100.0,1.0,71.0,Pleasant,18.0
09-07-23,25.5,12.6,19.7,25.3,11.8,0.0,0.0,0.0,13.2,8.1,3,False,26,68.5,100.0,93.6,96.6050827154186,0,83.7,Nice,False,True,87.0,100.0,100.0,100.0,1.0,99.3,Excellent,98.6
10-07-23,26.7,13.2,21.2,27.0,13.2,0.4,0.4,0.0,18.2,9.5,51,False,26,76.0,98.4,83.6,96.678161786481,0,85.7,Nice,False,True,88.4,100.0,90.0,100.0,1.0,96.3,Excellent,88.8
11-07-23,26.7,15.8,21.7,28.9,16.7,3.3,3.3,0.0,22.4,8.0,61,False,26,78.5,86.8,75.2,88.25767015804033,0,81.3,Nice,False,True,83.3,85.4,75.0,100.0,1.0,84.3,Nice,64.9
12-07-23,29.9,16.8,23.1,34.0,18.1,3.9,3.9,0.0,8.2,4.2,63,False,26,85.5,84.4,100.0,79.86630524985237,0,82.8,Nice,False,True,84.5,46.2,75.0,100.0,1.0,66.9,Pleasant,44.7
13-07-23,30.3,17.9,24.2,35.6,19.8,1.6,1.6,0.0,12.5,5.4,53,False,26,91.0,93.6,95.0,97.19668559302129,0,92.1,Excellent,False,True,94.3,33.8,90.0,100.0,1.0,70.0,Pleasant,53.3
14-07-23,26.0,19.0,22.1,29.4,20.5,11.0,11.0,0.0,15.1,6.0,63,False,26,80.5,56.0,89.8,85.98746682306844,0,77.9,Nice,True,True,79.9,81.5,40.0,100.0,1.0,71.8,Pleasant,33.3
15-07-23,28.3,16.0,22.3,31.6,17.3,0.0,0.0,0.0,7.4,4.1,3,False,26,81.5,100.0,100.0,93.85400072967124,0,88.4,Nice,False,True,91.1,64.6,100.0,100.0,1.0,84.6,Nice,76.3
16-07-23,30.6,17.9,24.3,33.7,19.5,0.0,0.0,0.0,7.1,4.8,3,False,26,91.5,100.0,100.0,97.70611376103763,0,93.8,Excellent,False,True,96.1,48.5,100.0,100.0,1.0,78.9,Nice,68.2
17-07-23,30.9,18.6,25.3,35.8,20.6,0.0,0.0,0.0,6.4,3.4,1,False,26,96.5,100.0,100.0,97.88790529671456,0,95.9,Excellent,False,True,97.9,32.3,100.0,100.0,1.0,72.5,Pleasant,58.5
18-07-23,29.3,18.8,24.6,31.2,21.2,0.5,0.5,0.0,12.7,7.2,51,False,26,93.0,98.0,94.6,98.07733906734626,0,93.8,Excellent,False,True,95.9,67.7,90.0,100.0,1.0,83.7,Nice,71.9
19-07-23,30.5,17.3,24.1,32.1,18.2,2.2,2.2,0.0,15.6,7.0,61,False,26,90.5,91.2,88.8,98.27469670426706,0,91.4,Excellent,False,True,93.5,60.8,90.0,100.0,1.0,81.0,Nice,68.2
20-07-23,27.6,18.8,22.9,28.5,20.4,0.3,0.3,0.0,23.2,9.4,51,False,26,84.5,98.8,73.6,89.96750899630227,0,86.0,Nice,False,True,87.7,88.5,90.0,100.0,1.0,90.4,Excellent,80.2
21-07-23,28.8,15.2,22.3,30.4,16.1,0.0,0.0,0.0,18.6,6.7,3,False,26,81.5,100.0,82.8,98.66643175503297,0,88.8,Nice,False,True,91.3,73.8,100.0,100.0,1.0,89.3,Nice,83.8
22-07-23,27.2,18.1,23.0,28.2,18.8,0.4,0.4,0.0,21.1,13.4,51,False,26,85.0,98.4,77.8,92.94107130951097,0,87.5,Nice,False,True,89.5,90.8,90.0,100.0,1.0,91.9,Excellent,82.5
23-07-23,25.5,17.1,20.9,27.9,18.4,7.4,7.4,0.0,10.5,5.7,63,False,26,74.5,70.4,99.0,79.06760023161654,0,76.0,Nice,False,True,78.2,93.1,55.0,100.0,1.0,79.5,Nice,48.1
24-07-23,28.5,14.8,21.8,31.0,15.1,0.0,0.0,0.0,6.9,4.6,3,False,26,79.0,100.0,100.0,98.76596985064442,0,89.2,Nice,False,True,92.2,69.2,100.0,100.0,1.0,87.4,Nice,81.0
25-07-23,33.2,16.8,24.0,35.4,17.5,0.3,0.3,0.0,19.4,8.9,51,False,26,90.0,98.8,81.2,71.76766926793906,0,82.4,Nice,False,True,83.1,35.4,90.0,100.0,1.0,65.5,Pleasant,44.9
26-07-23,25.1,18.3,20.8,27.1,17.6,4.5,4.5,0.0,18.5,10.6,63,False,26,74.0,82.0,83.0,59.04116864298147,0,69.2,Pleasant,False,False,70.1,99.2,75.0,100.0,1.0,84.0,Nice,62.4
27-07-23,19.3,14.8,17.0,17.1,12.5,4.5,4.5,0.0,21.3,15.2,61,False,26,55.0,82.0,77.4,78.40594457898466,0,67.9,Pleasant,False,True,70.7,88.4,75.0,100.0,1.0,83.5,Nice,63.3
28-07-23,24.2,10.3,17.8,25.2,9.2,0.0,0.0,0.0,8.8,4.4,2,False,26,59.0,100.0,100.0,98.76600093936487,0,81.2,Nice,False,True,85.2,100.0,100.0,100.0,1.0,99.8,Excellent,99.5
29-07-23,28.2,13.2,20.6,29.9,12.9,0.0,0.0,0.0,13.0,4.5,3,False,26,73.0,100.0,94.0,91.76863311905159,0,83.8,Nice,False,True,86.7,77.7,100.0,100.0,1.0,89.4,Nice,83.3
30-07-23,28.4,14.7,21.2,31.7,15.1,0.9,0.9,0.0,19.5,5.0,51,False,26,76.0,96.4,81.0,73.07033872050877,0,76.9,Nice,False,True,78.4,63.8,90.0,100.0,1.0,77.2,Nice,60.8
31-07-23,24.4,17.2,19.9,27.0,18.1,8.1,8.1,0.0,9.7,5.4,61,False,26,69.5,67.6,100.0,76.38198185505063,0,72.7,Pleasant,False,True,75.0,100.0,55.0,100.0,1.0,81.8,Nice,49.8
01-08-23,26.8,15.1,20.7,28.6,16.1,0.1,0.1,0.0,12.5,6.8,51,False,25,78.5,99.6,95.0,93.30344738053901,0,86.6,Nice,False,True,89.2,87.7,90.0,100.0,1.0,90.7,Excellent,80.9
02-08-23,25.2,16.4,20.3,26.9,17.0,1.5,1.5,0.0,14.6,7.5,53,False,25,76.5,94.0,90.8,63.680423675167305,0,74.3,Pleasant,False,False,75.4,100.0,90.0,100.0,1.0,89.7,Nice,76.9
03-08-23,29.5,13.9,22.1,33.1,13.8,0.1,0.1,0.0,7.3,4.5,51,False,25,85.5,99.6,100.0,93.37955921667911,0,89.8,Nice,False,True,92.2,53.1,90.0,100.0,1.0,76.9,Nice,62.3
04-08-23,32.8,17.3,25.0,36.2,18.7,0.2,0.2,0.0,14.5,6.4,51,False,25,100.0,99.2,91.0,93.08806220257065,0,94.7,Excellent,False,True,96.2,29.2,90.0,100.0,1.0,67.3,Pleasant,49.3
05-08-23,31.0,21.4,25.8,29.4,22.2,0.0,0.0,0.0,27.0,16.8,0,False,25,96.0,100.0,66.0,94.15349130466014,0,91.6,Excellent,False,True,92.9,81.5,100.0,100.0,1.0,91.4,Excellent,86.6
06-08-23,23.8,16.6,19.8,24.6,16.4,9.3,9.3,0.0,22.1,8.7,63,False,25,74.0,62.8,75.8,52.70159552804662,0,63.5,Pleasant,False,False,64.0,100.0,40.0,100.0,1.0,72.5,Pleasant,32.4
07-08-23,21.5,14.6,17.9,19.2,12.4,0.6,0.6,0.0,25.1,17.4,51,False,25,64.5,97.6,69.8,91.57179091008662,0,78.1,Nice,False,True,80.8,96.8,90.0,100.0,1.0,94.0,Excellent,85.2
08-08-23,19.9,12.5,16.5,18.7,10.4,0.1,0.1,0.0,18.9,11.7,51,False,25,57.5,99.6,82.2,83.85567126138959,0,73.9,Pleasant,False,True,76.8,94.8,90.0,100.0,1.0,91.7,Excellent,81.4
09-08-23,22.1,11.7,16.9,22.3,11.2,0.1,0.1,0.0,7.9,4.8,51,False,25,59.49999999999999,99.6,100.0,88.4841840865774,0,77.7,Nice,False,True,81.2,100.0,90.0,100.0,1.0,94.7,Excellent,85.9
10-08-23,21.6,14.0,17.4,23.3,14.4,0.8,0.8,0.0,9.1,4.6,51,False,25,61.99999999999999,96.8,100.0,72.01843039865904,0,72.5,Pleasant,False,True,75.0,100.0,90.0,100.0,1.0,91.4,Excellent,79.9
11-08-23,23.4,12.2,17.7,24.0,12.3,0.8,0.8,0.0,8.7,4.2,51,False,25,63.5,96.8,100.0,90.58120033638916,0,79.6,Nice,False,True,83.0,100.0,90.0,100.0,1.0,95.1,Excellent,86.6
12-08-23,24.4,13.4,18.9,25.5,13.6,0.0,0.0,0.0,9.0,4.0,3,False,25,69.5,100.0,100.0,77.98118178513617,0,78.1,Nice,False,True,80.5,100.0,100.0,100.0,1.0,95.6,Excellent,91.2
13-08-23,26.3,13.3,20.1,28.2,13.4,0.0,0.0,0.0,7.1,3.3,2,False,25,75.5,100.0,100.0,92.14133881576832,0,85.4,Nice,False,True,88.3,90.8,100.0,100.0,1.0,94.7,Excellent,91.3
14-08-23,27.7,13.4,20.8,28.8,13.2,0.0,0.0,0.0,10.0,5.8,0,False,25,79.0,100.0,100.0,91.56187480880817,0,86.6,Nice,False,True,89.3,86.2,100.0,100.0,1.0,92.8,Excellent,88.3
15-08-23,25.6,16.8,20.7,27.4,17.2,2.5,2.5,0.0,9.4,5.4,61,False,25,78.5,90.0,100.0,62.27240901165584,0,74.7,Pleasant,False,False,75.9,96.9,90.0,100.0,1.0,88.2,Nice,74.8
16-08-23,25.0,16.1,20.4,25.8,16.8,3.7,3.7,0.0,16.2,5.6,63,False,25,77.0,85.2,87.6,69.55326244072741,0,74.9,Pleasant,False,False,76.3,100.0,75.0,100.0,1.0,86.4,Nice,65.9
17-08-23,28.3,17.0,22.3,30.0,18.2,0.1,0.1,0.0,12.3,5.8,51,False,25,86.5,99.6,95.4,92.41802886167648,0,89.5,Nice,False,True,91.7,76.9,90.0,100.0,1.0,86.3,Nice,74.8
18-08-23,29.8,17.5,23.2,31.0,18.6,0.0,0.0,0.0,13.1,8.3,1,False,25,91.0,100.0,93.8,92.73937856689918,0,91.4,Excellent,False,True,93.3,69.2,100.0,100.0,1.0,86.2,Nice,78.6
19-08-23,30.0,17.5,23.7,32.0,18.5,0.8,0.8,0.0,13.5,7.4,53,False,25,93.5,96.8,93.0,93.06456234699282,0,91.9,Excellent,False,True,93.8,61.5,90.0,100.0,1.0,80.2,Nice,66.7
20-08-23,30.5,18.5,24.2,33.7,20.4,0.0,0.0,0.0,7.9,3.8,2,False,25,96.0,100.0,100.0,93.39333921897625,0,94.1,Excellent,False,True,96.0,48.5,100.0,100.0,1.0,78.1,Nice,66.4
21-08-23,30.4,18.8,25.0,33.5,20.2,0.0,0.0,0.0,6.0,3.0,0,False,25,100.0,100.0,100.0,93.72555475314732,0,95.8,Excellent,False,True,97.5,50.0,100.0,100.0,1.0,78.7,Nice,67.5
22-08-23,31.5,19.6,25.4,34.5,21.8,0.0,0.0,0.0,5.3,2.6,1,False,25,98.0,100.0,100.0,94.06099292633195,0,95.1,Excellent,False,True,96.9,42.3,100.0,100.0,1.0,75.7,Nice,63.0
23-08-23,31.3,20.4,25.4,33.6,22.1,0.6,0.6,0.0,15.0,5.0,51,False,25,98.0,97.6,90.0,94.39946910384042,0,94.1,Excellent,False,True,95.7,49.2,90.0,100.0,1.0,75.6,Nice,60.6
24-08-23,28.8,18.3,23.0,32.0,19.7,1.2,1.2,0.0,12.4,5.9,53,False,25,90.0,95.2,95.2,85.22722395823634,0,87.7,Nice,False,True,89.4,61.5,90.0,100.0,1.0,78.7,Nice,63.9
25-08-23,30.0,18.5,23.6,33.0,20.9,0.0,0.0,0.0,6.5,3.1,1,False,25,93.0,100.0,100.0,95.08469038961968,0,93.5,Excellent,False,True,95.6,53.8,100.0,100.0,1.0,80.6,Nice,70.3
26-08-23,32.0,17.1,24.9,35.0,18.2,0.0,0.0,0.0,6.5,3.4,3,False,25,99.5,100.0,100.0,95.4312687893055,0,96.2,Excellent,False,True,98.0,38.5,100.0,100.0,1.0,74.5,Pleasant,61.2
27-08-23,33.4,17.1,24.9,35.2,18.2,0.0,0.0,0.0,13.2,6.9,1,False,25,99.5,100.0,93.6,95.7829705246328,0,95.8,Excellent,False,True,97.5,36.9,100.0,100.0,1.0,73.9,Pleasant,60.5
28-08-23,33.3,17.9,25.4,33.2,19.1,0.0,0.0,0.0,18.4,11.0,0,False,25,98.0,100.0,83.2,96.14033530790792,0,94.5,Excellent,False,True,96.1,52.3,100.0,100.0,1.0,80.2,Nice,69.8
29-08-23,32.0,18.1,24.9,29.8,18.3,0.1,0.1,0.0,24.2,13.3,51,False,25,99.5,99.6,71.6,89.07984234517532,0,91.6,Excellent,False,True,92.6,78.5,90.0,100.0,1.0,86.2,Nice,74.4
30-08-23,26.4,16.4,20.6,27.3,17.0,3.4,3.4,0.0,19.8,8.8,61,False,25,78.0,86.4,80.4,96.87124507493549,0,84.5,Nice,False,True,87.0,97.7,75.0,100.0,1.0,91.0,Excellent,73.0
31-08-23,23.2,14.8,18.6,24.2,15.1,4.8,4.8,0.0,10.7,4.7,63,False,25,68.0,80.8,98.6,95.3986960101101,0,80.6,Nice,False,True,83.9,100.0,75.0,100.0,1.0,91.6,Excellent,73.6
01-09-23,24.1,14.2,18.9,24.3,15.0,0.6,0.6,0.0,8.8,5.5,51,False,21,89.5,97.6,100.0,96.64096981772737,0,92.3,Excellent,False,True,94.6,100.0,90.0,100.0,1.0,96.3,Excellent,88.8
02-09-23,26.6,13.0,19.8,27.6,11.9,0.0,0.0,0.0,7.8,4.4,0,False,21,94.0,100.0,100.0,97.4477534551114,0,94.7,Excellent,False,True,96.9,95.4,100.0,100.0,1.0,97.6,Excellent,96.2
03-09-23,26.3,15.6,19.2,26.6,15.0,3.3,3.3,0.0,20.7,6.9,61,False,21,91.0,86.8,78.6,75.68685823851452,0,82.2,Nice,False,True,83.0,100.0,75.0,100.0,1.0,87.6,Nice,67.7
04-09-23,19.5,14.0,16.0,20.3,14.2,20.9,20.9,0.0,10.2,6.1,63,False,21,75.0,16.400000000000006,99.6,22.963487844936637,0,48.5,Average,True,False,47.9,100.0,20.0,100.0,1.0,60.6,Pleasant,13.8
05-09-23,22.7,13.4,17.7,22.5,13.4,0.0,0.0,0.0,14.4,6.2,3,False,21,83.5,100.0,91.2,91.3111275753096,0,87.7,Nice,False,True,89.9,100.0,100.0,100.0,1.0,98.3,Excellent,96.5
06-09-23,23.6,13.0,18.1,24.0,12.2,0.0,0.0,0.0,6.9,4.1,0,False,21,85.5,100.0,100.0,98.04002341426548,0,91.5,Excellent,False,True,94.1,100.0,100.0,100.0,1.0,99.6,Excellent,99.2
07-09-23,24.6,11.5,17.8,24.3,9.9,0.0,0.0,0.0,8.0,5.4,0,False,21,84.0,100.0,100.0,98.19106696306014,0,91.0,Excellent,False,True,93.7,100.0,100.0,100.0,1.0,99.6,Excellent,99.3
08-09-23,24.4,12.9,18.0,24.6,11.6,0.0,0.0,0.0,11.2,5.4,2,False,21,85.0,100.0,97.6,97.64033143174376,0,91.0,Excellent,False,True,93.6,100.0,100.0,100.0,1.0,99.5,Excellent,99.1
09-09-23,25.1,11.7,18.9,26.1,10.8,0.0,0.0,0.0,5.5,3.4,3,False,21,89.5,100.0,100.0,96.73376039721637,0,92.7,Excellent,False,True,95.0,100.0,100.0,100.0,1.0,99.3,Excellent,98.7
10-09-23,25.8,11.6,18.9,26.6,10.4,0.0,0.0,0.0,10.1,5.2,0,False,21,89.5,100.0,99.8,96.53667725700791,0,92.6,Excellent,False,True,94.9,100.0,100.0,100.0,1.0,99.3,Excellent,98.6
11-09-23,26.6,12.3,19.4,27.0,11.5,0.0,0.0,0.0,9.2,5.6,0,False,21,92.0,100.0,100.0,96.21906088284456,0,93.5,Excellent,False,True,95.7,100.0,100.0,100.0,1.0,99.2,Excellent,98.5
12-09-23,27.6,14.8,20.9,29.2,15.2,0.0,0.0,0.0,6.4,2.8,1,False,21,99.5,100.0,100.0,95.85913049394475,0,96.4,Excellent,False,True,98.2,83.1,100.0,100.0,1.0,92.4,Excellent,88.2
13-09-23,28.7,13.6,20.4,28.9,13.1,0.0,0.0,0.0,8.7,5.4,3,False,21,97.0,100.0,100.0,95.49614155190149,0,95.2,Excellent,False,True,97.1,85.4,100.0,100.0,1.0,93.3,Excellent,89.4
14-09-23,26.6,13.9,19.9,27.0,13.6,0.7,0.7,0.0,16.0,5.8,51,False,21,94.5,97.2,88.0,82.22642138365055,0,88.2,Nice,False,True,89.3,100.0,90.0,100.0,1.0,93.4,Excellent,83.6
15-09-23,22.5,14.3,18.0,24.0,14.6,1.3,1.3,0.0,6.8,4.4,53,False,21,85.0,94.8,100.0,71.18490075799576,0,81.1,Nice,False,True,82.4,100.0,90.0,100.0,1.0,91.2,Excellent,79.6
16-09-23,23.2,14.9,18.3,22.7,14.9,0.0,0.0,0.0,15.0,11.6,3,False,21,86.5,100.0,90.0,86.52252660527962,0,87.1,Nice,False,True,88.9,100.0,100.0,100.0,1.0,97.3,Excellent,94.6
17-09-23,23.8,15.6,19.2,22.9,15.8,0.1,0.1,0.0,18.5,11.2,51,False,21,91.0,99.6,83.0,94.99231290752445,0,91.2,Excellent,False,True,93.1,100.0,90.0,100.0,1.0,96.0,Excellent,88.2
18-09-23,24.3,13.5,18.6,23.0,13.1,0.0,0.0,0.0,23.2,12.7,0,False,21,88.0,100.0,73.6,95.31880525368537,0,89.4,Nice,False,True,91.3,100.0,100.0,100.0,1.0,99.1,Excellent,98.1
19-09-23,21.6,14.7,17.5,20.0,13.3,1.0,1.0,0.0,14.7,10.7,53,False,21,82.5,96.0,90.6,40.88635779257161,0,69.0,Pleasant,False,False,68.7,100.0,90.0,100.0,1.0,85.2,Nice,68.7
20-09-23,23.2,14.4,18.2,24.1,14.6,0.1,0.1,0.0,7.1,3.4,51,False,21,86.0,99.6,100.0,92.75574553924135,0,89.8,Nice,False,True,92.1,100.0,90.0,100.0,1.0,95.6,Excellent,87.4
21-09-23,25.8,11.2,17.4,25.1,10.5,2.0,2.0,0.0,13.0,8.2,53,False,21,82.0,92.0,94.0,67.78267974522454,0,77.8,Nice,False,False,79.0,100.0,90.0,100.0,1.0,90.6,Excellent,78.4
22-09-23,25.8,14.1,19.8,25.9,13.9,0.0,0.0,0.0,15.3,9.1,3,False,21,94.0,100.0,89.4,95.24186988864078,0,93.1,Excellent,False,True,94.9,100.0,100.0,100.0,1.0,99.0,Excellent,98.1
23-09-23,29.8,13.7,21.1,30.0,13.5,0.0,0.0,0.0,17.9,10.4,3,False,21,99.5,100.0,84.2,95.75055200249732,0,95.0,Excellent,False,True,96.5,76.9,100.0,100.0,1.0,89.9,Nice,84.5
24-09-23,27.5,15.3,21.1,29.2,15.2,8.9,8.9,0.0,19.1,8.0,63,False,21,99.5,64.4,81.8,79.61812621915024,0,83.9,Nice,False,True,84.5,83.1,55.0,100.0,1.0,75.7,Nice,44.9
25-09-23,24.7,15.7,19.4,24.5,16.6,0.0,0.0,0.0,12.4,6.0,3,False,21,92.0,100.0,95.2,88.23050104642618,0,90.3,Excellent,False,True,92.0,100.0,100.0,100.0,1.0,97.6,Excellent,95.3
26-09-23,24.2,13.9,18.5,22.9,13.4,0.0,0.0,0.0,12.5,6.0,3,False,21,87.5,100.0,95.0,96.54606508775014,0,91.4,Excellent,False,True,93.7,100.0,100.0,100.0,1.0,99.3,Excellent,98.6
27-09-23,24.3,13.2,17.9,22.6,12.5,0.0,0.0,0.0,13.4,6.2,3,False,21,84.5,100.0,93.2,96.30454481477474,0,90.0,Excellent,False,True,92.4,100.0,100.0,100.0,1.0,99.3,Excellent,98.5
28-09-23,23.9,12.2,17.6,22.8,11.5,0.0,0.0,0.0,11.9,4.3,3,False,21,83.0,100.0,96.2,96.06009228608453,0,89.5,Nice,False,True,92.1,100.0,100.0,100.0,1.0,99.2,Excellent,98.4
29-09-23,23.7,11.0,16.8,23.4,9.8,0.0,0.0,0.0,7.4,3.2,3,False,21,79.0,100.0,100.0,95.81223880779211,0,88.1,Nice,False,True,91.0,100.0,100.0,100.0,1.0,99.2,Excellent,98.3
30-09-23,24.1,11.9,17.4,23.9,10.7,0.0,0.0,0.0,9.7,4.4,3,False,21,82.0,100.0,100.0,96.341112275268,0,89.5,Nice,False,True,92.2,100.0,100.0,100.0,1.0,99.3,Excellent,98.5
01-10-23,22.6,12.5,16.9,21.3,11.1,3.7,3.7,0.0,14.0,6.3,61,False,15,90.5,85.2,92.0,87.56119753511359,0,87.0,Nice,False,True,88.7,100.0,75.0,100.0,1.0,90.0,Excellent,71.3
02-10-23,18.0,10.7,14.0,17.0,9.3,0.0,0.0,0.0,9.0,4.6,3,False,15,95.0,100.0,100.0,65.73679467467886,0,84.0,Nice,False,False,84.5,88.0,100.0,100.0,1.0,88.3,Nice,79.1
03-10-23,20.3,7.7,13.8,19.5,6.0,0.0,0.0,0.0,6.2,3.2,3,False,15,94.0,100.0,100.0,95.74329945209932,0,94.1,Excellent,False,True,96.2,98.0,100.0,100.0,1.0,98.3,Excellent,97.1
04-10-23,23.5,7.4,15.2,22.9,5.6,0.0,0.0,0.0,7.4,4.6,3,False,15,99.0,100.0,100.0,87.59512073179899,0,93.3,Excellent,False,True,94.7,100.0,100.0,100.0,1.0,97.5,Excellent,95.0
05-10-23,21.0,11.6,15.6,21.4,11.0,0.3,0.3,0.0,11.2,4.4,51,False,15,97.0,98.8,97.6,90.80863977151017,0,93.2,Excellent,False,True,94.9,100.0,90.0,100.0,1.0,95.2,Excellent,86.7
06-10-23,18.7,10.1,13.9,16.8,8.9,0.0,0.0,0.0,12.5,4.5,3,False,15,94.5,100.0,95.0,94.52026943194022,0,93.5,Excellent,False,True,95.4,87.2,100.0,100.0,1.0,93.8,Excellent,90.1
07-10-23,19.5,7.5,12.7,17.1,6.0,0.0,0.0,0.0,12.5,5.6,3,False,15,88.5,100.0,95.0,88.14551801873081,0,88.9,Nice,False,True,90.7,88.4,100.0,100.0,1.0,93.0,Excellent,88.3
08-10-23,20.1,8.6,14.6,15.9,6.5,2.1,2.1,0.0,29.7,13.2,55,False,15,98.0,91.6,60.6,57.82990056201527,0,78.0,Nice,False,False,77.2,83.6,90.0,100.0,1.0,82.0,Nice,66.0
09-10-23,12.1,2.9,8.3,9.5,-0.1,0.0,0.0,0.0,10.7,5.3,3,False,15,66.5,100.0,98.6,46.89388369706667,0,65.9,Pleasant,False,False,66.9,58.0,100.0,100.0,1.0,72.6,Pleasant,53.6
10-10-23,16.3,6.9,11.6,14.3,4.9,0.0,0.0,0.0,7.7,2.7,3,False,15,83.0,100.0,100.0,62.81300679332966,0,78.2,Nice,False,False,79.2,77.2,100.0,100.0,1.0,83.4,Nice,71.4
11-10-23,17.9,6.1,11.4,16.7,4.5,0.0,0.0,0.0,7.7,3.8,3,False,15,82.0,100.0,100.0,94.63428052800941,0,88.9,Nice,False,True,91.6,86.8,100.0,100.0,1.0,93.6,Excellent,89.9
12-10-23,21.3,6.9,13.3,20.6,4.8,0.0,0.0,0.0,7.9,4.4,0,False,15,91.5,100.0,100.0,94.39379650527556,0,92.6,Excellent,False,True,94.8,100.0,100.0,100.0,1.0,98.9,Excellent,97.8
13-10-23,22.3,9.5,15.0,22.1,7.5,0.0,0.0,0.0,9.8,4.3,3,False,15,100.0,100.0,100.0,57.75939740421045,0,83.2,Nice,False,False,83.1,100.0,100.0,100.0,1.0,91.6,Excellent,83.1
14-10-23,25.3,9.2,15.5,23.1,7.5,0.0,0.0,0.0,13.0,8.0,3,False,15,97.5,100.0,94.0,93.89587254300064,0,94.4,Excellent,False,True,96.1,100.0,100.0,100.0,1.0,98.8,Excellent,97.6
15-10-23,21.2,7.7,14.2,20.7,5.4,8.6,8.6,0.0,17.6,7.4,63,False,15,96.0,65.6,84.8,77.87268953346968,0,82.3,Nice,False,True,83.1,100.0,55.0,100.0,1.0,82.1,Nice,50.1
16-10-23,11.1,2.9,8.5,9.6,0.3,12.4,12.4,0.0,18.6,11.7,63,False,15,67.5,50.4,82.8,90.79682504601246,0,73.0,Pleasant,True,True,75.8,58.4,20.0,100.0,1.0,57.5,Average,14.3
17-10-23,11.9,0.3,6.0,9.4,-3.0,0.0,0.0,0.0,8.4,4.7,3,False,15,55.0,100.0,100.0,92.2250272490345,0,77.3,Nice,False,True,81.1,57.6,100.0,100.0,1.0,81.5,Nice,71.5
18-10-23,13.4,2.1,7.0,11.5,-0.5,0.0,0.0,0.0,6.4,3.4,3,False,15,60.0,100.0,100.0,93.68770661864491,0,79.8,Nice,False,True,83.5,66.0,100.0,100.0,1.0,85.1,Nice,77.1
19-10-23,17.6,0.9,8.6,14.5,-2.6,0.6,0.6,0.0,19.4,10.7,53,False,15,68.0,97.6,81.2,93.39946037570613,0,81.0,Nice,False,True,83.9,78.0,90.0,100.0,1.0,86.9,Nice,75.7
20-10-23,22.1,9.5,15.3,20.7,7.5,0.0,0.0,0.0,14.1,9.8,3,False,15,98.5,100.0,91.8,73.67251079751125,0,87.5,Nice,False,True,88.1,100.0,100.0,100.0,1.0,94.7,Excellent,89.5
21-10-23,28.0,13.7,19.2,27.6,11.5,0.0,0.0,0.0,14.8,10.9,3,False,15,79.0,100.0,90.4,93.68475805593351,0,86.6,Nice,False,True,89.2,95.4,100.0,100.0,1.0,96.9,Excellent,94.7
22-10-23,23.2,11.3,16.3,22.9,10.3,0.4,0.4,0.0,13.3,7.8,51,False,15,93.5,98.4,93.4,77.2296163517836,0,86.7,Nice,False,True,87.7,100.0,90.0,100.0,1.0,92.4,Excellent,81.8
23-10-23,20.5,10.1,14.5,20.0,8.7,0.0,0.0,0.0,6.2,4.1,3,False,15,97.5,100.0,100.0,94.57077085423413,0,95.1,Excellent,False,True,97.0,100.0,100.0,100.0,1.0,98.9,Excellent,97.8
24-10-23,21.7,8.6,14.2,20.9,6.6,0.0,0.0,0.0,12.4,7.0,3,False,15,96.0,100.0,95.2,95.01894836195251,0,94.3,Excellent,False,True,96.1,100.0,100.0,100.0,1.0,99.0,Excellent,98.0
25-10-23,22.6,11.2,16.7,21.3,10.0,0.1,0.1,0.0,23.7,10.4,51,False,15,91.5,99.6,72.6,92.53947687341784,0,89.7,Nice,False,True,91.2,100.0,90.0,100.0,1.0,95.5,Excellent,87.3
26-10-23,19.3,8.1,13.2,18.5,6.2,0.8,0.8,0.0,8.5,4.8,53,False,15,91.0,96.8,100.0,68.96902505731784,0,83.1,Nice,False,False,84.0,94.0,90.0,100.0,1.0,88.4,Nice,75.6
27-10-23,20.5,8.9,13.9,17.6,7.2,5.1,5.1,0.0,20.4,10.3,63,False,15,94.5,79.6,79.2,29.28269131769702,0,66.3,Pleasant,False,False,64.6,90.4,75.0,100.0,1.0,74.5,Pleasant,49.5
28-10-23,17.9,7.9,12.7,15.8,5.9,0.0,0.0,0.0,14.3,6.7,2,False,15,88.5,100.0,91.4,96.47507074228292,0,91.5,Excellent,False,True,93.7,83.2,100.0,100.0,1.0,92.6,Excellent,88.5
29-10-23,18.6,6.2,11.5,17.1,4.3,0.0,0.0,0.0,9.8,4.4,3,False,15,82.5,100.0,100.0,96.70637271542022,0,89.8,Nice,False,True,92.6,88.4,100.0,100.0,1.0,94.7,Excellent,91.7
30-10-23,22.2,4.6,11.8,20.4,1.5,0.0,0.0,0.0,12.3,9.4,3,False,15,84.0,100.0,95.4,96.93738582442809,0,90.2,Excellent,False,True,92.7,100.0,100.0,100.0,1.0,99.4,Excellent,98.8
31-10-23,22.4,6.5,14.4,18.2,3.9,0.1,0.1,0.0,26.3,15.6,51,False,15,97.0,99.6,67.4,77.52145616796783,0,86.3,Nice,False,True,86.6,92.8,90.0,100.0,1.0,89.6,Nice,78.0
01-11-23,15.6,7.1,11.7,13.7,4.9,2.0,2.0,0.0,26.3,12.3,61,False,8,81.5,92.0,67.4,94.4388436484094,0,84.8,Nice,False,True,86.8,74.8,90.0,100.0,1.0,85.8,Nice,74.4
02-11-23,16.2,4.4,9.9,12.7,1.5,0.0,0.0,0.0,15.3,10.5,3,False,8,90.5,100.0,89.4,35.73922932354648,0,70.9,Pleasant,False,False,69.9,70.8,100.0,100.0,1.0,75.5,Nice,56.8
03-11-23,18.5,10.2,13.7,14.0,7.5,7.9,7.9,0.0,31.2,17.0,63,False,8,71.5,68.4,57.6,55.11226742666827,0,62.8,Pleasant,False,False,63.1,76.0,55.0,100.0,1.0,67.9,Pleasant,37.2
04-11-23,16.5,9.1,12.1,15.1,7.6,10.9,10.9,0.0,14.1,7.4,63,False,8,79.5,56.4,91.8,4.770320085040059,0,49.3,Average,True,False,47.4,80.4,40.0,100.0,1.0,55.1,Average,20.1
05-11-23,15.6,4.2,10.2,12.5,1.8,8.5,8.5,0.0,25.4,11.2,63,False,8,89.0,66.0,69.2,75.19937850968076,0,77.4,Nice,False,True,78.0,70.0,55.0,100.0,1.0,69.5,Pleasant,39.6
06-11-23,15.7,5.6,10.8,12.6,2.8,0.9,0.9,0.0,18.8,9.4,53,False,8,86.0,96.4,82.4,98.19874531261057,0,89.8,Nice,False,True,92.1,70.4,90.0,100.0,1.0,84.8,Nice,73.4
07-11-23,17.3,4.2,9.0,15.2,1.4,0.0,0.0,0.0,11.0,6.9,3,False,8,95.0,100.0,98.0,79.46046702656592,0,88.7,Nice,False,True,89.8,80.8,100.0,100.0,1.0,88.2,Nice,80.3
08-11-23,14.6,6.4,10.2,11.7,3.4,1.8,1.8,0.0,22.0,12.9,53,False,8,89.0,92.8,76.0,43.52172112877945,0,70.8,Pleasant,False,False,70.1,66.8,90.0,100.0,1.0,72.4,Pleasant,51.7
09-11-23,10.8,2.8,6.6,8.3,-0.2,0.0,0.0,0.0,18.3,7.7,1,False,8,93.0,100.0,83.4,98.18678538962803,0,93.2,Excellent,False,True,95.2,53.2,100.0,100.0,1.0,80.9,Nice,71.2
10-11-23,12.6,1.0,6.6,8.5,-2.6,0.0,0.0,0.0,18.9,11.3,3,False,8,93.0,100.0,82.2,52.498143184034,0,77.2,Nice,False,False,76.8,54.0,100.0,100.0,1.0,72.1,Pleasant,53.4
11-11-23,12.0,7.4,9.0,10.2,4.8,9.2,9.2,0.0,16.8,8.4,63,False,8,95.0,63.2,86.4,22.17195480068878,0,62.2,Pleasant,False,False,60.2,60.8,40.0,100.0,1.0,50.8,Average,18.1
12-11-23,9.2,2.2,6.2,3.5,-0.8,0.7,0.7,0.0,29.0,20.4,51,False,8,91.0,97.2,62.0,78.23191790620778,0,83.3,Nice,False,True,83.9,34.0,90.0,98.7,1.0,66.1,Pleasant,45.9
13-11-23,9.0,-1.2,3.9,6.3,-4.8,0.0,0.0,0.0,8.1,4.9,3,False,8,79.5,100.0,100.0,73.03126404656382,0,80.4,Nice,False,True,82.0,45.2,100.0,100.0,1.0,72.7,Pleasant,56.3
14-11-23,15.6,3.6,9.0,13.6,0.8,0.7,0.7,0.0,21.0,8.1,51,False,8,95.0,97.2,78.0,20.253390393854975,0,65.9,Pleasant,False,False,63.7,74.4,90.0,100.0,1.0,70.8,Pleasant,47.5
15-11-23,13.0,7.5,9.2,11.3,4.3,7.7,7.7,0.0,22.4,9.6,61,False,8,94.0,69.2,75.2,58.459681355714245,0,74.5,Pleasant,False,False,74.2,65.2,55.0,100.0,1.0,64.3,Pleasant,34.4
16-11-23,9.8,3.5,7.5,5.3,0.9,0.5,0.5,0.0,24.3,15.8,51,False,8,97.5,98.0,71.4,93.29851881768401,0,92.1,Excellent,False,True,93.3,41.2,90.0,100.0,1.0,72.1,Pleasant,55.8
17-11-23,10.1,1.8,5.8,6.0,-1.5,2.0,2.0,0.0,15.9,9.4,53,False,8,89.0,92.0,88.2,12.77779284228794,0,60.9,Pleasant,False,False,58.9,44.0,90.0,100.0,1.0,57.2,Average,28.4
18-11-23,5.9,1.9,3.7,4.3,-2.7,10.7,10.6,0.07,21.2,14.0,71,False,8,78.5,57.2,77.6,0.0,-20,45.8,Average,True,False,43.8,37.2,40.0,100.0,1.0,36.9,Poor,8.9
19-11-23,5.5,1.1,2.5,1.9,-1.8,0.2,0.2,0.0,14.3,7.2,51,False,8,72.5,99.2,91.4,22.045544576228725,0,58.9,Average,False,False,58.2,27.6,90.0,100.0,1.0,52.4,Average,22.8
20-11-23,9.1,0.4,4.6,5.2,-2.7,0.0,0.0,0.0,17.7,7.2,3,False,8,83.0,100.0,84.6,43.673620404393944,0,70.3,Pleasant,False,False,70.0,40.8,100.0,100.0,1.0,65.1,Pleasant,41.9
21-11-23,13.1,2.4,7.6,10.9,0.4,0.9,0.9,0.0,8.0,3.9,51,False,8,98.0,96.4,100.0,91.81830981696174,0,93.8,Excellent,False,True,95.5,63.6,90.0,100.0,1.0,80.8,Nice,67.4
22-11-23,8.9,5.1,6.8,7.5,3.1,3.6,3.6,0.0,7.1,3.4,51,False,8,94.0,85.6,100.0,4.7512711178799805,0,60.1,Pleasant,False,False,57.6,50.0,75.0,100.0,1.0,53.5,Average,23.9
23-11-23,7.9,1.6,4.4,4.9,-1.8,0.0,0.0,0.0,13.2,6.0,3,False,8,82.0,100.0,93.6,40.16106354836752,0,69.3,Pleasant,False,False,69.1,39.6,100.0,100.0,1.0,63.9,Pleasant,39.8
24-11-23,9.4,-2.0,3.1,5.3,-5.8,0.2,0.2,0.0,17.8,9.0,51,False,8,75.5,99.2,84.4,1.8647529805378606,0,52.5,Average,False,False,50.5,41.2,90.0,100.0,1.0,53.9,Average,22.9
25-11-23,3.8,0.8,2.1,1.4,-3.5,5.9,3.3,1.82,14.8,6.1,73,False,8,70.5,76.4,90.4,0.0,-20,46.5,Average,False,False,45.2,25.6,75.0,100.0,1.0,42.7,Average,11.5
26-11-23,0.9,-2.6,-0.5,-3.9,-8.1,4.4,0.0,3.08,25.8,18.5,73,False,8,57.5,82.4,68.4,6.3151323290803445,-20,42.6,Average,False,False,41.9,4.4,100.0,100.0,1.0,43.0,Average,5.2
27-11-23,2.6,-3.6,-0.9,-2.3,-9.1,0.0,0.0,0.0,24.5,14.3,3,False,8,55.5,100.0,71.0,66.17113878385412,0,66.0,Pleasant,False,False,68.0,10.8,100.0,100.0,1.0,57.6,Average,32.9
28-11-23,5.2,-2.3,2.0,1.1,-5.8,3.3,3.2,0.07,21.0,11.3,71,False,8,70.0,86.8,78.0,0.0,-20,46.9,Average,False,False,45.3,24.4,75.0,100.0,1.0,42.3,Average,11.0
29-11-23,4.1,-3.7,1.7,-0.1,-7.6,0.3,0.3,0.0,25.1,14.4,51,False,8,68.5,98.8,69.8,40.26931804794223,0,61.9,Pleasant,False,False,61.9,19.6,90.0,100.0,1.0,52.9,Average,25.1
30-11-23,4.3,-4.6,0.0,0.4,-7.8,5.6,5.1,0.35,15.6,8.3,73,False,8,60.0,77.6,88.8,70.06165725570297,-20,66.9,Pleasant,False,True,69.5,21.6,75.0,100.0,1.0,55.2,Average,30.7
01-12-23,15.4,4.0,8.6,13.3,-0.4,2.2,2.2,0.0,17.4,13.1,53,False,2,67.0,91.2,85.2,66.04496764219033,0,70.4,Pleasant,False,False,72.1,73.2,90.0,100.0,1.0,79.5,Nice,63.3
02-12-23,16.7,5.8,10.6,14.1,2.7,0.0,0.0,0.0,16.7,10.1,3,False,2,57.0,100.0,86.6,65.85510234188408,0,67.8,Pleasant,False,False,70.0,76.4,100.0,100.0,1.0,83.7,Nice,72.2
03-12-23,11.2,-1.8,3.6,8.8,-6.3,0.9,0.9,0.0,21.6,14.2,53,False,2,92.0,96.4,76.8,68.66979257173104,0,81.4,Nice,False,False,81.8,55.2,90.0,100.0,1.0,72.8,Pleasant,54.5
04-12-23,-0.3,-4.8,-2.2,-3.9,-9.0,0.0,0.0,0.0,10.1,5.7,3,False,2,79.0,100.0,99.8,91.95895650236604,0,86.8,Nice,False,True,89.4,4.4,100.0,100.0,1.0,60.2,Pleasant,39.4
05-12-23,5.8,-3.8,-0.3,1.5,-8.2,0.0,0.0,0.0,13.0,9.5,3,False,2,88.5,100.0,94.0,56.4640516909572,0,77.7,Nice,False,False,78.0,26.0,100.0,100.0,1.0,61.7,Pleasant,38.2
06-12-23,7.3,-2.8,0.8,3.4,-6.6,0.0,0.0,0.0,13.6,8.7,3,False,2,94.0,100.0,92.8,70.5185339841329,0,84.7,Nice,False,True,85.4,33.6,100.0,100.0,1.0,67.5,Pleasant,48.4
07-12-23,4.5,0.5,2.0,1.8,-2.2,1.3,1.3,0.0,8.2,5.7,51,False,2,100.0,94.8,100.0,34.112663636830625,0,74.2,Pleasant,False,False,72.9,27.2,90.0,100.0,1.0,54.7,Average,27.0
08-12-23,3.5,1.3,2.1,1.1,-1.9,0.2,0.2,0.0,7.8,3.7,51,False,2,99.5,99.2,100.0,0.0,0,62.7,Pleasant,False,False,59.7,24.4,90.0,100.0,1.0,46.8,Average,13.2
09-12-23,1.9,-1.6,0.2,-1.1,-4.5,0.0,0.0,0.0,6.8,4.3,3,False,2,91.0,100.0,100.0,16.19239875973035,0,65.1,Pleasant,False,False,63.3,15.6,100.0,100.0,1.0,49.5,Average,15.8
10-12-23,4.9,-2.5,-0.2,2.1,-6.1,0.0,0.0,0.0,7.1,4.8,3,False,2,89.0,100.0,100.0,91.31238728627193,0,90.6,Excellent,False,True,92.7,28.4,100.0,100.0,1.0,69.6,Pleasant,53.6
11-12-23,4.7,-2.4,0.5,1.5,-5.9,0.0,0.0,0.0,8.4,4.7,3,False,2,92.5,100.0,100.0,92.02325812587681,0,92.2,Excellent,False,True,94.2,26.0,100.0,100.0,1.0,68.8,Pleasant,52.4
12-12-23,9.3,-0.9,3.0,6.3,-4.1,2.5,1.3,0.84,10.5,5.8,73,False,2,95.0,90.0,99.0,93.55070428225626,0,92.2,Excellent,False,True,94.1,45.2,90.0,100.0,1.0,73.8,Pleasant,58.1
13-12-23,9.1,-1.1,5.1,5.3,-4.8,0.1,0.1,0.0,15.3,11.7,51,False,2,84.5,99.6,89.4,7.46448068281198,0,58.5,Average,False,False,56.4,41.2,90.0,100.0,1.0,55.0,Average,24.9
14-12-23,9.4,5.6,7.2,6.0,3.2,1.4,1.4,0.0,16.4,10.9,51,False,2,74.0,94.4,87.2,1.136918656306217,0,51.1,Average,False,False,49.2,44.0,90.0,100.0,1.0,54.8,Average,24.2
15-12-23,5.5,2.9,3.9,3.7,0.0,1.5,1.5,0.0,9.7,5.7,51,False,2,90.5,94.0,100.0,0.0,0,58.3,Average,False,False,55.8,34.8,90.0,100.0,1.0,50.9,Average,18.8
16-12-23,3.1,-2.2,1.3,0.7,-5.3,1.8,1.8,0.0,10.2,5.0,51,False,2,96.5,92.8,99.6,10.223715413250527,0,64.1,Pleasant,False,False,61.7,22.8,90.0,100.0,1.0,48.2,Average,16.0
17-12-23,4.6,-3.8,-0.6,2.1,-7.5,0.0,0.0,0.0,6.9,3.4,3,False,2,87.0,100.0,100.0,91.95793957822455,0,90.0,Excellent,False,True,92.2,28.4,100.0,100.0,1.0,69.8,Pleasant,53.8
18-12-23,6.6,-4.0,-0.3,4.1,-7.7,0.0,0.0,0.0,6.6,4.0,2,False,2,88.5,100.0,100.0,95.81144773812734,0,91.9,Excellent,False,True,94.3,36.4,100.0,100.0,1.0,73.7,Pleasant,60.2
19-12-23,8.2,-2.8,1.6,5.1,-6.6,0.0,0.0,0.0,8.1,4.1,0,False,2,98.0,100.0,100.0,95.71335146685773,0,95.7,Excellent,False,True,97.6,40.4,100.0,100.0,1.0,75.3,Nice,62.5
20-12-23,6.9,-3.5,0.4,3.7,-7.7,0.0,0.0,0.0,9.8,5.5,3,False,2,92.0,100.0,100.0,73.55996171394833,0,85.5,Nice,False,True,86.6,34.8,100.0,100.0,1.0,68.6,Pleasant,50.3
21-12-23,4.0,-3.4,0.1,1.2,-7.2,0.0,0.0,0.0,8.7,4.9,3,False,2,90.5,100.0,100.0,73.75979459681642,0,85.0,Nice,False,True,86.2,24.8,100.0,100.0,1.0,64.7,Pleasant,44.4
22-12-23,6.1,-1.6,1.9,0.6,-5.3,0.8,0.4,0.28,25.7,14.1,73,False,2,99.5,96.8,68.6,64.54092617976897,0,82.4,Nice,False,False,82.0,22.4,90.0,100.0,1.0,58.9,Average,35.3
23-12-23,2.8,-0.3,1.8,-2.4,-5.1,3.3,0.4,2.03,37.3,21.8,73,False,2,99.0,86.8,45.400000000000006,32.78235148145037,10,67.9,Pleasant,False,False,65.3,10.4,90.0,94.0,1.0,47.1,Average,16.4
24-12-23,6.8,-0.2,3.7,2.9,-4.3,1.9,0.1,1.26,26.4,17.5,73,False,2,91.5,92.4,67.2,1.3193755539066345,10,56.5,Average,False,False,53.1,31.6,90.0,100.0,1.0,49.9,Average,17.5
25-12-23,12.7,4.0,8.4,10.0,1.2,0.0,0.0,0.0,19.5,10.1,3,False,2,68.0,100.0,81.0,75.54098885871959,0,75.1,Nice,False,True,77.1,60.0,100.0,100.0,1.0,79.1,Nice,66.2
26-12-23,12.5,4.5,7.9,10.8,1.7,0.0,0.0,0.0,11.0,5.5,3,False,2,70.5,100.0,98.0,78.93970927254098,0,78.7,Nice,False,True,81.1,63.2,100.0,100.0,1.0,81.1,Nice,69.5
27-12-23,9.1,1.0,5.5,4.8,-2.3,0.0,0.0,0.0,20.2,10.4,3,False,2,82.5,100.0,79.6,97.14427581829327,0,88.4,Nice,False,True,90.7,39.2,100.0,100.0,1.0,75.1,Nice,62.4
28-12-23,8.7,0.1,2.9,5.9,-3.5,0.0,0.0,0.0,8.0,4.7,3,False,2,95.5,100.0,100.0,94.40744021087885,0,94.2,Excellent,False,True,96.2,43.6,100.0,100.0,1.0,76.3,Nice,63.9
29-12-23,7.8,-1.1,2.4,5.5,-4.8,0.0,0.0,0.0,10.8,5.7,3,False,2,98.0,100.0,98.4,96.6654598071068,0,95.9,Excellent,False,True,97.8,42.0,100.0,100.0,1.0,76.1,Nice,63.9
30-12-23,8.2,-1.3,2.6,5.5,-5.4,0.0,0.0,0.0,10.5,6.7,3,False,2,97.0,100.0,99.0,91.36945009819618,0,93.7,Excellent,False,True,95.4,42.0,100.0,100.0,1.0,75.1,Nice,61.7
31-12-23,7.9,-0.5,2.1,5.1,-4.2,0.0,0.0,0.0,12.4,7.5,3,False,2,99.5,100.0,95.2,97.84743202416918,0,96.7,Excellent,False,True,98.5,40.4,100.0,100.0,1.0,75.7,Nice,63.4
01-01-24,10.4,-2.4,2.5,7.8,-6.6,0.0,0.0,0.0,20.1,9.7,3,False,0,87.5,100.0,79.8,89.62690401161801,0,87.8,Nice,False,True,89.5,51.2,100.0,100.0,1.0,78.4,Nice,66.6
02-01-24,7.8,-1.0,2.9,4.3,-4.4,0.0,0.0,0.0,12.4,6.0,3,False,0,85.5,100.0,95.2,76.94798095126258,0,83.7,Nice,False,True,85.2,37.2,100.0,100.0,1.0,70.3,Pleasant,53.1
03-01-24,9.9,-2.2,3.9,6.2,-6.0,0.2,0.2,0.0,18.0,7.5,51,False,0,80.5,99.2,84.0,3.2031655632537688,0,54.9,Average,False,False,52.7,44.8,90.0,100.0,1.0,55.6,Average,25.3
04-01-24,9.1,-0.3,4.4,5.9,-3.3,1.1,1.1,0.0,19.6,8.9,55,False,0,78.0,95.6,80.8,12.185569487388635,0,56.3,Average,False,False,54.6,43.6,90.0,100.0,1.0,56.9,Average,27.9
05-01-24,10.4,-0.8,6.5,7.5,-4.7,0.0,0.0,0.0,24.3,12.1,3,False,0,67.5,100.0,71.4,97.88989801094849,0,82.0,Nice,False,True,84.9,50.0,100.0,100.0,1.0,79.6,Nice,69.2
06-01-24,11.1,-1.0,4.5,8.1,-5.1,0.0,0.0,0.0,12.1,9.2,3,False,0,77.5,100.0,95.8,36.50360964523649,0,66.4,Pleasant,False,False,66.3,52.4,100.0,100.0,1.0,68.3,Pleasant,46.0
07-01-24,8.8,1.8,5.1,7.0,-1.5,1.7,1.7,0.0,11.9,6.2,53,False,0,74.5,93.2,96.2,54.891035208695705,0,70.7,Pleasant,False,False,71.6,48.0,90.0,100.0,1.0,67.2,Pleasant,45.7
08-01-24,3.7,-0.8,1.3,0.7,-4.7,3.2,1.7,1.05,8.8,6.1,71,False,0,93.5,87.2,100.0,0.0,10,58.7,Average,False,False,55.8,22.8,90.0,100.0,1.0,46.1,Average,12.3
09-01-24,-0.3,-5.4,-2.4,-5.2,-9.5,0.1,0.0,0.07,15.2,8.3,71,False,0,88.0,99.6,89.6,97.38919888277232,0,91.4,Excellent,False,True,93.7,0.0,100.0,100.0,1.0,59.5,Average,39.0
10-01-24,1.5,-7.7,-4.2,-2.3,-11.9,0.0,0.0,0.0,5.1,3.1,3,False,0,79.0,100.0,100.0,97.94102205791859,0,88.9,Nice,False,True,91.8,10.8,100.0,100.0,1.0,63.9,Pleasant,45.7
11-01-24,2.7,-7.9,-3.6,-0.9,-12.0,0.0,0.0,0.0,9.1,4.1,3,False,0,82.0,100.0,100.0,97.95202565094397,0,90.1,Excellent,False,True,92.9,16.4,100.0,100.0,1.0,66.2,Pleasant,49.0
12-01-24,-1.0,-4.4,-3.0,-5.8,-8.9,1.1,0.0,0.77,14.5,7.1,71,False,0,85.0,95.6,91.0,6.437625579376699,0,57.9,Average,False,False,55.8,0.0,100.0,100.0,1.0,41.3,Average,2.6
13-01-24,0.9,-6.0,-3.5,-5.1,-10.5,0.0,0.0,0.0,18.9,7.8,3,False,0,82.5,100.0,82.2,87.64767197834355,0,85.3,Nice,False,True,87.2,0.0,100.0,100.0,1.0,57.5,Average,35.1
14-01-24,3.4,-7.2,-3.1,-1.7,-11.5,0.0,0.0,0.0,13.5,7.0,3,False,0,84.5,100.0,93.0,93.19505322045889,0,88.9,Nice,False,True,91.2,13.2,100.0,100.0,1.0,63.9,Pleasant,45.2
15-01-24,7.5,-5.8,-0.5,3.0,-10.0,0.1,0.1,0.0,13.4,7.6,51,False,0,97.5,99.6,93.2,64.1689346122818,0,83.9,Nice,False,False,84.1,32.0,90.0,100.0,1.0,62.6,Pleasant,40.4
16-01-24,1.9,-5.0,-0.3,-3.1,-9.0,1.6,0.2,0.98,25.5,14.4,73,False,0,98.5,93.6,69.0,98.00238654288285,0,93.3,Excellent,False,True,94.6,7.6,90.0,100.0,1.0,59.6,Average,39.4
17-01-24,8.2,-6.6,-0.0,2.3,-11.2,0.0,0.0,0.0,19.6,9.6,3,False,0,100.0,100.0,80.8,75.83410328107439,0,88.0,Nice,False,True,88.4,29.2,100.0,100.0,1.0,66.8,Pleasant,47.9
18-01-24,12.8,1.8,5.7,9.8,-1.9,0.0,0.0,0.0,14.5,9.5,3,False,0,71.5,100.0,91.0,23.05485942814255,0,58.9,Average,False,False,58.3,59.2,100.0,100.0,1.0,68.3,Pleasant,44.7
19-01-24,10.2,0.8,5.2,8.0,-5.2,3.1,2.6,0.35,29.6,10.7,73,False,0,74.0,87.6,60.8,53.75472132427871,0,66.4,Pleasant,False,False,66.6,52.0,90.0,100.0,1.0,68.6,Pleasant,47.4
20-01-24,1.3,-5.5,-1.3,-2.4,-8.9,4.4,0.0,3.08,15.9,8.3,73,False,0,93.5,82.4,88.2,60.391308330450734,10,78.2,Nice,False,False,78.1,10.4,100.0,100.0,1.0,56.2,Average,30.4
21-01-24,3.4,-6.6,-2.9,-0.6,-11.0,0.0,0.0,0.0,9.4,4.7,1,False,0,85.5,100.0,100.0,96.84260064060393,0,91.1,Excellent,False,True,93.7,17.6,100.0,100.0,1.0,66.4,Pleasant,49.3
22-01-24,4.0,-8.5,-4.1,-0.7,-12.8,0.0,0.0,0.0,10.0,7.4,2,False,0,79.5,100.0,100.0,96.60681691680122,0,88.6,Nice,False,True,91.5,17.2,100.0,100.0,1.0,66.2,Pleasant,49.0
23-01-24,5.5,-6.2,-1.8,0.4,-10.8,0.0,0.0,0.0,15.3,6.6,3,False,0,91.0,100.0,89.4,68.9788905778967,0,82.7,Nice,False,False,83.4,21.6,100.0,100.0,1.0,62.4,Pleasant,40.6
24-01-24,5.0,-2.4,0.1,1.4,-5.8,0.0,0.0,0.0,7.3,4.6,3,False,0,99.5,100.0,100.0,64.38292442419976,0,85.3,Nice,False,False,85.6,25.6,100.0,100.0,1.0,63.1,Pleasant,41.1
25-01-24,6.9,-0.7,3.8,0.8,-4.0,2.1,0.6,1.05,31.4,18.7,75,False,0,81.0,91.6,57.2,77.28754643586043,10,78.0,Nice,False,True,78.7,23.2,90.0,100.0,1.0,61.7,Pleasant,40.4
26-01-24,4.7,-1.5,2.5,-0.4,-5.4,2.3,1.2,0.77,22.0,15.6,73,False,0,87.5,90.8,76.0,53.96392836942729,0,73.6,Pleasant,False,False,73.4,18.4,90.0,100.0,1.0,55.2,Average,29.4
27-01-24,4.3,-3.3,0.5,-0.5,-6.7,4.0,1.4,1.82,21.3,9.7,73,False,0,97.5,84.0,77.4,52.68748622441767,10,76.4,Nice,False,False,75.5,18.0,90.0,100.0,1.0,54.7,Average,28.7
28-01-24,4.1,-0.8,1.1,-0.9,-4.1,0.6,0.0,0.42,18.7,10.2,71,False,0,94.5,97.6,82.6,14.665203649382955,0,64.2,Pleasant,False,False,61.8,16.4,100.0,100.0,1.0,49.5,Average,15.7
29-01-24,3.4,-3.5,-0.3,-0.2,-7.8,0.2,0.0,0.14,8.6,4.9,71,False,0,98.5,99.2,100.0,70.24433754195395,0,86.9,Nice,False,True,87.5,19.2,100.0,100.0,1.0,61.7,Pleasant,39.6
30-01-24,4.0,-6.4,-2.6,0.6,-10.4,0.0,0.0,0.0,7.0,4.8,0,False,0,87.0,100.0,100.0,93.59901201042878,0,90.6,Excellent,False,True,92.9,22.4,100.0,100.0,1.0,67.7,Pleasant,50.9
31-01-24,6.1,-6.4,-1.5,2.2,-10.6,0.0,0.0,0.0,7.4,5.0,2,False,0,92.5,100.0,100.0,93.44561737335762,0,92.7,Excellent,False,True,94.8,28.8,100.0,100.0,1.0,70.2,Pleasant,54.7
01-02-24,7.4,-5.2,0.1,3.5,-9.5,0.0,0.0,0.0,8.7,5.1,3,False,2,90.5,100.0,100.0,92.89956686727963,0,91.7,Excellent,False,True,93.8,34.0,100.0,100.0,1.0,72.2,Pleasant,57.6
02-02-24,5.2,-1.3,1.7,1.2,-5.0,3.7,2.5,0.84,14.3,7.1,73,False,2,98.5,85.2,91.4,92.27136535848352,0,91.8,Excellent,False,True,93.3,24.8,90.0,100.0,1.0,65.4,Pleasant,46.6
03-02-24,7.0,-1.7,2.3,2.5,-4.5,0.0,0.0,0.0,19.5,7.3,3,False,2,98.5,100.0,81.0,25.062868720576848,0,69.7,Pleasant,False,False,67.6,30.0,100.0,100.0,1.0,57.0,Average,28.0
04-02-24,8.8,2.7,6.3,3.8,-0.1,0.4,0.4,0.0,26.8,18.3,51,False,2,78.5,98.4,66.4,54.930391449585414,0,70.7,Pleasant,False,False,70.8,35.2,90.0,100.0,1.0,62.1,Pleasant,38.8
05-02-24,10.4,7.6,9.1,4.3,1.6,0.3,0.3,0.0,35.6,31.0,51,False,2,64.5,98.8,48.8,0.0,0,44.5,Average,False,False,42.3,37.2,90.0,63.3,1.0,48.2,Average,12.7
06-02-24,16.8,3.9,10.7,11.6,0.5,0.0,0.0,0.0,29.0,17.2,3,False,2,56.5,100.0,62.0,93.18347559436494,0,75.2,Nice,False,True,78.2,66.4,100.0,100.0,1.0,85.2,Nice,77.1
07-02-24,13.1,2.9,7.6,8.4,-0.8,0.0,0.0,0.0,26.9,12.6,3,False,2,72.0,100.0,66.2,51.589317504773746,0,67.2,Pleasant,False,False,67.5,53.6,100.0,100.0,1.0,71.8,Pleasant,52.8
08-02-24,12.5,2.3,7.4,10.6,-0.8,0.0,0.0,0.0,12.0,7.8,3,False,2,73.0,100.0,96.0,45.35503812280624,0,67.8,Pleasant,False,False,68.3,62.4,100.0,100.0,1.0,74.0,Pleasant,55.6
09-02-24,15.7,1.0,6.4,13.7,-2.5,0.0,0.0,0.0,10.2,6.4,3,False,2,78.0,100.0,99.6,89.46280245102813,0,85.5,Nice,False,True,88.0,74.8,100.0,100.0,1.0,87.8,Nice,80.7
10-02-24,17.5,5.6,9.6,14.7,2.6,0.0,0.0,0.0,10.4,7.3,3,False,2,62.0,100.0,99.2,64.0057023996363,0,70.1,Pleasant,False,False,72.2,78.8,100.0,100.0,1.0,84.3,Nice,72.9
11-02-24,15.7,8.4,11.7,10.7,4.8,1.5,1.5,0.0,27.7,16.7,53,False,2,51.5,94.0,64.6,65.2600342966014,0,62.7,Pleasant,False,False,64.7,62.8,90.0,100.0,1.0,75.2,Nice,57.4
12-02-24,12.0,5.4,8.8,10.8,3.1,20.6,20.6,0.0,22.7,10.9,63,False,2,66.0,17.599999999999994,74.6,36.83677672188684,0,47.9,Average,True,False,47.9,63.2,20.0,100.0,1.0,48.6,Average,10.5
13-02-24,7.2,5.2,6.4,4.3,2.0,41.1,41.1,0.0,18.1,12.8,63,False,2,78.0,0.0,83.8,0.0,0,37.9,Poor,True,False,35.7,37.2,0.0,100.0,1.0,24.9,Poor,0.0
14-02-24,6.8,3.3,4.7,3.1,0.2,1.7,1.7,0.0,14.7,9.2,53,False,2,86.5,93.2,90.6,5.84342038064116,0,57.9,Average,False,False,55.7,32.4,90.0,100.0,1.0,51.1,Average,19.6
15-02-24,8.4,-0.5,3.6,6.1,-3.1,0.0,0.0,0.0,6.5,2.4,3,False,2,92.0,100.0,100.0,93.84861902224422,0,92.6,Excellent,False,True,94.7,44.4,100.0,100.0,1.0,76.5,Nice,64.2
16-02-24,9.3,-1.9,3.0,6.8,-5.7,0.0,0.0,0.0,8.7,5.1,0,False,2,95.0,100.0,100.0,94.95855628160935,0,94.2,Excellent,False,True,96.2,47.2,100.0,100.0,1.0,77.9,Nice,66.3
17-02-24,11.2,-0.5,4.3,9.0,-3.4,0.0,0.0,0.0,5.4,2.7,2,False,2,88.5,100.0,100.0,94.59665253627975,0,91.5,Excellent,False,True,93.8,56.0,100.0,100.0,1.0,81.3,Nice,71.4
18-02-24,8.1,3.4,5.1,6.3,0.6,1.2,1.2,0.0,6.6,3.1,53,False,2,84.5,95.2,100.0,32.843796798333905,0,67.6,Pleasant,False,False,67.0,45.2,90.0,100.0,1.0,61.6,Pleasant,36.2
19-02-24,9.6,-0.3,4.4,7.3,-2.5,0.0,0.0,0.0,6.8,4.1,3,False,2,88.0,100.0,100.0,72.77111384138068,0,83.7,Nice,False,True,84.9,49.2,100.0,100.0,1.0,74.2,Pleasant,58.6
20-02-24,6.7,-1.1,3.0,4.0,-3.7,1.5,1.5,0.0,10.1,3.4,51,False,2,95.0,94.0,99.8,0.0,0,60.1,Pleasant,False,False,57.3,36.0,90.0,100.0,1.0,51.4,Average,19.4
21-02-24,8.3,-0.8,3.8,6.1,-3.5,0.0,0.0,0.0,8.7,4.9,3,False,2,91.0,100.0,100.0,86.82479178870824,0,89.8,Nice,False,True,91.6,44.4,100.0,100.0,1.0,75.1,Nice,61.4
22-02-24,12.1,-1.8,4.0,7.7,-5.0,0.0,0.0,0.0,18.2,8.4,3,False,2,90.0,100.0,83.6,94.55292373487161,0,90.8,Excellent,False,True,92.7,50.8,100.0,100.0,1.0,79.2,Nice,68.3
23-02-24,13.5,3.7,8.0,9.3,0.4,0.0,0.0,0.0,17.8,9.9,3,False,2,70.0,100.0,84.4,76.3113198817043,0,76.5,Nice,False,True,78.5,57.2,100.0,100.0,1.0,78.1,Nice,64.8
24-02-24,13.6,6.4,10.3,11.9,2.6,0.0,0.0,0.0,13.8,9.1,3,False,2,58.5,100.0,92.4,0.0,0,45.8,Average,False,False,44.7,67.6,100.0,100.0,1.0,67.0,Pleasant,40.6
25-02-24,15.3,6.5,9.8,11.9,4.1,0.0,0.0,0.0,18.3,9.6,3,False,2,61.0,100.0,83.4,36.76396437061242,0,58.9,Average,False,False,59.4,67.6,100.0,100.0,1.0,74.4,Pleasant,55.3
26-02-24,16.7,4.5,10.5,13.1,2.1,0.0,0.0,0.0,18.8,11.0,3,False,2,57.5,100.0,82.4,79.1404575672383,0,72.3,Pleasant,False,True,75.0,72.4,100.0,100.0,1.0,84.8,Nice,75.1
27-02-24,16.7,4.0,10.2,12.3,1.4,0.0,0.0,0.0,19.4,11.6,3,False,2,59.0,100.0,81.2,98.36052889688239,0,79.5,Nice,False,True,83.1,69.2,100.0,100.0,1.0,87.4,Nice,80.9
28-02-24,18.1,1.7,9.0,15.1,-1.7,0.0,0.0,0.0,15.0,9.0,3,False,2,65.0,100.0,90.0,98.1559800052088,0,82.6,Nice,False,True,86.0,80.4,100.0,100.0,1.0,91.8,Excellent,87.5
29-02-24,17.7,3.1,9.8,14.7,-0.1,0.0,0.0,0.0,13.7,8.1,3,False,2,61.0,100.0,92.6,97.95391667217591,0,81.1,Nice,False,True,84.8,78.8,100.0,100.0,1.0,91.1,Excellent,86.5
01-03-24,15.7,6.8,10.4,13.1,4.1,0.3,0.3,0.0,18.8,11.2,51,False,8,88.0,98.8,82.4,57.84504227540281,0,76.9,Nice,False,False,77.0,72.4,90.0,100.0,1.0,77.5,Nice,59.9
02-03-24,14.9,6.9,9.9,11.9,3.6,0.1,0.1,0.0,15.3,8.9,51,False,8,90.5,99.6,89.4,34.82206256090329,0,70.5,Pleasant,False,False,69.5,67.6,90.0,100.0,1.0,71.0,Pleasant,49.0
03-03-24,14.3,4.1,8.5,12.8,1.3,0.0,0.0,0.0,7.9,4.2,3,False,8,97.5,100.0,100.0,86.51715622450754,0,92.3,Excellent,False,True,93.7,71.2,100.0,100.0,1.0,85.8,Nice,77.3
04-03-24,16.2,1.4,8.3,12.8,-1.7,0.0,0.0,0.0,16.3,10.6,3,False,8,98.5,100.0,87.4,97.17036657106163,0,95.4,Excellent,False,True,97.1,71.2,100.0,100.0,1.0,87.9,Nice,81.6
05-03-24,15.0,2.3,8.5,13.2,-1.0,0.1,0.1,0.0,11.1,5.6,51,False,8,97.5,99.6,97.8,96.32273666721593,0,95.5,Excellent,False,True,97.4,72.8,90.0,100.0,1.0,85.4,Nice,74.0
06-03-24,9.7,3.3,6.0,7.9,0.6,22.3,22.3,0.0,11.6,7.2,63,False,8,90.0,10.799999999999997,96.8,60.826569386187465,0,66.7,Pleasant,True,False,67.1,51.6,20.0,100.0,1.0,48.8,Average,11.1
07-03-24,8.9,5.0,6.1,3.8,0.7,4.6,4.6,0.0,20.8,14.1,61,False,8,90.5,81.6,78.4,40.96869466497732,0,69.1,Pleasant,False,False,68.1,35.2,75.0,100.0,1.0,54.8,Average,28.1
08-03-24,8.2,1.6,4.4,6.1,-2.6,0.3,0.3,0.0,12.6,6.5,51,False,8,82.0,98.8,94.8,38.15316452065496,0,68.6,Pleasant,False,False,68.3,44.4,90.0,100.0,1.0,62.4,Pleasant,37.7
09-03-24,11.7,2.4,6.2,8.7,-0.9,0.0,0.0,0.0,9.7,5.1,3,False,8,91.0,100.0,100.0,95.00294125267617,0,92.7,Excellent,False,True,94.9,54.8,100.0,100.0,1.0,80.9,Nice,70.9
10-03-24,14.5,0.5,6.8,10.4,-2.8,0.0,0.0,0.0,18.5,10.2,3,False,8,94.0,100.0,83.0,77.02432637474189,0,86.2,Nice,False,True,87.0,61.6,100.0,100.0,1.0,80.0,Nice,67.8
11-03-24,14.9,6.4,9.7,12.2,3.4,2.0,2.0,0.0,18.3,11.7,61,False,8,91.5,92.0,83.4,9.788588117758945,0,60.5,Pleasant,False,False,58.1,68.8,90.0,100.0,1.0,66.5,Pleasant,40.7
12-03-24,13.7,6.4,9.5,12.1,4.0,14.5,14.5,0.0,12.6,9.0,63,False,8,92.5,42.0,94.8,53.83459240825971,0,69.7,Pleasant,True,False,69.7,68.4,20.0,100.0,1.0,54.1,Average,12.5
13-03-24,8.3,6.2,7.4,6.3,3.7,17.7,17.7,0.0,16.3,11.4,61,False,8,97.0,29.200000000000003,87.4,0.0,0,50.2,Average,True,False,47.1,45.2,20.0,100.0,1.0,34.1,Poor,5.4
14-03-24,8.6,5.1,6.4,6.0,3.1,5.1,5.1,0.0,9.7,5.2,53,False,8,92.0,79.6,100.0,0.0,0,56.7,Average,False,False,54.1,44.0,75.0,100.0,1.0,50.1,Average,19.8
15-03-24,9.6,2.9,6.7,7.1,0.6,7.5,7.5,0.0,9.1,5.3,61,False,8,93.5,70.0,100.0,35.395686979823786,0,68.3,Pleasant,False,False,67.4,48.4,55.0,100.0,1.0,52.9,Average,23.8
16-03-24,13.4,0.4,6.5,12.3,-2.5,0.0,0.0,0.0,6.0,3.6,3,False,8,92.5,100.0,100.0,92.01981400378908,0,92.2,Excellent,False,True,94.2,69.2,100.0,100.0,1.0,86.1,Nice,78.3
17-03-24,13.9,2.0,8.0,10.9,-0.5,0.7,0.7,0.0,18.7,7.6,53,False,8,100.0,97.2,82.6,83.27727538962199,0,90.3,Excellent,False,True,91.2,63.6,90.0,100.0,1.0,79.1,Nice,64.3
18-03-24,11.0,1.6,6.1,5.7,-0.8,0.7,0.7,0.0,23.3,10.4,51,False,8,90.5,97.2,73.4,91.47695621666196,0,88.7,Nice,False,True,90.2,42.8,90.0,100.0,1.0,72.4,Pleasant,56.0
19-03-24,6.5,1.0,4.1,2.0,-1.8,0.2,0.2,0.0,13.5,7.5,51,False,8,80.5,99.2,93.0,90.78323233698737,0,86.3,Nice,False,True,88.7,28.0,90.0,100.0,1.0,66.4,Pleasant,47.8
20-03-24,9.6,2.2,5.2,5.6,-0.8,1.8,1.8,0.0,15.3,8.3,55,False,8,86.0,92.8,89.4,75.15451332268745,0,81.8,Nice,False,True,83.0,42.4,90.0,100.0,1.0,69.0,Pleasant,50.0
21-03-24,12.8,3.7,7.5,8.4,0.2,0.0,0.0,0.0,18.5,11.9,3,False,8,97.5,100.0,83.0,92.33456895170863,0,93.0,Excellent,False,True,94.4,53.6,100.0,100.0,1.0,79.9,Nice,69.1
22-03-24,13.8,1.3,7.2,11.6,-2.1,0.0,0.0,0.0,9.1,5.5,3,False,8,96.0,100.0,100.0,91.70191166710924,0,93.5,Excellent,False,True,95.3,66.4,100.0,100.0,1.0,84.9,Nice,76.5
23-03-24,15.6,1.4,8.0,14.2,-1.7,0.0,0.0,0.0,7.3,4.2,3,False,8,100.0,100.0,100.0,92.55802526185035,0,95.4,Excellent,False,True,97.0,76.8,100.0,100.0,1.0,89.2,Nice,83.1
24-03-24,11.5,3.3,7.0,8.3,-0.1,2.6,2.6,0.0,26.7,10.2,53,False,8,95.0,89.6,66.6,57.69208693870248,0,77.0,Nice,False,False,76.4,53.2,90.0,100.0,1.0,69.8,Pleasant,49.5
25-03-24,8.4,2.5,5.4,3.2,-0.2,6.1,4.9,0.84,22.8,13.9,73,False,8,87.0,75.6,74.4,81.72457290489406,-20,80.3,Nice,False,True,81.9,32.8,75.0,100.0,1.0,62.0,Pleasant,39.3
26-03-24,12.9,0.2,6.8,9.3,-3.8,0.0,0.0,0.0,17.0,9.8,3,False,8,94.0,100.0,86.0,92.8962112978755,0,92.0,Excellent,False,True,93.7,57.2,100.0,100.0,1.0,81.5,Nice,71.5
27-03-24,16.8,6.9,10.9,11.9,1.8,0.0,0.0,0.0,25.6,20.2,3,False,8,85.5,100.0,68.8,79.66448858053815,0,82.6,Nice,False,True,83.7,67.6,100.0,99.3,1.0,82.9,Nice,71.9
28-03-24,17.6,6.2,12.9,15.1,3.4,4.0,4.0,0.0,19.4,11.6,55,False,8,75.5,84.0,81.2,86.63647108283689,0,79.6,Nice,False,True,81.8,80.4,75.0,100.0,1.0,82.0,Nice,62.2
29-03-24,19.2,6.2,12.8,16.0,3.5,0.0,0.0,0.0,20.2,11.4,3,False,8,76.0,100.0,79.6,89.98320899329214,0,83.3,Nice,False,True,85.6,84.0,100.0,100.0,1.0,91.6,Excellent,86.4
30-03-24,24.7,6.3,14.2,22.9,3.5,0.0,0.0,0.0,15.7,10.0,3,False,8,69.0,100.0,88.6,83.88630075901888,0,79.0,Nice,False,True,81.6,100.0,100.0,100.0,1.0,96.8,Excellent,93.6
31-03-24,26.1,7.7,16.9,23.9,5.0,0.0,0.0,0.0,18.1,12.4,3,False,8,55.50000000000001,100.0,83.8,97.66061323371676,0,78.1,Nice,False,True,81.9,100.0,100.0,100.0,1.0,99.5,Excellent,99.1
01-04-24,27.2,12.5,19.4,24.7,10.7,0.0,0.0,0.0,15.3,8.5,3,False,15,78.0,100.0,89.4,90.0566021301849,0,84.9,Nice,False,True,87.3,100.0,100.0,100.0,1.0,98.0,Excellent,96.0
02-04-24,17.2,9.1,13.1,12.4,5.7,0.0,0.0,0.0,34.9,19.0,3,False,15,90.5,100.0,50.2,97.18391642916451,0,89.2,Nice,False,True,90.6,69.6,100.0,100.0,1.0,87.3,Nice,80.6
03-04-24,16.7,5.9,11.3,12.9,3.2,0.0,0.0,0.0,21.1,12.6,3,False,15,81.5,100.0,77.8,86.86392890083923,0,84.2,Nice,False,True,86.1,71.6,100.0,100.0,1.0,86.0,Nice,77.7
04-04-24,14.7,6.7,10.4,13.9,4.1,4.8,4.8,0.0,14.4,5.3,61,False,15,77.0,80.8,91.2,50.075636230396434,0,67.7,Pleasant,False,False,68.2,75.6,75.0,100.0,1.0,72.8,Pleasant,49.0
05-04-24,19.5,5.8,12.1,17.8,4.0,0.3,0.3,0.0,15.0,5.2,51,False,15,85.5,98.8,90.0,83.27345463397187,0,85.4,Nice,False,True,87.1,91.2,90.0,100.0,1.0,90.1,Excellent,79.2
06-04-24,21.3,7.2,13.6,19.1,5.1,1.8,1.8,0.0,18.7,5.6,51,False,15,93.0,92.8,82.6,53.84142792060484,0,76.6,Nice,False,False,76.3,96.4,90.0,100.0,1.0,86.3,Nice,71.4
07-04-24,19.4,8.9,13.7,18.2,6.7,0.3,0.3,0.0,12.9,5.9,51,False,15,93.5,98.8,94.2,98.32622527570462,0,94.2,Excellent,False,True,96.3,92.8,90.0,100.0,1.0,93.8,Excellent,85.5
08-04-24,22.6,6.4,13.9,21.9,3.6,0.0,0.0,0.0,10.8,6.7,3,False,15,94.5,100.0,98.4,97.91896773454467,0,94.9,Excellent,False,True,97.1,100.0,100.0,100.0,1.0,99.6,Excellent,99.2
09-04-24,25.1,8.3,15.7,24.2,5.9,0.0,0.0,0.0,16.2,9.4,3,False,15,96.5,100.0,87.6,97.8673923156657,0,94.9,Excellent,False,True,96.7,100.0,100.0,100.0,1.0,99.6,Excellent,99.1
10-04-24,25.8,8.1,17.2,25.1,5.7,0.0,0.0,0.0,9.5,6.3,3,False,15,89.0,100.0,100.0,97.64142350633864,0,92.8,Excellent,False,True,95.2,100.0,100.0,100.0,1.0,99.5,Excellent,99.1
11-04-24,25.2,9.4,17.3,24.7,8.0,0.0,0.0,0.0,8.4,4.3,2,False,15,88.5,100.0,100.0,97.38157994122564,0,92.5,Excellent,False,True,94.9,100.0,100.0,100.0,1.0,99.5,Excellent,99.0
12-04-24,23.6,13.0,17.7,24.5,12.2,0.0,0.0,0.0,9.7,4.8,3,False,15,86.5,100.0,100.0,92.3891880150738,0,89.9,Nice,False,True,92.2,100.0,100.0,100.0,1.0,98.5,Excellent,97.0
13-04-24,21.6,9.2,16.2,19.8,7.9,0.0,0.0,0.0,13.3,7.0,3,False,15,94.0,100.0,93.4,79.20005549492679,0,87.8,Nice,False,True,88.9,99.2,100.0,100.0,1.0,95.5,Excellent,91.2
14-04-24,24.0,9.3,16.9,21.6,7.5,0.0,0.0,0.0,18.6,9.2,3,False,15,90.5,100.0,82.8,92.40433620743904,0,90.2,Excellent,False,True,91.9,100.0,100.0,100.0,1.0,98.5,Excellent,97.0
15-04-24,29.4,11.5,19.5,28.0,9.6,0.0,0.0,0.0,16.3,7.5,3,False,15,77.5,100.0,87.4,95.87770921110264,0,86.5,Nice,False,True,89.2,92.3,100.0,100.0,1.0,96.1,Excellent,93.7
16-04-24,26.4,10.7,19.0,25.0,8.9,0.8,0.8,0.0,17.1,7.9,53,False,15,80.0,96.8,85.8,85.98574400101882,0,83.5,Nice,False,True,85.5,100.0,90.0,100.0,1.0,94.2,Excellent,85.0
17-04-24,13.9,6.1,8.5,13.0,3.1,17.5,17.5,0.0,16.0,9.6,63,False,15,67.5,30.0,88.0,0.0,0,38.5,Poor,True,False,36.9,72.0,20.0,100.0,1.0,44.8,Average,8.6
18-04-24,10.9,5.7,6.9,5.7,1.9,5.9,5.9,0.0,26.4,12.3,61,False,15,59.5,76.4,67.2,46.36112013651269,0,56.9,Average,False,False,57.5,42.8,75.0,100.0,1.0,58.9,Average,33.2
19-04-24,11.7,2.3,6.3,10.1,-1.1,1.6,1.6,0.0,14.1,5.0,61,False,15,56.5,93.6,91.8,91.19016115790212,0,75.9,Nice,False,True,79.5,60.4,90.0,100.0,1.0,79.4,Nice,65.4
20-04-24,13.6,0.9,6.7,11.9,-1.5,0.4,0.4,0.0,12.8,5.2,51,False,15,58.5,98.4,94.4,75.67424957811643,0,72.2,Pleasant,False,True,74.9,67.6,90.0,100.0,1.0,79.2,Nice,63.7
21-04-24,15.1,2.3,9.5,13.6,-1.0,0.0,0.0,0.0,8.2,3.9,3,False,15,72.5,100.0,100.0,83.02580748577381,0,81.1,Nice,False,True,83.6,74.4,100.0,100.0,1.0,86.4,Nice,77.9
22-04-24,12.5,4.9,8.5,9.6,2.0,8.3,8.3,0.0,16.7,7.3,63,False,15,67.5,66.8,86.6,46.58822636807973,0,60.3,Pleasant,False,False,60.9,58.4,55.0,100.0,1.0,59.2,Average,29.5
23-04-24,14.1,4.4,8.9,10.3,1.2,4.5,4.5,0.0,18.7,11.0,61,False,15,69.5,82.0,82.6,45.63922846036275,0,62.7,Pleasant,False,False,63.1,61.2,75.0,100.0,1.0,66.1,Pleasant,41.2
24-04-24,16.4,7.1,11.1,15.1,4.6,0.9,0.9,0.0,13.0,8.6,53,False,15,80.5,96.4,94.0,92.78902393084442,0,86.7,Nice,False,True,89.2,80.4,90.0,100.0,1.0,87.7,Nice,76.8
25-04-24,9.4,5.6,7.6,7.9,3.3,13.6,13.6,0.0,7.5,4.6,63,False,15,63.0,45.6,100.0,0.0,0,40.0,Average,True,False,38.9,51.6,20.0,100.0,1.0,36.6,Poor,6.2
26-04-24,15.2,6.2,10.2,14.3,4.9,1.1,1.1,0.0,6.8,3.1,51,False,15,76.0,95.6,100.0,80.58482187423147,0,80.9,Nice,False,True,83.2,77.2,90.0,100.0,1.0,84.0,Nice,70.7
27-04-24,18.0,3.6,11.1,15.9,0.7,0.2,0.2,0.0,9.7,7.1,51,False,15,80.5,99.2,100.0,92.97505084705853,0,87.6,Nice,False,True,90.2,83.6,90.0,100.0,1.0,89.0,Nice,78.6
28-04-24,20.9,5.5,13.3,19.7,2.9,0.0,0.0,0.0,12.0,7.4,0,False,15,91.5,100.0,96.0,93.25347159208245,0,91.9,Excellent,False,True,93.9,98.8,100.0,100.0,1.0,98.2,Excellent,96.6
29-04-24,21.2,6.8,14.5,19.6,4.3,0.0,0.0,0.0,15.9,10.1,1,False,15,97.5,100.0,88.2,92.85838188706428,0,93.6,Excellent,False,True,95.1,98.4,100.0,100.0,1.0,97.9,Excellent,96.2
30-04-24,20.0,7.2,14.3,18.2,4.9,0.0,0.0,0.0,15.5,9.5,3,False,15,96.5,100.0,89.0,81.39198957860037,0,89.2,Nice,False,True,90.2,92.8,100.0,100.0,1.0,93.4,Excellent,88.2
01-05-24,20.3,9.0,14.6,18.8,6.4,0.0,0.0,0.0,14.8,10.7,3,False,20,73.0,100.0,90.4,78.37219784598477,0,78.9,Nice,False,True,80.9,95.2,100.0,100.0,1.0,93.8,Excellent,88.5
02-05-24,20.2,9.5,15.2,19.0,6.9,0.2,0.2,0.0,17.4,9.1,51,False,20,76.0,99.2,85.2,66.38336954073753,0,75.3,Nice,False,False,76.6,96.0,90.0,100.0,1.0,88.7,Nice,75.7
03-05-24,18.8,11.2,14.9,17.9,10.3,0.1,0.1,0.0,13.2,5.2,51,False,20,74.5,99.6,93.6,19.811515661693868,0,59.2,Average,False,False,58.3,91.6,90.0,100.0,1.0,77.6,Nice,56.6
04-05-24,21.4,9.8,15.0,20.8,8.1,0.7,0.7,0.0,14.9,7.3,51,False,20,75.0,97.2,90.2,92.24220584873909,0,84.1,Nice,False,True,86.7,100.0,90.0,100.0,1.0,95.4,Excellent,87.2
05-05-24,21.4,7.5,14.7,21.9,5.4,1.3,1.3,0.0,16.2,7.5,53,False,20,73.5,94.8,87.6,93.31536572600207,0,83.3,Nice,False,True,86.0,100.0,90.0,100.0,1.0,95.7,Excellent,87.6
06-05-24,23.3,7.7,15.7,24.0,5.7,0.0,0.0,0.0,6.4,3.9,3,False,20,78.5,100.0,100.0,93.82366763184565,0,87.2,Nice,False,True,90.0,100.0,100.0,100.0,1.0,98.8,Excellent,97.5
07-05-24,23.4,9.5,16.4,23.6,8.2,0.0,0.0,0.0,21.2,8.2,3,False,20,82.0,100.0,77.6,85.11029527019363,0,83.8,Nice,False,True,85.5,100.0,100.0,100.0,1.0,97.0,Excellent,94.0
08-05-24,19.1,10.8,15.0,19.0,9.6,18.2,18.2,0.0,12.8,6.2,63,False,20,75.0,27.200000000000003,94.4,54.171637682910976,0,60.6,Pleasant,True,False,61.4,96.0,20.0,100.0,1.0,65.2,Pleasant,15.9
09-05-24,16.3,9.3,12.7,14.5,7.3,7.8,7.8,0.0,13.4,9.6,61,False,20,63.5,68.8,93.2,30.601100121148562,0,53.9,Average,False,False,54.1,78.0,55.0,100.0,1.0,63.8,Pleasant,32.5
10-05-24,18.5,8.3,12.9,16.8,6.9,0.0,0.0,0.0,12.1,7.1,3,False,20,64.5,100.0,95.8,83.44193867599547,0,77.7,Nice,False,True,80.5,87.2,100.0,100.0,1.0,91.6,Excellent,85.7
11-05-24,20.0,6.8,13.5,19.9,5.0,0.0,0.0,0.0,13.0,5.4,3,False,20,67.5,100.0,94.0,94.47920571753554,0,82.6,Nice,False,True,85.8,99.6,100.0,100.0,1.0,98.7,Excellent,97.6
12-05-24,15.4,8.1,11.5,14.7,6.1,10.8,10.8,0.0,19.3,6.1,63,False,20,57.5,56.8,81.4,56.43917072909412,0,57.8,Average,True,False,59.4,78.8,40.0,100.0,1.0,64.8,Pleasant,27.9
13-05-24,18.0,5.7,11.8,16.7,3.2,0.2,0.2,0.0,8.0,5.0,51,False,20,59.0,99.2,100.0,95.00971310156267,0,79.7,Nice,False,True,83.5,86.8,90.0,100.0,1.0,90.7,Excellent,81.1
14-05-24,18.5,6.1,12.3,18.0,3.8,0.0,0.0,0.0,10.5,7.3,3,False,20,61.5,100.0,99.0,95.62448006185691,0,81.0,Nice,False,True,84.7,92.0,100.0,100.0,1.0,95.9,Excellent,93.4
15-05-24,17.2,8.3,12.8,14.2,5.5,0.0,0.0,0.0,23.8,14.6,3,False,20,64.0,100.0,72.4,95.32173849375611,0,79.8,Nice,False,True,82.8,76.8,100.0,100.0,1.0,89.8,Nice,84.2
16-05-24,17.4,9.4,14.0,13.7,6.7,0.0,0.0,0.0,26.1,18.2,3,False,20,70.0,100.0,67.8,95.70194268750271,0,81.9,Nice,False,True,84.6,74.8,100.0,100.0,1.0,89.1,Nice,83.2
17-05-24,17.8,10.8,13.8,13.3,6.4,0.0,0.0,0.0,31.2,21.6,3,False,20,69.0,100.0,57.6,90.6239790374372,0,78.9,Nice,False,True,81.2,73.2,100.0,94.7,1.0,86.9,Nice,75.9
18-05-24,21.0,10.7,15.4,22.3,9.3,4.8,4.8,0.0,15.3,5.5,63,False,20,77.0,80.8,89.4,84.92953106907603,0,79.8,Nice,False,True,82.0,100.0,75.0,100.0,1.0,89.5,Nice,70.5
19-05-24,23.3,8.9,16.5,24.0,7.4,0.1,0.1,0.0,16.0,8.6,51,False,20,82.5,99.6,88.0,94.16720040817656,0,87.9,Nice,False,True,90.3,100.0,90.0,100.0,1.0,95.8,Excellent,87.9
20-05-24,23.1,13.2,17.1,22.0,12.6,0.1,0.1,0.0,19.1,10.2,51,False,20,85.5,99.6,81.8,43.69841655031843,0,71.0,Pleasant,False,False,70.5,100.0,90.0,100.0,1.0,85.7,Nice,69.7
21-05-24,23.5,12.5,18.5,20.9,11.4,0.0,0.0,0.0,25.9,17.3,3,False,20,92.5,100.0,68.2,95.65948839967488,0,90.9,Excellent,False,True,92.5,100.0,100.0,100.0,1.0,99.1,Excellent,98.3
22-05-24,24.7,14.8,18.7,24.7,12.6,1.3,1.3,0.0,21.2,10.2,53,False,20,93.5,94.8,77.6,72.09041063549626,0,83.1,Nice,False,True,83.5,100.0,90.0,100.0,1.0,91.4,Excellent,80.0
23-05-24,21.0,11.8,15.8,21.9,11.3,11.6,11.6,0.0,7.3,4.3,63,False,20,79.0,53.6,100.0,63.96529712269226,0,70.0,Pleasant,True,False,71.3,100.0,40.0,100.0,1.0,74.8,Pleasant,34.2
24-05-24,23.3,12.3,17.8,23.5,11.8,1.5,1.5,0.0,14.2,5.8,55,False,20,89.0,94.0,91.6,93.54714869188288,0,89.8,Nice,False,True,91.8,100.0,90.0,100.0,1.0,95.7,Excellent,87.7
25-05-24,22.4,11.3,17.4,22.9,10.1,0.1,0.1,0.0,14.6,6.8,51,False,20,87.0,99.6,90.8,96.01964539299411,0,90.6,Excellent,False,True,92.9,100.0,90.0,100.0,1.0,96.2,Excellent,88.6
26-05-24,24.1,10.3,17.0,23.1,9.3,0.0,0.0,0.0,13.9,8.1,3,False,20,85.0,100.0,92.2,97.14529832442526,0,90.4,Excellent,False,True,92.8,100.0,100.0,100.0,1.0,99.4,Excellent,98.9
27-05-24,20.0,11.2,15.6,18.4,10.0,0.7,0.7,0.0,20.2,8.3,53,False,20,78.0,97.2,79.6,70.86963441785932,0,77.0,Nice,False,True,78.2,93.6,90.0,100.0,1.0,88.6,Nice,76.1
28-05-24,20.6,8.9,14.7,21.3,7.2,6.6,6.6,0.0,13.8,4.7,63,False,20,73.5,73.6,92.4,80.36726295098636,0,76.0,Nice,False,True,78.2,100.0,55.0,100.0,1.0,82.6,Nice,50.7
29-05-24,16.1,10.2,13.1,16.5,9.4,19.7,19.7,0.0,6.2,3.4,63,False,20,65.5,21.200000000000003,100.0,2.3109782821817006,0,38.2,Poor,True,False,37.0,86.0,20.0,100.0,1.0,50.9,Average,10.5
30-05-24,20.9,10.5,15.3,20.8,9.6,5.4,5.4,0.0,10.6,5.4,61,False,20,76.5,78.4,98.8,85.07147685122966,0,80.0,Nice,False,True,82.4,100.0,75.0,100.0,1.0,89.5,Nice,70.5
31-05-24,24.9,10.0,18.0,26.3,8.8,0.1,0.1,0.0,17.7,8.3,51,False,20,90.0,99.6,84.6,96.12689698578436,0,91.4,Excellent,False,True,93.4,100.0,90.0,100.0,1.0,96.2,Excellent,88.6
01-06-24,27.0,14.9,20.9,27.6,15.3,0.0,0.0,0.0,9.0,6.2,3,False,24,84.5,100.0,100.0,96.04144394161864,0,90.4,Excellent,False,True,93.0,95.4,100.0,100.0,1.0,97.4,Excellent,95.6
02-06-24,24.7,13.7,19.3,25.0,13.7,0.0,0.0,0.0,15.0,7.4,3,False,24,76.5,100.0,90.0,90.03468335211635,0,84.3,Nice,False,True,86.8,100.0,100.0,100.0,1.0,98.0,Excellent,96.0
03-06-24,26.4,12.6,18.2,28.7,11.8,26.6,26.6,0.0,10.3,5.9,65,False,24,71.0,0.0,99.4,59.41263048334052,0,57.1,Average,True,False,58.6,86.9,0.0,100.0,1.0,56.7,Average,0.0
04-06-24,21.2,14.5,18.2,21.6,15.1,0.2,0.2,0.0,15.1,7.5,51,False,24,71.0,99.2,89.8,94.23937981483459,0,83.4,Nice,False,True,86.4,100.0,90.0,100.0,1.0,95.8,Excellent,87.9
05-06-24,24.5,12.6,18.9,24.9,12.5,0.4,0.4,0.0,13.4,7.1,51,False,24,74.5,98.4,93.2,92.75350608032153,0,84.5,Nice,False,True,87.3,100.0,90.0,100.0,1.0,95.6,Excellent,87.4
06-06-24,25.7,13.1,20.0,27.8,13.3,7.1,7.1,0.0,10.1,3.7,63,False,24,80.0,71.6,99.8,95.48326336462341,0,84.1,Nice,False,True,86.9,93.8,55.0,100.0,1.0,83.1,Nice,52.0
07-06-24,28.0,13.9,21.1,29.8,14.2,0.1,0.1,0.0,11.2,5.1,51,False,24,85.5,99.6,97.6,96.1028172006958,0,90.6,Excellent,False,True,93.1,78.5,90.0,100.0,1.0,87.6,Nice,77.0
08-06-24,28.2,14.5,21.9,30.0,15.3,0.0,0.0,0.0,11.8,4.7,3,False,24,89.5,100.0,96.4,96.00312330161141,0,92.1,Excellent,False,True,94.4,76.9,100.0,100.0,1.0,90.0,Excellent,84.6
09-06-24,29.7,14.3,21.8,31.5,14.2,1.9,1.9,0.0,19.2,9.6,61,False,24,89.0,92.4,81.6,90.97200760748557,0,87.8,Nice,False,True,89.6,65.4,90.0,100.0,1.0,81.3,Nice,68.1
10-06-24,28.4,16.6,21.8,29.2,17.6,9.6,9.6,0.0,20.4,7.8,63,False,24,89.0,61.6,79.2,71.09216372500688,0,76.1,Nice,False,True,76.7,83.1,40.0,100.0,1.0,69.4,Pleasant,31.3
11-06-24,25.7,16.4,20.2,28.0,17.5,16.5,16.5,0.0,14.9,5.5,63,False,24,81.0,34.0,90.2,77.22046114057805,0,71.7,Pleasant,True,True,73.4,92.3,20.0,100.0,1.0,68.4,Pleasant,17.3
12-06-24,25.2,15.4,19.9,27.1,16.3,0.0,0.0,0.0,7.9,3.7,3,False,24,79.5,100.0,100.0,85.75921584705601,0,84.8,Nice,False,True,87.1,99.2,100.0,100.0,1.0,96.8,Excellent,93.8
13-06-24,24.8,15.7,19.5,27.0,16.3,16.7,16.7,0.0,10.9,5.6,63,False,24,77.5,33.2,98.2,85.7521340901457,0,73.8,Pleasant,True,True,76.2,100.0,20.0,100.0,1.0,73.2,Pleasant,18.9
14-06-24,20.8,14.9,17.2,20.4,14.3,14.6,14.6,0.0,16.7,10.5,63,False,24,66.0,41.6,86.6,47.81421064795235,0,56.3,Average,True,False,57.1,100.0,20.0,100.0,1.0,65.6,Pleasant,15.8
15-06-24,23.9,13.9,18.6,24.0,14.4,0.1,0.1,0.0,8.2,4.5,51,False,24,73.0,99.6,100.0,89.14308030376566,0,83.3,Nice,False,True,86.1,100.0,90.0,100.0,1.0,94.8,Excellent,86.1
16-06-24,26.5,12.5,19.6,26.5,11.9,0.0,0.0,0.0,14.9,6.8,1,False,24,78.0,100.0,90.2,95.4703559240947,0,86.8,Nice,False,True,89.5,100.0,100.0,100.0,1.0,99.1,Excellent,98.2
17-06-24,27.4,13.6,20.9,27.0,14.1,0.0,0.0,0.0,16.9,7.8,2,False,24,84.5,100.0,86.2,95.4380606986066,0,89.1,Nice,False,True,91.4,100.0,100.0,100.0,1.0,99.1,Excellent,98.2
18-06-24,28.5,14.9,21.7,30.7,14.7,0.2,0.2,0.0,10.1,4.7,51,False,24,88.5,99.2,99.8,95.41369345523904,0,91.7,Excellent,False,True,94.0,71.5,90.0,100.0,1.0,84.7,Nice,73.0
19-06-24,31.7,15.9,24.2,34.9,16.9,0.0,0.0,0.0,7.9,4.5,3,False,24,99.0,100.0,100.0,95.39727577179488,0,96.0,Excellent,False,True,97.8,39.2,100.0,100.0,1.0,74.8,Pleasant,61.7
20-06-24,32.5,18.1,25.7,34.9,19.5,0.3,0.3,0.0,13.0,6.0,51,False,24,91.5,98.8,94.0,89.16825280182864,0,90.1,Excellent,False,True,91.9,39.2,90.0,100.0,1.0,70.5,Pleasant,53.3
21-06-24,32.4,18.9,25.4,35.5,20.1,0.0,0.0,0.0,6.6,4.5,3,False,24,93.0,100.0,100.0,95.38869834701984,0,93.6,Excellent,False,True,95.7,34.6,100.0,100.0,1.0,72.9,Pleasant,58.9
22-06-24,33.3,18.4,26.3,35.1,20.1,0.2,0.2,0.0,20.4,8.0,51,False,24,88.5,99.2,79.2,95.39670277196318,0,90.0,Excellent,False,True,91.9,37.7,90.0,100.0,1.0,71.2,Pleasant,54.7
23-06-24,30.3,20.8,24.5,32.8,22.5,2.7,2.7,0.0,12.8,6.9,55,False,24,97.5,89.2,94.4,70.54193095147478,0,84.6,Nice,False,True,85.2,55.4,90.0,100.0,1.0,73.3,Pleasant,55.3
24-06-24,29.3,19.3,23.6,32.2,21.7,1.3,1.3,0.0,9.7,5.2,51,False,24,98.0,94.8,100.0,76.48005293578709,0,88.2,Nice,False,True,89.1,60.0,90.0,100.0,1.0,76.3,Nice,59.9
25-06-24,28.6,18.2,23.8,32.3,20.4,1.0,1.0,0.0,12.3,5.1,53,False,24,99.0,96.0,95.4,89.50762048538374,0,93.0,Excellent,False,True,94.4,59.2,90.0,100.0,1.0,78.6,Nice,64.2
26-06-24,29.7,19.0,23.6,30.7,18.2,0.6,0.6,0.0,14.7,11.0,51,False,24,98.0,97.6,90.6,56.85067671944327,0,81.0,Nice,False,False,80.7,71.5,90.0,100.0,1.0,77.0,Nice,59.1
27-06-24,29.0,18.0,23.8,30.3,19.3,0.3,0.3,0.0,19.1,10.0,51,False,24,99.0,98.8,81.8,82.60877335976848,0,89.9,Nice,False,True,90.7,74.6,90.0,100.0,1.0,83.4,Nice,70.0
28-06-24,28.7,17.5,22.9,30.5,18.9,0.2,0.2,0.0,17.1,5.3,51,False,24,94.5,99.2,85.8,95.26504219356985,0,92.9,Excellent,False,True,94.6,73.1,90.0,100.0,1.0,85.3,Nice,73.8
29-06-24,30.1,18.6,24.5,33.5,20.2,0.0,0.0,0.0,6.7,3.7,3,False,24,97.5,100.0,100.0,95.67592650175327,0,95.5,Excellent,False,True,97.4,50.0,100.0,100.0,1.0,79.1,Nice,68.3
30-06-24,31.7,17.2,25.4,33.4,18.7,0.0,0.0,0.0,9.5,6.1,3,False,24,93.0,100.0,100.0,95.7465142949546,0,93.7,Excellent,False,True,95.8,50.8,100.0,100.0,1.0,79.5,Nice,68.8
01-07-24,33.9,18.1,25.9,34.9,19.2,0.6,0.6,0.0,17.2,8.5,51,False,26,99.5,97.6,85.6,90.27663468612685,0,92.9,Excellent,False,True,94.1,39.2,90.0,100.0,1.0,70.7,Pleasant,53.7
02-07-24,31.0,18.7,22.3,30.7,19.5,18.0,18.0,0.0,20.6,9.0,63,False,26,81.5,28.0,78.8,42.214489053143254,0,57.9,Average,True,False,57.5,71.5,20.0,100.0,1.0,53.1,Average,12.0
03-07-24,18.5,15.8,16.5,20.1,15.6,14.3,14.3,0.0,15.0,8.4,61,False,26,52.5,42.8,90.0,0.0,0,34.6,Poor,True,False,33.8,100.0,20.0,100.0,1.0,56.0,Average,12.0
04-07-24,21.0,14.6,17.4,20.6,15.6,0.7,0.7,0.0,14.0,5.5,51,False,26,56.99999999999999,97.2,92.0,66.26531732705469,0,67.9,Pleasant,False,False,70.2,100.0,90.0,100.0,1.0,90.3,Excellent,77.9
05-07-24,25.5,12.2,19.5,25.1,12.4,0.2,0.2,0.0,15.6,6.8,51,False,26,67.5,99.2,88.8,96.20823738491757,0,82.7,Nice,False,True,85.9,100.0,90.0,100.0,1.0,96.2,Excellent,88.6
06-07-24,28.8,13.6,21.8,28.7,13.1,0.0,0.0,0.0,18.1,9.7,3,False,26,79.0,100.0,83.8,96.32162002975981,0,87.0,Nice,False,True,89.6,86.9,100.0,100.0,1.0,94.0,Excellent,90.7
07-07-24,30.7,16.6,24.3,31.4,16.7,0.0,0.0,0.0,17.2,10.0,1,False,26,91.5,100.0,85.6,96.44179773226043,0,92.2,Excellent,False,True,94.2,66.2,100.0,100.0,1.0,85.7,Nice,78.3
08-07-24,31.7,16.9,24.9,34.4,17.5,0.0,0.0,0.0,8.8,4.8,3,False,26,94.5,100.0,100.0,96.56864770094192,0,94.6,Excellent,False,True,96.7,43.1,100.0,100.0,1.0,76.5,Nice,64.5
09-07-24,32.0,19.6,25.8,34.4,21.5,0.2,0.2,0.0,8.1,3.6,51,False,26,99.0,99.2,100.0,96.70208290914249,0,96.3,Excellent,False,True,98.2,43.1,90.0,100.0,1.0,73.6,Pleasant,58.1
10-07-24,32.2,21.3,26.2,34.2,22.9,0.0,0.0,0.0,10.5,4.8,0,False,26,99.0,100.0,99.0,96.84200030379694,0,96.4,Excellent,False,True,98.3,44.6,100.0,100.0,1.0,77.2,Nice,65.5
11-07-24,33.1,19.3,25.9,35.5,20.5,0.0,0.0,0.0,10.6,4.8,3,False,26,99.5,100.0,98.8,96.98845460212911,0,96.6,Excellent,False,True,98.5,34.6,100.0,100.0,1.0,73.2,Pleasant,59.6
12-07-24,34.0,18.4,26.8,35.4,19.6,0.0,0.0,0.0,8.9,4.8,2,False,26,96.0,100.0,100.0,97.14283144369539,0,95.4,Excellent,False,True,97.5,35.4,100.0,100.0,1.0,73.6,Pleasant,60.1
13-07-24,34.7,17.5,27.3,35.7,18.5,0.0,0.0,0.0,12.9,7.0,0,False,26,93.5,100.0,94.2,97.30534471229242,0,94.0,Excellent,False,True,96.1,33.1,100.0,100.0,1.0,72.7,Pleasant,58.8
14-07-24,35.5,19.1,27.8,37.5,19.7,0.0,0.0,0.0,11.3,6.2,1,False,26,91.0,100.0,97.4,97.4757217761304,0,93.3,Excellent,False,True,95.6,19.2,100.0,100.0,1.0,67.2,Pleasant,50.5
15-07-24,35.7,19.7,28.3,37.3,20.4,0.0,0.0,0.0,9.4,5.5,3,False,26,88.5,100.0,100.0,97.65377757362914,0,92.6,Excellent,False,True,95.0,20.8,100.0,100.0,1.0,67.8,Pleasant,51.5
16-07-24,35.8,20.1,28.5,36.3,20.7,0.0,0.0,0.0,14.2,7.9,2,False,26,87.5,100.0,91.6,97.83927398910288,0,91.6,Excellent,False,True,93.9,28.5,100.0,100.0,1.0,71.0,Pleasant,56.2
17-07-24,35.4,21.3,28.3,36.5,22.8,0.1,0.1,0.0,15.1,6.4,51,False,26,88.5,99.6,89.8,98.03200745043256,0,91.8,Excellent,False,True,94.1,26.9,90.0,100.0,1.0,67.4,Pleasant,49.8
18-07-24,32.1,21.1,27.0,35.0,22.6,0.3,0.3,0.0,6.6,3.7,51,False,26,95.0,98.8,100.0,97.26260940557803,0,94.9,Excellent,False,True,97.0,38.5,90.0,100.0,1.0,71.8,Pleasant,55.8
19-07-24,29.8,20.5,24.9,33.7,23.3,5.7,5.7,0.0,10.8,4.1,63,False,26,94.5,77.2,98.4,98.43822290569946,0,91.7,Excellent,False,True,93.9,48.5,75.0,100.0,1.0,71.6,Pleasant,51.3
20-07-24,31.4,19.2,24.3,34.7,21.4,1.0,1.0,0.0,15.5,5.9,53,False,26,91.5,96.0,89.0,59.19078523701433,0,78.8,Nice,False,False,79.0,40.8,90.0,100.0,1.0,65.1,Pleasant,43.3
21-07-24,26.4,18.2,22.6,30.8,19.8,3.6,3.6,0.0,13.2,6.4,63,False,26,83.0,85.6,93.6,90.51362795712747,0,85.2,Nice,False,True,87.5,70.8,75.0,100.0,1.0,78.9,Nice,59.0
22-07-24,27.1,17.8,22.2,29.4,19.5,4.9,4.9,0.0,14.0,5.5,61,False,26,81.0,80.4,92.0,92.340296683302,0,84.1,Nice,False,True,86.5,81.5,75.0,100.0,1.0,83.6,Nice,64.4
23-07-24,29.4,18.6,23.8,33.5,20.4,0.1,0.1,0.0,7.9,3.6,51,False,26,89.0,99.6,100.0,97.4193715713512,0,92.6,Excellent,False,True,95.1,50.0,90.0,100.0,1.0,76.5,Nice,62.1
24-07-24,29.0,17.9,22.1,31.5,19.4,1.8,1.8,0.0,19.4,4.0,55,False,26,80.5,92.8,81.2,65.87451637217549,0,75.7,Nice,False,False,76.6,65.4,90.0,100.0,1.0,76.3,Nice,59.0
25-07-24,23.7,16.0,19.4,25.6,16.1,9.8,9.8,0.0,14.2,5.7,63,False,26,67.0,60.8,91.6,73.7986888587371,0,69.1,Pleasant,False,True,71.2,100.0,40.0,100.0,1.0,76.8,Nice,35.8
26-07-24,24.5,14.3,19.6,24.1,14.6,0.5,0.5,0.0,15.1,6.6,51,False,26,68.0,98.0,89.8,94.17165648691456,0,82.0,Nice,False,True,85.1,100.0,90.0,100.0,1.0,95.8,Excellent,87.9
27-07-24,27.5,15.0,21.5,29.0,15.3,0.0,0.0,0.0,9.2,3.9,1,False,26,77.5,100.0,100.0,98.58040542649137,0,88.5,Nice,False,True,91.6,84.6,100.0,100.0,1.0,93.6,Excellent,90.2
28-07-24,31.7,15.5,23.9,33.8,15.8,0.0,0.0,0.0,8.7,4.8,0,False,26,89.5,100.0,100.0,98.74535226848407,0,93.4,Excellent,False,True,95.8,47.7,100.0,100.0,1.0,78.8,Nice,68.1
29-07-24,27.9,18.1,23.1,28.1,16.8,0.0,0.0,0.0,16.5,8.9,2,False,26,85.5,100.0,87.0,97.20651218181916,0,90.2,Excellent,False,True,92.5,91.5,100.0,100.0,1.0,96.1,Excellent,93.8
30-07-24,26.0,14.4,20.0,24.8,13.0,0.0,0.0,0.0,14.2,8.7,1,False,26,70.0,100.0,91.6,98.59402161041896,0,84.8,Nice,False,True,88.1,100.0,100.0,100.0,1.0,99.7,Excellent,99.4
31-07-24,27.5,12.3,20.4,27.8,11.6,0.0,0.0,0.0,9.5,4.3,0,False,26,72.0,100.0,100.0,97.91627049925822,0,86.1,Nice,False,True,89.4,93.8,100.0,100.0,1.0,97.1,Excellent,95.5
01-08-24,30.5,13.1,22.3,31.3,12.2,0.0,0.0,0.0,8.3,4.4,3,False,25,86.5,100.0,100.0,95.58443929724037,0,91.1,Excellent,False,True,93.5,66.9,100.0,100.0,1.0,85.9,Nice,78.4
02-08-24,32.4,15.4,23.9,33.4,15.4,0.0,0.0,0.0,19.0,5.9,3,False,25,94.5,100.0,82.0,91.91034188936065,0,91.5,Excellent,False,True,93.0,50.8,100.0,100.0,1.0,78.7,Nice,67.2
03-08-24,27.8,17.9,23.4,26.7,19.9,1.7,1.7,0.0,25.3,12.6,55,False,25,92.0,93.2,69.4,93.64407084477537,0,89.1,Nice,False,True,90.6,100.0,90.0,100.0,1.0,95.7,Excellent,87.7
04-08-24,23.4,16.5,19.7,23.1,17.0,1.9,1.9,0.0,14.8,8.4,53,False,25,73.5,92.4,90.4,52.57206433649549,0,68.9,Pleasant,False,False,69.7,100.0,90.0,100.0,1.0,87.5,Nice,72.9
05-08-24,27.3,16.3,21.7,28.0,17.0,0.2,0.2,0.0,16.9,5.1,51,False,25,83.5,99.2,86.2,88.08541382294155,0,86.0,Nice,False,True,88.0,92.3,90.0,100.0,1.0,91.5,Excellent,81.6
06-08-24,22.7,15.4,18.9,20.7,13.9,10.5,10.5,0.0,19.0,9.7,63,False,25,69.5,58.0,82.0,65.12657295787422,0,65.9,Pleasant,True,False,67.3,100.0,40.0,100.0,1.0,75.0,Nice,34.4
07-08-24,25.4,13.2,19.6,26.1,13.5,0.0,0.0,0.0,5.4,2.6,3,False,25,73.0,100.0,100.0,91.88788703865602,0,84.4,Nice,False,True,87.3,100.0,100.0,100.0,1.0,98.4,Excellent,96.8
08-08-24,29.4,14.0,21.8,31.6,14.0,0.0,0.0,0.0,9.0,4.6,2,False,25,84.0,100.0,100.0,91.72177208095701,0,88.7,Nice,False,True,91.1,64.6,100.0,100.0,1.0,84.2,Nice,75.5
09-08-24,25.4,17.2,21.1,26.1,18.4,5.9,5.9,0.0,11.5,4.5,63,False,25,80.5,76.4,97.0,76.94790865925486,0,78.4,Nice,False,True,80.1,100.0,75.0,100.0,1.0,87.9,Nice,68.1
10-08-24,28.2,15.3,21.9,28.8,15.4,0.7,0.7,0.0,10.1,5.9,51,False,25,84.5,97.2,99.8,85.16548887472595,0,86.2,Nice,False,True,88.2,86.2,90.0,100.0,1.0,88.5,Nice,77.2
11-08-24,30.1,16.5,23.3,31.4,17.0,0.0,0.0,0.0,6.7,4.0,0,False,25,91.5,100.0,100.0,91.5986639830413,0,91.7,Excellent,False,True,93.7,66.2,100.0,100.0,1.0,84.8,Nice,76.3
12-08-24,32.5,17.0,24.7,33.4,17.8,0.0,0.0,0.0,11.0,5.2,0,False,25,98.5,100.0,98.0,92.05115545220491,0,94.5,Excellent,False,True,96.1,50.8,100.0,100.0,1.0,78.7,Nice,67.3
13-08-24,33.3,18.5,26.0,35.3,18.9,0.0,0.0,0.0,7.5,4.7,3,False,25,95.0,100.0,100.0,92.16644232164765,0,93.3,Excellent,False,True,95.1,36.2,100.0,100.0,1.0,72.9,Pleasant,58.6
14-08-24,33.1,19.6,26.3,35.1,19.8,0.4,0.4,0.0,16.1,9.0,51,False,25,93.5,98.4,87.8,91.85965334522874,0,91.3,Excellent,False,True,93.0,37.7,90.0,100.0,1.0,70.4,Pleasant,53.4
15-08-24,35.5,20.2,27.4,36.6,21.6,0.0,0.0,0.0,16.2,6.6,3,False,25,88.0,100.0,87.6,91.20993936566887,0,89.1,Nice,False,True,91.0,26.2,100.0,100.0,1.0,68.7,Pleasant,52.2
16-08-24,33.2,19.1,25.3,35.9,20.8,0.7,0.7,0.0,15.8,5.4,53,False,25,98.5,97.2,88.4,92.34732697899533,0,93.4,Excellent,False,True,94.8,31.5,90.0,100.0,1.0,68.1,Pleasant,50.3
17-08-24,30.1,19.2,24.7,32.3,21.1,1.5,1.5,0.0,6.8,3.8,53,False,25,98.5,94.0,100.0,92.37897974029595,0,93.8,Excellent,False,True,95.5,59.2,90.0,100.0,1.0,79.2,Nice,65.2
18-08-24,31.9,18.4,24.4,33.4,20.4,0.2,0.2,0.0,16.7,6.8,51,False,25,97.0,99.2,86.6,77.99485771290414,0,87.9,Nice,False,True,88.7,50.8,90.0,100.0,1.0,72.9,Pleasant,55.5
19-08-24,32.2,17.0,24.8,32.8,17.1,0.0,0.0,0.0,10.2,7.5,1,False,25,99.0,100.0,99.6,93.3053975378141,0,95.2,Excellent,False,True,96.9,55.4,100.0,100.0,1.0,80.8,Nice,70.6
20-08-24,31.1,16.1,24.3,30.3,16.6,0.0,0.0,0.0,12.6,8.7,3,False,25,96.5,100.0,94.8,93.63042988971416,0,94.0,Excellent,False,True,95.7,74.6,100.0,100.0,1.0,88.6,Nice,82.2
21-08-24,31.5,17.5,25.0,32.3,18.5,0.0,0.0,0.0,7.2,4.6,1,False,25,100.0,100.0,100.0,93.96067745648446,0,95.9,Excellent,False,True,97.6,59.2,100.0,100.0,1.0,82.5,Nice,73.1
22-08-24,29.7,18.2,23.7,31.1,19.3,0.3,0.3,0.0,12.4,5.9,51,False,25,93.5,98.8,95.2,87.04300407973784,0,90.3,Excellent,False,True,91.9,68.5,90.0,100.0,1.0,81.8,Nice,68.3
23-08-24,29.6,16.0,22.6,31.1,16.2,0.0,0.0,0.0,8.4,4.5,3,False,25,88.0,100.0,100.0,94.63800860599225,0,91.3,Excellent,False,True,93.7,68.5,100.0,100.0,1.0,86.3,Nice,78.9
24-08-24,30.7,17.1,23.6,30.8,16.6,0.0,0.0,0.0,8.3,5.3,3,False,25,93.0,100.0,100.0,94.98474459759043,0,93.4,Excellent,False,True,95.5,70.8,100.0,100.0,1.0,87.3,Nice,80.5
25-08-24,32.1,16.1,24.4,32.8,15.2,0.0,0.0,0.0,8.9,6.2,3,False,25,97.0,100.0,100.0,95.33659419795339,0,95.2,Excellent,False,True,97.1,55.4,100.0,100.0,1.0,81.2,Nice,71.4
26-08-24,33.0,16.6,24.9,32.6,15.9,0.0,0.0,0.0,10.5,7.0,3,False,25,99.5,100.0,99.0,95.69338856832059,0,96.2,Excellent,False,True,98.0,56.9,100.0,100.0,1.0,81.9,Nice,72.4
27-08-24,26.6,19.0,22.4,29.1,20.1,5.2,5.2,0.0,11.6,5.4,63,False,25,87.0,79.2,96.8,62.481653606545365,0,76.3,Nice,False,False,77.0,83.8,75.0,100.0,1.0,78.5,Nice,56.5
28-08-24,26.7,17.0,21.4,28.5,18.6,9.3,9.3,0.0,12.8,4.7,63,False,25,82.0,62.8,94.4,81.96814767092643,0,78.5,Nice,False,True,80.3,88.5,40.0,100.0,1.0,73.8,Pleasant,34.3
29-08-24,27.6,16.8,21.1,30.7,18.0,10.0,10.0,0.0,18.6,4.4,63,False,25,80.5,60.0,82.8,74.53210678262906,0,73.9,Pleasant,True,True,75.3,71.5,40.0,100.0,1.0,65.5,Pleasant,29.1
30-08-24,25.9,16.1,19.9,28.8,17.0,9.3,9.3,0.0,9.2,4.2,63,False,25,74.5,62.8,100.0,74.74330346715499,0,73.4,Pleasant,False,True,75.4,86.2,40.0,100.0,1.0,71.4,Pleasant,32.6
31-08-24,28.2,16.8,22.0,29.4,17.6,0.0,0.0,0.0,9.8,4.8,3,False,25,85.0,100.0,100.0,97.03484003555809,0,91.0,Excellent,False,True,93.6,81.5,100.0,100.0,1.0,92.0,Excellent,87.7
01-09-24,28.5,15.2,21.8,29.4,14.7,0.0,0.0,0.0,9.4,4.0,2,False,21,96.0,100.0,100.0,97.4130594765521,0,95.5,Excellent,False,True,97.6,81.5,100.0,100.0,1.0,92.1,Excellent,87.9
02-09-24,28.5,15.3,22.2,29.5,15.5,0.0,0.0,0.0,8.9,4.5,0,False,21,94.0,100.0,100.0,97.55973977111807,0,94.7,Excellent,False,True,96.9,80.8,100.0,100.0,1.0,91.8,Excellent,87.5
03-09-24,29.8,15.7,22.7,30.1,16.1,0.0,0.0,0.0,10.5,5.0,3,False,21,91.5,100.0,99.0,97.70750904780785,0,93.7,Excellent,False,True,96.0,76.2,100.0,100.0,1.0,90.0,Excellent,84.8
04-09-24,28.2,14.8,21.9,28.4,14.1,0.0,0.0,0.0,14.6,7.7,3,False,21,95.5,100.0,90.8,97.41864952612741,0,94.6,Excellent,False,True,96.5,89.2,100.0,100.0,1.0,95.2,Excellent,92.5
05-09-24,26.5,14.6,20.2,26.5,13.9,0.0,0.0,0.0,16.4,7.9,3,False,21,96.0,100.0,87.2,98.0061617060936,0,94.7,Excellent,False,True,96.5,100.0,100.0,100.0,1.0,99.6,Excellent,99.2
06-09-24,25.7,13.6,19.5,25.8,12.3,0.0,0.0,0.0,17.1,10.0,3,False,21,92.5,100.0,85.8,97.71604374363409,0,93.1,Excellent,False,True,95.0,100.0,100.0,100.0,1.0,99.5,Excellent,99.1
07-09-24,26.3,15.2,20.4,24.6,15.1,0.0,0.0,0.0,16.2,11.0,3,False,21,97.0,100.0,87.6,97.51286171876323,0,94.9,Excellent,False,True,96.7,100.0,100.0,100.0,1.0,99.5,Excellent,99.0
08-09-24,25.3,12.3,18.6,23.5,10.5,0.0,0.0,0.0,12.6,8.1,0,False,21,88.0,100.0,94.8,98.02012110185387,0,92.1,Excellent,False,True,94.5,100.0,100.0,100.0,1.0,99.6,Excellent,99.2
09-09-24,26.9,13.0,20.3,22.8,10.2,0.0,0.0,0.0,26.2,15.0,3,False,21,96.5,100.0,67.6,80.47975538476693,0,87.2,Nice,False,True,87.7,100.0,100.0,100.0,1.0,96.1,Excellent,92.2
10-09-24,23.1,16.9,19.6,22.7,17.2,1.7,1.7,0.0,11.5,5.3,53,False,21,93.0,93.2,97.0,4.565245542352289,0,60.5,Pleasant,False,False,58.1,100.0,90.0,100.0,1.0,77.9,Nice,55.6
11-09-24,17.7,14.8,16.3,18.4,15.6,7.0,7.0,0.0,4.3,2.6,61,False,21,76.5,72.0,100.0,0.0,0,49.4,Average,False,False,47.6,93.6,55.0,100.0,1.0,63.9,Pleasant,30.9
12-09-24,23.8,15.2,18.5,24.4,15.4,0.2,0.2,0.0,10.1,4.6,51,False,21,87.5,99.2,99.8,86.64735069102947,0,88.2,Nice,False,True,90.1,100.0,90.0,100.0,1.0,94.3,Excellent,85.2
13-09-24,26.2,12.6,17.8,24.3,12.6,2.7,2.7,0.0,17.8,9.2,55,False,21,84.0,89.2,84.4,58.62923437910415,0,74.3,Pleasant,False,False,74.7,100.0,90.0,100.0,1.0,88.7,Nice,75.1
14-09-24,15.8,9.7,12.1,16.1,7.4,7.2,7.2,0.0,20.6,10.2,63,False,21,55.5,71.2,78.8,18.715550642760608,0,45.7,Average,False,False,45.5,84.4,55.0,100.0,1.0,64.0,Pleasant,32.0
15-09-24,20.6,7.4,13.0,17.7,5.3,0.0,0.0,0.0,20.9,8.6,3,False,21,60.0,100.0,78.2,91.47326311108,0,77.3,Nice,False,True,80.4,90.8,100.0,100.0,1.0,94.6,Excellent,91.1
16-09-24,18.7,10.3,13.3,16.6,9.0,0.4,0.4,0.0,17.4,6.0,51,False,21,61.5,98.4,85.2,80.07559135824218,0,74.2,Pleasant,False,True,76.8,86.4,90.0,100.0,1.0,87.6,Nice,75.5
17-09-24,18.0,9.6,13.9,17.3,8.4,0.0,0.0,0.0,8.5,3.9,3,False,21,64.5,100.0,100.0,48.30190786703347,0,65.7,Pleasant,False,False,66.9,89.2,100.0,100.0,1.0,85.3,Nice,72.8
18-09-24,20.8,12.2,15.3,20.7,12.0,0.9,0.9,0.0,6.1,3.1,51,False,21,71.5,96.4,100.0,52.803540378941705,0,69.5,Pleasant,False,False,70.6,100.0,90.0,100.0,1.0,87.6,Nice,73.0
19-09-24,18.7,10.2,14.5,17.6,9.7,0.0,0.0,0.0,17.7,7.9,3,False,21,67.5,100.0,84.6,84.8502540776242,0,78.5,Nice,False,True,81.0,90.4,100.0,100.0,1.0,93.1,Excellent,88.2
20-09-24,20.6,10.9,15.0,18.0,8.6,0.0,0.0,0.0,15.2,6.6,2,False,21,70.0,100.0,89.6,96.01308414345392,0,83.8,Nice,False,True,86.9,92.0,100.0,100.0,1.0,96.0,Excellent,93.6
21-09-24,20.9,7.4,14.4,20.5,4.7,0.0,0.0,0.0,6.6,3.4,1,False,21,67.0,100.0,100.0,96.26525069422597,0,83.5,Nice,False,True,87.0,100.0,100.0,100.0,1.0,99.3,Excellent,98.5
22-09-24,22.5,11.4,16.1,22.1,9.9,0.0,0.0,0.0,8.5,4.1,0,False,21,75.5,100.0,100.0,96.39640853230438,0,86.9,Nice,False,True,90.0,100.0,100.0,100.0,1.0,99.3,Excellent,98.6
23-09-24,23.2,9.9,15.4,22.5,8.5,0.0,0.0,0.0,9.8,6.3,0,False,21,72.0,100.0,100.0,96.77404115506063,0,85.7,Nice,False,True,88.9,100.0,100.0,100.0,1.0,99.4,Excellent,98.7
24-09-24,24.5,8.2,16.6,21.3,6.2,0.0,0.0,0.0,21.4,11.5,3,False,21,78.0,100.0,77.2,96.67118914237275,0,86.2,Nice,False,True,88.7,100.0,100.0,100.0,1.0,99.3,Excellent,98.7
25-09-24,25.5,13.3,19.4,24.4,12.4,1.9,1.9,0.0,14.0,7.7,53,False,21,92.0,92.4,92.0,85.54546472574754,0,88.0,Nice,False,True,89.5,100.0,90.0,100.0,1.0,94.1,Excellent,84.8
26-09-24,25.8,11.8,18.1,25.4,11.2,0.0,0.0,0.0,9.8,5.5,3,False,21,85.5,100.0,100.0,94.64583559438903,0,90.3,Excellent,False,True,92.8,100.0,100.0,100.0,1.0,98.9,Excellent,97.9
27-09-24,27.8,12.2,19.4,27.1,10.7,0.0,0.0,0.0,20.5,10.6,2,False,21,92.0,100.0,79.0,95.9299780875141,0,91.7,Excellent,False,True,93.5,99.2,100.0,100.0,1.0,98.9,Excellent,97.9
28-09-24,29.1,12.1,20.3,27.1,10.6,0.0,0.0,0.0,21.7,10.7,3,False,21,96.5,100.0,76.6,95.67470888320369,0,93.2,Excellent,False,True,94.7,99.2,100.0,100.0,1.0,98.8,Excellent,97.8
29-09-24,19.0,10.3,14.1,18.0,7.5,38.6,38.6,0.0,17.9,9.0,63,False,21,65.5,0.0,84.2,0.0,0,32.9,Poor,True,False,31.3,92.0,0.0,100.0,1.0,46.8,Average,0.0
30-09-24,10.8,8.4,9.5,7.7,5.3,7.1,7.1,0.0,17.3,12.8,61,False,21,42.5,71.6,85.4,0.0,0,34.6,Poor,False,False,34.2,50.8,55.0,100.0,1.0,46.8,Average,16.8
01-10-24,12.6,7.4,9.6,10.3,5.4,1.0,1.0,0.0,9.9,6.4,51,False,15,73.0,96.0,100.0,23.029070590908095,0,59.7,Average,False,False,59.2,61.2,90.0,100.0,1.0,66.1,Pleasant,41.3
02-10-24,16.8,3.8,9.1,15.5,1.1,0.0,0.0,0.0,8.6,6.3,3,False,15,70.5,100.0,100.0,81.63631875548178,0,79.8,Nice,False,True,82.3,82.0,100.0,100.0,1.0,89.1,Nice,81.9
03-10-24,22.9,7.3,14.7,20.8,4.7,0.0,0.0,0.0,20.1,10.3,3,False,15,98.5,100.0,79.8,93.83406595699421,0,93.6,Excellent,False,True,95.0,100.0,100.0,100.0,1.0,98.8,Excellent,97.5
04-10-24,22.9,14.7,18.3,22.0,13.6,0.0,0.0,0.0,21.6,12.5,3,False,15,83.5,100.0,76.8,8.090269939084873,0,57.4,Average,False,False,55.1,100.0,100.0,100.0,1.0,81.6,Nice,63.2
05-10-24,18.5,13.1,15.1,17.9,12.8,6.5,6.5,0.0,12.7,6.0,61,False,15,99.5,74.0,94.6,42.75401766555314,0,73.4,Pleasant,False,False,72.5,91.6,55.0,100.0,1.0,71.7,Pleasant,39.6
06-10-24,14.6,10.5,12.4,13.6,8.7,4.2,4.2,0.0,14.2,6.9,61,False,15,87.0,83.2,91.6,13.073956777707496,0,59.2,Average,False,False,57.3,74.4,75.0,100.0,1.0,64.9,Pleasant,37.4
07-10-24,15.9,7.3,11.9,13.6,5.6,0.0,0.0,0.0,15.7,9.5,3,False,15,84.5,100.0,88.6,94.80916179742063,0,89.1,Nice,False,True,91.4,74.4,100.0,100.0,1.0,88.7,Nice,82.6
08-10-24,19.2,5.6,11.1,17.9,3.1,0.0,0.0,0.0,8.9,6.2,3,False,15,80.5,100.0,100.0,94.97711144692774,0,88.4,Nice,False,True,91.2,91.6,100.0,100.0,1.0,95.6,Excellent,93.0
09-10-24,23.3,7.7,14.3,23.4,5.3,1.3,1.3,0.0,16.4,7.3,55,False,15,96.5,94.8,87.2,72.51202625057222,0,85.2,Nice,False,True,85.7,100.0,90.0,100.0,1.0,91.5,Excellent,80.1
10-10-24,23.8,10.1,15.6,23.7,9.0,0.0,0.0,0.0,11.6,6.8,3,False,15,97.0,100.0,96.8,94.51846869909008,0,94.6,Excellent,False,True,96.4,100.0,100.0,100.0,1.0,98.9,Excellent,97.8
11-10-24,20.0,10.4,14.1,20.1,8.8,5.8,5.8,0.0,18.1,10.5,63,False,15,95.5,76.8,83.8,47.32930200965287,0,73.0,Pleasant,False,False,72.3,100.0,75.0,100.0,1.0,82.0,Nice,59.2
12-10-24,15.6,10.8,12.8,14.3,10.3,4.4,4.4,0.0,11.1,6.3,53,False,15,89.0,82.4,97.8,57.85799649403093,0,76.0,Nice,False,False,76.4,77.2,75.0,100.0,1.0,75.0,Nice,52.1
13-10-24,16.2,6.2,10.9,14.5,4.5,0.1,0.1,0.0,10.3,3.8,51,False,15,79.5,99.6,99.4,76.25765133178608,0,81.4,Nice,False,True,83.2,78.0,90.0,100.0,1.0,83.5,Nice,69.6
14-10-24,15.7,9.1,12.3,10.8,6.6,0.0,0.0,0.0,23.6,12.8,3,False,15,86.5,100.0,72.8,94.37228365739179,0,88.5,Nice,False,True,90.3,63.2,100.0,100.0,1.0,84.2,Nice,75.7
15-10-24,16.7,4.4,10.6,15.4,1.8,0.4,0.4,0.0,9.7,4.7,51,False,15,78.0,98.4,100.0,88.42317172480526,0,84.9,Nice,False,True,87.4,81.6,90.0,100.0,1.0,87.3,Nice,75.9
16-10-24,13.5,5.8,9.4,11.9,4.1,0.1,0.1,0.0,7.9,4.9,51,False,15,72.0,99.6,100.0,86.89773708630261,0,82.2,Nice,False,True,84.9,67.6,90.0,100.0,1.0,81.4,Nice,67.8
17-10-24,13.4,2.9,7.2,9.2,-0.1,0.0,0.0,0.0,13.4,7.4,1,False,15,61.0,100.0,93.2,93.54004962748644,0,79.6,Nice,False,True,83.1,56.8,100.0,100.0,1.0,81.4,Nice,71.5
18-10-24,14.5,3.2,7.2,11.6,-0.4,0.0,0.0,0.0,10.5,8.8,2,False,15,61.0,100.0,99.0,93.24026063444386,0,80.0,Nice,False,True,83.5,66.4,100.0,100.0,1.0,85.2,Nice,77.1
19-10-24,13.9,2.5,6.8,10.1,-1.2,0.0,0.0,0.0,12.8,10.0,0,False,15,59.0,100.0,94.4,93.81541514640658,0,79.0,Nice,False,True,82.6,60.4,100.0,100.0,1.0,82.9,Nice,73.8
20-10-24,13.5,0.9,7.0,11.2,-2.4,0.0,0.0,0.0,8.4,5.0,0,False,15,60.0,100.0,100.0,93.53700843703817,0,79.7,Nice,False,True,83.4,64.8,100.0,100.0,1.0,84.6,Nice,76.3
21-10-24,15.0,0.5,8.2,13.0,-3.2,0.0,0.0,0.0,9.8,4.2,0,False,15,66.0,100.0,100.0,94.08287993642654,0,82.3,Nice,False,True,85.7,72.0,100.0,100.0,1.0,87.6,Nice,80.8
22-10-24,16.8,1.4,9.7,14.9,-2.0,0.0,0.0,0.0,7.7,3.9,0,False,15,73.5,100.0,100.0,94.43105942467876,0,85.5,Nice,False,True,88.5,79.6,100.0,100.0,1.0,90.7,Excellent,85.5
23-10-24,16.3,4.4,10.1,14.2,1.4,0.0,0.0,0.0,6.7,4.4,0,False,15,75.5,100.0,100.0,94.88446235300816,0,86.4,Nice,False,True,89.4,76.8,100.0,100.0,1.0,89.7,Nice,84.0
24-10-24,14.5,3.2,8.9,13.1,0.1,0.0,0.0,0.0,8.5,4.6,3,False,15,69.5,100.0,100.0,76.2733477881921,0,77.5,Nice,False,True,79.8,72.4,100.0,100.0,1.0,84.2,Nice,73.9
25-10-24,15.2,2.6,9.2,13.3,-0.2,0.0,0.0,0.0,7.4,4.4,0,False,15,71.0,100.0,100.0,95.8023151161683,0,84.9,Nice,False,True,88.2,73.2,100.0,100.0,1.0,88.4,Nice,82.2
26-10-24,16.0,1.9,9.0,14.0,-1.3,0.0,0.0,0.0,6.9,4.7,1,False,15,70.0,100.0,100.0,96.18730374097805,0,84.7,Nice,False,True,88.0,76.0,100.0,100.0,1.0,89.6,Nice,84.1
27-10-24,18.4,3.9,11.0,16.4,0.4,0.0,0.0,0.0,9.0,4.9,3,False,15,80.0,100.0,100.0,96.42388259262265,0,88.7,Nice,False,True,91.6,85.6,100.0,100.0,1.0,93.5,Excellent,89.9
28-10-24,19.7,9.5,14.1,19.0,7.4,0.0,0.0,0.0,6.7,4.0,3,False,15,95.5,100.0,100.0,96.65974019241486,0,95.0,Excellent,False,True,97.1,96.0,100.0,100.0,1.0,97.7,Excellent,96.3
29-10-24,16.0,8.6,11.5,15.2,7.5,0.6,0.6,0.0,6.4,3.9,51,False,15,82.5,97.6,100.0,56.36877595415518,0,75.4,Nice,False,False,76.1,80.8,90.0,100.0,1.0,80.6,Nice,63.9
30-10-24,17.6,7.8,11.6,16.1,5.5,0.0,0.0,0.0,7.5,4.5,3,False,15,83.0,100.0,100.0,67.6851927327172,0,79.9,Nice,False,False,81.1,84.4,100.0,100.0,1.0,87.3,Nice,77.7
31-10-24,16.7,8.1,11.8,16.0,6.5,0.2,0.2,0.0,6.8,3.9,51,False,15,84.0,99.2,100.0,88.75408981037305,0,87.5,Nice,False,True,89.8,84.0,90.0,100.0,1.0,88.4,Nice,77.3
01-11-24,15.7,6.0,10.8,14.1,3.9,0.0,0.0,0.0,7.6,3.9,3,False,8,86.0,100.0,100.0,84.0321497864507,0,86.8,Nice,False,True,88.7,76.4,100.0,100.0,1.0,87.4,Nice,79.5
02-11-24,16.0,5.8,10.3,13.6,3.7,0.3,0.3,0.0,13.9,5.5,51,False,8,88.5,98.8,92.2,88.35655497416948,0,88.5,Nice,False,True,90.4,74.4,90.0,100.0,1.0,84.4,Nice,72.0
03-11-24,10.2,1.9,6.3,8.3,-0.8,0.0,0.0,0.0,11.7,4.9,3,False,8,91.5,100.0,96.6,57.91492026866465,0,79.6,Nice,False,False,79.9,53.2,100.0,100.0,1.0,72.9,Pleasant,55.1
04-11-24,10.7,1.1,4.4,7.1,-1.3,0.0,0.0,0.0,8.6,3.3,3,False,8,82.0,100.0,100.0,98.24168553409956,0,90.2,Excellent,False,True,93.0,48.4,100.0,100.0,1.0,79.0,Nice,68.3
05-11-24,10.4,-1.6,3.8,7.8,-4.7,0.0,0.0,0.0,6.2,3.2,1,False,8,79.0,100.0,100.0,98.2292959759557,0,89.0,Nice,False,True,91.9,51.2,100.0,100.0,1.0,80.1,Nice,70.0
06-11-24,10.8,-1.6,3.9,7.3,-5.1,0.0,0.0,0.0,8.1,4.6,0,False,8,79.5,100.0,100.0,98.21686384430461,0,89.2,Nice,False,True,92.1,49.2,100.0,100.0,1.0,79.3,Nice,68.8
07-11-24,11.2,-0.1,5.0,7.9,-3.9,0.0,0.0,0.0,7.0,4.2,0,False,8,85.0,100.0,100.0,98.20457024658182,0,91.4,Excellent,False,True,94.0,51.6,100.0,100.0,1.0,80.3,Nice,70.2
08-11-24,11.6,-2.1,4.8,8.6,-6.0,0.0,0.0,0.0,7.8,3.7,3,False,8,84.0,100.0,100.0,98.19202553357721,0,91.0,Excellent,False,True,93.7,54.4,100.0,100.0,1.0,81.4,Nice,71.9
09-11-24,9.4,-1.2,2.8,5.9,-5.0,0.0,0.0,0.0,9.7,7.3,3,False,8,74.0,100.0,100.0,98.17917887415692,0,87.0,Nice,False,True,90.2,43.6,100.0,100.0,1.0,77.1,Nice,65.4
10-11-24,7.6,-2.6,1.2,4.8,-6.3,0.0,0.0,0.0,8.8,5.1,3,False,8,66.0,100.0,100.0,95.76987233456633,0,82.9,Nice,False,True,86.4,39.2,100.0,100.0,1.0,74.8,Pleasant,61.8
11-11-24,5.8,-0.3,2.7,3.3,-3.0,1.6,1.6,0.0,5.9,3.9,53,False,8,73.5,93.6,100.0,18.473637305824887,0,57.9,Average,False,False,57.2,33.2,90.0,100.0,1.0,54.0,Average,24.6
12-11-24,5.4,0.3,2.3,3.2,-2.5,5.5,5.4,0.07,6.1,3.5,71,False,8,71.5,78.0,100.0,15.195150489428164,-20,53.2,Average,False,False,52.8,32.8,75.0,100.0,1.0,48.7,Average,19.3
13-11-24,5.1,0.4,2.5,2.4,-2.7,0.0,0.0,0.0,5.4,2.8,3,False,8,72.5,100.0,100.0,23.880460352807706,0,60.4,Pleasant,False,False,59.9,29.6,100.0,100.0,1.0,56.6,Average,27.3
14-11-24,5.9,0.9,2.5,3.2,-1.5,0.0,0.0,0.0,6.1,2.8,3,False,8,72.5,100.0,100.0,35.71933014468611,0,64.5,Pleasant,False,False,64.7,32.8,100.0,100.0,1.0,60.3,Pleasant,34.0
15-11-24,4.4,0.7,2.2,0.6,-2.5,0.0,0.0,0.0,10.9,6.3,3,False,8,71.0,100.0,98.2,6.021081261286779,0,53.4,Average,False,False,52.1,22.4,100.0,100.0,1.0,50.2,Average,15.8
16-11-24,5.7,-1.2,2.5,2.8,-4.2,0.0,0.0,0.0,5.0,3.0,3,False,8,72.5,100.0,100.0,63.78500510458134,0,74.3,Pleasant,False,False,75.9,31.2,100.0,100.0,1.0,65.2,Pleasant,44.2
17-11-24,5.4,-3.7,-0.6,2.5,-7.0,0.0,0.0,0.0,6.5,3.2,3,False,8,57.0,100.0,100.0,90.48288204529499,0,77.5,Nice,False,True,81.1,30.0,100.0,100.0,1.0,70.1,Pleasant,54.2
18-11-24,8.1,-2.6,1.5,4.7,-5.6,0.0,0.0,0.0,5.4,1.8,3,False,8,67.5,100.0,100.0,91.77308051957614,0,82.1,Nice,False,True,85.3,38.8,100.0,100.0,1.0,73.9,Pleasant,60.0
19-11-24,11.0,-2.0,2.5,6.8,-5.3,0.0,0.0,0.0,11.0,6.5,3,False,8,72.5,100.0,98.0,93.50429557388765,0,84.6,Nice,False,True,87.6,47.2,100.0,100.0,1.0,77.6,Nice,65.7
20-11-24,11.8,5.5,8.5,7.8,1.6,1.4,1.4,0.0,23.0,15.6,55,False,8,97.5,94.4,74.0,53.88731085553889,0,77.9,Nice,False,False,77.2,51.2,90.0,100.0,1.0,68.3,Pleasant,47.0
21-11-24,4.6,-8.1,-0.6,0.6,-11.6,23.7,6.7,11.9,23.9,12.0,75,False,8,57.0,5.200000000000003,72.2,72.29762771018684,-20,54.3,Average,True,True,56.9,22.4,55.0,100.0,1.0,49.9,Average,23.3
22-11-24,5.1,-7.8,0.6,1.5,-11.4,17.5,16.8,0.49,46.3,19.4,73,False,8,63.0,30.0,27.400000000000006,0.0,-20,31.5,Poor,True,False,29.3,26.0,20.0,100.0,1.0,26.4,Poor,3.1
23-11-24,2.8,-1.1,0.5,-3.3,-6.7,0.2,0.0,0.14,26.4,21.3,71,False,8,62.5,99.2,67.2,65.84327540923233,-20,67.9,Pleasant,False,False,69.8,6.8,100.0,95.7,1.0,55.5,Average,29.1
24-11-24,5.7,-3.9,0.6,1.8,-7.0,0.0,0.0,0.0,9.5,3.9,3,False,8,63.0,100.0,100.0,87.54634940842378,0,78.8,Nice,False,True,82.1,27.2,100.0,100.0,1.0,68.4,Pleasant,51.3
25-11-24,8.8,0.6,3.8,6.0,-2.3,0.0,0.0,0.0,8.0,4.0,3,False,8,79.0,100.0,100.0,64.3665435828851,0,77.1,Nice,False,False,78.4,44.0,100.0,100.0,1.0,70.5,Pleasant,52.1
26-11-24,9.4,0.0,3.4,7.5,-3.0,0.0,0.0,0.0,4.9,2.5,3,False,8,77.0,100.0,100.0,91.97865005952478,0,86.0,Nice,False,True,88.7,50.0,100.0,100.0,1.0,78.4,Nice,66.8
27-11-24,6.9,1.1,4.6,4.8,-1.7,0.1,0.1,0.0,17.8,6.2,51,False,8,83.0,99.6,84.4,0.0,0,54.9,Average,False,False,52.4,39.2,90.0,100.0,1.0,52.7,Average,21.2
28-11-24,9.8,1.3,4.5,7.0,-1.8,0.0,0.0,0.0,10.1,7.6,3,False,8,82.5,100.0,99.8,32.534835797864865,0,67.4,Pleasant,False,False,66.9,48.0,100.0,100.0,1.0,65.7,Pleasant,41.8
29-11-24,5.8,3.0,4.3,4.1,0.7,11.8,11.8,0.0,16.7,5.7,61,False,8,81.5,52.8,86.6,0.0,0,47.4,Average,True,False,45.1,36.4,40.0,100.0,1.0,36.6,Poor,8.7
30-11-24,3.8,1.4,2.9,2.0,-1.8,1.7,1.7,0.0,9.8,3.8,53,False,8,74.5,93.2,100.0,5.586485150126248,0,53.7,Average,False,False,52.3,28.0,90.0,100.0,1.0,49.3,Average,17.1
01-12-24,7.1,1.1,3.2,3.8,-2.4,0.0,0.0,0.0,14.1,9.9,3,False,2,94.0,100.0,91.8,91.26524949967619,0,91.9,Excellent,False,True,93.6,35.2,100.0,100.0,1.0,72.3,Pleasant,57.6
02-12-24,5.0,-0.3,1.5,2.2,-3.0,0.0,0.0,0.0,8.8,3.3,3,False,2,97.5,100.0,100.0,86.82120537071361,0,92.4,Excellent,False,True,93.9,28.8,100.0,100.0,1.0,68.9,Pleasant,52.0
03-12-24,2.5,-1.8,-0.2,-0.1,-4.3,0.0,0.0,0.0,5.6,1.9,3,False,2,89.0,100.0,100.0,48.47311467599369,0,75.6,Nice,False,False,75.5,19.6,100.0,100.0,1.0,57.5,Average,31.1
04-12-24,2.6,-1.4,0.7,-0.3,-4.0,0.0,0.0,0.0,5.9,3.6,3,False,2,93.5,100.0,100.0,0.0,0,60.4,Pleasant,False,False,57.7,18.8,100.0,100.0,1.0,47.5,Average,11.3
05-12-24,3.4,0.1,1.0,0.6,-3.3,0.0,0.0,0.0,9.4,3.6,3,False,2,95.0,100.0,100.0,6.750038098440085,0,63.4,Pleasant,False,False,61.0,22.4,100.0,100.0,1.0,50.3,Average,16.1
06-12-24,6.0,0.0,2.8,1.7,-3.7,3.2,0.7,1.75,15.9,10.7,73,False,2,96.0,87.2,88.2,20.138303595162775,10,65.8,Pleasant,False,False,63.6,26.8,90.0,100.0,1.0,51.7,Average,21.7
07-12-24,3.8,1.2,2.2,1.3,-1.7,8.9,8.3,0.42,11.8,4.5,73,False,2,99.0,64.4,96.4,0.0,0,57.0,Average,False,False,54.0,25.2,55.0,100.0,1.0,36.6,Poor,8.3
08-12-24,5.0,-0.1,1.6,1.5,-3.1,0.4,0.4,0.0,12.3,6.7,51,False,2,98.0,98.4,95.4,56.247107593565296,0,81.3,Nice,False,False,81.1,26.0,90.0,100.0,1.0,58.6,Average,34.3
09-12-24,4.7,0.8,2.8,3.1,-2.1,4.1,4.1,0.0,11.6,5.4,55,False,2,96.0,83.6,96.8,0.0,0,58.7,Average,False,False,55.8,32.4,75.0,100.0,1.0,45.5,Average,14.6
10-12-24,5.7,0.3,2.5,3.9,-1.9,0.0,0.0,0.0,6.3,1.9,3,False,2,97.5,100.0,100.0,11.622726799318198,0,66.1,Pleasant,False,False,63.8,35.6,100.0,100.0,1.0,56.6,Average,26.0
11-12-24,3.1,1.2,2.2,0.5,-2.8,0.0,0.0,0.0,15.5,9.9,3,False,2,99.0,100.0,89.0,0.0,0,61.7,Pleasant,False,False,58.6,22.0,100.0,100.0,1.0,48.8,Average,13.2
12-12-24,3.1,1.2,1.7,-0.6,-3.1,0.7,0.2,0.35,14.5,8.9,71,False,2,98.5,97.2,91.0,0.0,0,61.3,Pleasant,False,False,58.2,17.6,90.0,100.0,1.0,44.0,Average,9.5
13-12-24,2.9,-1.3,1.2,-0.3,-5.0,0.0,0.0,0.0,8.2,4.6,3,False,2,96.0,100.0,100.0,6.536763132014116,0,63.7,Pleasant,False,False,61.2,18.8,100.0,100.0,1.0,48.8,Average,13.9
14-12-24,5.2,-1.1,0.7,1.5,-5.3,0.1,0.0,0.07,12.3,8.2,71,False,2,93.5,99.6,95.4,68.63616082621343,0,84.0,Nice,False,False,84.7,26.0,100.0,100.0,1.0,64.1,Pleasant,43.1
15-12-24,2.9,-0.7,1.2,-2.6,-4.0,0.5,0.2,0.21,25.0,14.3,71,False,2,96.0,98.0,70.0,12.766766282219056,0,63.2,Pleasant,False,False,60.4,9.6,90.0,100.0,1.0,43.4,Average,9.8
16-12-24,6.5,0.6,3.6,2.2,-3.7,0.0,0.0,0.0,20.3,15.8,3,False,2,92.0,100.0,79.4,29.78147794714842,0,68.6,Pleasant,False,False,67.1,28.8,100.0,100.0,1.0,57.5,Average,29.2
17-12-24,11.5,3.3,7.8,7.1,1.0,0.0,0.0,0.0,24.6,15.5,3,False,2,71.0,100.0,70.8,83.46303078280897,0,78.3,Nice,False,True,80.3,48.4,100.0,100.0,1.0,76.1,Nice,62.4
18-12-24,8.1,0.8,4.6,5.5,-1.4,0.0,0.0,0.0,15.3,4.3,3,False,2,87.0,100.0,89.4,91.82479693683014,0,89.1,Nice,False,True,91.1,42.0,100.0,100.0,1.0,75.2,Nice,61.9
19-12-24,8.4,-0.9,2.4,5.6,-3.9,0.0,0.0,0.0,7.4,3.4,2,False,2,98.0,100.0,100.0,95.67112874201784,0,95.7,Excellent,False,True,97.6,42.4,100.0,100.0,1.0,76.1,Nice,63.7
20-12-24,6.7,-1.5,1.4,3.4,-5.0,1.1,1.1,0.0,6.1,3.5,53,False,2,97.0,95.6,100.0,68.59202234482122,0,85.1,Nice,False,False,85.7,33.6,90.0,100.0,1.0,64.2,Pleasant,42.8
21-12-24,2.5,0.5,1.7,0.1,-2.3,8.7,8.7,0.0,6.8,4.2,55,False,2,98.5,65.2,100.0,0.0,0,57.2,Average,False,False,54.3,20.4,55.0,100.0,1.0,34.7,Poor,6.7
22-12-24,2.1,-2.9,0.1,-0.7,-6.3,0.7,0.7,0.0,9.3,3.6,51,False,2,90.5,97.2,100.0,96.5861149224831,0,92.6,Excellent,False,True,94.9,17.2,90.0,100.0,1.0,63.2,Pleasant,44.1
23-12-24,6.2,-3.6,-1.3,1.5,-7.1,0.0,0.0,0.0,11.4,6.0,3,False,2,83.5,100.0,97.2,78.16834285201494,0,83.5,Nice,False,True,85.2,26.0,100.0,100.0,1.0,66.0,Pleasant,46.9
24-12-24,2.3,-3.3,-0.4,0.1,-6.9,4.2,0.3,2.73,6.9,2.4,73,False,2,88.0,83.2,100.0,0.0,10,55.9,Average,False,False,53.3,20.4,90.0,100.0,1.0,45.2,Average,11.0
25-12-24,5.5,1.3,2.7,3.3,-1.7,2.7,2.7,0.0,6.9,3.9,53,False,2,96.5,89.2,100.0,0.0,0,60.0,Pleasant,False,False,57.2,33.2,90.0,100.0,1.0,50.3,Average,17.9
26-12-24,6.3,-1.1,2.7,3.3,-3.7,0.0,0.0,0.0,8.3,3.7,3,False,2,96.5,100.0,100.0,84.7955225733302,0,91.3,Excellent,False,True,92.7,33.2,100.0,100.0,1.0,70.2,Pleasant,53.8
27-12-24,7.0,-0.6,2.8,3.3,-3.4,0.0,0.0,0.0,8.8,2.8,3,False,2,96.0,100.0,100.0,37.20896187425325,0,74.4,Pleasant,False,False,73.5,33.2,100.0,100.0,1.0,60.7,Pleasant,34.8
28-12-24,5.8,0.3,2.8,3.3,-2.0,0.0,0.0,0.0,3.1,1.3,3,False,2,96.0,100.0,100.0,7.912611005173961,0,64.2,Pleasant,False,False,61.8,33.2,100.0,100.0,1.0,54.9,Average,23.1
29-12-24,5.8,-2.3,0.5,3.4,-5.5,0.0,0.0,0.0,5.9,1.9,2,False,2,92.5,100.0,100.0,97.80300350905839,0,94.2,Excellent,False,True,96.5,33.6,100.0,100.0,1.0,73.0,Pleasant,59.3
30-12-24,4.6,-3.8,-0.4,2.3,-6.9,0.0,0.0,0.0,5.4,2.9,3,False,2,88.0,100.0,100.0,56.25708439164604,0,77.9,Nice,False,False,78.3,29.2,100.0,100.0,1.0,62.9,Pleasant,40.0
31-12-24,5.3,-4.4,-0.9,2.6,-7.5,0.0,0.0,0.0,3.0,1.5,3,False,2,85.5,100.0,100.0,97.85320878598776,0,91.4,Excellent,False,True,94.1,30.4,100.0,100.0,1.0,71.7,Pleasant,57.4
01-01-25,7.2,-3.5,0.6,4.3,-6.3,0.0,0.0,0.0,4.4,1.5,3,False,0,97.0,100.0,100.0,97.86058021252593,0,96.1,Excellent,False,True,98.1,37.2,100.0,100.0,1.0,74.5,Pleasant,61.5
02-01-25,7.1,-3.1,0.6,3.8,-6.5,0.0,0.0,0.0,5.2,2.7,2,False,0,97.0,100.0,100.0,97.86838479684256,0,96.1,Excellent,False,True,98.1,35.2,100.0,100.0,1.0,73.7,Pleasant,60.3
03-01-25,3.1,-2.4,0.9,0.7,-5.9,3.5,3.5,0.0,17.6,7.0,53,False,0,95.5,86.0,84.8,0.0,0,57.9,Average,False,False,54.8,22.8,75.0,100.0,1.0,41.6,Average,10.3
04-01-25,1.9,-3.4,-0.7,-3.9,-6.8,0.0,0.0,0.0,23.3,13.2,3,False,0,96.5,100.0,73.4,97.88518903076373,0,93.7,Excellent,False,True,95.3,4.4,100.0,100.0,1.0,61.3,Pleasant,41.8
05-01-25,4.4,-6.5,-1.5,-0.4,-10.0,0.0,0.0,0.0,11.3,6.3,3,False,0,92.5,100.0,97.4,88.83874302767948,0,90.9,Excellent,False,True,92.7,18.4,100.0,100.0,1.0,65.1,Pleasant,46.6
06-01-25,10.7,-0.1,3.3,7.6,-3.1,0.0,0.0,0.0,9.4,5.9,3,False,0,83.5,100.0,100.0,69.4469273251392,0,80.7,Nice,False,False,82.0,50.4,100.0,100.0,1.0,74.0,Pleasant,58.0
07-01-25,11.4,-1.3,3.1,7.9,-4.3,0.0,0.0,0.0,10.4,5.0,3,False,0,84.5,100.0,99.2,65.92957519941382,0,79.8,Nice,False,False,80.9,51.6,100.0,100.0,1.0,73.8,Pleasant,57.3
08-01-25,11.8,0.9,4.8,9.6,-1.4,0.0,0.0,0.0,7.9,4.0,3,False,0,76.0,100.0,100.0,94.97435467634293,0,86.6,Nice,False,True,89.6,58.4,100.0,100.0,1.0,82.4,Nice,73.0
09-01-25,11.9,0.4,4.0,9.3,-2.2,0.0,0.0,0.0,10.5,4.8,3,False,0,80.0,100.0,99.0,97.93675115419367,0,89.2,Nice,False,True,92.1,57.2,100.0,100.0,1.0,82.5,Nice,73.5
10-01-25,12.2,0.9,4.5,10.3,-4.7,1.4,0.2,0.84,34.6,13.2,73,False,0,77.5,94.4,50.8,58.725298387916894,0,69.8,Pleasant,False,False,69.9,61.2,90.0,100.0,1.0,73.2,Pleasant,54.2
11-01-25,2.7,-3.8,-1.2,-1.7,-6.9,0.0,0.0,0.0,21.1,7.3,2,False,0,94.0,100.0,77.8,97.96138067632342,0,93.1,Excellent,False,True,94.9,13.2,100.0,100.0,1.0,64.9,Pleasant,47.1
12-01-25,1.1,-5.0,-2.1,-4.3,-8.6,0.0,0.0,0.0,20.7,9.1,3,False,0,89.5,100.0,78.6,82.51340463721475,0,86.0,Nice,False,True,87.2,2.8,100.0,100.0,1.0,57.6,Average,34.7
13-01-25,1.4,-5.1,-1.7,-1.7,-8.3,2.1,0.0,1.47,4.8,1.6,73,False,0,91.5,91.6,100.0,16.2598505009899,10,64.2,Pleasant,False,False,62.3,13.2,100.0,100.0,1.0,48.5,Average,14.4
14-01-25,0.7,-6.6,-3.3,-3.3,-9.9,0.4,0.0,0.28,5.9,3.1,73,False,0,83.5,98.4,100.0,98.00045444914929,0,90.5,Excellent,False,True,93.2,6.8,100.0,100.0,1.0,62.3,Pleasant,43.3
15-01-25,0.6,-8.3,-5.1,-3.0,-12.2,0.0,0.0,0.0,5.1,2.5,1,False,0,74.5,100.0,100.0,98.01385621931027,0,87.1,Nice,False,True,90.3,8.0,100.0,100.0,1.0,62.8,Pleasant,44.0
16-01-25,1.0,-8.6,-5.1,-2.5,-12.4,0.0,0.0,0.0,6.2,2.9,0,False,0,74.5,100.0,100.0,97.81867300066622,0,87.0,Nice,False,True,90.2,10.0,100.0,100.0,1.0,63.6,Pleasant,45.1
17-01-25,3.1,-6.8,-3.1,-0.4,-10.2,0.0,0.0,0.0,3.9,2.0,3,False,0,84.5,100.0,100.0,97.58499044859987,0,91.0,Excellent,False,True,93.6,18.4,100.0,100.0,1.0,66.9,Pleasant,50.1
18-01-25,4.2,-4.6,-1.7,1.2,-7.8,0.0,0.0,0.0,5.5,2.4,3,False,0,91.5,100.0,100.0,97.35030105950426,0,93.7,Excellent,False,True,96.0,24.8,100.0,100.0,1.0,69.4,Pleasant,53.8
19-01-25,5.6,-4.6,-0.8,2.5,-7.7,0.0,0.0,0.0,6.0,3.0,0,False,0,96.0,100.0,100.0,97.11517935643224,0,95.4,Excellent,False,True,97.4,30.0,100.0,100.0,1.0,71.4,Pleasant,56.8
20-01-25,6.3,-4.2,-1.3,3.1,-7.4,0.0,0.0,0.0,6.0,3.4,3,False,0,93.5,100.0,100.0,92.84287457543228,0,92.9,Excellent,False,True,94.9,32.4,100.0,100.0,1.0,71.5,Pleasant,56.6
21-01-25,5.9,-3.0,-0.3,2.1,-6.4,0.0,0.0,0.0,10.4,5.5,3,False,0,98.5,100.0,99.2,10.769553395595313,0,66.1,Pleasant,False,False,63.7,28.4,100.0,100.0,1.0,53.5,Average,21.3
22-01-25,4.0,-1.9,0.4,1.6,-5.0,0.0,0.0,0.0,7.0,2.2,3,False,0,98.0,100.0,100.0,4.102912787404568,0,63.6,Pleasant,False,False,60.9,26.4,100.0,100.0,1.0,51.4,Average,17.5
23-01-25,7.7,-1.6,2.3,4.9,-4.2,0.0,0.0,0.0,8.3,4.1,3,False,0,88.5,100.0,100.0,78.89299817174337,0,86.0,Nice,False,True,87.5,39.6,100.0,100.0,1.0,71.6,Pleasant,55.3
24-01-25,8.5,1.9,4.1,6.1,-0.9,1.3,1.3,0.0,17.4,8.0,53,False,0,79.5,94.8,85.2,24.87292272992711,0,61.5,Pleasant,False,False,60.5,44.4,90.0,100.0,1.0,59.7,Average,32.9
25-01-25,7.0,-1.1,2.1,3.7,-4.0,0.1,0.1,0.0,8.8,5.1,51,False,0,89.5,99.6,100.0,84.78346345460197,0,88.4,Nice,False,True,90.2,34.8,90.0,100.0,1.0,67.9,Pleasant,49.3
26-01-25,11.3,-1.4,2.2,8.2,-4.8,0.0,0.0,0.0,10.2,5.7,3,False,0,89.0,100.0,99.6,84.40490439386143,0,88.1,Nice,False,True,89.9,52.8,100.0,100.0,1.0,78.0,Nice,65.4
27-01-25,12.0,-0.7,3.4,9.2,-3.8,0.0,0.0,0.0,7.2,3.4,3,False,0,83.0,100.0,100.0,94.55516900131357,0,89.3,Nice,False,True,91.9,56.8,100.0,100.0,1.0,81.6,Nice,71.9
28-01-25,15.7,-0.2,5.6,11.8,-3.5,0.0,0.0,0.0,19.4,8.5,2,False,0,72.0,100.0,81.2,94.14923525540159,0,83.2,Nice,False,True,86.0,67.2,100.0,100.0,1.0,85.7,Nice,78.0
29-01-25,13.6,1.6,6.4,10.0,-0.9,0.0,0.0,0.0,14.2,5.0,3,False,0,68.0,100.0,91.6,93.73738776466708,0,82.3,Nice,False,True,85.5,60.0,100.0,100.0,1.0,82.7,Nice,73.5
30-01-25,11.4,0.9,5.0,9.7,-1.9,0.0,0.0,0.0,6.1,3.0,3,False,0,75.0,100.0,100.0,73.92121339550852,0,78.9,Nice,False,True,80.8,58.8,100.0,100.0,1.0,78.3,Nice,64.8
31-01-25,12.5,1.3,5.2,10.7,-1.5,1.5,1.5,0.0,12.1,3.4,53,False,0,74.0,94.0,95.8,84.96754982932657,0,81.1,Nice,False,True,83.6,62.8,90.0,100.0,1.0,79.1,Nice,64.5
01-02-25,8.7,-0.5,4.0,5.6,-2.8,0.1,0.1,0.0,9.8,3.1,51,False,2,90.0,99.6,100.0,68.70292626693255,0,83.0,Nice,False,False,83.9,42.4,90.0,100.0,1.0,67.7,Pleasant,47.6
02-02-25,8.0,-2.4,1.3,5.5,-5.2,0.0,0.0,0.0,11.0,4.5,3,False,2,96.5,100.0,98.0,72.0125024112483,0,86.6,Nice,False,True,87.4,42.0,100.0,100.0,1.0,71.2,Pleasant,54.0
03-02-25,3.6,-3.6,0.2,-0.6,-7.0,4.7,0.9,2.66,9.1,6.1,75,False,2,91.0,81.2,100.0,49.03111258401365,10,73.9,Pleasant,False,False,73.6,17.6,90.0,100.0,1.0,53.8,Average,27.2
04-02-25,3.8,-4.9,-1.6,-0.1,-7.9,0.0,0.0,0.0,8.1,2.9,3,False,2,82.0,100.0,100.0,92.86636791341691,0,88.3,Nice,False,True,90.8,19.6,100.0,100.0,1.0,66.4,Pleasant,48.9
05-02-25,3.3,-3.7,-0.3,-1.2,-7.0,0.0,0.0,0.0,10.9,5.5,3,False,2,88.5,100.0,98.2,30.250923003278025,0,68.8,Pleasant,False,False,67.9,15.2,100.0,100.0,1.0,52.1,Average,21.2
06-02-25,3.4,-0.8,0.6,0.5,-4.9,0.2,0.0,0.14,10.0,2.7,71,False,2,93.0,99.2,100.0,16.52149939187247,0,65.9,Pleasant,False,False,64.0,22.0,100.0,100.0,1.0,52.1,Average,19.8
07-02-25,3.3,-4.3,-1.6,-2.0,-9.2,0.0,0.0,0.0,13.3,12.0,3,False,2,82.0,100.0,93.4,90.73246815506624,0,87.0,Nice,False,True,89.3,12.0,100.0,100.0,1.0,62.9,Pleasant,43.5
08-02-25,6.0,-6.0,-1.6,1.1,-10.4,0.0,0.0,0.0,13.3,9.4,3,False,2,82.0,100.0,93.4,91.55038305946174,0,87.3,Nice,False,True,89.7,24.4,100.0,100.0,1.0,68.1,Pleasant,51.3
09-02-25,6.4,-4.8,-1.1,1.7,-9.4,0.0,0.0,0.0,11.3,8.2,2,False,2,84.5,100.0,97.4,94.90520835422733,0,89.8,Nice,False,True,92.3,26.8,100.0,100.0,1.0,69.7,Pleasant,54.0
10-02-25,5.2,-6.6,-1.9,1.0,-10.6,0.0,0.0,0.0,5.1,3.5,0,False,2,80.5,100.0,100.0,94.88839802089902,0,88.4,Nice,False,True,91.1,24.0,100.0,100.0,1.0,68.6,Pleasant,52.4
11-02-25,5.0,-7.4,-2.5,-0.1,-11.3,0.0,0.0,0.0,11.9,5.5,0,False,2,77.5,100.0,96.2,95.51240289699368,0,87.1,Nice,False,True,89.9,19.6,100.0,100.0,1.0,66.9,Pleasant,50.0
12-02-25,5.7,-7.2,-1.9,0.4,-11.6,0.0,0.0,0.0,15.4,9.9,1,False,2,80.5,100.0,89.2,95.16599083051071,0,87.6,Nice,False,True,90.2,21.6,100.0,100.0,1.0,67.7,Pleasant,51.0
13-02-25,4.5,-5.9,-0.5,1.4,-9.9,0.2,0.0,0.14,8.4,5.1,71,False,2,87.5,99.2,100.0,10.318906968150811,0,61.5,Pleasant,False,False,59.6,25.6,100.0,100.0,1.0,52.3,Average,19.5
14-02-25,11.1,-1.3,3.2,8.6,-4.4,0.0,0.0,0.0,8.2,3.5,3,False,2,94.0,100.0,100.0,87.47520520500919,0,91.2,Excellent,False,True,92.9,54.4,100.0,100.0,1.0,79.3,Nice,67.6
15-02-25,2.7,-1.1,0.9,-0.1,-4.8,3.1,2.0,0.77,9.5,4.2,73,False,2,94.5,87.6,100.0,0.0,0,58.9,Average,False,False,56.2,19.6,90.0,100.0,1.0,44.8,Average,10.6
16-02-25,1.9,-4.4,-1.6,-1.7,-7.8,0.2,0.0,0.14,8.8,3.7,71,False,2,82.0,99.2,100.0,57.3886414594144,0,75.8,Nice,False,False,76.5,13.2,100.0,100.0,1.0,56.8,Average,30.9
17-02-25,-1.7,-4.1,-3.3,-5.2,-7.3,2.5,0.1,1.75,6.7,2.6,71,False,2,73.5,90.0,100.0,0.0,10,51.1,Average,False,False,49.2,0.0,90.0,100.0,1.0,37.0,Poor,0.0
18-02-25,1.4,-4.4,-2.2,-2.5,-8.4,0.7,0.0,0.49,10.1,4.8,73,False,2,79.0,97.2,99.8,68.95576244041564,0,78.3,Nice,False,False,79.8,10.0,100.0,100.0,1.0,57.8,Average,33.6
19-02-25,1.4,-8.2,-3.4,-3.3,-11.9,0.6,0.1,0.35,9.4,5.3,73,False,2,73.0,97.6,100.0,94.54458747099306,0,84.9,Nice,False,True,88.0,6.8,90.0,100.0,1.0,58.6,Average,37.7
20-02-25,1.5,-9.3,-3.7,-3.0,-12.9,0.0,0.0,0.0,6.7,2.8,3,False,2,71.5,100.0,100.0,95.07559834300002,0,84.9,Nice,False,True,88.1,8.0,100.0,100.0,1.0,62.2,Pleasant,42.8
21-02-25,3.2,-6.6,-2.6,-1.4,-10.1,0.0,0.0,0.0,8.3,3.9,3,False,2,77.0,100.0,100.0,96.48713668754272,0,87.6,Nice,False,True,90.5,14.4,100.0,100.0,1.0,65.1,Pleasant,47.2
22-02-25,4.2,-6.0,-2.5,-1.1,-10.5,0.0,0.0,0.0,11.2,8.4,3,False,2,77.5,100.0,97.6,95.20538540831637,0,87.1,Nice,False,True,90.0,15.6,100.0,100.0,1.0,65.3,Pleasant,47.4
23-02-25,5.8,-6.4,-1.8,1.2,-10.8,0.0,0.0,0.0,9.7,7.4,3,False,2,81.0,100.0,100.0,97.46613461092463,0,89.5,Nice,False,True,92.3,24.8,100.0,100.0,1.0,69.4,Pleasant,53.9
24-02-25,7.3,-5.2,-0.2,3.1,-8.5,0.0,0.0,0.0,6.2,2.2,3,False,2,89.0,100.0,100.0,98.52585165177814,0,93.1,Excellent,False,True,95.6,32.4,100.0,100.0,1.0,72.7,Pleasant,58.9
25-02-25,8.7,-2.0,2.8,5.8,-5.5,0.0,0.0,0.0,6.7,2.4,3,False,2,96.0,100.0,100.0,94.04374977268502,0,94.3,Excellent,False,True,96.2,43.2,100.0,100.0,1.0,76.1,Nice,63.5
26-02-25,11.3,-2.8,2.5,8.4,-6.0,0.0,0.0,0.0,5.5,2.5,3,False,2,97.5,100.0,100.0,97.38897096435282,0,96.1,Excellent,False,True,98.1,53.6,100.0,100.0,1.0,80.9,Nice,71.1
27-02-25,14.0,-1.0,4.6,10.2,-4.0,0.0,0.0,0.0,12.8,6.8,3,False,2,87.0,100.0,94.4,95.00569741153144,0,90.6,Excellent,False,True,92.9,60.8,100.0,100.0,1.0,83.3,Nice,74.5
28-02-25,10.8,1.0,4.6,8.6,-2.3,4.3,4.3,0.0,13.2,8.0,55,False,2,87.0,82.8,93.6,54.14194664862604,0,73.7,Pleasant,False,False,73.9,54.4,75.0,100.0,1.0,65.1,Pleasant,40.7
01-03-25,5.1,0.9,3.3,3.3,-1.8,4.6,4.6,0.0,6.0,2.3,55,False,8,76.5,81.6,100.0,17.96038388324952,0,57.1,Average,False,False,56.2,33.2,75.0,100.0,1.0,49.4,Average,20.3
02-03-25,6.8,-0.1,2.5,3.0,-3.4,2.5,2.5,0.0,12.7,5.0,53,False,8,72.5,90.0,94.6,58.51819946675141,0,70.5,Pleasant,False,False,71.7,32.0,90.0,100.0,1.0,61.5,Pleasant,38.3
03-03-25,7.9,-2.7,2.0,4.0,-5.9,0.0,0.0,0.0,11.6,4.5,3,False,8,70.0,100.0,96.8,97.40718165936124,0,84.8,Nice,False,True,88.1,36.0,100.0,100.0,1.0,73.9,Pleasant,60.6
04-03-25,10.6,-2.8,2.5,7.8,-5.8,0.0,0.0,0.0,4.8,1.9,0,False,8,72.5,100.0,100.0,97.21479338712913,0,86.0,Nice,False,True,89.3,51.2,100.0,100.0,1.0,79.9,Nice,69.6
05-03-25,13.2,-0.7,4.7,11.3,-3.9,0.0,0.0,0.0,7.1,2.8,0,False,8,83.5,100.0,100.0,96.91658418967457,0,90.3,Excellent,False,True,93.0,65.2,100.0,100.0,1.0,85.5,Nice,77.9
06-03-25,16.4,0.3,6.8,13.4,-3.1,0.0,0.0,0.0,8.3,4.0,1,False,8,94.0,100.0,100.0,96.46323398838202,0,94.4,Excellent,False,True,96.5,73.6,100.0,100.0,1.0,88.7,Nice,82.7
07-03-25,16.6,0.7,6.6,13.5,-2.5,0.0,0.0,0.0,7.0,2.2,3,False,8,93.0,100.0,100.0,96.01557198003749,0,93.8,Excellent,False,True,96.0,74.0,100.0,100.0,1.0,88.8,Nice,82.8
08-03-25,17.6,-0.4,6.2,14.5,-3.4,0.0,0.0,0.0,6.3,3.3,3,False,8,91.0,100.0,100.0,95.57349891683367,0,92.9,Excellent,False,True,95.1,78.0,100.0,100.0,1.0,90.3,Excellent,85.0
09-03-25,18.3,-0.3,6.6,16.0,-3.5,0.0,0.0,0.0,7.7,4.5,3,False,8,93.0,100.0,100.0,94.22389939282644,0,93.2,Excellent,False,True,95.2,84.0,100.0,100.0,1.0,92.4,Excellent,88.1
10-03-25,18.2,-0.5,7.0,15.2,-3.8,0.0,0.0,0.0,9.2,4.6,3,False,8,95.0,100.0,100.0,89.3797981363192,0,92.3,Excellent,False,True,94.0,80.8,100.0,100.0,1.0,90.2,Excellent,84.2
11-03-25,18.1,2.3,8.9,14.7,-0.8,4.1,4.1,0.0,20.1,7.6,61,False,8,95.5,83.6,79.8,42.574491918249905,0,72.0,Pleasant,False,False,71.0,78.8,75.0,100.0,1.0,72.5,Pleasant,48.2
12-03-25,17.6,3.5,9.3,14.7,1.6,0.0,0.0,0.0,16.5,7.6,3,False,8,93.5,100.0,87.0,47.88404128283862,0,76.1,Nice,False,False,75.6,78.8,100.0,100.0,1.0,81.1,Nice,66.4
13-03-25,19.1,7.0,11.5,16.2,4.5,9.0,9.0,0.0,17.4,10.7,63,False,8,82.5,64.0,85.2,53.252144496570416,0,68.1,Pleasant,False,False,68.3,84.8,40.0,100.0,1.0,66.6,Pleasant,28.9
14-03-25,19.5,4.4,11.7,15.1,2.7,1.2,1.2,0.0,20.9,9.4,55,False,8,81.5,95.2,78.2,65.13215626342514,0,75.9,Nice,False,False,76.7,80.4,90.0,100.0,1.0,82.2,Nice,66.9
15-03-25,24.1,10.7,16.6,21.5,8.5,1.5,1.5,0.0,22.3,11.8,53,False,8,56.99999999999999,94.0,75.4,82.30529924060879,0,71.7,Pleasant,False,True,74.5,100.0,90.0,100.0,1.0,93.5,Excellent,83.6
16-03-25,13.6,7.8,10.8,12.8,4.5,12.9,12.9,0.0,20.1,7.8,63,False,8,86.0,48.4,79.8,52.05163896178695,0,66.3,Pleasant,True,False,66.2,71.2,20.0,100.0,1.0,54.9,Average,12.7
17-03-25,7.2,1.4,4.5,4.4,-3.9,5.7,5.1,0.42,20.5,11.3,73,False,8,82.5,77.2,79.0,0.0,-20,50.5,Average,False,False,48.4,37.6,75.0,100.0,1.0,47.5,Average,16.9
18-03-25,1.5,-6.5,-1.0,-2.1,-9.9,6.5,0.0,4.62,19.6,5.0,75,False,8,55.0,74.0,80.8,72.18269115518306,-20,64.4,Pleasant,False,True,67.3,11.6,100.0,100.0,1.0,59.1,Average,35.8
19-03-25,6.8,-6.5,-0.6,3.8,-9.8,0.0,0.0,0.0,7.1,3.3,0,False,8,57.0,100.0,100.0,92.23841273563637,0,78.1,Nice,False,True,81.8,35.2,100.0,100.0,1.0,72.5,Pleasant,58.0
20-03-25,10.3,-3.3,2.4,8.5,-6.4,0.0,0.0,0.0,5.6,2.0,0,False,8,72.0,100.0,100.0,91.59860968215303,0,83.9,Nice,False,True,86.8,54.0,100.0,100.0,1.0,79.9,Nice,69.0
21-03-25,13.7,-3.0,3.9,11.4,-6.0,0.0,0.0,0.0,5.4,2.5,0,False,8,79.5,100.0,100.0,92.4628542566974,0,87.2,Nice,False,True,89.8,65.6,100.0,100.0,1.0,84.7,Nice,76.3
22-03-25,16.2,-1.4,6.1,13.3,-4.9,0.5,0.5,0.0,15.7,6.9,51,False,8,90.5,98.0,88.6,66.69564601186478,0,81.3,Nice,False,False,81.9,73.2,90.0,100.0,1.0,79.6,Nice,63.5
23-03-25,17.2,3.3,9.8,12.9,0.1,0.7,0.7,0.0,25.2,13.2,51,False,8,91.0,97.2,69.6,82.82878964513341,0,85.5,Nice,False,True,86.5,71.6,90.0,100.0,1.0,82.2,Nice,68.5
24-03-25,20.9,7.4,13.7,18.3,4.7,0.0,0.0,0.0,21.6,10.5,3,False,8,71.5,100.0,76.8,80.79058071596164,0,78.0,Nice,False,True,80.0,93.2,100.0,100.0,1.0,93.4,Excellent,88.2
25-03-25,16.5,9.6,12.0,15.2,7.6,0.0,0.0,0.0,11.7,5.3,3,False,8,80.0,100.0,96.6,47.49407255580489,0,71.4,Pleasant,False,False,71.7,80.8,100.0,100.0,1.0,81.8,Nice,67.5
26-03-25,14.7,4.8,9.7,12.9,3.3,6.1,6.1,0.0,10.7,3.7,55,False,8,91.5,75.6,98.6,13.67515795885939,0,60.6,Pleasant,False,False,58.7,71.6,55.0,100.0,1.0,57.9,Average,26.6
27-03-25,16.5,8.7,11.8,14.3,6.9,1.5,1.5,0.0,15.6,8.0,51,False,8,81.0,94.0,88.8,40.08156147150931,0,67.6,Pleasant,False,False,67.4,77.2,90.0,100.0,1.0,75.9,Nice,56.1
28-03-25,12.0,7.3,9.3,8.3,3.9,5.7,5.7,0.0,21.4,14.9,53,False,8,93.5,77.2,77.2,31.88985410564204,0,66.3,Pleasant,False,False,64.8,53.2,75.0,100.0,1.0,60.2,Pleasant,33.5
29-03-25,9.6,5.9,7.7,7.6,3.3,7.7,7.7,0.0,18.3,8.5,61,False,8,98.5,69.2,83.4,0.0,0,56.5,Average,False,False,53.2,50.4,55.0,100.0,1.0,46.7,Average,16.6
30-03-25,14.2,5.7,9.6,12.6,4.1,0.3,0.3,0.0,8.6,2.8,51,False,8,92.0,98.8,100.0,86.2925055333812,0,89.8,Nice,False,True,91.5,70.4,90.0,100.0,1.0,82.4,Nice,69.1
31-03-25,14.3,4.6,9.3,13.3,2.8,2.0,2.0,0.0,12.8,4.7,55,False,8,93.5,92.0,94.4,82.45933147140813,0,87.6,Nice,False,True,88.9,73.2,90.0,100.0,1.0,82.8,Nice,69.2
01-04-25,16.0,7.2,10.9,13.3,6.2,0.3,0.3,0.0,13.3,5.8,51,False,15,79.5,98.8,93.4,69.82344609942109,0,78.5,Nice,False,False,79.9,73.2,90.0,100.0,1.0,80.2,Nice,64.7
02-04-25,14.2,6.0,10.1,11.6,4.4,0.3,0.3,0.0,9.1,4.2,51,False,15,75.5,98.8,100.0,75.40034740591558,0,79.4,Nice,False,True,81.4,66.4,90.0,100.0,1.0,78.6,Nice,63.0
03-04-25,12.0,6.4,9.0,9.9,4.7,1.4,1.4,0.0,9.3,5.8,51,False,15,70.0,94.4,100.0,10.550784460895704,0,53.9,Average,False,False,52.9,59.6,90.0,100.0,1.0,63.0,Pleasant,36.0
04-04-25,14.5,4.4,9.2,13.0,2.8,0.5,0.5,0.0,6.3,2.4,51,False,15,71.0,98.0,100.0,87.19706482019646,0,81.6,Nice,False,True,84.4,72.0,90.0,100.0,1.0,83.2,Nice,70.3
05-04-25,16.5,4.2,10.5,13.2,2.4,7.0,7.0,0.0,21.3,9.5,63,False,15,77.5,72.0,77.4,95.72875434144918,0,81.5,Nice,False,True,84.0,72.8,55.0,100.0,1.0,74.8,Pleasant,45.1
06-04-25,7.8,-0.5,2.9,2.9,-4.9,8.6,6.2,1.68,26.7,16.4,73,False,15,39.5,65.6,66.6,63.02202487229517,-20,52.6,Average,False,False,55.5,31.6,55.0,100.0,1.0,51.7,Average,24.3
07-04-25,3.3,-3.5,-0.2,-1.4,-6.9,0.2,0.0,0.14,12.6,8.3,71,False,15,24.0,99.2,94.8,46.879135059549085,-20,48.1,Average,False,False,51.5,14.4,100.0,100.0,1.0,55.1,Average,27.4
08-04-25,6.4,-3.8,1.4,2.1,-7.1,0.0,0.0,0.0,13.0,5.9,3,False,15,32.0,100.0,94.0,83.4600865835171,0,64.5,Pleasant,False,True,69.0,28.4,100.0,100.0,1.0,68.1,Pleasant,50.4
09-04-25,7.9,-1.6,2.9,4.1,-4.8,0.6,0.2,0.28,15.2,5.6,71,False,15,39.5,97.6,89.6,52.43017866210291,-20,55.6,Average,False,False,58.4,36.4,90.0,100.0,1.0,62.0,Pleasant,38.5
10-04-25,6.7,-1.5,2.8,1.7,-6.1,3.1,2.9,0.14,31.0,16.1,71,False,15,39.0,87.6,58.0,34.94613584313306,-20,45.2,Average,False,False,46.6,26.8,90.0,100.0,1.0,54.7,Average,27.1
11-04-25,7.4,-0.8,3.1,3.3,-6.5,1.2,1.0,0.14,20.7,14.1,71,False,15,40.5,95.2,78.6,0.0,-20,36.4,Poor,False,False,36.3,33.2,90.0,100.0,1.0,50.3,Average,17.9
12-04-25,10.5,3.2,6.5,8.8,0.3,3.3,3.3,0.0,9.1,6.3,53,False,15,57.5,86.8,100.0,36.56121279933687,0,56.8,Average,False,False,57.8,55.2,75.0,100.0,1.0,61.9,Pleasant,35.8
13-04-25,17.3,1.6,9.3,16.8,-0.4,0.0,0.0,0.0,8.2,4.0,3,False,15,71.5,100.0,100.0,96.70366546152135,0,85.4,Nice,False,True,88.7,87.2,100.0,100.0,1.0,94.2,Excellent,91.0
14-04-25,13.7,5.3,10.3,10.4,2.8,1.1,1.1,0.0,16.0,10.5,51,False,15,76.5,95.6,88.0,0.3723644255913369,0,52.1,Average,False,False,50.1,61.6,90.0,100.0,1.0,61.7,Pleasant,33.4
15-04-25,16.5,10.1,12.8,12.8,6.7,0.0,0.0,0.0,21.0,14.9,3,False,15,89.0,100.0,78.0,28.67030566476719,0,66.9,Pleasant,False,False,65.4,71.2,100.0,100.0,1.0,74.2,Pleasant,54.2
16-04-25,23.5,8.5,15.9,21.7,6.3,0.0,0.0,0.0,25.0,13.3,3,False,15,95.5,100.0,70.0,95.60907166655804,0,92.3,Excellent,False,True,93.7,100.0,100.0,100.0,1.0,99.1,Excellent,98.2
17-04-25,25.7,12.0,18.3,23.7,10.7,0.0,0.0,0.0,23.2,14.2,3,False,15,83.5,100.0,73.6,82.53748659194112,0,83.2,Nice,False,True,84.6,100.0,100.0,100.0,1.0,96.5,Excellent,93.0
18-04-25,21.1,12.9,16.4,20.1,11.8,0.1,0.1,0.0,18.0,10.1,51,False,15,93.0,99.6,84.0,53.80957836963102,0,77.7,Nice,False,False,77.4,100.0,90.0,100.0,1.0,87.8,Nice,73.4
19-04-25,18.0,10.4,13.7,17.9,10.0,4.7,4.7,0.0,10.4,3.7,61,False,15,93.5,81.2,99.2,59.815833844344745,0,78.5,Nice,False,False,78.8,91.6,75.0,100.0,1.0,81.1,Nice,59.2
20-04-25,21.1,7.6,13.9,20.8,6.8,0.0,0.0,0.0,6.0,2.8,1,False,15,94.5,100.0,100.0,94.2135753306987,0,93.8,Excellent,False,True,95.8,100.0,100.0,100.0,1.0,98.8,Excellent,97.7
21-04-25,23.8,8.1,15.6,24.0,6.9,0.0,0.0,0.0,6.1,2.4,3,False,15,97.0,100.0,100.0,93.8720788332904,0,94.7,Excellent,False,True,96.5,100.0,100.0,100.0,1.0,98.8,Excellent,97.5
22-04-25,22.2,9.5,15.7,21.4,8.4,0.5,0.5,0.0,9.7,4.1,51,False,15,96.5,98.0,100.0,87.81653127569436,0,92.0,Excellent,False,True,93.6,100.0,90.0,100.0,1.0,94.6,Excellent,85.6
23-04-25,21.3,8.8,15.1,21.8,7.9,2.4,2.4,0.0,13.0,5.8,61,False,15,99.5,90.4,94.0,90.05216167350693,0,92.4,Excellent,False,True,93.8,100.0,90.0,100.0,1.0,95.0,Excellent,86.4
24-04-25,22.2,8.8,15.5,20.2,7.8,0.0,0.0,0.0,13.4,7.2,3,False,15,97.5,100.0,93.2,92.94422235019157,0,94.0,Excellent,False,True,95.6,100.0,100.0,100.0,1.0,98.6,Excellent,97.2
25-04-25,22.5,8.2,15.7,21.6,7.0,0.0,0.0,0.0,9.0,3.8,1,False,15,96.5,100.0,100.0,93.20459842118605,0,94.2,Excellent,False,True,96.1,100.0,100.0,100.0,1.0,98.6,Excellent,97.3
26-04-25,19.9,9.6,14.4,20.9,8.4,5.0,5.0,0.0,14.5,4.2,63,False,15,97.0,80.0,91.0,64.99093189105342,0,80.8,Nice,False,False,81.0,100.0,75.0,100.0,1.0,85.5,Nice,64.5
27-04-25,11.7,6.9,9.5,9.6,3.5,5.4,5.4,0.0,14.9,10.5,61,False,15,72.5,78.4,90.2,12.43747702516314,0,52.3,Average,False,False,51.1,58.4,75.0,100.0,1.0,58.3,Average,30.0
28-04-25,17.8,7.1,12.0,17.1,4.3,0.0,0.0,0.0,10.9,8.1,3,False,15,85.0,100.0,98.2,90.26293351525118,0,88.4,Nice,False,True,90.7,88.4,100.0,100.0,1.0,93.4,Excellent,89.1
29-04-25,20.4,5.4,12.9,19.9,3.7,0.0,0.0,0.0,8.7,3.2,1,False,15,89.5,100.0,100.0,92.93471742087736,0,91.3,Excellent,False,True,93.5,99.6,100.0,100.0,1.0,98.4,Excellent,96.9
30-04-25,21.8,8.6,15.2,21.6,6.8,0.0,0.0,0.0,6.5,2.8,2,False,15,99.0,100.0,100.0,93.22055511020329,0,95.2,Excellent,False,True,96.9,100.0,100.0,100.0,1.0,98.6,Excellent,97.3
01-05-25,23.1,9.6,16.4,21.8,8.6,0.6,0.6,0.0,10.8,4.5,51,False,20,82.0,97.6,98.4,92.83587543267612,0,87.8,Nice,False,True,90.3,100.0,90.0,100.0,1.0,95.6,Excellent,87.4
02-05-25,24.0,8.6,16.6,23.0,7.5,0.0,0.0,0.0,10.0,4.6,2,False,20,83.0,100.0,100.0,93.13463157650803,0,88.8,Nice,False,True,91.3,100.0,100.0,100.0,1.0,98.6,Excellent,97.3
03-05-25,25.7,8.3,17.7,24.4,7.0,0.0,0.0,0.0,8.8,3.8,3,False,20,88.5,100.0,100.0,93.44014130869157,0,91.1,Excellent,False,True,93.4,100.0,100.0,100.0,1.0,98.7,Excellent,97.4
04-05-25,25.7,10.7,18.1,25.5,9.5,0.4,0.4,0.0,15.2,5.2,51,False,20,90.5,98.4,89.6,83.27634742661522,0,87.3,Nice,False,True,88.7,100.0,90.0,100.0,1.0,93.7,Excellent,84.0
05-05-25,24.1,10.5,16.9,24.6,10.0,1.1,1.1,0.0,15.4,5.1,53,False,20,84.5,95.6,89.2,64.94676936503355,0,78.0,Nice,False,False,78.8,100.0,90.0,100.0,1.0,90.0,Excellent,77.4
06-05-25,21.6,12.3,16.2,21.8,12.1,4.7,4.7,0.0,12.6,6.1,63,False,20,81.0,81.2,94.8,62.889959778387286,0,74.2,Pleasant,False,False,75.2,100.0,75.0,100.0,1.0,85.1,Nice,63.9
07-05-25,18.7,10.5,13.8,16.1,10.0,8.2,8.2,0.0,20.8,9.5,63,False,20,69.0,67.2,78.4,62.98988721163264,0,66.0,Pleasant,False,False,67.3,84.4,55.0,100.0,1.0,72.9,Pleasant,41.7
08-05-25,17.1,10.1,13.5,14.5,9.5,2.4,2.4,0.0,24.4,10.6,55,False,20,67.5,90.4,71.2,52.17431038196331,0,64.5,Pleasant,False,False,65.2,78.0,90.0,100.0,1.0,78.6,Nice,60.9
09-05-25,15.4,8.3,11.4,11.6,4.0,13.3,13.3,0.0,19.8,13.2,63,False,20,57.0,46.8,80.4,94.0907815663087,0,69.2,Pleasant,True,True,72.6,66.4,20.0,100.0,1.0,61.4,Pleasant,15.5
10-05-25,16.5,8.0,11.8,14.8,6.0,0.0,0.0,0.0,9.4,5.2,3,False,20,59.0,100.0,100.0,92.41333300406563,0,78.9,Nice,False,True,82.6,79.2,100.0,100.0,1.0,90.2,Excellent,84.5
11-05-25,17.3,3.9,10.2,13.7,2.2,3.7,3.7,0.0,21.2,7.5,63,False,20,51.0,85.2,77.6,87.08554632824246,0,69.9,Pleasant,False,True,73.2,74.8,75.0,100.0,1.0,79.8,Nice,59.8
12-05-25,13.1,5.5,9.2,12.1,4.2,0.2,0.2,0.0,10.3,3.7,51,False,20,46.0,99.2,99.4,78.94022335121298,0,68.9,Pleasant,False,True,72.5,68.4,90.0,100.0,1.0,80.1,Nice,65.4
13-05-25,14.4,2.2,8.6,13.5,0.3,0.4,0.4,0.0,6.5,2.5,51,False,20,43.0,98.4,100.0,95.33705674362122,0,73.3,Pleasant,False,True,77.9,74.0,90.0,100.0,1.0,85.7,Nice,74.3
14-05-25,16.6,3.3,10.5,13.5,1.2,0.0,0.0,0.0,15.2,6.8,3,False,20,52.5,100.0,89.6,86.80959222384342,0,73.6,Pleasant,False,True,77.1,74.0,100.0,100.0,1.0,87.0,Nice,79.1
15-05-25,21.1,3.9,13.0,19.7,1.9,1.2,1.2,0.0,11.7,5.0,53,False,20,65.0,95.2,96.6,89.81201668152991,0,79.4,Nice,False,True,82.6,98.8,90.0,100.0,1.0,94.5,Excellent,85.7
16-05-25,10.8,6.0,8.1,9.8,3.2,10.6,10.6,0.0,13.3,7.6,61,False,20,40.5,57.6,93.4,0.0,0,32.3,Poor,True,False,32.2,59.2,40.0,100.0,1.0,45.7,Average,14.2
17-05-25,12.5,5.7,7.9,11.1,3.1,5.8,5.8,0.0,14.9,7.9,53,False,20,39.5,76.8,90.2,42.191975593206294,0,49.3,Average,False,False,51.2,64.4,75.0,100.0,1.0,66.7,Pleasant,41.6
18-05-25,17.1,3.0,10.3,14.1,1.0,2.1,2.1,0.0,30.6,8.2,61,False,20,51.5,91.6,58.8,73.92913918344262,0,64.9,Pleasant,False,True,67.2,76.4,90.0,100.0,1.0,82.3,Nice,67.9
19-05-25,16.7,4.6,10.6,12.6,2.5,4.0,4.0,0.0,27.7,13.6,63,False,20,53.0,84.0,64.6,69.00511777208114,0,63.1,Pleasant,False,False,65.2,70.4,75.0,100.0,1.0,74.5,Pleasant,52.4
20-05-25,16.3,6.0,11.1,14.1,3.7,4.4,4.4,0.0,18.8,8.1,61,False,20,55.5,82.4,82.4,88.01046319508325,0,72.0,Pleasant,False,True,75.2,76.4,75.0,100.0,1.0,80.7,Nice,60.8
21-05-25,20.7,6.1,13.8,20.5,4.5,0.1,0.1,0.0,15.7,7.3,51,False,20,69.0,99.6,88.6,91.66226181025216,0,81.7,Nice,False,True,84.6,100.0,90.0,100.0,1.0,95.3,Excellent,87.0
22-05-25,21.4,11.2,15.7,21.6,10.1,2.5,2.5,0.0,11.4,5.9,61,False,20,78.5,90.0,97.2,91.55141658248446,0,84.7,Nice,False,True,87.3,100.0,90.0,100.0,1.0,95.3,Excellent,87.0
23-05-25,21.9,9.6,15.2,22.4,8.9,6.3,6.3,0.0,11.4,5.2,63,False,20,76.0,74.8,97.2,74.60264243510288,0,75.5,Nice,False,True,77.4,100.0,55.0,100.0,1.0,81.4,Nice,49.4
24-05-25,14.9,10.6,12.3,14.3,7.7,0.7,0.7,0.0,17.9,9.8,51,False,20,61.5,97.2,84.2,7.201843245498371,0,48.4,Average,False,False,47.4,77.2,90.0,100.0,1.0,69.3,Pleasant,44.3
25-05-25,13.0,9.9,11.2,11.5,8.4,7.5,7.5,0.0,11.3,6.9,61,False,20,56.0,70.0,97.4,0.0,0,40.7,Average,False,False,39.8,66.0,55.0,100.0,1.0,52.9,Average,21.8
26-05-25,13.4,9.6,11.5,13.2,7.8,10.7,10.7,0.0,14.1,8.6,61,False,20,57.5,57.2,91.8,0.3901910162878733,0,39.1,Poor,True,False,38.0,72.8,40.0,100.0,1.0,51.2,Average,17.5
27-05-25,17.0,11.3,13.7,15.3,8.5,3.8,3.8,0.0,18.2,10.5,63,False,20,68.5,84.8,83.6,12.907886943727195,0,51.3,Average,False,False,50.2,81.2,75.0,100.0,1.0,67.6,Pleasant,40.4
28-05-25,18.3,11.5,14.8,15.8,9.7,2.1,2.1,0.0,20.4,13.6,53,False,20,74.0,91.6,79.2,44.54407798016574,0,65.3,Pleasant,False,False,65.4,83.2,90.0,100.0,1.0,79.2,Nice,61.0
29-05-25,19.3,9.5,13.9,17.7,8.2,4.9,4.9,0.0,24.2,9.4,61,False,20,69.5,80.4,71.6,41.376553419827125,0,60.1,Pleasant,False,False,60.1,90.8,75.0,100.0,1.0,77.1,Nice,53.3
30-05-25,18.4,11.7,14.1,18.6,10.7,2.6,2.6,0.0,13.6,9.2,53,False,20,70.5,89.6,92.8,42.31430135952613,0,63.9,Pleasant,False,False,64.3,94.4,90.0,100.0,1.0,83.2,Nice,66.2
31-05-25,21.0,9.6,15.6,21.1,8.4,0.0,0.0,0.0,14.7,4.6,3,False,20,78.0,100.0,90.6,90.8478982616975,0,85.2,Nice,False,True,87.7,100.0,100.0,100.0,1.0,98.2,Excellent,96.3
01-06-25,24.8,11.1,18.6,27.3,10.7,0.3,0.3,0.0,7.7,3.1,51,False,24,73.0,98.8,100.0,93.99365813728238,0,84.9,Nice,False,True,88.0,97.7,90.0,100.0,1.0,94.9,Excellent,86.6
02-06-25,28.0,12.0,20.2,28.5,11.8,0.0,0.0,0.0,5.9,3.0,3,False,24,81.0,100.0,100.0,96.74809930296577,0,89.3,Nice,False,True,92.0,88.5,100.0,100.0,1.0,94.7,Excellent,91.8
03-06-25,29.1,13.1,22.0,30.1,13.3,0.0,0.0,0.0,14.7,6.8,2,False,24,90.0,100.0,90.6,95.24756960303739,0,91.6,Excellent,False,True,93.7,76.2,100.0,100.0,1.0,89.5,Nice,83.8
04-06-25,29.1,15.9,22.9,30.5,16.6,0.0,0.0,0.0,12.9,4.7,3,False,24,94.5,100.0,94.2,96.47755101384506,0,94.1,Excellent,False,True,96.1,73.1,100.0,100.0,1.0,88.5,Nice,82.4
05-06-25,32.0,15.4,24.2,33.2,15.9,0.0,0.0,0.0,10.1,6.1,3,False,24,99.0,100.0,99.8,89.92914867786308,0,94.1,Excellent,False,True,95.6,52.3,100.0,100.0,1.0,78.9,Nice,67.4
06-06-25,31.4,16.8,23.8,32.6,18.6,0.1,0.1,0.0,11.7,4.8,51,False,24,99.0,99.6,96.6,91.61947444705486,0,94.3,Excellent,False,True,95.9,56.9,90.0,100.0,1.0,78.1,Nice,63.7
07-06-25,31.6,14.8,23.9,31.2,15.8,0.0,0.0,0.0,17.1,9.3,3,False,24,99.5,100.0,85.8,96.12433789912072,0,95.3,Excellent,False,True,96.9,67.7,100.0,100.0,1.0,86.3,Nice,79.1
08-06-25,32.3,16.9,25.4,32.5,17.6,0.0,0.0,0.0,12.4,7.9,1,False,24,93.0,100.0,95.2,96.02115025869699,0,93.4,Excellent,False,True,95.5,57.7,100.0,100.0,1.0,82.3,Nice,73.0
09-06-25,23.0,17.6,20.5,25.2,15.0,15.2,15.2,0.0,16.9,7.0,63,False,24,82.5,39.2,86.2,59.923707311631325,0,66.7,Pleasant,True,False,67.3,100.0,20.0,100.0,1.0,68.0,Pleasant,16.8
10-06-25,22.8,12.2,18.1,22.7,12.0,0.0,0.0,0.0,12.7,7.1,3,False,24,70.5,100.0,94.6,92.28449203023915,0,83.1,Nice,False,True,86.0,100.0,100.0,100.0,1.0,98.5,Excellent,96.9
11-06-25,27.2,12.7,20.4,26.9,12.9,0.1,0.1,0.0,25.1,8.9,51,False,24,82.0,99.6,69.8,91.71353141306386,0,85.4,Nice,False,True,87.3,100.0,90.0,100.0,1.0,95.3,Excellent,87.0
12-06-25,25.2,14.7,20.1,25.0,14.0,0.0,0.0,0.0,8.3,5.4,3,False,24,80.5,100.0,100.0,95.68440307019355,0,88.7,Nice,False,True,91.4,100.0,100.0,100.0,1.0,99.1,Excellent,98.3
13-06-25,25.4,12.4,19.2,23.9,11.5,0.0,0.0,0.0,14.5,6.9,2,False,24,76.0,100.0,91.0,91.3507773451078,0,84.7,Nice,False,True,87.2,100.0,100.0,100.0,1.0,98.3,Excellent,96.5
14-06-25,25.3,11.6,18.6,23.9,10.0,0.0,0.0,0.0,13.3,7.6,3,False,24,73.0,100.0,93.4,68.26549569628388,0,75.6,Nice,False,False,77.2,100.0,100.0,100.0,1.0,93.7,Excellent,87.3
15-06-25,25.7,11.4,19.0,25.1,11.4,0.0,0.0,0.0,13.5,3.6,3,False,24,75.0,100.0,93.0,95.5151903644276,0,85.9,Nice,False,True,88.8,100.0,100.0,100.0,1.0,99.1,Excellent,98.2
16-06-25,29.1,12.3,21.4,28.6,11.9,0.0,0.0,0.0,9.7,3.8,3,False,24,87.0,100.0,100.0,95.47528480807877,0,91.2,Excellent,False,True,93.6,87.7,100.0,100.0,1.0,94.2,Excellent,90.8
17-06-25,30.4,15.8,23.0,31.1,15.8,1.0,1.0,0.0,21.1,5.1,53,False,24,95.0,96.0,77.8,89.96467356675375,0,90.1,Excellent,False,True,91.4,68.5,90.0,100.0,1.0,82.4,Nice,69.4
18-06-25,28.6,17.5,23.0,30.4,19.8,0.1,0.1,0.0,14.5,6.2,51,False,24,95.0,99.6,91.0,90.19301939629885,0,91.8,Excellent,False,True,93.4,73.8,90.0,100.0,1.0,84.6,Nice,72.3
19-06-25,30.6,15.1,23.7,29.3,15.2,0.0,0.0,0.0,23.5,9.8,1,False,24,98.5,100.0,73.0,95.40332639598034,0,93.6,Excellent,False,True,94.9,82.3,100.0,100.0,1.0,92.0,Excellent,87.5
20-06-25,26.4,17.9,22.0,23.7,14.4,0.0,0.0,0.0,17.5,12.5,3,False,24,90.0,100.0,85.0,75.18294647702605,0,84.1,Nice,False,True,85.1,100.0,100.0,100.0,1.0,95.0,Excellent,90.1
21-06-25,25.3,11.4,19.0,24.1,9.3,0.0,0.0,0.0,10.6,5.7,3,False,24,75.0,100.0,98.8,94.34201017082154,0,85.9,Nice,False,True,88.9,100.0,100.0,100.0,1.0,98.9,Excellent,97.7
22-06-25,27.2,11.6,20.7,25.8,10.0,0.0,0.0,0.0,18.9,8.3,0,False,24,83.5,100.0,82.2,95.40167461739512,0,88.4,Nice,False,True,90.6,100.0,100.0,100.0,1.0,99.1,Excellent,98.2
23-06-25,30.7,13.8,23.7,30.4,12.5,0.0,0.0,0.0,11.3,5.1,3,False,24,98.5,100.0,97.4,95.41650896438101,0,95.6,Excellent,False,True,97.4,73.8,100.0,100.0,1.0,88.6,Nice,82.5
24-06-25,31.2,15.0,24.2,27.9,14.6,0.0,0.0,0.0,28.7,13.3,2,False,24,99.0,100.0,62.6,95.4389546818728,0,93.0,Excellent,False,True,94.1,93.1,100.0,100.0,1.0,96.3,Excellent,94.0
25-06-25,32.7,16.9,25.9,31.3,16.5,0.0,0.0,0.0,22.0,10.7,2,False,24,90.5,100.0,76.0,95.4689381202166,0,90.7,Excellent,False,True,92.5,66.9,100.0,100.0,1.0,85.9,Nice,78.3
26-06-25,33.1,18.9,27.1,32.2,19.6,0.1,0.1,0.0,16.9,7.2,51,False,24,84.5,99.6,86.2,95.50642280693377,0,89.1,Nice,False,True,91.3,60.0,90.0,100.0,1.0,80.1,Nice,66.8
27-06-25,33.6,18.8,25.0,34.8,19.5,4.0,4.0,0.0,16.2,7.4,63,False,24,95.0,84.0,87.6,76.24655152492006,0,84.3,Nice,False,True,85.1,40.0,75.0,100.0,1.0,63.7,Pleasant,40.9
28-06-25,25.7,17.8,21.1,25.5,16.6,8.2,8.2,0.0,16.9,9.6,63,False,24,85.5,67.2,86.2,73.5961218897378,0,76.9,Nice,False,True,78.1,100.0,55.0,100.0,1.0,81.2,Nice,49.2
29-06-25,26.4,15.7,21.2,25.4,14.3,0.0,0.0,0.0,13.6,10.2,3,False,24,86.0,100.0,92.8,80.08432547151845,0,84.9,Nice,False,True,86.4,100.0,100.0,100.0,1.0,96.0,Excellent,92.0
30-06-25,29.3,18.5,24.1,30.9,18.9,1.4,1.4,0.0,14.1,7.2,51,False,24,99.5,94.4,91.8,93.52840096531602,0,94.0,Excellent,False,True,95.6,70.0,90.0,100.0,1.0,83.7,Nice,71.5
01-07-25,28.8,14.0,22.2,27.3,12.6,0.0,0.0,0.0,12.8,7.0,1,False,26,81.0,100.0,94.4,95.80449071131109,0,88.5,Nice,False,True,91.1,97.7,100.0,100.0,1.0,98.2,Excellent,96.9
02-07-25,29.9,13.7,22.3,28.5,12.6,0.0,0.0,0.0,8.2,4.5,0,False,26,81.5,100.0,100.0,95.88582342305997,0,89.2,Nice,False,True,91.9,88.5,100.0,100.0,1.0,94.6,Excellent,91.4
03-07-25,32.6,15.3,24.3,33.0,14.7,0.0,0.0,0.0,8.8,5.4,0,False,26,91.5,100.0,100.0,95.97428742201866,0,93.2,Excellent,False,True,95.4,53.8,100.0,100.0,1.0,80.7,Nice,70.7
04-07-25,35.5,17.8,26.9,36.1,17.5,0.0,0.0,0.0,12.1,5.1,0,False,26,95.5,100.0,95.8,96.06978509189075,0,94.5,Excellent,False,True,96.4,30.0,100.0,100.0,1.0,71.2,Pleasant,56.4
05-07-25,31.0,19.5,25.5,34.0,20.7,1.8,1.8,0.0,17.5,6.3,61,False,26,97.5,92.8,85.0,96.17230657879131,0,93.4,Excellent,False,True,95.0,46.2,90.0,100.0,1.0,74.7,Pleasant,59.5
06-07-25,32.2,17.2,25.2,32.6,18.8,0.0,0.0,0.0,13.5,5.3,1,False,26,96.0,100.0,93.0,96.28189627551315,0,94.5,Excellent,False,True,96.4,56.9,100.0,100.0,1.0,82.0,Nice,72.7
07-07-25,35.4,18.2,27.5,34.3,19.4,0.4,0.4,0.0,25.9,11.6,51,False,26,92.5,98.4,68.2,96.39961711500224,0,91.0,Excellent,False,True,92.5,43.8,90.0,100.0,1.0,73.8,Pleasant,58.4
08-07-25,34.0,18.1,25.2,31.7,19.4,4.8,4.8,0.0,31.2,12.5,63,False,26,96.0,80.8,57.6,87.7161704148688,0,85.8,Nice,False,True,86.6,63.8,75.0,100.0,1.0,75.6,Nice,55.0
09-07-25,21.7,14.1,17.7,22.3,12.7,9.5,9.5,0.0,25.5,10.4,63,False,26,58.5,62.0,69.0,34.09402693439243,0,50.2,Average,False,False,50.3,100.0,40.0,100.0,1.0,68.8,Pleasant,29.5
10-07-25,19.2,12.9,16.0,18.1,11.9,4.3,4.3,0.0,24.4,11.9,61,False,26,50.0,82.8,71.2,25.458548216421818,0,47.0,Average,False,False,47.2,92.4,75.0,100.0,1.0,74.6,Pleasant,49.2
11-07-25,19.6,13.8,16.3,20.3,14.2,12.3,12.3,0.0,8.8,2.7,65,False,26,51.5,50.8,100.0,89.89734666184545,0,67.7,Pleasant,True,True,71.6,100.0,20.0,100.0,1.0,74.0,Pleasant,19.2
12-07-25,23.7,10.4,17.1,23.7,9.9,0.1,0.1,0.0,12.6,4.9,51,False,26,55.50000000000001,99.6,94.8,97.10822495875598,0,78.7,Nice,False,True,82.7,100.0,90.0,100.0,1.0,96.4,Excellent,89.0
13-07-25,28.6,12.4,20.5,29.0,12.4,0.0,0.0,0.0,11.5,5.1,1,False,26,72.5,100.0,97.0,97.27253223638739,0,85.8,Nice,False,True,89.0,84.6,100.0,100.0,1.0,93.3,Excellent,89.7
14-07-25,29.8,14.6,22.0,30.9,15.2,0.0,0.0,0.0,16.4,5.3,3,False,26,80.0,100.0,87.2,82.701394476626,0,82.9,Nice,False,True,84.8,70.0,100.0,100.0,1.0,84.5,Nice,75.1
15-07-25,28.7,16.5,22.6,31.2,16.3,0.2,0.2,0.0,14.1,5.3,51,False,26,83.0,99.2,91.8,92.72459879997035,0,87.9,Nice,False,True,90.2,67.7,90.0,100.0,1.0,82.6,Nice,69.9
16-07-25,27.8,15.4,20.8,27.8,16.0,17.5,17.5,0.0,22.8,6.6,65,False,26,74.0,30.0,74.4,86.82973161733808,0,70.4,Pleasant,True,True,72.6,93.8,20.0,100.0,1.0,70.9,Pleasant,18.2
17-07-25,24.9,14.6,18.6,25.0,12.5,10.3,10.3,0.0,22.6,7.1,63,False,26,63.00000000000001,58.8,74.8,56.51592076494006,0,59.8,Average,True,False,61.0,100.0,40.0,100.0,1.0,73.3,Pleasant,33.0
18-07-25,21.6,11.5,17.3,19.8,11.3,0.6,0.6,0.0,23.5,14.5,51,False,26,56.5,97.6,73.0,98.19619053334169,0,77.4,Nice,False,True,81.0,99.2,90.0,100.0,1.0,96.3,Excellent,88.9
19-07-25,24.4,12.6,18.6,24.1,12.9,0.8,0.8,0.0,13.4,6.5,51,False,26,63.00000000000001,96.8,93.2,98.39997988267079,0,81.6,Nice,False,True,85.2,100.0,90.0,100.0,1.0,96.7,Excellent,89.4
20-07-25,29.3,13.4,21.7,29.3,14.0,0.3,0.3,0.0,13.4,5.5,51,False,26,78.5,98.8,93.2,98.60965859692699,0,88.2,Nice,False,True,91.1,82.3,90.0,100.0,1.0,89.6,Nice,79.9
21-07-25,33.0,17.0,25.2,34.2,18.2,0.0,0.0,0.0,11.0,4.6,0,False,26,96.0,100.0,98.0,98.73944973839724,0,95.8,Excellent,False,True,97.9,44.6,100.0,100.0,1.0,77.6,Nice,66.3
22-07-25,32.6,18.9,25.7,31.9,20.5,1.8,1.8,0.0,22.3,9.9,53,False,26,98.5,92.8,75.4,94.38752255359626,0,92.4,Excellent,False,True,93.7,62.3,90.0,100.0,1.0,80.8,Nice,67.6
23-07-25,30.7,16.5,24.2,31.7,17.7,0.0,0.0,0.0,10.5,4.8,1,False,26,91.0,100.0,99.0,98.76672599716228,0,93.9,Excellent,False,True,96.3,63.8,100.0,100.0,1.0,85.3,Nice,77.8
24-07-25,31.4,19.0,25.3,33.0,20.1,0.6,0.6,0.0,11.2,6.3,51,False,26,96.5,97.6,97.6,96.04087685606643,0,94.7,Excellent,False,True,96.6,53.8,90.0,100.0,1.0,77.7,Nice,63.7
25-07-25,31.9,17.6,25.5,33.7,19.4,1.4,1.4,0.0,10.8,4.6,53,False,26,97.5,94.4,98.4,98.76647350949037,0,95.6,Excellent,False,True,97.6,48.5,90.0,100.0,1.0,76.1,Nice,61.7
26-07-25,36.3,18.7,27.9,37.2,20.5,1.0,1.0,0.0,16.3,8.4,53,False,26,90.5,96.0,87.4,92.96841065299412,0,90.1,Excellent,False,True,92.0,21.5,90.0,100.0,1.0,64.2,Pleasant,45.1
27-07-25,31.2,19.2,23.5,33.1,19.4,4.9,4.9,0.0,23.9,7.5,63,False,26,87.5,80.4,72.2,75.06969235135377,0,79.1,Nice,False,True,79.9,53.1,75.0,100.0,1.0,68.7,Pleasant,46.4
28-07-25,24.9,17.4,20.8,26.2,19.0,1.4,1.4,0.0,10.8,6.9,61,False,26,74.0,94.4,98.4,74.52343593572172,0,77.7,Nice,False,True,79.7,100.0,90.0,100.0,1.0,91.9,Excellent,80.8
29-07-25,22.9,17.2,19.3,24.6,18.4,15.2,15.2,0.0,11.9,5.7,63,False,26,66.5,39.2,96.2,12.384453367996002,0,44.5,Average,True,False,43.7,100.0,20.0,100.0,1.0,58.5,Average,13.0
30-07-25,23.0,16.7,19.1,24.1,17.0,6.2,6.2,0.0,11.6,9.0,61,False,26,65.5,75.2,96.8,63.38559455124937,0,67.4,Pleasant,False,False,69.2,100.0,55.0,100.0,1.0,79.2,Nice,46.9
31-07-25,23.4,15.1,19.4,24.5,16.5,0.2,0.2,0.0,5.9,2.8,51,False,26,67.0,99.2,100.0,91.1805742880114,0,81.6,Nice,False,True,84.8,100.0,90.0,100.0,1.0,95.2,Excellent,86.8
01-08-25,26.1,12.5,19.6,26.1,12.7,0.0,0.0,0.0,9.6,4.2,0,False,25,73.0,100.0,100.0,96.1686771510195,0,85.9,Nice,False,True,89.0,100.0,100.0,100.0,1.0,99.2,Excellent,98.5
02-08-25,28.5,13.2,21.0,28.9,13.3,0.0,0.0,0.0,9.6,5.4,2,False,25,80.0,100.0,100.0,94.52495630966862,0,88.1,Nice,False,True,90.8,85.4,100.0,100.0,1.0,93.1,Excellent,89.0
03-08-25,30.0,14.4,22.8,29.0,14.8,0.0,0.0,0.0,13.2,5.9,3,False,25,89.0,100.0,93.6,92.21286453894201,0,90.4,Excellent,False,True,92.4,84.6,100.0,100.0,1.0,92.3,Excellent,87.7
04-08-25,26.7,15.4,21.2,28.0,16.6,0.1,0.1,0.0,18.1,5.2,51,False,25,81.0,99.6,83.8,81.75684240087438,0,82.7,Nice,False,True,84.4,92.3,90.0,100.0,1.0,90.3,Excellent,79.3
05-08-25,28.3,16.5,21.9,29.8,18.3,0.4,0.4,0.0,9.1,4.2,51,False,25,84.5,98.4,100.0,90.30609477513217,0,88.2,Nice,False,True,90.5,78.5,90.0,100.0,1.0,86.4,Nice,74.9
06-08-25,28.2,16.5,22.0,28.7,17.9,4.2,4.2,0.0,9.5,4.8,61,False,25,85.0,83.2,100.0,87.97270644075769,0,85.3,Nice,False,True,87.4,86.9,75.0,100.0,1.0,84.9,Nice,65.5
07-08-25,27.6,17.5,21.9,29.6,19.7,0.5,0.5,0.0,6.7,3.7,51,False,25,84.5,98.0,100.0,84.40394447677319,0,86.0,Nice,False,True,88.0,80.0,90.0,100.0,1.0,85.9,Nice,73.6
08-08-25,30.4,15.9,23.1,29.6,17.5,0.0,0.0,0.0,14.8,5.8,3,False,25,90.5,100.0,90.4,91.5538761861608,0,90.5,Excellent,False,True,92.3,80.0,100.0,100.0,1.0,90.3,Excellent,84.6
09-08-25,31.5,15.7,24.1,31.8,15.9,0.0,0.0,0.0,10.6,5.7,0,False,25,95.5,100.0,98.8,91.9832812252522,0,93.3,Excellent,False,True,95.1,63.1,100.0,100.0,1.0,83.6,Nice,74.6
10-08-25,33.8,16.5,25.6,34.4,17.2,0.0,0.0,0.0,10.9,5.2,0,False,25,97.0,100.0,98.2,92.41820572365673,0,94.0,Excellent,False,True,95.7,43.1,100.0,100.0,1.0,75.7,Nice,62.8
11-08-25,31.0,19.2,25.2,31.8,20.5,0.0,0.0,0.0,11.1,6.1,1,False,25,99.0,100.0,97.8,91.50135770630922,0,94.4,Excellent,False,True,96.0,63.1,100.0,100.0,1.0,83.5,Nice,74.4
12-08-25,31.7,17.8,24.5,32.1,17.4,0.0,0.0,0.0,14.1,7.7,3,False,25,97.5,100.0,91.8,88.38830985024974,0,92.3,Excellent,False,True,93.7,60.8,100.0,100.0,1.0,82.0,Nice,71.8
13-08-25,31.9,16.7,24.9,32.1,17.6,0.0,0.0,0.0,11.2,7.1,0,False,25,99.5,100.0,97.6,92.07792534779318,0,94.8,Excellent,False,True,96.4,60.8,100.0,100.0,1.0,82.7,Nice,73.3
14-08-25,31.9,16.8,25.1,31.3,17.1,0.0,0.0,0.0,13.8,8.4,0,False,25,99.5,100.0,92.4,91.76382723033598,0,94.3,Excellent,False,True,95.8,66.9,100.0,100.0,1.0,85.1,Nice,76.9
15-08-25,33.0,16.6,25.1,32.6,17.6,0.0,0.0,0.0,10.3,5.7,0,False,25,99.5,100.0,99.4,92.13318931033994,0,95.0,Excellent,False,True,96.6,56.9,100.0,100.0,1.0,81.2,Nice,71.0
16-08-25,32.9,17.7,25.6,32.8,18.3,0.0,0.0,0.0,8.6,5.2,1,False,25,97.0,100.0,100.0,92.25454131850269,0,94.1,Excellent,False,True,95.9,55.4,100.0,100.0,1.0,80.6,Nice,70.1
17-08-25,31.6,17.9,24.4,32.5,18.2,0.1,0.1,0.0,19.0,6.1,51,False,25,97.0,99.6,82.0,83.71271939540858,0,89.6,Nice,False,True,90.6,57.7,90.0,100.0,1.0,76.8,Nice,61.3
18-08-25,24.4,16.2,19.6,26.7,17.6,4.0,4.0,0.0,12.8,4.2,55,False,25,73.0,84.0,94.4,50.04785329066298,0,66.9,Pleasant,False,False,67.6,100.0,75.0,100.0,1.0,82.5,Nice,60.0
19-08-25,24.1,15.0,19.2,25.4,15.8,2.6,2.6,0.0,8.6,4.1,53,False,25,71.0,89.6,100.0,91.78648771866997,0,82.0,Nice,False,True,85.0,100.0,90.0,100.0,1.0,95.4,Excellent,87.0
20-08-25,27.4,14.0,20.4,27.6,14.5,0.0,0.0,0.0,8.3,3.9,3,False,25,77.0,100.0,100.0,93.54335014715089,0,86.5,Nice,False,True,89.4,95.4,100.0,100.0,1.0,96.9,Excellent,94.6
21-08-25,30.8,13.4,22.6,30.5,13.4,0.0,0.0,0.0,17.2,8.5,3,False,25,88.0,100.0,85.6,93.87851878954481,0,89.9,Nice,False,True,91.9,73.1,100.0,100.0,1.0,88.0,Nice,81.4
22-08-25,26.5,18.3,22.2,26.7,16.6,1.2,1.2,0.0,19.7,10.6,53,False,25,86.0,95.2,80.6,69.72139305686107,0,79.5,Nice,False,False,80.3,100.0,90.0,100.0,1.0,90.9,Excellent,79.1
23-08-25,23.2,15.0,18.6,20.5,12.6,0.7,0.7,0.0,21.8,13.5,51,False,25,68.0,97.2,76.4,93.70314781991628,0,80.7,Nice,False,True,83.5,100.0,90.0,100.0,1.0,95.7,Excellent,87.7
24-08-25,21.2,11.3,16.3,17.0,10.2,0.0,0.0,0.0,27.6,12.2,1,False,25,56.5,100.0,64.8,94.91214137204018,0,76.0,Nice,False,True,79.2,88.0,100.0,100.0,1.0,94.2,Excellent,90.8
25-08-25,22.2,7.9,15.1,20.2,6.0,0.0,0.0,0.0,19.6,7.3,1,False,25,50.5,100.0,80.8,95.26541085956474,0,75.0,Nice,False,True,78.9,100.0,100.0,100.0,1.0,99.1,Excellent,98.1
26-08-25,24.8,8.4,17.0,22.8,6.7,0.0,0.0,0.0,12.4,5.4,3,False,25,60.0,100.0,95.2,95.62274619945555,0,80.1,Nice,False,True,83.8,100.0,100.0,100.0,1.0,99.1,Excellent,98.2
27-08-25,27.3,8.9,18.3,25.8,7.6,0.0,0.0,0.0,9.2,4.4,3,False,25,66.5,100.0,100.0,95.98391408045052,0,83.2,Nice,False,True,86.7,100.0,100.0,100.0,1.0,99.2,Excellent,98.4
28-08-25,29.2,10.5,20.6,25.1,9.5,0.0,0.0,0.0,26.3,13.6,0,False,25,78.0,100.0,67.4,96.34873300386732,0,85.3,Nice,False,True,87.6,100.0,100.0,100.0,1.0,99.3,Excellent,98.5
29-08-25,30.3,14.8,23.5,26.3,12.6,0.0,0.0,0.0,26.2,18.3,0,False,25,92.5,100.0,67.6,96.71703530047792,0,91.3,Excellent,False,True,92.8,100.0,100.0,100.0,1.0,99.3,Excellent,98.7
30-08-25,32.1,15.1,24.5,30.7,14.2,0.0,0.0,0.0,17.5,10.1,3,False,25,97.5,100.0,85.0,97.08860725355623,0,94.8,Excellent,False,True,96.5,71.5,100.0,100.0,1.0,88.0,Nice,81.8
31-08-25,22.7,16.4,19.6,22.4,15.0,38.5,38.5,0.0,23.5,7.3,63,False,25,73.0,0.0,73.0,9.40559913865813,0,38.3,Poor,True,False,36.6,100.0,0.0,100.0,1.0,51.9,Average,0.0
01-09-25,23.8,16.1,19.4,23.9,16.0,4.7,4.7,0.0,16.1,10.6,63,False,21,92.0,81.2,87.8,82.71599234249783,0,85.0,Nice,False,True,86.2,100.0,75.0,100.0,1.0,89.0,Nice,69.8
02-09-25,27.3,15.7,20.9,29.1,17.0,0.0,0.0,0.0,9.0,4.9,3,False,21,99.5,100.0,100.0,97.53056234205687,0,96.9,Excellent,False,True,98.8,83.8,100.0,100.0,1.0,93.0,Excellent,89.3
03-09-25,30.6,14.4,22.3,31.5,15.3,0.0,0.0,0.0,9.4,4.6,3,False,21,93.5,100.0,100.0,97.67763336289332,0,94.6,Excellent,False,True,96.8,65.4,100.0,100.0,1.0,85.7,Nice,78.3
04-09-25,29.4,17.7,23.0,31.1,19.6,0.0,0.0,0.0,6.3,2.9,3,False,21,90.0,100.0,100.0,94.46923862454767,0,92.1,Excellent,False,True,94.3,68.5,100.0,100.0,1.0,86.3,Nice,78.9
05-09-25,29.4,14.6,21.6,28.7,15.4,0.0,0.0,0.0,8.2,4.7,3,False,21,97.0,100.0,100.0,97.77098074723641,0,96.0,Excellent,False,True,98.1,86.9,100.0,100.0,1.0,94.3,Excellent,91.3
06-09-25,29.5,13.3,21.4,29.0,12.8,0.0,0.0,0.0,8.6,4.0,3,False,21,98.0,100.0,100.0,94.03364719817743,0,95.1,Excellent,False,True,96.9,84.6,100.0,100.0,1.0,92.7,Excellent,88.4
07-09-25,29.1,15.5,22.0,29.1,15.8,0.0,0.0,0.0,8.1,3.7,3,False,21,95.0,100.0,100.0,95.16581891208719,0,94.3,Excellent,False,True,96.3,83.8,100.0,100.0,1.0,92.6,Excellent,88.4
08-09-25,27.4,14.2,20.6,27.4,14.0,1.8,1.8,0.0,9.6,5.5,61,False,21,98.0,92.8,100.0,93.9636162938344,0,94.0,Excellent,False,True,95.8,96.9,90.0,100.0,1.0,94.6,Excellent,86.2
09-09-25,22.1,14.6,17.3,21.3,14.0,7.7,7.7,0.0,11.3,6.7,63,False,21,81.5,69.2,97.4,80.72537719592609,0,79.0,Nice,False,True,80.9,100.0,55.0,100.0,1.0,82.6,Nice,50.8
10-09-25,27.2,13.6,19.5,25.7,14.1,0.0,0.0,0.0,18.9,9.8,3,False,21,92.5,100.0,82.2,73.03085894872241,0,84.1,Nice,False,True,84.8,100.0,100.0,100.0,1.0,94.6,Excellent,89.2
11-09-25,24.6,17.0,19.9,22.0,16.0,5.3,5.3,0.0,23.7,17.8,55,False,21,94.5,78.8,72.6,20.27967569543571,0,62.5,Pleasant,False,False,60.3,100.0,75.0,100.0,1.0,76.6,Nice,51.1
12-09-25,22.7,15.5,18.4,24.5,17.0,0.3,0.3,0.0,5.6,2.6,51,False,21,87.0,98.8,100.0,56.50844913312669,0,77.4,Nice,False,False,77.9,100.0,90.0,100.0,1.0,88.3,Nice,74.3
13-09-25,25.6,14.3,19.3,25.5,15.2,0.1,0.1,0.0,19.3,10.2,51,False,21,91.5,99.6,81.4,92.58495728821295,0,90.5,Excellent,False,True,92.1,100.0,90.0,100.0,1.0,95.5,Excellent,87.3
14-09-25,23.6,17.6,19.8,20.7,15.3,0.5,0.5,0.0,26.5,19.8,53,False,21,94.0,98.0,67.0,83.51440971977378,0,86.9,Nice,False,True,87.7,100.0,90.0,100.0,1.0,93.7,Excellent,84.1
15-09-25,22.8,13.2,17.8,20.2,13.7,0.0,0.0,0.0,21.3,8.4,3,False,21,84.0,100.0,77.4,94.96041970536797,0,88.0,Nice,False,True,90.1,100.0,100.0,100.0,1.0,99.0,Excellent,98.0
16-09-25,26.4,10.8,17.8,26.1,9.8,0.0,0.0,0.0,8.1,4.1,3,False,21,84.0,100.0,100.0,94.97938004108879,0,89.8,Nice,False,True,92.4,100.0,100.0,100.0,1.0,99.0,Excellent,98.0
17-09-25,18.7,13.4,15.9,16.3,11.0,7.9,7.9,0.0,23.1,13.8,63,False,21,74.5,68.4,73.8,63.537929907701866,0,68.2,Pleasant,False,False,69.1,85.2,55.0,100.0,1.0,73.3,Pleasant,42.1
18-09-25,19.4,8.9,14.3,16.2,8.2,0.1,0.1,0.0,14.9,6.9,51,False,21,66.5,99.6,90.2,91.66002581023494,0,80.8,Nice,False,True,83.9,84.8,90.0,100.0,1.0,89.3,Nice,78.8
19-09-25,22.7,7.3,15.4,21.8,5.8,0.0,0.0,0.0,11.2,4.6,3,False,21,72.0,100.0,97.6,77.30616780651835,0,78.7,Nice,False,True,80.9,100.0,100.0,100.0,1.0,95.5,Excellent,90.9
20-09-25,25.5,12.6,18.5,26.0,12.3,0.0,0.0,0.0,6.0,3.7,2,False,21,87.5,100.0,100.0,95.9584437126523,0,91.6,Excellent,False,True,94.0,100.0,100.0,100.0,1.0,99.2,Excellent,98.4
21-09-25,28.1,11.0,19.5,26.3,10.3,0.0,0.0,0.0,18.8,9.9,0,False,21,92.5,100.0,82.4,96.20590439423185,0,92.3,Excellent,False,True,94.1,100.0,100.0,100.0,1.0,99.2,Excellent,98.5
22-09-25,27.4,14.3,21.0,22.6,13.1,0.0,0.0,0.0,25.3,15.7,0,False,21,100.0,100.0,69.4,96.45395344254398,0,94.3,Excellent,False,True,95.5,100.0,100.0,100.0,1.0,99.3,Excellent,98.6
23-09-25,27.0,10.6,19.0,25.6,9.4,0.0,0.0,0.0,9.9,5.2,0,False,21,90.0,100.0,100.0,96.70239048342263,0,92.8,Excellent,False,True,95.2,100.0,100.0,100.0,1.0,99.3,Excellent,98.7
24-09-25,26.4,11.6,18.6,25.2,11.2,0.0,0.0,0.0,16.6,7.4,3,False,21,88.0,100.0,86.8,95.7760114556329,0,90.7,Excellent,False,True,92.8,100.0,100.0,100.0,1.0,99.2,Excellent,98.3
25-09-25,19.4,11.4,14.8,16.4,7.8,1.8,1.8,0.0,19.9,17.6,53,False,21,69.0,92.8,80.2,22.53123670572598,0,55.8,Average,False,False,55.1,85.6,90.0,100.0,1.0,75.7,Nice,54.3
26-09-25,16.9,9.2,12.1,12.2,5.6,1.2,1.2,0.0,19.8,17.4,51,False,21,55.5,95.2,80.4,61.0094026876029,0,64.3,Pleasant,False,False,66.1,68.8,90.0,100.0,1.0,76.7,Nice,59.1
27-09-25,16.9,9.7,12.8,13.2,5.6,0.0,0.0,0.0,15.0,12.4,3,False,21,59.0,100.0,90.0,52.58279424093584,0,64.2,Pleasant,False,False,65.7,72.8,100.0,100.0,1.0,79.6,Nice,64.7
28-09-25,18.4,8.4,12.9,16.9,6.2,0.0,0.0,0.0,6.5,4.0,3,False,21,59.5,100.0,100.0,93.21445257200935,0,79.4,Nice,False,True,83.1,87.6,100.0,100.0,1.0,93.7,Excellent,89.8
29-09-25,12.8,8.0,10.4,12.0,7.0,11.4,11.4,0.0,10.2,5.0,61,False,21,47.0,54.4,99.6,28.05797232369198,0,44.7,Average,True,False,45.8,68.0,40.0,100.0,1.0,54.8,Average,20.8
30-09-25,13.6,6.1,9.3,10.2,4.5,3.4,3.4,0.0,13.4,5.4,53,False,21,41.5,86.4,93.2,91.47716061009021,0,69.0,Pleasant,False,True,73.4,60.8,75.0,100.0,1.0,75.1,Nice,54.8
01-10-25,13.7,4.5,8.7,11.4,2.5,0.8,0.8,0.0,8.0,3.5,51,False,15,68.5,96.8,100.0,89.17890197713247,0,81.1,Nice,False,True,84.2,65.6,90.0,100.0,1.0,81.1,Nice,67.5
02-10-25,8.5,4.7,6.7,6.5,1.5,7.1,7.1,0.0,14.4,5.8,53,False,15,58.5,71.6,91.2,0.0,0,41.4,Average,False,False,40.3,46.0,55.0,100.0,1.0,44.9,Average,15.2
03-10-25,6.8,3.3,4.4,2.7,-0.2,18.5,18.5,0.0,17.1,8.1,61,False,15,47.0,26.0,85.8,0.0,0,29.6,Poor,True,False,28.9,30.8,20.0,100.0,1.0,28.3,Poor,3.7
04-10-25,10.6,3.1,6.4,8.0,0.6,6.2,4.9,0.91,11.3,4.5,75,False,15,57.0,75.2,97.4,22.13656024473842,-20,49.2,Average,False,False,49.8,52.0,75.0,100.0,1.0,57.7,Average,30.0
05-10-25,12.7,4.5,8.2,11.0,2.6,0.1,0.1,0.0,10.2,4.5,51,False,15,66.0,99.6,99.6,45.71263086362131,0,65.3,Pleasant,False,False,66.3,64.0,90.0,100.0,1.0,71.7,Pleasant,51.0
06-10-25,10.0,7.8,8.6,8.0,6.6,16.7,16.7,0.0,9.0,4.2,61,False,15,68.0,33.2,100.0,0.0,0,40.2,Average,True,False,38.8,52.0,20.0,100.0,1.0,36.8,Poor,6.2
07-10-25,10.7,7.3,8.8,8.4,5.8,8.6,8.6,0.0,9.7,6.5,61,False,15,69.0,65.6,100.0,0.0,0,45.4,Average,False,False,44.0,53.6,55.0,100.0,1.0,47.9,Average,17.7
08-10-25,10.2,8.1,9.1,8.3,5.9,18.6,18.6,0.0,13.8,11.4,61,False,15,70.5,25.599999999999994,92.4,0.0,0,39.4,Poor,True,False,37.8,53.2,20.0,100.0,1.0,37.3,Poor,6.4
09-10-25,14.1,9.1,11.4,10.8,6.3,0.5,0.5,0.0,18.3,12.9,51,False,15,82.0,98.0,83.4,54.60807895931248,0,73.3,Pleasant,False,False,73.6,63.2,90.0,100.0,1.0,73.2,Pleasant,53.8
10-10-25,16.1,10.3,12.6,13.0,7.4,1.2,1.2,0.0,21.9,14.2,51,False,15,88.0,95.2,76.2,70.37496948820895,0,80.2,Nice,False,True,80.8,72.0,90.0,100.0,1.0,79.9,Nice,64.2
11-10-25,14.1,8.8,11.0,9.7,6.5,2.5,2.5,0.0,21.1,13.3,53,False,15,80.0,90.0,77.8,71.63195501513225,0,76.8,Nice,False,True,77.9,58.8,90.0,100.0,1.0,74.8,Pleasant,57.5
12-10-25,15.0,10.9,12.4,12.6,8.6,1.2,1.2,0.0,13.9,8.2,51,False,15,87.0,95.2,92.2,27.224433035675244,0,66.0,Pleasant,False,False,64.8,70.4,90.0,100.0,1.0,70.6,Pleasant,47.8
13-10-25,14.8,8.2,11.5,13.1,6.8,2.0,2.0,0.0,13.8,6.5,53,False,15,82.5,92.0,92.4,43.63505220845624,0,69.5,Pleasant,False,False,69.4,72.4,90.0,100.0,1.0,74.7,Pleasant,54.8
14-10-25,11.5,8.1,9.8,9.9,6.8,2.6,2.6,0.0,5.9,3.4,53,False,15,74.0,89.6,100.0,9.080212325631546,0,54.2,Average,False,False,53.0,59.6,90.0,100.0,1.0,62.7,Pleasant,35.5
15-10-25,10.2,6.8,8.5,8.6,5.3,1.9,1.9,0.0,4.9,2.7,53,False,15,67.5,92.4,100.0,9.888625622442127,0,52.3,Average,False,False,51.4,54.4,90.0,100.0,1.0,60.7,Pleasant,32.9
16-10-25,12.7,2.4,7.0,11.1,0.3,0.0,0.0,0.0,7.4,3.1,3,False,15,60.0,100.0,100.0,93.6457503732567,0,79.8,Nice,False,True,83.5,64.4,100.0,100.0,1.0,84.5,Nice,76.1
17-10-25,14.5,2.1,7.6,12.9,-0.3,0.0,0.0,0.0,10.5,5.0,3,False,15,63.0,100.0,99.0,92.48778333929393,0,80.5,Nice,False,True,83.9,71.6,100.0,100.0,1.0,87.1,Nice,80.0
18-10-25,11.9,7.1,9.6,9.9,5.4,1.0,1.0,0.0,16.7,5.8,51,False,15,73.0,96.0,86.6,18.906063322921398,0,57.1,Average,False,False,56.2,59.6,90.0,100.0,1.0,64.6,Pleasant,39.0
19-10-25,10.4,4.5,7.4,7.3,2.1,0.4,0.4,0.0,15.7,5.8,51,False,15,62.0,98.4,88.6,92.97976915189537,0,79.2,Nice,False,True,82.5,49.2,90.0,100.0,1.0,75.3,Nice,60.0
20-10-25,10.4,-0.4,3.9,8.1,-3.3,0.0,0.0,0.0,5.8,3.4,1,False,15,44.5,100.0,100.0,94.2494738180695,0,73.8,Pleasant,False,True,78.3,52.4,100.0,100.0,1.0,79.8,Nice,69.1
21-10-25,12.8,-1.2,4.3,9.8,-4.6,0.0,0.0,0.0,11.4,6.9,3,False,15,46.5,100.0,97.2,84.49205670355805,0,70.9,Pleasant,False,True,74.8,59.2,100.0,100.0,1.0,80.6,Nice,69.3
22-10-25,14.9,1.4,7.0,13.0,-1.5,0.0,0.0,0.0,7.9,4.7,3,False,15,60.0,100.0,100.0,94.33524702863626,0,80.0,Nice,False,True,83.7,72.0,100.0,100.0,1.0,87.7,Nice,80.9
23-10-25,19.5,5.0,11.8,17.8,2.6,0.0,0.0,0.0,18.0,8.9,2,False,15,84.0,100.0,84.0,94.79331896687921,0,88.5,Nice,False,True,90.7,91.2,100.0,100.0,1.0,95.4,Excellent,92.6
24-10-25,14.2,9.0,11.7,12.0,5.7,12.4,12.4,0.0,29.2,16.8,63,False,15,83.5,50.4,61.6,43.24681812384802,0,61.0,Pleasant,True,False,60.2,68.0,20.0,100.0,1.0,51.8,Average,11.6
25-10-25,13.5,3.3,7.6,10.0,1.0,0.0,0.0,0.0,11.1,4.9,2,False,15,63.0,100.0,97.8,95.71652593678563,0,81.5,Nice,False,True,85.1,60.0,100.0,100.0,1.0,83.1,Nice,74.3
26-10-25,15.7,3.7,9.5,13.6,1.1,0.1,0.1,0.0,8.9,5.5,51,False,15,72.5,99.6,100.0,55.90036091862326,0,71.5,Pleasant,False,False,72.7,74.4,90.0,100.0,1.0,77.9,Nice,60.3
27-10-25,12.0,5.9,9.1,7.7,3.2,1.6,1.6,0.0,22.2,9.7,53,False,15,70.5,93.6,75.6,77.31709674301732,0,75.3,Nice,False,True,77.2,50.8,90.0,100.0,1.0,72.8,Pleasant,55.3
28-10-25,11.3,4.4,7.5,6.9,2.1,0.0,0.0,0.0,24.8,10.6,3,False,15,62.5,100.0,70.4,78.86270294183898,0,73.2,Pleasant,False,True,75.5,47.6,100.0,100.0,1.0,74.8,Pleasant,60.1
29-10-25,16.3,3.1,8.7,12.5,0.7,0.0,0.0,0.0,17.4,5.3,3,False,15,68.5,100.0,85.2,96.85226033891394,0,83.1,Nice,False,True,86.2,70.0,100.0,100.0,1.0,87.4,Nice,80.7
30-10-25,18.9,2.4,8.9,16.0,-0.5,0.0,0.0,0.0,8.9,4.9,3,False,15,69.5,100.0,100.0,97.08328998462325,0,84.8,Nice,False,True,88.2,84.0,100.0,100.0,1.0,93.0,Excellent,89.2
31-10-25,19.5,6.7,12.1,17.9,4.9,0.0,0.0,0.0,10.0,3.1,3,False,15,85.5,100.0,100.0,79.01255242948835,0,84.9,Nice,False,True,86.5,91.6,100.0,100.0,1.0,92.4,Excellent,86.6
01-11-25,18.2,6.4,10.8,17.4,3.9,0.0,0.0,0.0,7.3,3.8,3,False,8,86.0,100.0,100.0,97.53631049767839,0,91.5,Excellent,False,True,94.1,89.6,100.0,100.0,1.0,95.3,Excellent,92.8
02-11-25,21.7,6.0,12.2,19.5,4.3,0.0,0.0,0.0,14.5,7.3,0,False,8,79.0,100.0,91.0,97.75738912276272,0,88.1,Nice,False,True,90.9,98.0,100.0,100.0,1.0,98.8,Excellent,97.9
03-11-25,20.4,7.9,13.1,19.1,6.0,0.0,0.0,0.0,24.8,9.7,3,False,8,74.5,100.0,70.4,96.47222997643028,0,84.2,Nice,False,True,86.7,96.4,100.0,100.0,1.0,97.9,Excellent,96.4
04-11-25,10.8,6.7,9.3,9.4,5.1,0.9,0.9,0.0,26.0,8.8,51,False,8,93.5,96.4,68.0,9.339288173411068,0,60.6,Pleasant,False,False,57.7,57.6,90.0,100.0,1.0,61.9,Pleasant,34.5
05-11-25,12.2,3.3,7.6,10.3,1.4,0.0,0.0,0.0,5.2,2.3,3,False,8,98.0,100.0,100.0,96.96775949764836,0,96.1,Excellent,False,True,98.1,61.2,100.0,100.0,1.0,83.9,Nice,75.5
06-11-25,11.9,5.1,7.7,8.5,2.7,0.5,0.5,0.0,14.0,6.9,51,False,8,98.5,98.0,92.0,93.21667858648074,0,94.1,Excellent,False,True,95.7,54.0,90.0,100.0,1.0,77.2,Nice,62.7
07-11-25,12.3,3.5,7.8,10.2,1.1,0.0,0.0,0.0,13.7,7.8,3,False,8,99.0,100.0,92.6,87.60804537955406,0,92.7,Excellent,False,True,94.0,60.8,100.0,100.0,1.0,81.8,Nice,71.5
08-11-25,11.5,7.8,9.7,9.4,5.5,0.6,0.6,0.0,11.9,9.1,51,False,8,91.5,97.6,96.2,0.0,0,58.9,Average,False,False,56.3,57.6,90.0,100.0,1.0,60.0,Pleasant,31.1
09-11-25,12.9,7.6,9.9,11.1,6.3,0.2,0.2,0.0,10.4,6.4,51,False,8,90.5,99.2,99.2,93.25575265768393,0,91.7,Excellent,False,True,93.8,64.4,90.0,100.0,1.0,81.4,Nice,68.3
10-11-25,10.0,7.2,8.5,8.6,5.9,3.3,3.3,0.0,7.5,4.8,53,False,8,97.5,86.8,100.0,0.0,0,60.0,Pleasant,False,False,57.1,54.4,75.0,100.0,1.0,54.3,Average,24.5
11-11-25,10.2,7.0,8.5,8.1,5.4,2.7,2.7,0.0,9.8,4.5,53,False,8,97.5,89.2,100.0,19.36183913392783,0,67.2,Pleasant,False,False,65.2,52.4,90.0,100.0,1.0,61.8,Pleasant,35.3
12-11-25,9.9,3.0,5.9,7.5,1.1,0.0,0.0,0.0,8.2,2.3,3,False,8,89.5,100.0,100.0,82.17770393510995,0,87.6,Nice,False,True,89.2,50.0,100.0,100.0,1.0,76.4,Nice,62.9
13-11-25,10.6,0.6,4.9,8.7,-1.7,0.0,0.0,0.0,4.7,1.9,3,False,8,84.5,100.0,100.0,92.47314794833508,0,89.2,Nice,False,True,91.6,54.8,100.0,100.0,1.0,80.4,Nice,69.9
14-11-25,10.9,2.3,5.4,9.1,0.1,0.0,0.0,0.0,3.8,1.5,1,False,8,87.0,100.0,100.0,95.0097859061364,0,91.1,Excellent,False,True,93.5,56.4,100.0,100.0,1.0,81.6,Nice,71.8
15-11-25,10.9,1.6,4.4,8.4,-0.9,0.0,0.0,0.0,6.7,3.1,3,False,8,82.0,100.0,100.0,93.16901616850664,0,88.4,Nice,False,True,91.0,53.6,100.0,100.0,1.0,80.1,Nice,69.4
16-11-25,12.5,1.6,5.2,10.3,-1.1,0.0,0.0,0.0,9.4,4.8,3,False,8,86.0,100.0,100.0,89.27749710375602,0,88.6,Nice,False,True,90.8,61.2,100.0,100.0,1.0,82.3,Nice,72.4
17-11-25,16.8,3.3,9.1,13.2,0.4,4.1,4.1,0.0,24.1,11.9,63,False,8,94.5,83.6,71.8,69.00954246295544,0,80.2,Nice,False,False,80.4,72.8,75.0,100.0,1.0,75.4,Nice,53.5
18-11-25,9.8,4.2,6.6,8.0,1.9,4.6,4.6,0.0,23.9,6.8,61,False,8,93.0,81.6,72.2,2.770437705062509,0,56.2,Average,False,False,53.1,52.0,75.0,100.0,1.0,53.9,Average,24.2
19-11-25,7.9,0.8,3.1,5.1,-2.2,7.6,6.5,0.77,10.7,7.1,73,False,8,75.5,69.6,98.6,62.233778523038005,-20,69.9,Pleasant,False,False,71.6,40.4,55.0,100.0,1.0,55.1,Average,27.0
20-11-25,13.1,3.4,7.8,10.4,0.3,1.4,1.4,0.0,12.8,8.6,53,False,8,99.0,94.4,94.4,87.39665323857992,0,91.9,Excellent,False,True,93.2,61.6,90.0,100.0,1.0,79.1,Nice,64.7
21-11-25,15.4,7.7,11.4,13.2,6.1,1.7,1.7,0.0,15.2,9.6,61,False,8,83.0,93.2,89.6,74.90862736089153,0,80.6,Nice,False,True,82.0,72.8,90.0,100.0,1.0,81.1,Nice,66.3
22-11-25,11.0,6.3,8.3,9.2,3.1,2.5,2.5,0.0,15.4,8.5,53,False,8,98.5,90.0,89.2,42.45402112794506,0,74.9,Pleasant,False,False,73.9,56.8,90.0,100.0,1.0,68.2,Pleasant,46.0
23-11-25,5.6,1.3,3.1,2.4,-1.8,6.4,5.8,0.42,15.7,9.7,73,False,8,75.5,74.4,88.6,0.0,-20,48.0,Average,False,False,46.4,29.6,75.0,100.0,1.0,44.3,Average,13.3
24-11-25,1.9,-2.0,-0.0,-0.8,-5.4,0.1,0.0,0.07,11.1,6.2,71,False,8,60.0,99.6,97.8,55.71486130218456,-20,65.9,Pleasant,False,False,68.0,16.8,100.0,100.0,1.0,57.9,Average,32.4
25-11-25,11.2,0.3,5.3,7.0,-3.8,0.0,0.0,0.0,17.9,13.3,3,False,8,86.5,100.0,84.2,45.9419124054675,0,72.4,Pleasant,False,False,72.1,48.0,100.0,100.0,1.0,68.4,Pleasant,47.2
26-11-25,13.4,6.4,8.8,11.4,2.4,0.2,0.2,0.0,25.9,12.4,51,False,8,96.0,99.2,68.2,11.849994465891239,0,62.9,Pleasant,False,False,60.0,65.6,90.0,100.0,1.0,65.6,Pleasant,39.7
27-11-25,6.9,5.5,6.1,5.4,3.1,6.3,6.3,0.0,9.6,6.1,53,False,8,90.5,74.8,100.0,0.0,0,55.4,Average,False,False,52.9,41.6,55.0,100.0,1.0,43.1,Average,13.7
28-11-25,7.5,3.4,5.1,5.7,1.6,0.8,0.8,0.0,7.1,3.7,51,False,8,85.5,96.8,100.0,5.642681280108444,0,58.7,Average,False,False,56.7,42.8,90.0,100.0,1.0,55.2,Average,25.1
29-11-25,6.9,5.1,5.8,5.3,3.2,11.8,11.8,0.0,8.2,4.3,61,False,8,89.0,52.8,100.0,11.116315879996899,0,55.4,Average,True,False,53.5,41.2,40.0,100.0,1.0,40.7,Average,11.7
30-11-25,5.6,3.1,4.3,3.7,0.3,4.8,4.8,0.0,7.4,4.0,61,False,8,81.5,80.8,100.0,0.0,0,52.7,Average,False,False,50.6,34.8,75.0,100.0,1.0,46.4,Average,15.7
01-12-25,5.8,3.7,4.5,3.7,1.5,2.2,2.2,0.0,6.2,2.6,51,False,2,87.5,91.2,100.0,0.0,0,56.7,Average,False,False,54.3,34.8,90.0,100.0,1.0,50.9,Average,18.8
02-12-25,8.3,2.5,5.1,5.6,0.2,0.0,0.0,0.0,9.2,4.7,3,False,2,84.5,100.0,100.0,86.79342874556144,0,87.2,Nice,False,True,89.3,42.4,100.0,100.0,1.0,74.3,Pleasant,60.2
03-12-25,9.9,3.3,6.4,6.2,-0.1,0.0,0.0,0.0,14.5,11.0,3,False,2,78.0,100.0,91.0,70.30197305476972,0,78.1,Nice,False,True,79.5,44.8,100.0,100.0,1.0,72.0,Pleasant,55.0
04-12-25,11.9,4.0,8.3,8.7,1.2,0.0,0.0,0.0,18.6,13.0,3,False,2,68.5,100.0,82.8,85.4422146794383,0,78.9,Nice,False,True,81.4,54.8,100.0,100.0,1.0,79.0,Nice,67.1
05-12-25,11.8,6.7,9.1,8.1,2.9,0.0,0.0,0.0,17.3,13.5,3,False,2,64.5,100.0,85.4,74.15785992171456,0,73.6,Pleasant,False,True,75.8,52.4,100.0,100.0,1.0,75.8,Nice,61.1
06-12-25,7.3,2.6,4.7,4.5,-0.3,0.0,0.0,0.0,16.5,9.0,3,False,2,86.5,100.0,87.0,85.85910235274412,0,86.6,Nice,False,True,88.3,38.0,100.0,100.0,1.0,72.4,Pleasant,57.1
07-12-25,8.2,0.8,4.7,6.3,-1.9,0.6,0.6,0.0,8.9,3.5,51,False,2,86.5,97.6,100.0,89.99410185146323,0,88.7,Nice,False,True,90.9,45.2,90.0,100.0,1.0,73.1,Pleasant,56.8
08-12-25,7.5,5.8,6.5,6.1,3.9,1.7,1.7,0.0,4.3,1.8,51,False,2,77.5,93.2,100.0,0.0,0,53.0,Average,False,False,51.1,44.4,90.0,100.0,1.0,54.8,Average,24.0
09-12-25,8.8,2.8,5.5,6.0,0.7,0.0,0.0,0.0,7.9,3.5,3,False,2,82.5,100.0,100.0,79.86657891075991,0,84.0,Nice,False,True,85.8,44.0,100.0,100.0,1.0,73.6,Pleasant,58.3
10-12-25,11.0,3.1,6.5,9.1,0.7,0.0,0.0,0.0,5.6,2.5,3,False,2,77.5,100.0,100.0,80.73809823891492,0,82.3,Nice,False,True,84.4,56.4,100.0,100.0,1.0,78.7,Nice,66.1
11-12-25,9.0,2.9,4.9,7.1,0.5,0.0,0.0,0.0,6.5,2.4,3,False,2,85.5,100.0,100.0,94.87168724122799,0,90.4,Excellent,False,True,92.9,48.4,100.0,100.0,1.0,78.3,Nice,67.0
12-12-25,7.4,3.9,4.9,5.2,1.2,0.0,0.0,0.0,8.3,4.6,3,False,2,85.5,100.0,100.0,38.355124745136976,0,70.6,Pleasant,False,False,70.3,40.8,100.0,100.0,1.0,64.0,Pleasant,39.8
13-12-25,5.6,0.7,3.5,3.5,-1.9,0.0,0.0,0.0,6.3,2.5,3,False,2,92.5,100.0,100.0,50.684227294021454,0,77.7,Nice,False,False,77.6,34.0,100.0,100.0,1.0,63.7,Pleasant,40.7
14-12-25,3.3,-1.8,0.8,0.3,-4.4,0.0,0.0,0.0,7.8,3.0,3,False,2,94.0,100.0,100.0,31.029084688313567,0,71.5,Pleasant,False,False,70.3,21.2,100.0,100.0,1.0,54.7,Average,25.1
15-12-25,5.7,-1.2,1.9,2.9,-3.8,0.0,0.0,0.0,5.8,2.8,3,False,2,99.5,100.0,100.0,94.46235686223872,0,95.9,Excellent,False,True,97.6,31.6,100.0,100.0,1.0,71.5,Pleasant,56.7
16-12-25,6.4,-2.4,0.7,2.9,-5.8,0.0,0.0,0.0,8.0,4.6,1,False,2,93.5,100.0,100.0,95.97730307332355,0,94.0,Excellent,False,True,96.1,31.6,100.0,100.0,1.0,71.8,Pleasant,57.4
17-12-25,7.8,-3.1,1.1,3.8,-6.5,0.0,0.0,0.0,7.0,3.7,3,False,2,95.5,100.0,100.0,79.75066921655085,0,89.1,Nice,False,True,90.3,35.2,100.0,100.0,1.0,70.0,Pleasant,53.0
18-12-25,9.6,1.8,4.0,6.8,-1.2,0.0,0.0,0.0,6.5,3.2,3,False,2,90.0,100.0,100.0,87.65791038121424,0,89.7,Nice,False,True,91.6,47.2,100.0,100.0,1.0,76.4,Nice,63.4
19-12-25,9.7,1.4,4.3,8.0,-0.8,0.0,0.0,0.0,6.2,2.4,2,False,2,88.5,100.0,100.0,95.68533367855193,0,91.9,Excellent,False,True,94.2,52.0,100.0,100.0,1.0,79.9,Nice,69.5
20-12-25,5.0,-0.3,1.3,2.6,-3.3,0.0,0.0,0.0,6.5,3.8,3,False,2,96.5,100.0,100.0,67.22486527686473,0,85.1,Nice,False,False,85.7,30.4,100.0,100.0,1.0,65.6,Pleasant,45.1
21-12-25,6.2,-1.9,1.1,4.1,-5.0,0.0,0.0,0.0,4.2,2.2,3,False,2,95.5,100.0,100.0,88.22107278268797,0,92.1,Excellent,False,True,93.7,36.4,100.0,100.0,1.0,72.2,Pleasant,57.1
22-12-25,1.7,-1.3,-0.4,-1.2,-4.1,0.0,0.0,0.0,6.5,4.3,3,False,2,88.0,100.0,100.0,31.85391612511548,0,69.3,Pleasant,False,False,68.5,15.2,100.0,100.0,1.0,52.5,Average,21.9
23-12-25,1.8,-2.4,-0.6,-0.7,-5.3,0.0,0.0,0.0,5.8,3.8,3,False,2,87.0,100.0,100.0,30.536909310346378,0,68.5,Pleasant,False,False,67.7,17.2,100.0,100.0,1.0,53.0,Average,22.5
24-12-25,1.6,-2.6,-0.2,-2.6,-5.8,3.6,1.9,1.19,18.2,11.7,73,False,2,89.0,85.6,83.6,0.0,10,55.3,Average,False,False,52.4,9.6,90.0,100.0,1.0,40.8,Average,5.2
25-12-25,-0.1,-2.5,-1.1,-3.5,-7.1,0.6,0.0,0.42,18.4,9.7,71,False,2,84.5,97.6,83.2,19.404026904089346,0,61.9,Pleasant,False,False,60.3,6.0,100.0,100.0,1.0,46.3,Average,11.4
26-12-25,3.9,-3.0,0.3,0.3,-6.0,0.0,0.0,0.0,14.6,6.3,3,False,2,91.5,100.0,90.8,35.587588647149225,0,71.3,Pleasant,False,False,70.3,21.2,100.0,100.0,1.0,55.6,Average,27.0
27-12-25,3.1,-3.6,0.4,-0.8,-6.5,0.0,0.0,0.0,15.7,8.9,3,False,2,92.0,100.0,88.6,94.44180852159046,0,91.9,Excellent,False,True,93.8,16.8,100.0,100.0,1.0,65.6,Pleasant,47.9
28-12-25,2.1,-4.0,-0.2,-5.2,-7.4,3.7,0.0,2.59,30.7,22.4,73,False,2,89.0,85.2,58.6,57.94739607538757,10,73.5,Pleasant,False,False,73.0,0.0,100.0,92.0,1.0,50.8,Average,21.3
29-12-25,2.9,-4.3,-0.5,-2.4,-7.8,0.7,0.0,0.49,26.0,16.0,73,False,2,87.5,97.2,68.0,97.8360435433064,0,89.3,Nice,False,True,91.1,10.4,100.0,100.0,1.0,63.7,Pleasant,45.4
30-12-25,0.4,-7.2,-4.2,-5.0,-10.4,3.3,0.0,2.31,20.3,9.9,75,False,2,69.0,86.8,79.4,11.934108122025394,10,51.3,Average,False,False,49.9,0.0,100.0,100.0,1.0,42.4,Average,4.8
31-12-25,-3.1,-6.7,-5.2,-9.3,-12.7,0.0,0.0,0.0,23.4,17.1,3,False,2,64.0,100.0,73.2,90.83608417545058,0,78.2,Nice,False,True,81.1,0.0,100.0,100.0,1.0,58.2,Average,36.3
01-01-26,-0.2,-11.0,-5.7,-4.4,-15.0,0.0,0.0,0.0,17.3,4.5,3,False,0,71.5,100.0,85.4,55.08951159636558,0,69.7,Pleasant,False,False,70.6,2.4,100.0,100.0,1.0,52.0,Average,23.5
02-01-26,5.9,-6.6,0.6,1.5,-10.7,0.0,0.0,0.0,18.7,10.7,3,False,0,97.0,100.0,82.6,59.01954895039799,0,81.1,Nice,False,False,80.8,26.0,100.0,100.0,1.0,62.2,Pleasant,39.2
03-01-26,2.2,-5.7,-0.7,-1.0,-8.7,10.9,0.9,7.0,10.7,4.2,75,False,0,96.5,56.4,98.6,8.140877360542296,20,58.2,Average,True,False,55.4,16.0,90.0,100.0,1.0,45.0,Average,11.6
04-01-26,-1.5,-6.8,-2.9,-4.4,-10.6,3.4,0.1,2.31,17.1,6.7,73,False,0,85.5,86.4,85.8,0.0,10,54.2,Average,False,False,51.5,2.4,90.0,100.0,1.0,38.0,Poor,1.3
05-01-26,2.1,-3.7,-1.1,-1.9,-8.1,4.7,0.0,3.29,15.8,10.7,73,False,0,94.5,81.2,88.4,0.0,10,57.3,Average,False,False,54.1,12.4,100.0,100.0,1.0,45.0,Average,7.4
06-01-26,2.9,-0.1,1.6,-0.5,-3.0,2.4,2.4,0.0,14.1,7.1,53,False,0,92.0,90.4,91.8,7.422051289954011,0,60.3,Pleasant,False,False,57.9,18.0,90.0,100.0,1.0,45.7,Average,12.4
07-01-26,1.6,-0.9,0.2,-1.2,-5.4,1.0,0.4,0.42,17.1,6.7,71,False,0,99.0,96.0,85.8,0.0,0,60.9,Pleasant,False,False,57.6,15.2,90.0,100.0,1.0,43.1,Average,8.2
08-01-26,-1.2,-6.1,-3.6,-4.6,-13.1,10.9,0.1,7.56,27.7,19.0,75,False,0,82.0,56.4,64.6,0.31630271568519164,20,46.9,Average,True,False,43.7,1.6,90.0,100.0,1.0,37.7,Poor,1.0
09-01-26,-4.0,-7.8,-5.9,-7.8,-12.8,0.0,0.0,0.0,24.4,10.4,3,False,0,70.5,100.0,71.2,76.96584915615928,0,75.8,Nice,False,True,77.6,0.0,100.0,100.0,1.0,55.4,Average,30.8
10-01-26,0.4,-4.6,-2.5,-2.2,-8.1,0.1,0.0,0.07,8.9,4.2,71,False,0,87.5,99.6,100.0,20.60780464826564,0,65.2,Pleasant,False,False,63.8,11.2,100.0,100.0,1.0,48.6,Average,15.0
11-01-26,-2.3,-7.0,-4.2,-5.9,-12.4,2.6,0.4,1.54,16.6,8.5,73,False,0,79.0,89.6,86.8,8.558826421582815,10,55.2,Average,False,False,53.2,0.0,90.0,100.0,1.0,38.7,Poor,3.1
12-01-26,-3.3,-11.4,-7.3,-8.4,-15.1,0.0,0.0,0.0,17.0,6.5,3,False,0,63.5,100.0,86.0,91.21201475930776,0,79.2,Nice,False,True,82.3,0.0,100.0,100.0,1.0,58.2,Average,36.5
13-01-26,-0.7,-9.8,-5.7,-4.8,-13.4,3.6,0.0,2.52,5.7,2.8,75,False,0,71.5,85.6,100.0,14.231401489009057,10,54.6,Average,False,False,53.6,0.8,100.0,100.0,1.0,43.2,Average,6.2
14-01-26,1.2,-4.0,-1.2,-1.7,-7.0,0.6,0.6,0.0,4.4,2.1,51,False,0,94.0,97.6,100.0,32.73036285450336,0,71.7,Pleasant,False,False,70.6,13.2,90.0,100.0,1.0,48.8,Average,18.9
15-01-26,1.9,0.5,1.3,-0.4,-2.5,2.2,2.2,0.0,6.8,3.0,51,False,0,93.5,91.2,100.0,0.0,0,59.1,Average,False,False,56.4,18.4,90.0,100.0,1.0,44.4,Average,9.9
16-01-26,2.3,-1.4,1.0,-1.1,-6.3,2.3,2.3,0.0,15.7,7.4,53,False,0,95.0,90.8,88.6,0.0,0,58.7,Average,False,False,55.7,15.6,90.0,100.0,1.0,43.2,Average,8.4
17-01-26,2.6,-4.4,-1.6,-1.2,-8.7,0.0,0.0,0.0,14.6,6.9,3,False,0,92.0,100.0,90.8,97.62328659256977,0,93.2,Excellent,False,True,95.3,15.2,100.0,100.0,1.0,65.6,Pleasant,48.2
18-01-26,-1.4,-5.7,-4.1,-6.0,-9.6,0.0,0.0,0.0,10.6,6.2,0,False,0,79.5,100.0,98.8,97.39257396875402,0,88.8,Nice,False,True,91.7,0.0,100.0,100.0,1.0,59.5,Average,39.0
19-01-26,1.3,-8.0,-5.0,-3.3,-12.2,0.0,0.0,0.0,8.6,4.9,0,False,0,75.0,100.0,100.0,97.16249964161923,0,87.0,Nice,False,True,90.1,6.8,100.0,100.0,1.0,62.2,Pleasant,42.9
20-01-26,0.9,-8.8,-4.9,-3.1,-12.2,0.0,0.0,0.0,5.4,2.9,3,False,0,75.5,100.0,100.0,96.93351801636713,0,87.1,Nice,False,True,90.2,7.6,100.0,100.0,1.0,62.4,Pleasant,43.3
21-01-26,6.7,-9.6,-2.8,1.9,-13.5,0.0,0.0,0.0,12.6,6.7,3,False,0,86.0,100.0,94.8,86.17571601171903,0,87.1,Nice,False,True,89.1,27.6,100.0,100.0,1.0,68.3,Pleasant,51.0
22-01-26,4.6,-2.1,0.1,1.3,-5.7,0.0,0.0,0.0,11.4,6.7,3,False,0,99.5,100.0,97.2,12.92131781003048,0,67.1,Pleasant,False,False,64.7,25.2,100.0,100.0,1.0,52.7,Average,20.3
23-01-26,6.6,-1.8,1.1,4.0,-4.9,0.0,0.0,0.0,6.9,3.7,3,False,0,94.5,100.0,100.0,91.81569923274874,0,92.9,Excellent,False,True,94.8,36.0,100.0,100.0,1.0,72.8,Pleasant,58.3
24-01-26,8.9,0.4,3.2,5.3,-2.9,0.0,0.0,0.0,13.6,9.3,3,False,0,84.0,100.0,92.8,88.66580843728266,0,87.1,Nice,False,True,89.1,41.2,100.0,100.0,1.0,74.2,Pleasant,60.2
25-01-26,10.2,-0.3,4.6,6.4,-3.5,0.0,0.0,0.0,16.5,9.7,3,False,0,77.0,100.0,87.0,82.34889156547682,0,81.6,Nice,False,True,83.6,45.6,100.0,100.0,1.0,74.7,Pleasant,60.3
26-01-26,7.6,2.6,5.0,4.0,-0.6,9.6,9.6,0.0,18.1,10.6,63,False,0,75.0,61.6,83.8,19.948833719271548,0,52.9,Average,False,False,51.8,36.0,40.0,100.0,1.0,40.4,Average,11.8
27-01-26,5.4,2.0,3.3,3.1,-0.8,2.7,2.7,0.0,8.6,4.7,51,False,0,83.5,89.2,100.0,0.0,0,54.8,Average,False,False,52.6,32.4,90.0,100.0,1.0,50.0,Average,17.5
28-01-26,8.3,-0.7,3.4,5.5,-3.4,0.2,0.2,0.0,12.2,5.8,51,False,0,83.0,99.2,95.6,31.695905480110355,0,66.8,Pleasant,False,False,66.2,42.0,90.0,100.0,1.0,60.1,Pleasant,34.1
29-01-26,10.0,0.7,4.4,7.1,-2.6,3.3,3.3,0.0,10.6,6.6,55,False,0,78.0,86.8,98.8,83.40394674426324,0,81.3,Nice,False,True,83.6,48.4,75.0,100.0,1.0,68.5,Pleasant,46.8
30-01-26,4.2,-0.7,2.3,2.5,-3.0,1.6,1.6,0.0,5.8,2.8,51,False,0,88.5,93.6,100.0,0.0,0,57.4,Average,False,False,55.0,30.0,90.0,100.0,1.0,49.0,Average,16.2
31-01-26,3.6,1.9,2.6,1.5,-0.6,2.8,2.8,0.0,6.9,3.5,51,False,0,87.0,88.8,100.0,0.0,0,56.1,Average,False,False,53.8,26.0,90.0,100.0,1.0,47.4,Average,14.0
01-02-26,5.7,-0.3,2.5,1.3,-3.3,0.0,0.0,0.0,16.5,9.4,3,False,2,97.5,100.0,87.0,69.58246339995435,0,85.3,Nice,False,False,85.7,25.2,100.0,100.0,1.0,64.0,Pleasant,43.0
02-02-26,1.8,-2.0,-0.2,-0.8,-6.4,1.8,0.1,1.19,15.7,7.1,71,False,2,89.0,92.8,88.6,0.0,10,56.8,Average,False,False,53.9,16.8,90.0,100.0,1.0,43.7,Average,9.1
03-02-26,5.7,-3.7,0.3,2.4,-7.5,0.0,0.0,0.0,13.6,7.3,3,False,2,91.5,100.0,92.8,84.39747482480018,0,88.6,Nice,False,True,90.1,29.6,100.0,100.0,1.0,68.7,Pleasant,51.5
04-02-26,8.8,1.3,4.9,3.9,-2.8,0.0,0.0,0.0,19.1,13.1,3,False,2,85.5,100.0,81.8,46.311110385012114,0,72.0,Pleasant,False,False,71.6,35.6,100.0,100.0,1.0,63.5,Pleasant,39.9
05-02-26,9.9,4.4,6.8,6.5,0.9,0.2,0.2,0.0,19.3,12.6,51,False,2,76.0,99.2,81.4,23.07436972045297,0,59.9,Average,False,False,58.8,46.0,90.0,100.0,1.0,60.0,Pleasant,33.1
06-02-26,12.4,0.7,5.9,9.8,-2.1,0.0,0.0,0.0,11.5,6.8,3,False,2,80.5,100.0,97.0,84.52914066221129,0,84.5,Nice,False,True,86.7,59.2,100.0,100.0,1.0,80.6,Nice,69.3
07-02-26,10.3,2.3,5.5,7.0,-0.2,1.5,1.5,0.0,13.9,4.0,53,False,2,82.5,94.0,92.2,67.36341285474778,0,78.1,Nice,False,False,79.1,48.0,90.0,100.0,1.0,69.7,Pleasant,50.2
08-02-26,9.4,3.1,5.8,5.1,0.5,1.5,1.5,0.0,18.2,6.5,51,False,2,81.0,94.0,83.6,41.07355440590374,0,67.6,Pleasant,False,False,67.2,40.4,90.0,100.0,1.0,61.4,Pleasant,36.6
09-02-26,6.2,1.0,3.7,3.1,-4.4,1.1,1.1,0.0,20.0,10.5,51,False,2,91.5,95.6,80.0,49.891693255050974,0,74.8,Pleasant,False,False,74.3,32.4,90.0,100.0,1.0,59.9,Average,35.5
10-02-26,2.7,-0.8,0.6,-2.6,-5.7,1.1,0.0,0.77,19.3,14.3,71,False,2,93.0,95.6,81.4,1.3914227268632642,0,58.5,Average,False,False,55.6,9.6,100.0,100.0,1.0,44.1,Average,6.3
11-02-26,9.3,-0.5,3.2,5.1,-4.6,0.0,0.0,0.0,15.4,10.6,3,False,2,94.0,100.0,89.2,93.8744526454516,0,92.6,Excellent,False,True,94.4,40.4,100.0,100.0,1.0,74.9,Pleasant,61.8
12-02-26,12.1,2.6,6.4,8.1,-0.8,0.0,0.0,0.0,18.0,10.3,3,False,2,78.0,100.0,84.0,68.3049147442327,0,76.8,Nice,False,False,78.0,52.4,100.0,100.0,1.0,74.6,Pleasant,58.8
13-02-26,12.3,0.3,5.9,9.9,-2.1,0.4,0.4,0.0,12.5,4.7,51,False,2,80.5,98.4,95.0,87.91845218412368,0,85.3,Nice,False,True,87.6,59.6,90.0,100.0,1.0,78.4,Nice,63.8
14-02-26,12.2,0.9,7.4,9.4,-1.6,0.0,0.0,0.0,15.4,6.4,3,False,2,73.0,100.0,89.2,88.59486854915143,0,82.3,Nice,False,True,84.9,57.6,100.0,100.0,1.0,80.8,Nice,70.0
15-02-26,8.4,5.0,6.6,5.8,2.1,7.1,7.1,0.0,13.2,9.1,55,False,2,77.0,71.6,93.6,0.0,0,49.0,Average,False,False,47.0,43.2,55.0,100.0,1.0,43.8,Average,14.3
16-02-26,4.5,-1.9,1.7,1.4,-5.8,1.4,1.4,0.0,18.5,8.9,53,False,2,98.5,94.4,83.0,78.820232969456,0,87.8,Nice,False,True,88.5,25.6,90.0,100.0,1.0,63.0,Pleasant,42.2
17-02-26,3.1,-2.4,0.8,0.2,-5.7,9.5,2.1,5.18,10.0,6.9,75,False,2,94.0,62.0,100.0,0.0,20,55.3,Average,False,False,52.2,20.8,90.0,100.0,1.0,45.3,Average,11.2
18-02-26,4.2,0.2,1.4,-0.8,-4.0,8.4,1.2,5.04,20.7,12.3,73,False,2,97.0,66.4,78.6,23.23922121778708,20,63.6,Pleasant,False,False,61.1,16.8,90.0,100.0,1.0,48.4,Average,17.4
19-02-26,8.7,-1.9,3.0,3.6,-5.2,0.0,0.0,0.0,21.4,11.0,3,False,2,95.0,100.0,77.2,82.73456926870256,0,88.1,Nice,False,True,89.1,34.4,100.0,100.0,1.0,70.3,Pleasant,53.7
20-02-26,10.6,-0.1,4.5,6.6,-5.3,3.3,2.6,0.49,21.9,13.7,73,False,2,87.5,86.8,76.2,53.15419268528877,0,72.7,Pleasant,False,False,72.5,46.4,90.0,100.0,1.0,66.2,Pleasant,44.2
21-02-26,0.4,-3.6,-1.6,-2.2,-7.9,4.9,0.0,3.43,19.3,6.5,73,False,2,82.0,80.4,81.4,2.713961134037105,10,52.5,Average,False,False,50.0,11.2,100.0,100.0,1.0,45.0,Average,7.8
22-02-26,5.3,-0.5,1.7,2.7,-3.5,0.9,0.0,0.63,5.9,2.6,71,False,2,98.5,96.4,100.0,6.036912002678422,0,64.0,Pleasant,False,False,61.3,30.8,100.0,100.0,1.0,53.5,Average,20.9
23-02-26,6.5,-2.4,2.5,3.3,-5.4,3.6,3.6,0.0,18.6,6.5,61,False,2,97.5,85.6,82.8,1.0607675892480022,0,58.8,Average,False,False,55.7,33.2,75.0,100.0,1.0,46.0,Average,15.3
24-02-26,9.3,2.2,4.7,3.3,-1.3,8.8,6.2,1.82,29.6,13.2,75,False,2,86.5,64.8,60.8,31.61553688952151,10,60.4,Pleasant,False,False,58.7,33.2,55.0,100.0,1.0,46.1,Average,17.9
25-02-26,6.9,-0.1,3.1,2.2,-3.6,7.1,2.0,3.57,18.6,11.3,75,False,2,94.5,71.6,82.8,64.09069269524616,10,77.8,Nice,False,False,77.7,28.8,90.0,100.0,1.0,61.3,Pleasant,38.6
26-02-26,5.5,-2.0,1.2,1.5,-4.9,1.2,0.1,0.77,12.5,6.2,73,False,2,96.0,95.2,95.0,96.37265714208262,0,94.0,Excellent,False,True,95.9,26.0,90.0,100.0,1.0,66.7,Pleasant,48.7
27-02-26,8.2,-3.5,1.1,4.6,-6.6,0.0,0.0,0.0,6.9,3.9,1,False,2,95.5,100.0,100.0,98.25097791231794,0,95.6,Excellent,False,True,97.7,38.4,100.0,100.0,1.0,75.0,Nice,62.3
28-02-26,11.2,-2.2,2.6,7.3,-5.7,0.0,0.0,0.0,7.1,3.9,2,False,2,97.0,100.0,100.0,98.04799586463193,0,96.1,Excellent,False,True,98.2,49.2,100.0,100.0,1.0,79.3,Nice,68.7
01-03-26,13.9,-1.4,4.1,10.2,-4.6,0.0,0.0,0.0,4.7,2.5,3,False,8,80.5,100.0,100.0,97.8480490413158,0,89.4,Nice,False,True,92.3,60.8,100.0,100.0,1.0,83.9,Nice,75.6
02-03-26,12.2,0.4,4.5,9.0,-2.7,0.0,0.0,0.0,5.7,2.6,3,False,8,82.5,100.0,100.0,79.03100681740844,0,83.7,Nice,False,True,85.5,56.0,100.0,100.0,1.0,78.2,Nice,65.2
03-03-26,12.2,0.5,5.4,9.3,-2.2,0.0,0.0,0.0,6.8,2.0,3,False,8,87.0,100.0,100.0,97.45721533919217,0,91.9,Excellent,False,True,94.4,57.2,100.0,100.0,1.0,82.4,Nice,73.3
04-03-26,14.0,-0.2,6.2,11.4,-2.7,0.0,0.0,0.0,4.2,1.5,3,False,8,91.0,100.0,100.0,97.26519685977816,0,93.4,Excellent,False,True,95.8,65.6,100.0,100.0,1.0,85.7,Nice,78.3
05-03-26,14.0,1.9,7.6,10.4,-0.5,0.0,0.0,0.0,11.6,4.1,3,False,8,98.0,100.0,96.8,97.05608787987593,0,95.9,Excellent,False,True,97.8,61.6,100.0,100.0,1.0,84.1,Nice,75.8
06-03-26,13.0,-0.2,6.5,9.5,-2.8,0.0,0.0,0.0,6.5,2.2,3,False,8,92.5,100.0,100.0,96.60051564184334,0,93.8,Excellent,False,True,96.0,58.0,100.0,100.0,1.0,82.5,Nice,73.4
07-03-26,14.1,-1.5,5.6,11.1,-4.9,0.0,0.0,0.0,5.7,3.1,2,False,8,88.0,100.0,100.0,96.1468891382665,0,91.9,Excellent,False,True,94.3,64.4,100.0,100.0,1.0,85.0,Nice,77.1
08-03-26,14.3,0.0,5.7,11.1,-2.9,0.0,0.0,0.0,10.6,4.9,2,False,8,88.5,100.0,98.8,95.6954911474421,0,91.8,Excellent,False,True,94.1,64.4,100.0,100.0,1.0,84.9,Nice,76.9
09-03-26,13.6,-0.4,6.3,9.0,-3.9,0.0,0.0,0.0,18.6,12.3,2,False,8,91.5,100.0,82.8,95.24666239820513,0,91.6,Excellent,False,True,93.4,56.0,100.0,100.0,1.0,81.4,Nice,71.7
10-03-26,15.0,-0.5,7.7,9.4,-4.5,0.0,0.0,0.0,22.6,14.3,2,False,8,98.5,100.0,74.8,94.80066245553826,0,93.6,Excellent,False,True,94.9,57.6,100.0,100.0,1.0,82.0,Nice,72.5
11-03-26,16.1,-0.6,8.0,12.3,-4.1,0.0,0.0,0.0,12.6,9.1,1,False,8,100.0,100.0,94.8,94.35776317774072,0,95.6,Excellent,False,True,97.2,69.2,100.0,100.0,1.0,86.6,Nice,79.3
12-03-26,15.6,-0.8,6.4,12.7,-3.9,0.0,0.0,0.0,9.3,4.3,0,False,8,92.0,100.0,100.0,93.91824795982765,0,92.7,Excellent,False,True,94.8,70.8,100.0,100.0,1.0,87.1,Nice,80.0
13-03-26,15.6,-0.1,7.0,12.1,-3.4,0.0,0.0,0.0,13.5,8.0,0,False,8,95.0,100.0,93.0,93.48232275244064,0,93.2,Excellent,False,True,94.9,68.4,100.0,100.0,1.0,86.1,Nice,78.4
14-03-26,13.9,-1.0,6.2,8.6,-4.7,0.0,0.0,0.0,25.1,14.7,1,False,8,91.0,100.0,69.8,93.0502506599871,0,89.6,Nice,False,True,91.1,54.4,100.0,100.0,1.0,80.4,Nice,69.9
15-03-26,12.7,-1.8,5.4,8.4,-5.2,0.0,0.0,0.0,20.1,11.3,3,False,8,87.0,100.0,79.8,92.62224089220479,0,88.6,Nice,False,True,90.5,53.6,100.0,100.0,1.0,80.0,Nice,69.2
16-03-26,12.5,-0.6,5.3,9.4,-3.4,0.0,0.0,0.0,12.3,3.9,3,False,8,86.5,100.0,95.4,92.19851551077045,0,89.5,Nice,False,True,91.7,57.6,100.0,100.0,1.0,81.5,Nice,71.4
17-03-26,12.7,-1.7,5.6,9.0,-4.6,0.0,0.0,0.0,19.6,6.4,3,False,8,88.0,100.0,80.8,80.20647558497129,0,84.7,Nice,False,True,86.0,56.0,100.0,100.0,1.0,78.4,Nice,65.7
18-03-26,12.7,0.7,6.4,8.0,-2.7,0.0,0.0,0.0,18.2,10.6,3,False,8,92.0,100.0,83.6,81.16131017929865,0,86.9,Nice,False,True,88.0,52.0,100.0,100.0,1.0,77.0,Nice,63.7
19-03-26,8.0,0.9,5.2,4.2,-1.9,0.3,0.3,0.0,18.9,6.6,51,False,8,86.0,98.8,82.2,42.32858652211861,0,70.6,Pleasant,False,False,70.1,36.8,90.0,100.0,1.0,60.2,Pleasant,35.1
20-03-26,8.1,0.2,4.4,5.1,-2.3,0.5,0.5,0.0,8.2,4.2,51,False,8,82.0,98.0,100.0,30.213513732906033,0,66.1,Pleasant,False,False,65.5,40.4,90.0,100.0,1.0,59.2,Average,32.7
21-03-26,11.7,1.3,7.0,7.1,-1.2,0.0,0.0,0.0,15.2,5.8,3,False,8,95.0,100.0,89.6,63.13997237646414,0,82.3,Nice,False,False,82.5,48.4,100.0,100.0,1.0,72.0,Pleasant,54.3
22-03-26,12.7,2.9,7.3,8.2,0.7,0.0,0.0,0.0,17.5,8.1,3,False,8,96.5,100.0,85.0,83.86203445081533,0,89.8,Nice,False,True,90.8,52.8,100.0,100.0,1.0,77.9,Nice,65.2
23-03-26,10.8,2.6,7.0,7.8,-0.0,0.0,0.0,0.0,13.0,5.1,3,False,8,95.0,100.0,94.0,25.19236741001791,0,69.3,Pleasant,False,False,67.7,51.2,100.0,100.0,1.0,65.5,Pleasant,40.8
24-03-26,15.0,3.1,9.0,12.9,0.9,0.4,0.4,0.0,9.0,3.0,51,False,8,95.0,98.4,100.0,84.50229724175945,0,90.3,Excellent,False,True,91.8,71.6,90.0,100.0,1.0,82.5,Nice,69.1
25-03-26,13.9,3.5,9.1,10.5,1.1,0.0,0.0,0.0,9.9,4.4,3,False,8,94.5,100.0,100.0,51.35676505417999,0,78.8,Nice,False,False,78.6,62.0,100.0,100.0,1.0,75.1,Nice,57.7
26-03-26,16.2,4.8,10.4,11.2,1.7,0.0,0.0,0.0,22.3,13.6,3,False,8,88.0,100.0,75.4,81.34753427211724,0,84.7,Nice,False,True,85.9,64.8,100.0,100.0,1.0,82.2,Nice,71.4
27-03-26,15.2,4.8,10.2,11.1,1.4,0.8,0.8,0.0,20.2,13.1,53,False,8,89.0,96.8,79.6,59.54737872928452,0,77.3,Nice,False,False,77.4,64.4,90.0,100.0,1.0,74.7,Pleasant,56.2
28-03-26,9.3,4.9,6.6,5.7,1.7,7.9,7.9,0.0,16.8,9.8,61,False,8,93.0,68.4,86.4,0.0,0,54.4,Average,False,False,51.4,42.8,55.0,100.0,1.0,43.6,Average,14.1
29-03-26,8.6,2.8,6.1,6.8,0.9,11.3,11.3,0.0,9.7,5.0,61,False,8,90.5,54.8,100.0,0.0,0,52.4,Average,True,False,49.9,47.2,40.0,100.0,1.0,40.9,Average,11.3
30-03-26,12.8,7.3,9.1,10.1,3.7,3.5,3.5,0.0,19.2,9.7,53,False,8,94.5,86.0,81.6,15.36299270427824,0,62.6,Pleasant,False,False,60.3,60.4,75.0,100.0,1.0,59.7,Average,31.8
31-03-26,7.6,5.1,6.5,5.0,1.3,1.7,1.7,0.0,18.7,11.5,51,False,8,92.5,93.2,82.6,0.0,0,57.6,Average,False,False,54.6,40.0,90.0,100.0,1.0,53.0,Average,21.6
01-04-26,12.5,5.9,8.2,9.6,4.1,0.9,0.9,0.0,8.3,3.6,51,False,15,66.0,96.4,100.0,40.951697951636724,0,63.2,Pleasant,False,False,63.9,58.4,90.0,100.0,1.0,68.6,Pleasant,46.3
02-04-26,11.1,3.6,7.1,8.3,1.6,3.6,3.6,0.0,15.5,5.0,53,False,15,60.5,85.6,89.0,0.3166805256287017,0,44.3,Average,False,False,43.0,53.2,75.0,100.0,1.0,53.8,Average,24.0
03-04-26,12.2,7.4,9.1,10.4,5.9,16.6,16.6,0.0,8.3,5.0,63,False,15,70.5,33.599999999999994,100.0,24.97683317214159,0,50.0,Average,True,False,49.7,61.6,20.0,100.0,1.0,45.6,Average,9.4
04-04-26,15.4,7.5,10.9,13.0,5.9,6.8,6.8,0.0,13.2,6.3,61,False,15,79.5,72.8,93.6,62.873662956704536,0,72.2,Pleasant,False,False,73.3,72.0,55.0,100.0,1.0,67.9,Pleasant,37.6
05-04-26,17.9,2.7,10.9,16.3,0.5,0.0,0.0,0.0,7.7,3.3,3,False,15,79.5,100.0,100.0,98.77387911108264,0,89.4,Nice,False,True,92.3,85.2,100.0,100.0,1.0,93.8,Excellent,90.6
06-04-26,20.4,3.9,12.6,17.0,1.8,0.0,0.0,0.0,24.8,11.2,3,False,15,88.0,100.0,70.4,98.64904435965175,0,90.4,Excellent,False,True,92.3,88.0,100.0,100.0,1.0,94.9,Excellent,92.3
07-04-26,13.7,4.3,9.8,7.6,0.6,0.0,0.0,0.0,26.2,16.2,3,False,15,74.0,100.0,67.6,91.4946412096947,0,82.0,Nice,False,True,84.3,50.4,100.0,100.0,1.0,78.5,Nice,66.8
08-04-26,9.6,3.5,6.9,4.4,-2.1,0.2,0.2,0.0,22.7,18.5,51,False,15,59.5,99.2,74.6,67.4303699847362,0,68.2,Pleasant,False,False,70.1,37.6,90.0,100.0,1.0,65.5,Pleasant,44.6
09-04-26,8.1,0.7,4.3,4.4,-1.9,3.3,2.4,0.63,11.5,7.3,73,False,15,46.5,86.8,97.0,42.2588787693642,-20,53.8,Average,False,False,55.9,37.6,90.0,100.0,1.0,60.5,Pleasant,35.5
10-04-26,9.5,-2.4,3.9,7.7,-5.1,0.2,0.2,0.0,5.0,2.3,51,False,15,44.5,99.2,100.0,97.73313343202832,0,74.9,Pleasant,False,True,79.5,50.8,90.0,100.0,1.0,76.9,Nice,62.6
11-04-26,11.1,-0.3,5.5,7.4,-2.8,0.1,0.1,0.0,11.8,4.4,51,False,15,52.5,99.6,96.4,92.22306927570256,0,75.9,Nice,False,True,79.8,49.6,90.0,100.0,1.0,75.3,Nice,60.0
12-04-26,14.1,-0.9,6.7,11.8,-3.4,0.0,0.0,0.0,11.1,3.6,3,False,15,58.5,100.0,97.8,97.1852614813069,0,80.2,Nice,False,True,84.1,67.2,100.0,100.0,1.0,86.3,Nice,79.2
13-04-26,15.9,0.2,8.0,11.5,-3.2,0.0,0.0,0.0,21.2,12.4,3,False,15,65.0,100.0,77.6,89.36593010798177,0,78.5,Nice,False,True,81.3,66.0,100.0,100.0,1.0,84.3,Nice,75.3
14-04-26,17.3,7.4,11.9,12.2,2.8,0.0,0.0,0.0,27.3,20.6,3,False,15,84.5,100.0,65.4,94.59780714814887,0,87.1,Nice,False,True,89.0,68.8,100.0,98.0,1.0,86.2,Nice,77.5
15-04-26,21.2,4.0,13.0,19.5,1.7,0.0,0.0,0.0,12.1,6.5,3,False,15,90.0,100.0,95.8,96.07658535603971,0,92.3,Excellent,False,True,94.5,98.0,100.0,100.0,1.0,98.4,Excellent,97.2
16-04-26,22.3,7.9,15.5,20.7,6.4,0.0,0.0,0.0,7.9,3.1,3,False,15,97.5,100.0,100.0,95.7127048185416,0,95.5,Excellent,False,True,97.4,100.0,100.0,100.0,1.0,99.1,Excellent,98.3
17-04-26,19.2,9.5,13.8,19.0,9.0,1.2,1.2,0.0,17.6,4.0,53,False,15,94.0,95.2,84.8,87.1784392062885,0,89.2,Nice,False,True,90.5,96.0,90.0,100.0,1.0,92.8,Excellent,83.2
18-04-26,18.3,7.4,12.8,14.1,4.1,0.3,0.3,0.0,15.2,8.5,51,False,15,89.0,98.8,89.6,94.99465452088289,0,90.8,Excellent,False,True,92.9,76.4,90.0,100.0,1.0,86.6,Nice,75.5
19-04-26,20.2,5.5,13.3,17.6,2.9,0.0,0.0,0.0,8.3,4.2,3,False,15,91.5,100.0,100.0,94.64091759627439,0,92.7,Excellent,False,True,94.9,90.4,100.0,100.0,1.0,95.1,Excellent,92.1
20-04-26,17.0,5.9,11.4,13.5,4.0,0.3,0.3,0.0,25.2,11.7,51,False,15,82.0,98.8,69.6,66.70942667870153,0,76.5,Nice,False,False,77.2,74.0,90.0,100.0,1.0,79.9,Nice,64.0
21-04-26,13.6,6.0,9.5,11.7,4.4,1.7,1.7,0.0,18.9,7.1,53,False,15,72.5,93.2,82.2,74.89331822183787,0,75.8,Nice,False,True,77.5,66.8,90.0,100.0,1.0,78.7,Nice,63.0
22-04-26,12.5,4.3,7.6,9.1,2.7,3.0,3.0,0.0,7.8,4.4,53,False,15,63.0,88.0,100.0,49.202062391358744,0,63.6,Pleasant,False,False,64.9,56.4,75.0,100.0,1.0,64.9,Pleasant,40.1
23-04-26,15.0,2.2,9.4,9.6,-0.5,0.0,0.0,0.0,25.7,13.7,3,False,15,72.0,100.0,68.6,54.768845135417855,0,68.5,Pleasant,False,False,69.0,58.4,100.0,100.0,1.0,74.3,Pleasant,56.9
24-04-26,18.3,6.5,12.9,14.0,3.7,0.0,0.0,0.0,17.6,11.8,3,False,15,89.5,100.0,84.8,79.73445366670624,0,85.5,Nice,False,True,86.7,76.0,100.0,100.0,1.0,86.3,Nice,77.5
25-04-26,20.7,5.0,13.7,16.6,3.0,0.0,0.0,0.0,22.8,9.7,3,False,15,93.5,100.0,74.4,92.60508797681231,0,90.8,Excellent,False,True,92.2,86.4,100.0,100.0,1.0,93.1,Excellent,88.9
26-04-26,22.0,6.9,14.1,16.3,4.2,0.0,0.0,0.0,34.4,15.0,2,False,15,95.5,100.0,51.2,92.81112716845641,0,89.8,Nice,False,True,90.7,85.2,100.0,100.0,1.0,92.6,Excellent,88.2
27-04-26,17.2,3.4,10.8,14.7,0.2,0.0,0.0,0.0,12.6,5.3,3,False,15,79.0,100.0,94.8,93.13983759264224,0,86.8,Nice,False,True,89.4,78.8,100.0,100.0,1.0,90.1,Excellent,84.5
28-04-26,18.6,3.5,11.9,16.3,0.8,0.0,0.0,0.0,6.8,3.3,3,False,15,84.5,100.0,100.0,84.60173927075651,0,86.4,Nice,False,True,88.4,85.2,100.0,100.0,1.0,91.0,Excellent,85.0
29-04-26,18.4,6.1,12.3,15.3,3.3,0.0,0.0,0.0,19.0,6.3,3,False,15,86.5,100.0,82.0,68.99252434258385,0,80.3,Nice,False,False,81.1,81.2,100.0,100.0,1.0,86.3,Nice,76.3
30-04-26,9.8,4.7,7.2,7.7,1.1,1.6,1.6,0.0,14.2,9.6,53,False,15,61.0,93.6,91.6,55.11695954782995,0,65.1,Pleasant,False,False,66.6,50.8,90.0,100.0,1.0,68.3,Pleasant,47.3
01-05-26,13.1,-0.4,7.2,9.2,-3.3,0.0,0.0,0.0,6.9,3.4,3,False,20,36.0,100.0,100.0,70.39796784029707,0,62.0,Pleasant,False,True,65.8,56.8,100.0,100.0,1.0,76.8,Nice,62.2
02-05-26,14.3,6.0,10.3,11.2,3.4,0.4,0.4,0.0,13.4,5.8,51,False,20,51.5,98.4,93.2,70.33572691865353,0,67.4,Pleasant,False,True,70.2,64.8,90.0,100.0,1.0,77.0,Nice,60.3
03-05-26,15.9,2.8,10.1,12.9,0.4,0.0,0.0,0.0,11.9,6.6,3,False,20,50.5,100.0,96.2,94.22525965271478,0,75.9,Nice,False,True,80.0,71.6,100.0,100.0,1.0,87.5,Nice,80.7
04-05-26,25.3,6.1,15.7,22.1,3.8,0.2,0.2,0.0,18.7,6.3,51,False,20,78.5,99.2,82.6,93.86414899651164,0,85.7,Nice,False,True,88.2,100.0,90.0,100.0,1.0,95.8,Excellent,87.8
05-05-26,27.2,10.3,18.9,25.2,8.5,0.0,0.0,0.0,12.6,4.8,0,False,20,94.5,100.0,94.8,95.14779037765089,0,93.7,Excellent,False,True,95.6,100.0,100.0,100.0,1.0,99.0,Excellent,98.1
06-05-26,28.1,9.5,19.4,26.3,7.7,0.0,0.0,0.0,24.5,7.8,3,False,20,97.0,100.0,71.0,95.18011340056222,0,92.8,Excellent,False,True,94.1,100.0,100.0,100.0,1.0,99.0,Excellent,98.1
07-05-26,25.4,13.1,19.2,24.1,11.3,0.5,0.5,0.0,11.9,8.8,51,False,20,96.0,98.0,96.2,59.359319542984466,0,81.6,Nice,False,False,81.7,100.0,90.0,100.0,1.0,88.9,Nice,75.4
08-05-26,23.2,13.3,17.4,22.9,13.2,1.9,1.9,0.0,12.7,5.7,51,False,20,87.0,92.4,94.6,84.64462776672177,0,85.9,Nice,False,True,87.6,100.0,90.0,100.0,1.0,93.9,Excellent,84.5
09-05-26,15.8,12.8,14.5,16.5,13.1,15.6,15.6,0.0,11.2,4.4,63,False,20,72.5,37.6,97.6,0.0,0,42.4,Average,True,False,40.8,86.0,20.0,100.0,1.0,50.4,Average,10.3
10-05-26,20.6,9.4,14.6,21.4,8.8,0.9,0.9,0.0,17.7,3.3,51,False,20,73.0,96.4,84.6,93.80073839718163,0,83.3,Nice,False,True,86.0,100.0,90.0,100.0,1.0,95.8,Excellent,87.8
11-05-26,22.0,8.2,15.8,21.1,6.8,0.6,0.6,0.0,17.0,8.3,53,False,20,79.0,97.6,86.0,94.53970500356345,0,86.2,Nice,False,True,88.7,100.0,90.0,100.0,1.0,95.9,Excellent,88.0
12-05-26,17.4,10.6,14.3,17.3,10.6,2.9,2.9,0.0,11.5,5.1,53,False,20,71.5,88.4,97.0,76.16961375966538,0,76.3,Nice,False,True,78.5,89.2,90.0,100.0,1.0,87.9,Nice,75.6
13-05-26,11.2,7.4,9.4,10.6,1.3,2.2,2.2,0.0,31.6,17.4,53,False,20,47.0,91.2,56.8,4.044119778802567,0,38.4,Poor,False,False,37.4,62.4,90.0,100.0,1.0,62.8,Pleasant,35.2
14-05-26,17.5,5.8,11.6,17.6,4.0,0.0,0.0,0.0,10.7,3.8,3,False,20,58.0,100.0,98.6,97.11440800082822,0,80.1,Nice,False,True,84.0,90.4,100.0,100.0,1.0,95.6,Excellent,93.1
15-05-26,18.7,5.4,13.0,19.7,3.3,1.2,1.2,0.0,16.1,6.2,51,False,20,65.0,95.2,87.8,96.80334732392495,0,81.2,Nice,False,True,84.5,98.8,90.0,100.0,1.0,95.9,Excellent,88.2
16-05-26,22.1,10.1,16.4,19.0,8.1,0.1,0.1,0.0,23.4,13.1,51,False,20,82.0,99.6,73.2,85.20567557753392,0,83.4,Nice,False,True,85.0,96.0,90.0,100.0,1.0,92.4,Excellent,82.5
17-05-26,17.2,11.9,14.0,15.4,11.0,7.3,7.3,0.0,17.3,7.4,61,False,20,70.0,70.8,85.4,54.51072198499233,0,64.5,Pleasant,False,False,65.5,81.6,55.0,100.0,1.0,70.0,Pleasant,38.9
18-05-26,19.1,8.3,13.9,18.7,6.9,0.8,0.8,0.0,22.1,10.8,51,False,20,69.5,96.8,75.8,96.59268982527657,0,82.2,Nice,False,True,85.1,94.8,90.0,100.0,1.0,94.2,Excellent,86.0
19-05-26,19.4,10.5,14.1,19.8,10.1,1.6,1.6,0.0,5.9,2.9,53,False,20,70.5,93.6,100.0,35.51445967327398,0,62.7,Pleasant,False,False,62.9,99.2,90.0,100.0,1.0,83.8,Nice,66.4
20-05-26,22.2,12.2,16.5,21.0,12.0,5.3,5.3,0.0,17.3,8.8,55,False,20,82.5,78.8,85.4,94.00832269783587,0,84.6,Nice,False,True,86.8,100.0,75.0,100.0,1.0,91.3,Excellent,73.2
21-05-26,19.2,12.5,15.1,16.9,11.5,5.6,5.6,0.0,17.6,9.3,61,False,20,75.5,77.6,84.8,30.592911518827737,0,59.3,Average,False,False,58.8,87.6,75.0,100.0,1.0,73.7,Pleasant,48.6
22-05-26,20.4,13.7,15.9,21.0,12.7,18.7,18.7,0.0,11.9,7.6,63,False,20,79.5,25.200000000000003,96.2,59.2656004346144,0,64.0,Pleasant,True,False,64.9,100.0,20.0,100.0,1.0,67.9,Pleasant,16.7
23-05-26,22.9,11.7,17.2,25.2,11.3,1.5,1.5,0.0,8.1,4.4,53,False,20,86.0,94.0,100.0,97.30668406260348,0,90.6,Excellent,False,True,93.1,100.0,90.0,100.0,1.0,96.5,Excellent,89.0
24-05-26,23.9,12.6,18.0,24.4,12.9,0.7,0.7,0.0,6.6,3.5,51,False,20,90.0,97.2,100.0,97.53182551144583,0,92.7,Excellent,False,True,95.1,100.0,90.0,100.0,1.0,96.5,Excellent,89.1
25-05-26,25.3,13.1,19.4,25.8,12.2,0.4,0.4,0.0,15.4,6.6,51,False,20,97.0,98.4,89.2,96.1505036449846,0,94.3,Excellent,False,True,96.1,100.0,90.0,100.0,1.0,96.2,Excellent,88.6
26-05-26,27.1,14.0,20.8,26.5,13.6,0.0,0.0,0.0,13.0,8.3,3,False,20,96.0,100.0,94.0,97.35866828074428,0,95.0,Excellent,False,True,96.9,100.0,100.0,100.0,1.0,99.5,Excellent,98.9
27-05-26,28.8,15.4,22.3,28.2,15.9,0.0,0.0,0.0,17.9,7.5,0,False,20,88.5,100.0,84.2,97.27800637844756,0,91.2,Excellent,False,True,93.3,90.8,100.0,100.0,1.0,95.8,Excellent,93.4
28-05-26,23.8,15.9,19.6,20.9,13.1,0.3,0.3,0.0,21.0,12.4,51,False,20,98.0,98.8,78.0,86.8574748726123,0,90.7,Excellent,False,True,91.7,100.0,90.0,100.0,1.0,94.4,Excellent,85.3
29-05-26,21.2,10.1,16.2,18.6,7.5,0.0,0.0,0.0,20.1,12.2,3,False,20,81.0,100.0,79.8,97.12837792129004,0,87.8,Nice,False,True,90.2,94.4,100.0,100.0,1.0,97.2,Excellent,95.5
30-05-26,22.8,10.0,17.5,19.1,8.0,0.3,0.3,0.0,25.7,14.5,51,False,20,87.5,98.8,68.6,97.05943793123195,0,89.3,Nice,False,True,91.1,96.4,90.0,100.0,1.0,95.0,Excellent,87.0
31-05-26,22.5,13.6,18.1,21.6,13.2,3.1,3.1,0.0,16.5,11.1,53,False,20,90.5,87.6,87.0,93.51758648518575,0,89.0,Nice,False,True,90.9,100.0,75.0,100.0,1.0,91.2,Excellent,73.1
01-06-26,22.4,13.3,17.1,22.5,13.3,12.2,12.2,0.0,7.3,4.5,63,False,24,65.5,51.2,100.0,32.51851685655438,0,53.3,Average,True,False,53.6,100.0,20.0,100.0,1.0,62.5,Pleasant,14.6
02-06-26,20.5,14.1,16.8,20.4,14.9,23.7,23.7,0.0,18.2,6.9,63,False,24,64.0,5.200000000000003,83.6,76.94993033882892,0,60.0,Pleasant,True,True,62.3,100.0,20.0,100.0,1.0,71.4,Pleasant,18.2
03-06-26,24.0,10.7,17.7,25.0,10.5,0.1,0.1,0.0,9.4,4.3,51,False,24,68.5,99.6,100.0,85.3743626378405,0,80.2,Nice,False,True,83.1,100.0,90.0,100.0,1.0,94.1,Excellent,84.7
04-06-26,24.6,13.2,18.8,25.9,13.4,0.9,0.9,0.0,13.7,4.6,51,False,24,74.0,96.4,92.6,96.22166327875445,0,85.1,Nice,False,True,88.1,100.0,90.0,100.0,1.0,96.2,Excellent,88.6
05-06-26,26.3,13.7,19.8,27.5,14.6,0.0,0.0,0.0,15.7,5.5,3,False,24,79.0,100.0,88.6,83.28762488027074,0,82.8,Nice,False,True,84.8,96.2,100.0,100.0,1.0,95.1,Excellent,91.0
06-06-26,25.0,15.5,19.2,27.3,16.9,15.6,15.6,0.0,11.6,5.0,63,False,24,76.0,37.6,96.8,71.6401719357567,0,68.9,Pleasant,True,True,70.6,97.7,20.0,100.0,1.0,69.4,Pleasant,17.5
07-06-26,23.0,14.6,18.7,25.0,15.9,5.6,5.6,0.0,12.8,5.5,55,False,24,73.5,77.6,94.4,89.7313826965135,0,80.0,Nice,False,True,82.7,100.0,75.0,100.0,1.0,90.4,Excellent,71.9
08-06-26,26.3,13.8,20.4,26.2,14.2,0.1,0.1,0.0,10.9,5.3,51,False,24,82.0,99.6,98.2,96.03682692189697,0,89.2,Nice,False,True,91.9,100.0,90.0,100.0,1.0,96.2,Excellent,88.6
09-06-26,27.4,14.5,20.9,28.4,15.1,0.0,0.0,0.0,7.3,2.7,2,False,24,84.5,100.0,100.0,95.94101972511831,0,90.4,Excellent,False,True,93.0,89.2,100.0,100.0,1.0,94.9,Excellent,91.9
10-06-26,28.4,14.3,21.5,29.1,14.9,0.1,0.1,0.0,14.9,6.1,51,False,24,87.5,99.6,90.2,95.85346773882912,0,90.7,Excellent,False,True,92.9,83.8,90.0,100.0,1.0,89.7,Nice,79.8
11-06-26,25.5,15.2,20.4,26.7,15.4,3.7,3.7,0.0,15.6,8.0,53,False,24,82.0,85.2,88.8,85.17931785999076,0,82.5,Nice,False,True,84.4,100.0,75.0,100.0,1.0,89.5,Nice,70.6
12-06-26,18.6,13.4,15.3,18.5,11.8,12.5,12.5,0.0,16.1,10.3,61,False,24,56.5,50.0,87.8,47.405566078932885,0,53.7,Average,True,False,55.0,94.0,20.0,100.0,1.0,63.1,Pleasant,15.1
13-06-26,22.0,10.6,16.4,20.3,9.9,0.0,0.0,0.0,18.6,7.7,3,False,24,61.99999999999999,100.0,82.8,95.63898620549311,0,79.9,Nice,False,True,83.2,100.0,100.0,100.0,1.0,99.1,Excellent,98.3
14-06-26,25.2,12.6,18.6,24.4,13.2,2.1,2.1,0.0,22.1,8.6,55,False,24,73.0,91.6,75.8,91.28438629401712,0,81.0,Nice,False,True,83.4,100.0,90.0,100.0,1.0,95.3,Excellent,86.9
15-06-26,20.3,13.9,16.6,17.6,13.3,4.6,4.6,0.0,21.0,12.2,63,False,24,63.00000000000001,81.6,78.0,59.107901725429116,0,64.4,Pleasant,False,False,65.7,90.4,75.0,100.0,1.0,80.5,Nice,58.4
16-06-26,25.1,10.1,18.5,23.3,9.1,0.0,0.0,0.0,15.3,8.0,2,False,24,72.5,100.0,89.4,95.49253991057654,0,84.6,Nice,False,True,87.5,100.0,100.0,100.0,1.0,99.1,Excellent,98.2
17-06-26,25.0,10.9,18.8,23.8,10.0,2.0,2.0,0.0,19.5,8.7,53,False,24,74.0,92.0,81.0,94.57963747224402,0,83.0,Nice,False,True,85.6,100.0,90.0,100.0,1.0,95.9,Excellent,88.0
18-06-26,25.8,13.8,19.7,25.4,14.5,4.4,4.4,0.0,9.3,5.6,61,False,24,78.5,82.4,100.0,95.33343442119423,0,85.1,Nice,False,True,88.0,100.0,75.0,100.0,1.0,91.6,Excellent,73.6
19-06-26,27.2,13.5,21.4,28.3,13.1,0.0,0.0,0.0,7.3,2.4,2,False,24,87.0,100.0,100.0,95.41392947956471,0,91.2,Excellent,False,True,93.6,90.0,100.0,100.0,1.0,95.1,Excellent,92.2
20-06-26,29.7,15.8,23.4,31.3,16.4,0.2,0.2,0.0,8.9,3.1,51,False,24,97.0,99.2,100.0,95.40278703341853,0,95.1,Excellent,False,True,97.0,66.9,90.0,100.0,1.0,82.8,Nice,70.5
21-06-26,31.9,17.6,25.1,33.5,18.8,0.1,0.1,0.0,6.5,2.8,51,False,24,94.5,99.6,100.0,95.39916334933743,0,94.1,Excellent,False,True,96.2,50.0,90.0,100.0,1.0,76.1,Nice,61.3
22-06-26,29.6,18.5,23.5,33.2,20.3,6.0,6.0,0.0,9.9,3.0,63,False,24,97.5,76.0,100.0,86.90258904507708,0,88.8,Nice,False,True,90.3,52.3,55.0,100.0,1.0,64.8,Pleasant,36.4
23-06-26,26.8,17.5,21.7,30.7,19.8,8.2,8.2,0.0,9.0,3.4,63,False,24,88.5,67.2,100.0,82.49117681046336,0,82.4,Nice,False,True,84.1,71.5,55.0,100.0,1.0,71.6,Pleasant,41.8
24-06-26,27.8,16.7,21.9,31.0,17.3,7.6,7.6,0.0,10.9,3.6,63,False,24,89.5,69.6,98.2,92.76397282268205,0,86.6,Nice,False,True,88.7,69.2,55.0,100.0,1.0,72.7,Pleasant,43.3
25-06-26,29.8,16.9,23.7,30.7,18.5,0.2,0.2,0.0,11.7,5.9,51,False,24,98.5,99.2,96.6,95.45985842242331,0,95.4,Excellent,False,True,97.2,71.5,90.0,100.0,1.0,84.7,Nice,73.0
26-06-26,31.5,18.8,25.2,32.4,20.0,0.0,0.0,0.0,14.2,4.1,2,False,24,94.0,100.0,91.6,95.49377265656071,0,93.4,Excellent,False,True,95.3,58.5,100.0,100.0,1.0,82.5,Nice,73.3
27-06-26,32.5,19.7,26.3,34.7,21.2,0.0,0.0,0.0,7.0,2.5,2,False,24,88.5,100.0,100.0,95.53519790912374,0,91.8,Excellent,False,True,94.2,40.8,100.0,100.0,1.0,75.4,Nice,62.7
28-06-26,34.7,18.2,26.9,36.9,20.0,0.0,0.0,0.0,9.1,4.0,1,False,24,85.5,100.0,100.0,95.58408602850955,0,90.7,Excellent,False,True,93.2,23.8,100.0,100.0,1.0,68.7,Pleasant,52.5
29-06-26,35.8,20.9,28.7,37.9,22.5,0.0,0.0,0.0,8.6,2.9,2,False,24,76.5,100.0,100.0,95.64044294277141,0,87.1,Nice,False,True,90.0,16.2,100.0,100.0,1.0,65.6,Pleasant,47.9
30-06-26,32.8,21.8,27.2,37.4,24.4,0.5,0.5,0.0,19.0,3.3,51,False,24,84.0,98.0,82.0,90.99529081783028,0,86.7,Nice,False,True,88.7,20.0,90.0,100.0,1.0,63.2,Pleasant,43.6
01-07-26,29.0,19.5,24.2,31.8,22.5,2.1,2.1,0.0,11.2,6.2,53,False,26,91.0,91.6,97.6,89.14546892791645,0,89.1,Nice,False,True,91.0,63.1,90.0,100.0,1.0,80.1,Nice,66.2
02-07-26,30.1,18.2,23.3,32.5,20.5,2.9,2.9,0.0,14.9,5.9,55,False,26,86.5,88.4,90.2,90.88218044354696,0,86.9,Nice,False,True,88.9,57.7,90.0,100.0,1.0,78.3,Nice,63.9
03-07-26,24.5,18.5,20.7,27.7,21.2,15.9,15.9,0.0,15.7,4.1,63,False,26,73.5,36.4,88.6,62.652836160488775,0,63.9,Pleasant,True,False,65.1,94.6,20.0,100.0,1.0,66.4,Pleasant,16.4
04-07-26,23.9,15.9,19.5,22.1,16.3,0.9,0.9,0.0,17.2,10.1,51,False,26,67.5,96.4,85.6,78.18883390144731,0,75.7,Nice,False,True,77.9,100.0,90.0,100.0,1.0,92.6,Excellent,82.1
05-07-26,23.9,12.3,18.7,22.4,11.9,0.0,0.0,0.0,18.1,8.5,1,False,26,63.5,100.0,83.8,96.14342034490917,0,80.8,Nice,False,True,84.1,100.0,100.0,100.0,1.0,99.2,Excellent,98.5
06-07-26,24.6,15.1,20.4,23.3,15.3,2.1,2.1,0.0,16.6,8.6,51,False,26,72.0,91.6,86.8,96.25536333993277,0,83.2,Nice,False,True,86.1,100.0,90.0,100.0,1.0,96.3,Excellent,88.7
07-07-26,25.7,14.5,20.7,24.8,14.9,0.2,0.2,0.0,19.4,10.1,51,False,26,73.5,99.2,81.2,93.77230455339493,0,83.6,Nice,False,True,86.2,100.0,90.0,100.0,1.0,95.8,Excellent,87.8
08-07-26,23.5,15.1,18.7,23.5,15.2,2.9,2.9,0.0,26.0,8.9,53,False,26,63.5,88.4,68.0,50.03922628257435,0,61.6,Pleasant,False,False,62.3,100.0,90.0,100.0,1.0,87.0,Nice,72.0
09-07-26,22.4,12.9,17.5,20.6,13.1,5.8,5.8,0.0,18.1,7.1,61,False,26,57.5,76.8,83.8,95.42666487948995,0,74.6,Pleasant,False,True,78.2,100.0,75.0,100.0,1.0,91.6,Excellent,73.6
10-07-26,22.5,11.5,17.4,21.3,10.7,0.6,0.6,0.0,15.0,5.9,51,False,26,56.99999999999999,97.6,90.0,96.77790510245376,0,78.5,Nice,False,True,82.3,100.0,90.0,100.0,1.0,96.4,Excellent,88.8
11-07-26,27.5,12.9,20.7,25.0,12.5,0.0,0.0,0.0,22.2,8.7,1,False,26,73.5,100.0,75.6,96.92640970039508,0,84.4,Nice,False,True,87.1,100.0,100.0,100.0,1.0,99.4,Excellent,98.8
12-07-26,27.3,15.0,20.0,27.8,14.6,4.4,4.4,0.0,27.0,8.3,61,False,26,70.0,82.4,66.0,90.60957592201535,0,77.4,Nice,False,True,79.7,93.8,75.0,100.0,1.0,88.2,Nice,69.4
13-07-26,23.4,13.4,18.6,22.6,13.9,4.2,4.2,0.0,8.7,5.2,53,False,26,63.00000000000001,83.2,100.0,97.05535538578341,0,79.6,Nice,False,True,83.4,100.0,75.0,100.0,1.0,91.9,Excellent,74.1
14-07-26,27.7,15.4,21.8,28.5,15.8,0.5,0.5,0.0,11.4,5.8,51,False,26,79.0,98.0,97.2,97.41201530306682,0,88.2,Nice,False,True,91.0,88.5,90.0,100.0,1.0,91.9,Excellent,82.8
15-07-26,29.8,16.1,22.8,31.7,17.2,0.3,0.3,0.0,10.0,4.8,51,False,26,84.0,98.8,100.0,85.1956794384788,0,86.2,Nice,False,True,88.3,63.8,90.0,100.0,1.0,79.6,Nice,65.1
16-07-26,30.7,17.9,23.7,32.3,20.2,0.8,0.8,0.0,14.7,3.5,51,False,26,88.5,96.8,90.6,95.17330568804469,0,90.5,Excellent,False,True,92.6,59.2,90.0,100.0,1.0,79.7,Nice,66.2
17-07-26,30.8,17.8,24.9,32.8,19.9,0.4,0.4,0.0,5.7,3.3,51,False,26,94.5,98.4,100.0,97.95436813899943,0,94.8,Excellent,False,True,97.0,55.4,90.0,100.0,1.0,78.7,Nice,65.2
18-07-26,32.1,18.2,25.6,33.8,19.6,1.9,1.9,0.0,15.7,5.9,53,False,26,98.0,92.4,88.6,98.14702060178664,0,94.5,Excellent,False,True,96.3,47.7,90.0,100.0,1.0,75.7,Nice,61.1
19-07-26,28.3,19.5,24.0,29.8,22.5,2.9,2.9,0.0,9.2,4.1,61,False,26,90.0,88.4,100.0,95.97398001805547,0,90.9,Excellent,False,True,93.1,78.5,90.0,100.0,1.0,87.6,Nice,76.9
20-07-26,27.8,17.8,22.3,26.7,19.2,0.9,0.9,0.0,21.7,9.5,53,False,26,81.5,96.4,76.6,86.66587097406462,0,83.5,Nice,False,True,85.3,100.0,90.0,100.0,1.0,94.3,Excellent,85.2
21-07-26,28.6,15.6,22.4,27.9,14.7,0.1,0.1,0.0,13.5,5.6,51,False,26,82.0,99.6,93.0,89.62104022228688,0,86.5,Nice,False,True,88.8,93.1,90.0,100.0,1.0,92.2,Excellent,82.5
22-07-26,19.8,15.0,16.9,19.6,15.1,9.3,9.3,0.0,11.2,5.8,61,False,26,54.49999999999999,62.8,97.6,35.01556842150795,0,51.3,Average,False,False,52.3,98.4,40.0,100.0,1.0,68.4,Pleasant,29.2
23-07-26,23.0,11.6,17.3,22.0,11.4,0.2,0.2,0.0,11.1,4.7,51,False,26,56.5,99.2,97.8,98.76586572826339,0,79.9,Nice,False,True,83.9,100.0,90.0,100.0,1.0,96.8,Excellent,89.6
24-07-26,21.5,11.7,16.8,20.4,11.8,1.6,1.6,0.0,15.0,7.1,53,False,26,54.0,93.6,90.0,96.1348061704192,0,76.5,Nice,False,True,80.4,100.0,90.0,100.0,1.0,96.2,Excellent,88.6
25-07-26,22.5,11.8,17.2,21.9,11.7,1.1,1.1,0.0,10.5,4.8,51,False,26,56.0,95.6,99.0,98.76574701560693,0,79.2,Nice,False,True,83.3,100.0,90.0,100.0,1.0,96.8,Excellent,89.6
26-07-26,28.2,11.8,20.2,29.4,11.4,0.0,0.0,0.0,15.3,5.6,3,False,26,71.0,100.0,89.4,98.76569753779714,0,85.1,Nice,False,True,88.3,81.5,100.0,100.0,1.0,92.4,Excellent,88.4
27-07-26,28.0,17.4,21.8,28.6,17.7,2.6,2.6,0.0,21.0,7.1,55,False,26,79.0,89.6,78.0,90.22149102752003,0,82.9,Nice,False,True,85.0,87.7,90.0,100.0,1.0,90.1,Excellent,79.8
28-07-26,26.8,16.8,21.7,25.8,18.2,1.9,1.9,0.0,13.4,7.8,53,False,26,78.5,92.4,93.2,98.652118410491,0,87.2,Nice,False,True,90.1,100.0,90.0,100.0,1.0,96.7,Excellent,89.5
29-07-26,30.1,13.1,22.2,30.4,13.0,0.0,0.0,0.0,9.7,4.1,0,False,26,81.0,100.0,100.0,98.76541598402918,0,90.0,Excellent,False,True,92.9,73.8,100.0,100.0,1.0,89.3,Nice,83.8
30-07-26,31.3,16.0,23.7,32.1,16.9,0.0,0.0,0.0,6.9,3.3,0,False,26,88.5,100.0,100.0,98.76528413591018,0,93.0,Excellent,False,True,95.5,60.8,100.0,100.0,1.0,84.1,Nice,76.0
31-07-26,33.2,16.0,24.7,34.1,16.8,0.0,0.0,0.0,12.3,5.5,0,False,26,93.5,100.0,95.4,98.76508027156348,0,94.6,Excellent,False,True,96.8,45.4,100.0,100.0,1.0,77.9,Nice,66.7
01-08-26,34.1,17.6,25.8,33.9,18.3,0.0,0.0,0.0,13.9,7.1,0,False,25,96.0,100.0,92.2,98.76484508766656,0,95.3,Excellent,False,True,97.3,46.9,100.0,100.0,1.0,78.5,Nice,67.7
02-08-26,34.0,17.7,25.8,34.3,18.7,0.0,0.0,0.0,12.9,5.7,1,False,25,96.0,100.0,94.2,98.76461949575312,0,95.5,Excellent,False,True,97.5,43.8,100.0,100.0,1.0,77.3,Nice,65.8
03-08-26,32.8,15.5,24.8,32.0,15.3,0.0,0.0,0.0,11.8,5.2,2,True,25,99.0,100.0,96.4,90.77607720329583,0,94.1,Excellent,False,True,95.6,61.5,100.0,100.0,1.0,82.8,Nice,73.2
04-08-26,34.5,17.3,26.4,35.5,16.6,0.0,0.0,0.0,8.2,3.6,1,True,25,93.0,100.0,100.0,91.16721246816684,0,92.1,Excellent,False,True,94.0,34.6,100.0,100.0,1.0,72.1,Pleasant,57.2
05-08-26,35.5,18.6,27.7,36.6,19.2,0.0,0.0,0.0,10.1,4.7,2,True,25,86.5,100.0,99.8,90.21261931261026,0,89.2,Nice,False,True,91.3,26.2,100.0,100.0,1.0,68.5,Pleasant,51.8
06-08-26,35.5,19.2,27.5,36.1,20.3,0.0,0.0,0.0,9.7,4.6,3,True,25,87.5,100.0,100.0,98.57535184145576,0,92.5,Excellent,False,True,95.1,30.0,100.0,100.0,1.0,71.7,Pleasant,57.4
07-08-26,33.0,19.4,25.8,34.9,21.2,0.6,0.0,0.0,13.7,3.9,3,True,25,96.0,97.6,92.6,79.14895098820674,0,88.2,Nice,False,True,89.2,39.2,100.0,100.0,1.0,71.5,Pleasant,55.2
08-08-26,28.3,18.2,22.4,30.6,19.6,12.6,0.0,0.0,8.3,4.2,95,True,25,87.0,49.6,100.0,71.72697007632293,0,75.3,Nice,True,True,76.6,72.3,100.0,100.0,0.4,33.3,Poor,28.8
09-08-26,26.1,18.7,21.8,27.3,20.9,2.1,0.0,0.0,5.9,3.3,80,True,25,84.0,91.6,100.0,72.53200765330726,0,80.7,Nice,False,True,82.2,97.7,100.0,100.0,1.0,93.6,Excellent,87.6
